site,ref_aa,derived_aa,mutation_label,domain,cross_classification,classification,is_confirmed_sweep,is_concordant_sweep,is_rescued_sweep,lrt,p_static,q_static,p_perm,q_perm,r2_fpca,peak_date,peak_intensity,t_half_start,t_half_end,fwhm_years,mean_intensity,auc,Wave_1_loading,Wave_2_loading,Wave_3_loading,Wave_4_loading
1,M,M,M1M,Core,NEGATIVE_CONSENSUS,INVARIABLE,False,False,False,3.062294,0.040064235090731856,1.0,1.0,1.0,0.0,2009.2490234375,0.0,0.0,0.0,0.0,0.0,0.0,0.0,0.0,0.0,0.0
2,E,E,E2E,Core,NEGATIVE_CONSENSUS,INVARIABLE,False,False,False,1.6515743,0.09937240104059711,1.0,1.0,1.0,0.0,2009.2490234375,0.0,0.0,0.0,0.0,0.0,0.0,0.0,0.0,0.0,0.0
3,R,R,R3R,Core,NEGATIVE_CONSENSUS,INVARIABLE,False,False,False,0.9618743,0.16335754952598486,1.0,1.0,1.0,0.0,2009.2490234375,0.0,0.0,0.0,0.0,0.0,0.0,0.0,0.0,0.0,0.0
4,I,I,I4I,Core,NEGATIVE_CONSENSUS,INVARIABLE,False,False,False,1.0355865,0.15442508350662135,1.0,1.0,1.0,0.0,2009.2490234375,0.0,0.0,0.0,0.0,0.0,0.0,0.0,0.0,0.0,0.0
5,K,K,K5K,Core,NEGATIVE_CONSENSUS,INVARIABLE,False,False,False,1.2671006,0.13015565800770462,1.0,1.0,1.0,0.0,2009.2490234375,0.0,0.0,0.0,0.0,0.0,0.0,0.0,0.0,0.0,0.0
6,E,E,E6E,Core,NEGATIVE_CONSENSUS,INVARIABLE,False,False,False,0.17737707,0.33681854926235366,1.0,1.0,1.0,0.0,2009.2490234375,0.0,0.0,0.0,0.0,0.0,0.0,0.0,0.0,0.0,0.0
7,L,L,L7L,Core,NEGATIVE_CONSENSUS,INVARIABLE,False,False,False,0.15878537,0.3451386324350256,1.0,1.0,1.0,0.0,2009.2490234375,0.0,0.0,0.0,0.0,0.0,0.0,0.0,0.0,0.0,0.0
8,R,R,R8R,Core,NEGATIVE_CONSENSUS,INVARIABLE,False,False,False,0.047289148,0.41392467273385114,1.0,1.0,1.0,0.0,2009.2490234375,0.0,0.0,0.0,0.0,0.0,0.0,0.0,0.0,0.0,0.0
9,D,D,D9D,Core,NEGATIVE_CONSENSUS,INVARIABLE,False,False,False,0.24172953,0.3114798699800736,1.0,1.0,1.0,0.0,2009.2490234375,0.0,0.0,0.0,0.0,0.0,0.0,0.0,0.0,0.0,0.0
10,L,L,L10L,Core,NEGATIVE_CONSENSUS,INVARIABLE,False,False,False,0.06413573,0.40003738756268087,1.0,1.0,1.0,0.0,2009.2490234375,0.0,0.0,0.0,0.0,0.0,0.0,0.0,0.0,0.0,0.0
11,M,M,M11M,Core,NEGATIVE_CONSENSUS,INVARIABLE,False,False,False,0.04345588,0.4174346170740496,1.0,1.0,1.0,0.0,2009.2490234375,0.0,0.0,0.0,0.0,0.0,0.0,0.0,0.0,0.0,0.0
12,S,S,S12S,Core,NEGATIVE_CONSENSUS,INVARIABLE,False,False,False,0.28062758,0.29814508717257127,1.0,1.0,1.0,0.0,2009.2490234375,0.0,0.0,0.0,0.0,0.0,0.0,0.0,0.0,0.0,0.0
13,Q,Q,Q13Q,Core,NEGATIVE_CONSENSUS,INVARIABLE,False,False,False,0.14861211,0.3499326088640236,1.0,1.0,1.0,0.0,2009.2490234375,0.0,0.0,0.0,0.0,0.0,0.0,0.0,0.0,0.0,0.0
14,S,F,S14F,Core,NEGATIVE_CONSENSUS,TEMPORAL_NOISE,False,False,False,1.1164805,0.14533878198269787,0.3517909,0.28712872,0.61959356,0.6853037,2009.8021550582628,0.0795757283430284,2009.757,2009.836,0.0790188,0.010641280748960013,0.007207382286931611,0.16249318,2.3714907,-4.885446,2.3157806
15,R,R,R15R,Core,NEGATIVE_CONSENSUS,INVARIABLE,False,False,False,0.100597985,0.37555660265095264,1.0,1.0,1.0,0.0,2009.2490234375,0.0,0.0,0.0,0.0,0.0,0.0,0.0,0.0,0.0,0.0
16,T,T,T16T,Core,NEGATIVE_CONSENSUS,INVARIABLE,False,False,False,0.026892863,0.434869336287794,1.0,1.0,1.0,0.0,2009.2490234375,0.0,0.0,0.0,0.0,0.0,0.0,0.0,0.0,0.0,0.0
17,R,R,R17R,Core,NEGATIVE_CONSENSUS,INVARIABLE,False,False,False,0.100597985,0.37555660265095264,1.0,1.0,1.0,0.0,2009.2490234375,0.0,0.0,0.0,0.0,0.0,0.0,0.0,0.0,0.0,0.0
18,E,E,E18E,Core,NEGATIVE_CONSENSUS,INVARIABLE,False,False,False,0.09971498,0.37608596908684694,1.0,1.0,1.0,0.0,2009.2490234375,0.0,0.0,0.0,0.0,0.0,0.0,0.0,0.0,0.0,0.0
19,I,I,I19I,Core,NEGATIVE_CONSENSUS,INVARIABLE,False,False,False,1.0355865,0.15442508350662135,1.0,1.0,1.0,0.0,2009.2490234375,0.0,0.0,0.0,0.0,0.0,0.0,0.0,0.0,0.0,0.0
20,L,L,L20L,Core,NEGATIVE_CONSENSUS,INVARIABLE,False,False,False,0.17319994,0.3386417205269501,1.0,1.0,1.0,0.0,2009.2490234375,0.0,0.0,0.0,0.0,0.0,0.0,0.0,0.0,0.0,0.0
21,T,T,T21T,Core,NEGATIVE_CONSENSUS,INVARIABLE,False,False,False,0.026892863,0.434869336287794,1.0,1.0,1.0,0.0,2009.2490234375,0.0,0.0,0.0,0.0,0.0,0.0,0.0,0.0,0.0,0.0
22,K,K,K22K,Core,NEGATIVE_CONSENSUS,INVARIABLE,False,False,False,0.2995089,0.2920952302947697,1.0,1.0,1.0,0.0,2009.2490234375,0.0,0.0,0.0,0.0,0.0,0.0,0.0,0.0,0.0,0.0
23,T,T,T23T,Core,NEGATIVE_CONSENSUS,INVARIABLE,False,False,False,0.033261508,0.42764328918344385,1.0,1.0,1.0,0.0,2009.2490234375,0.0,0.0,0.0,0.0,0.0,0.0,0.0,0.0,0.0,0.0
24,T,T,T24T,Core,NEGATIVE_CONSENSUS,INVARIABLE,False,False,False,0.026892863,0.434869336287794,1.0,1.0,1.0,0.0,2009.2490234375,0.0,0.0,0.0,0.0,0.0,0.0,0.0,0.0,0.0,0.0
25,V,V,V25V,Core,NEGATIVE_CONSENSUS,INVARIABLE,False,False,False,0.15838115,0.3453256737119521,1.0,1.0,1.0,0.0,2009.2490234375,0.0,0.0,0.0,0.0,0.0,0.0,0.0,0.0,0.0,0.0
26,D,D,D26D,Core,NEGATIVE_CONSENSUS,INVARIABLE,False,False,False,2.8818045,0.044792789968923004,1.0,1.0,1.0,0.0,2009.2490234375,0.0,0.0,0.0,0.0,0.0,0.0,0.0,0.0,0.0,0.0
27,H,H,H27H,Core,NEGATIVE_CONSENSUS,INVARIABLE,False,False,False,0.18790461,0.3323331716817506,1.0,1.0,1.0,0.0,2009.2490234375,0.0,0.0,0.0,0.0,0.0,0.0,0.0,0.0,0.0,0.0
28,M,M,M28M,Core,NEGATIVE_CONSENSUS,INVARIABLE,False,False,False,0.04345588,0.4174346170740496,1.0,1.0,1.0,0.0,2009.2490234375,0.0,0.0,0.0,0.0,0.0,0.0,0.0,0.0,0.0,0.0
29,A,A,A29A,Core,NEGATIVE_CONSENSUS,INVARIABLE,False,False,False,1.0132155,0.15706686261615616,1.0,1.0,1.0,0.0,2009.2490234375,0.0,0.0,0.0,0.0,0.0,0.0,0.0,0.0,0.0,0.0
30,I,I,I30I,Core,NEGATIVE_CONSENSUS,INVARIABLE,False,False,False,1.0355865,0.15442508350662135,1.0,1.0,1.0,0.0,2009.2490234375,0.0,0.0,0.0,0.0,0.0,0.0,0.0,0.0,0.0,0.0
31,I,I,I31I,Core,NEGATIVE_CONSENSUS,INVARIABLE,False,False,False,0.41026053,0.2609186505464557,1.0,1.0,1.0,0.0,2009.2490234375,0.0,0.0,0.0,0.0,0.0,0.0,0.0,0.0,0.0,0.0
32,K,K,K32K,Core,NEGATIVE_CONSENSUS,INVARIABLE,False,False,False,1.2671006,0.13015565800770462,1.0,1.0,1.0,0.0,2009.2490234375,0.0,0.0,0.0,0.0,0.0,0.0,0.0,0.0,0.0,0.0
33,K,K,K33K,Core,NEGATIVE_CONSENSUS,INVARIABLE,False,False,False,0.5601703,0.22709581856604594,1.0,1.0,1.0,0.0,2009.2490234375,0.0,0.0,0.0,0.0,0.0,0.0,0.0,0.0,0.0,0.0
34,Y,Y,Y34Y,Core,NEGATIVE_CONSENSUS,INVARIABLE,False,False,False,0.08357149,0.38625726840274144,1.0,1.0,1.0,0.0,2009.2490234375,0.0,0.0,0.0,0.0,0.0,0.0,0.0,0.0,0.0,0.0
35,T,T,T35T,Core,NEGATIVE_CONSENSUS,INVARIABLE,False,False,False,0.03364685,0.427230012532943,1.0,1.0,1.0,0.0,2009.2490234375,0.0,0.0,0.0,0.0,0.0,0.0,0.0,0.0,0.0,0.0
36,S,S,S36S,Core,NEGATIVE_CONSENSUS,INVARIABLE,False,False,False,0.2075632,0.3243420394483918,1.0,1.0,1.0,0.0,2009.2490234375,0.0,0.0,0.0,0.0,0.0,0.0,0.0,0.0,0.0,0.0
37,G,A,G37A,Core,NEGATIVE_CONSENSUS,TEMPORAL_NOISE,False,False,False,0.46036154,0.24872752765316752,0.35272044,0.14851485,0.57686293,0.5608764,2009.621540651483,0.0871149507693148,2009.5876,2009.6554,0.067730404,0.013104680980057386,0.008855943983747224,-0.96565795,-1.7898872,0.08121521,-1.0526401
38,R,R,R38R,Core,NEGATIVE_CONSENSUS,INVARIABLE,False,False,False,0.03105221,0.43006197988760564,1.0,1.0,1.0,0.0,2009.2490234375,0.0,0.0,0.0,0.0,0.0,0.0,0.0,0.0,0.0,0.0
39,Q,Q,Q39Q,Core,NEGATIVE_CONSENSUS,INVARIABLE,False,False,False,0.1328033,0.35777149996023005,1.0,1.0,1.0,0.0,2009.2490234375,0.0,0.0,0.0,0.0,0.0,0.0,0.0,0.0,0.0,0.0
40,E,E,E40E,Core,NEGATIVE_CONSENSUS,INVARIABLE,False,False,False,0.09971498,0.37608596908684694,1.0,1.0,1.0,0.0,2009.2490234375,0.0,0.0,0.0,0.0,0.0,0.0,0.0,0.0,0.0,0.0
41,K,K,K41K,Core,NEGATIVE_CONSENSUS,INVARIABLE,False,False,False,0.2995089,0.2920952302947697,1.0,1.0,1.0,0.0,2009.2490234375,0.0,0.0,0.0,0.0,0.0,0.0,0.0,0.0,0.0,0.0
42,N,N,N42N,Core,NEGATIVE_CONSENSUS,INVARIABLE,False,False,False,0.2697167,0.3017609345059,1.0,1.0,1.0,0.0,2009.2490234375,0.0,0.0,0.0,0.0,0.0,0.0,0.0,0.0,0.0,0.0
43,P,P,P43P,Core,NEGATIVE_CONSENSUS,INVARIABLE,False,False,False,0.13949645,0.35439106371219375,1.0,1.0,1.0,0.0,2009.2490234375,0.0,0.0,0.0,0.0,0.0,0.0,0.0,0.0,0.0,0.0
44,A,A,A44A,Core,NEGATIVE_CONSENSUS,INVARIABLE,False,False,False,0.50961536,0.23765270523878462,1.0,1.0,1.0,0.0,2009.2490234375,0.0,0.0,0.0,0.0,0.0,0.0,0.0,0.0,0.0,0.0
45,L,L,L45L,Core,NEGATIVE_CONSENSUS,INVARIABLE,False,False,False,0.17319994,0.3386417205269501,1.0,1.0,1.0,0.0,2009.2490234375,0.0,0.0,0.0,0.0,0.0,0.0,0.0,0.0,0.0,0.0
46,R,R,R46R,Core,NEGATIVE_CONSENSUS,INVARIABLE,False,False,False,0.047289148,0.41392467273385114,1.0,1.0,1.0,0.0,2009.2490234375,0.0,0.0,0.0,0.0,0.0,0.0,0.0,0.0,0.0,0.0
47,M,M,M47M,Core,NEGATIVE_CONSENSUS,INVARIABLE,False,False,False,0.04345588,0.4174346170740496,1.0,1.0,1.0,0.0,2009.2490234375,0.0,0.0,0.0,0.0,0.0,0.0,0.0,0.0,0.0,0.0
48,K,K,K48K,Core,NEGATIVE_CONSENSUS,INVARIABLE,False,False,False,0.5484628,0.22947323548543141,1.0,1.0,1.0,0.0,2009.2490234375,0.0,0.0,0.0,0.0,0.0,0.0,0.0,0.0,0.0,0.0
49,W,W,W49W,Core,NEGATIVE_CONSENSUS,INVARIABLE,False,False,False,0.14326186,0.3525297858631183,1.0,1.0,1.0,0.0,2009.2490234375,0.0,0.0,0.0,0.0,0.0,0.0,0.0,0.0,0.0,0.0
50,M,M,M50M,Core,NEGATIVE_CONSENSUS,INVARIABLE,False,False,False,0.04345588,0.4174346170740496,1.0,1.0,1.0,0.0,2009.2490234375,0.0,0.0,0.0,0.0,0.0,0.0,0.0,0.0,0.0,0.0
51,M,M,M51M,Core,NEGATIVE_CONSENSUS,INVARIABLE,False,False,False,0.04345588,0.4174346170740496,1.0,1.0,1.0,0.0,2009.2490234375,0.0,0.0,0.0,0.0,0.0,0.0,0.0,0.0,0.0,0.0
52,A,A,A52A,Core,NEGATIVE_CONSENSUS,INVARIABLE,False,False,False,0.50961536,0.23765270523878462,1.0,1.0,1.0,0.0,2009.2490234375,0.0,0.0,0.0,0.0,0.0,0.0,0.0,0.0,0.0,0.0
53,M,M,M53M,Core,NEGATIVE_CONSENSUS,INVARIABLE,False,False,False,0.04345588,0.4174346170740496,1.0,1.0,1.0,0.0,2009.2490234375,0.0,0.0,0.0,0.0,0.0,0.0,0.0,0.0,0.0,0.0
54,R,R,R54R,Core,NEGATIVE_CONSENSUS,INVARIABLE,False,False,False,0.047289148,0.41392467273385114,1.0,1.0,1.0,0.0,2009.2490234375,0.0,0.0,0.0,0.0,0.0,0.0,0.0,0.0,0.0,0.0
55,Y,Y,Y55Y,Core,NEGATIVE_CONSENSUS,INVARIABLE,False,False,False,0.08357149,0.38625726840274144,1.0,1.0,1.0,0.0,2009.2490234375,0.0,0.0,0.0,0.0,0.0,0.0,0.0,0.0,0.0,0.0
56,P,S,P56S,Core,NEGATIVE_CONSENSUS,TEMPORAL_NOISE,False,False,False,0.28940666,0.2953005046747861,0.36189717,0.7425743,0.83033305,0.66952634,2009.3280422404662,0.04721558423800706,2009.2603,2009.3619,0.1015956,0.006760058764851597,0.004456962079219104,2.8098416,-3.6641889,3.4902499,3.1843722
57,I,I,I57I,Core,NEGATIVE_CONSENSUS,INVARIABLE,False,False,False,0.7167717,0.19860244442133695,1.0,1.0,1.0,0.0,2009.2490234375,0.0,0.0,0.0,0.0,0.0,0.0,0.0,0.0,0.0,0.0
58,T,T,T58T,Core,NEGATIVE_CONSENSUS,INVARIABLE,False,False,False,0.03364685,0.427230012532943,1.0,1.0,1.0,0.0,2009.2490234375,0.0,0.0,0.0,0.0,0.0,0.0,0.0,0.0,0.0,0.0
59,A,G,A59G,Core,NEGATIVE_CONSENSUS,TEMPORAL_NOISE,False,False,False,0.24365728,0.3107885131966023,0.36189717,0.6039604,0.75418407,0.8234367,2009.3393306408898,0.01583425961813712,2009.2942,2009.3732,0.0790188,0.0022834494576103636,0.0015246836123363854,2.8137891,-3.5512824,3.3244185,2.8604717
60,D,D,D60D,Core,NEGATIVE_CONSENSUS,INVARIABLE,False,False,False,2.8818045,0.044792789968923004,1.0,1.0,1.0,0.0,2009.2490234375,0.0,0.0,0.0,0.0,0.0,0.0,0.0,0.0,0.0,0.0
61,K,K,K61K,Core,NEGATIVE_CONSENSUS,INVARIABLE,False,False,False,0.57370174,0.22439584097049403,1.0,1.0,1.0,0.0,2009.2490234375,0.0,0.0,0.0,0.0,0.0,0.0,0.0,0.0,0.0,0.0
62,R,R,R62R,Core,NEGATIVE_CONSENSUS,INVARIABLE,False,False,False,0.047289148,0.41392467273385114,1.0,1.0,1.0,0.0,2009.2490234375,0.0,0.0,0.0,0.0,0.0,0.0,0.0,0.0,0.0,0.0
63,I,I,I63I,Core,NEGATIVE_CONSENSUS,INVARIABLE,False,False,False,1.0355865,0.15442508350662135,1.0,1.0,1.0,0.0,2009.2490234375,0.0,0.0,0.0,0.0,0.0,0.0,0.0,0.0,0.0,0.0
64,M,M,M64M,Core,NEGATIVE_CONSENSUS,INVARIABLE,False,False,False,0.04345588,0.4174346170740496,1.0,1.0,1.0,0.0,2009.2490234375,0.0,0.0,0.0,0.0,0.0,0.0,0.0,0.0,0.0,0.0
65,D,D,D65D,Core,NEGATIVE_CONSENSUS,INVARIABLE,False,False,False,2.8818045,0.044792789968923004,1.0,1.0,1.0,0.0,2009.2490234375,0.0,0.0,0.0,0.0,0.0,0.0,0.0,0.0,0.0,0.0
66,M,M,M66M,Core,NEGATIVE_CONSENSUS,INVARIABLE,False,False,False,0.04345588,0.4174346170740496,1.0,1.0,1.0,0.0,2009.2490234375,0.0,0.0,0.0,0.0,0.0,0.0,0.0,0.0,0.0,0.0
67,I,I,I67I,Core,NEGATIVE_CONSENSUS,INVARIABLE,False,False,False,0.7167717,0.19860244442133695,1.0,1.0,1.0,0.0,2009.2490234375,0.0,0.0,0.0,0.0,0.0,0.0,0.0,0.0,0.0,0.0
68,P,P,P68P,Core,NEGATIVE_CONSENSUS,INVARIABLE,False,False,False,0.09249291,0.3805157715681833,1.0,1.0,1.0,0.0,2009.2490234375,0.0,0.0,0.0,0.0,0.0,0.0,0.0,0.0,0.0,0.0
69,E,E,E69E,Core,NEGATIVE_CONSENSUS,INVARIABLE,False,False,False,0.09971498,0.37608596908684694,1.0,1.0,1.0,0.0,2009.2490234375,0.0,0.0,0.0,0.0,0.0,0.0,0.0,0.0,0.0,0.0
70,R,R,R70R,Core,NEGATIVE_CONSENSUS,INVARIABLE,False,False,False,0.026146797,0.43577116494005275,1.0,1.0,1.0,0.0,2009.2490234375,0.0,0.0,0.0,0.0,0.0,0.0,0.0,0.0,0.0,0.0
71,N,N,N71N,Core,NEGATIVE_CONSENSUS,INVARIABLE,False,False,False,0.14756067,0.3504387265808948,1.0,1.0,1.0,0.0,2009.2490234375,0.0,0.0,0.0,0.0,0.0,0.0,0.0,0.0,0.0,0.0
72,E,E,E72E,Core,NEGATIVE_CONSENSUS,INVARIABLE,False,False,False,0.17737707,0.33681854926235366,1.0,1.0,1.0,0.0,2009.2490234375,0.0,0.0,0.0,0.0,0.0,0.0,0.0,0.0,0.0,0.0
73,Q,Q,Q73Q,Core,NEGATIVE_CONSENSUS,INVARIABLE,False,False,False,0.1328033,0.35777149996023005,1.0,1.0,1.0,0.0,2009.2490234375,0.0,0.0,0.0,0.0,0.0,0.0,0.0,0.0,0.0,0.0
74,G,E,G74E,Core,NEGATIVE_CONSENSUS,TEMPORAL_NOISE,False,False,False,0.35803163,0.27480072745065476,0.3564026,0.33663365,0.63701445,0.85016704,2009.7005594544491,0.11092587363988479,2009.6554,2009.7344,0.0790188,0.01391462095735952,0.009424428786672767,0.73562694,-1.2265165,-2.7302053,0.793251
75,Q,Q,Q75Q,Core,NEGATIVE_CONSENSUS,INVARIABLE,False,False,False,0.1328033,0.35777149996023005,1.0,1.0,1.0,0.0,2009.2490234375,0.0,0.0,0.0,0.0,0.0,0.0,0.0,0.0,0.0,0.0
76,T,T,T76T,Core,NEGATIVE_CONSENSUS,INVARIABLE,False,False,False,0.033261508,0.42764328918344385,1.0,1.0,1.0,0.0,2009.2490234375,0.0,0.0,0.0,0.0,0.0,0.0,0.0,0.0,0.0,0.0
77,L,L,L77L,Core,NEGATIVE_CONSENSUS,INVARIABLE,False,False,False,0.17319994,0.3386417205269501,1.0,1.0,1.0,0.0,2009.2490234375,0.0,0.0,0.0,0.0,0.0,0.0,0.0,0.0,0.0,0.0
78,W,W,W78W,Core,NEGATIVE_CONSENSUS,INVARIABLE,False,False,False,0.14326186,0.3525297858631183,1.0,1.0,1.0,0.0,2009.2490234375,0.0,0.0,0.0,0.0,0.0,0.0,0.0,0.0,0.0,0.0
79,S,S,S79S,Core,NEGATIVE_CONSENSUS,INVARIABLE,False,False,False,0.49796218,0.2401984475468799,1.0,1.0,1.0,0.0,2009.2490234375,0.0,0.0,0.0,0.0,0.0,0.0,0.0,0.0,0.0,0.0
80,K,K,K80K,Core,NEGATIVE_CONSENSUS,INVARIABLE,False,False,False,1.2671006,0.13015565800770462,1.0,1.0,1.0,0.0,2009.2490234375,0.0,0.0,0.0,0.0,0.0,0.0,0.0,0.0,0.0,0.0
81,T,T,T81T,Core,NEGATIVE_CONSENSUS,INVARIABLE,False,False,False,0.03364685,0.427230012532943,1.0,1.0,1.0,0.0,2009.2490234375,0.0,0.0,0.0,0.0,0.0,0.0,0.0,0.0,0.0,0.0
82,N,N,N82N,Core,NEGATIVE_CONSENSUS,INVARIABLE,False,False,False,0.2697167,0.3017609345059,1.0,1.0,1.0,0.0,2009.2490234375,0.0,0.0,0.0,0.0,0.0,0.0,0.0,0.0,0.0,0.0
83,D,D,D83D,Core,NEGATIVE_CONSENSUS,INVARIABLE,False,False,False,0.24172953,0.3114798699800736,1.0,1.0,1.0,0.0,2009.2490234375,0.0,0.0,0.0,0.0,0.0,0.0,0.0,0.0,0.0,0.0
84,A,A,A84A,Core,NEGATIVE_CONSENSUS,INVARIABLE,False,False,False,0.6177493,0.21594245077438262,1.0,1.0,1.0,0.0,2009.2490234375,0.0,0.0,0.0,0.0,0.0,0.0,0.0,0.0,0.0,0.0
85,G,G,G85G,Core,NEGATIVE_CONSENSUS,INVARIABLE,False,False,False,0.052704815,0.4092109040056465,1.0,1.0,1.0,0.0,2009.2490234375,0.0,0.0,0.0,0.0,0.0,0.0,0.0,0.0,0.0,0.0
86,S,S,S86S,Core,NEGATIVE_CONSENSUS,INVARIABLE,False,False,False,0.2075632,0.3243420394483918,1.0,1.0,1.0,0.0,2009.2490234375,0.0,0.0,0.0,0.0,0.0,0.0,0.0,0.0,0.0,0.0
87,D,D,D87D,Core,NEGATIVE_CONSENSUS,INVARIABLE,False,False,False,2.8818045,0.044792789968923004,1.0,1.0,1.0,0.0,2009.2490234375,0.0,0.0,0.0,0.0,0.0,0.0,0.0,0.0,0.0,0.0
88,R,R,R88R,Core,NEGATIVE_CONSENSUS,INVARIABLE,False,False,False,0.03523141,0.4255557883149065,1.0,1.0,1.0,0.0,2009.2490234375,0.0,0.0,0.0,0.0,0.0,0.0,0.0,0.0,0.0,0.0
89,V,V,V89V,Core,NEGATIVE_CONSENSUS,INVARIABLE,False,False,False,0.15838115,0.3453256737119521,1.0,1.0,1.0,0.0,2009.2490234375,0.0,0.0,0.0,0.0,0.0,0.0,0.0,0.0,0.0,0.0
90,M,M,M90M,Core,NEGATIVE_CONSENSUS,INVARIABLE,False,False,False,0.04345588,0.4174346170740496,1.0,1.0,1.0,0.0,2009.2490234375,0.0,0.0,0.0,0.0,0.0,0.0,0.0,0.0,0.0,0.0
91,V,V,V91V,Core,NEGATIVE_CONSENSUS,INVARIABLE,False,False,False,0.55381,0.2283825477002308,1.0,1.0,1.0,0.0,2009.2490234375,0.0,0.0,0.0,0.0,0.0,0.0,0.0,0.0,0.0,0.0
92,S,S,S92S,Core,NEGATIVE_CONSENSUS,INVARIABLE,False,False,False,0.2075632,0.3243420394483918,1.0,1.0,1.0,0.0,2009.2490234375,0.0,0.0,0.0,0.0,0.0,0.0,0.0,0.0,0.0,0.0
93,P,P,P93P,Core,NEGATIVE_CONSENSUS,INVARIABLE,False,False,False,0.18130763,0.33512594256133826,1.0,1.0,1.0,0.0,2009.2490234375,0.0,0.0,0.0,0.0,0.0,0.0,0.0,0.0,0.0,0.0
94,L,L,L94L,Core,NEGATIVE_CONSENSUS,INVARIABLE,False,False,False,0.15878537,0.3451386324350256,1.0,1.0,1.0,0.0,2009.2490234375,0.0,0.0,0.0,0.0,0.0,0.0,0.0,0.0,0.0,0.0
95,A,A,A95A,Core,NEGATIVE_CONSENSUS,INVARIABLE,False,False,False,1.0132155,0.15706686261615616,1.0,1.0,1.0,0.0,2009.2490234375,0.0,0.0,0.0,0.0,0.0,0.0,0.0,0.0,0.0,0.0
96,V,V,V96V,Core,NEGATIVE_CONSENSUS,INVARIABLE,False,False,False,0.60705686,0.21794905634298722,1.0,1.0,1.0,0.0,2009.2490234375,0.0,0.0,0.0,0.0,0.0,0.0,0.0,0.0,0.0,0.0
97,T,T,T97T,Core,NEGATIVE_CONSENSUS,INVARIABLE,False,False,False,0.03364685,0.427230012532943,1.0,1.0,1.0,0.0,2009.2490234375,0.0,0.0,0.0,0.0,0.0,0.0,0.0,0.0,0.0,0.0
98,W,W,W98W,Core,NEGATIVE_CONSENSUS,INVARIABLE,False,False,False,0.14326186,0.3525297858631183,1.0,1.0,1.0,0.0,2009.2490234375,0.0,0.0,0.0,0.0,0.0,0.0,0.0,0.0,0.0,0.0
99,W,W,W99W,Core,NEGATIVE_CONSENSUS,INVARIABLE,False,False,False,0.14326186,0.3525297858631183,1.0,1.0,1.0,0.0,2009.2490234375,0.0,0.0,0.0,0.0,0.0,0.0,0.0,0.0,0.0,0.0
100,N,N,N100N,Core,NEGATIVE_CONSENSUS,INVARIABLE,False,False,False,0.14756067,0.3504387265808948,1.0,1.0,1.0,0.0,2009.2490234375,0.0,0.0,0.0,0.0,0.0,0.0,0.0,0.0,0.0,0.0
101,R,R,R101R,Core,NEGATIVE_CONSENSUS,INVARIABLE,False,False,False,0.026146797,0.43577116494005275,1.0,1.0,1.0,0.0,2009.2490234375,0.0,0.0,0.0,0.0,0.0,0.0,0.0,0.0,0.0,0.0
102,N,N,N102N,Core,NEGATIVE_CONSENSUS,INVARIABLE,False,False,False,0.14756067,0.3504387265808948,1.0,1.0,1.0,0.0,2009.2490234375,0.0,0.0,0.0,0.0,0.0,0.0,0.0,0.0,0.0,0.0
103,G,G,G103G,Core,NEGATIVE_CONSENSUS,INVARIABLE,False,False,False,0.32967013,0.2829266956761589,1.0,1.0,1.0,0.0,2009.2490234375,0.0,0.0,0.0,0.0,0.0,0.0,0.0,0.0,0.0,0.0
104,P,T,P104T,Core,NEGATIVE_CONSENSUS,TEMPORAL_NOISE,False,False,False,0.14732243,0.35055369217557397,0.38186705,0.28712872,0.61959356,0.6853037,2009.8021550582628,0.10414702873684223,2009.757,2009.836,0.0790188,0.013927082981651896,0.009432869365879157,0.1624932,2.371491,-4.8854465,2.3157809
105,T,T,T105T,Core,NEGATIVE_CONSENSUS,INVARIABLE,False,False,False,0.03364685,0.427230012532943,1.0,1.0,1.0,0.0,2009.2490234375,0.0,0.0,0.0,0.0,0.0,0.0,0.0,0.0,0.0,0.0
106,T,T,T106T,Core,NEGATIVE_CONSENSUS,INVARIABLE,False,False,False,0.019922515,0.4438768516818646,1.0,1.0,1.0,0.0,2009.2490234375,0.0,0.0,0.0,0.0,0.0,0.0,0.0,0.0,0.0,0.0
107,S,N,S107N,Core,NEGATIVE_CONSENSUS,FLAT_NO_SIGNAL,False,False,False,2.7401533,0.04892768904358359,0.3517909,1.0,1.0,0.0,2009.2490234375,0.0,0.0,0.0,0.0,0.0,0.0,0.0,0.0,0.0,0.0
108,T,T,T108T,Core,NEGATIVE_CONSENSUS,INVARIABLE,False,False,False,0.03364685,0.427230012532943,1.0,1.0,1.0,0.0,2009.2490234375,0.0,0.0,0.0,0.0,0.0,0.0,0.0,0.0,0.0,0.0
109,V,V,V109V,Core,NEGATIVE_CONSENSUS,INVARIABLE,False,False,False,0.27149606,0.3011649827004066,1.0,1.0,1.0,0.0,2009.2490234375,0.0,0.0,0.0,0.0,0.0,0.0,0.0,0.0,0.0,0.0
110,H,H,H110H,Core,NEGATIVE_CONSENSUS,INVARIABLE,False,False,False,0.18790461,0.3323331716817506,1.0,1.0,1.0,0.0,2009.2490234375,0.0,0.0,0.0,0.0,0.0,0.0,0.0,0.0,0.0,0.0
111,Y,Y,Y111Y,Core,NEGATIVE_CONSENSUS,INVARIABLE,False,False,False,0.08357149,0.38625726840274144,1.0,1.0,1.0,0.0,2009.2490234375,0.0,0.0,0.0,0.0,0.0,0.0,0.0,0.0,0.0,0.0
112,P,P,P112P,Core,NEGATIVE_CONSENSUS,INVARIABLE,False,False,False,0.18130763,0.33512594256133826,1.0,1.0,1.0,0.0,2009.2490234375,0.0,0.0,0.0,0.0,0.0,0.0,0.0,0.0,0.0,0.0
113,K,K,K113K,Core,NEGATIVE_CONSENSUS,INVARIABLE,False,False,False,0.2995089,0.2920952302947697,1.0,1.0,1.0,0.0,2009.2490234375,0.0,0.0,0.0,0.0,0.0,0.0,0.0,0.0,0.0,0.0
114,V,V,V114V,Core,NEGATIVE_CONSENSUS,INVARIABLE,False,False,False,0.60705686,0.21794905634298722,1.0,1.0,1.0,0.0,2009.2490234375,0.0,0.0,0.0,0.0,0.0,0.0,0.0,0.0,0.0,0.0
115,Y,Y,Y115Y,Core,NEGATIVE_CONSENSUS,INVARIABLE,False,False,False,0.04160279,0.41918940090001205,1.0,1.0,1.0,0.0,2009.2490234375,0.0,0.0,0.0,0.0,0.0,0.0,0.0,0.0,0.0,0.0
116,K,K,K116K,Core,NEGATIVE_CONSENSUS,INVARIABLE,False,False,False,1.2671006,0.13015565800770462,1.0,1.0,1.0,0.0,2009.2490234375,0.0,0.0,0.0,0.0,0.0,0.0,0.0,0.0,0.0,0.0
117,T,T,T117T,Core,NEGATIVE_CONSENSUS,INVARIABLE,False,False,False,0.026892863,0.434869336287794,1.0,1.0,1.0,0.0,2009.2490234375,0.0,0.0,0.0,0.0,0.0,0.0,0.0,0.0,0.0,0.0
118,Y,Y,Y118Y,Core,NEGATIVE_CONSENSUS,INVARIABLE,False,False,False,0.04160279,0.41918940090001205,1.0,1.0,1.0,0.0,2009.2490234375,0.0,0.0,0.0,0.0,0.0,0.0,0.0,0.0,0.0,0.0
119,F,F,F119F,Core,NEGATIVE_CONSENSUS,INVARIABLE,False,False,False,0.03677015,0.42396688710899644,1.0,1.0,1.0,0.0,2009.2490234375,0.0,0.0,0.0,0.0,0.0,0.0,0.0,0.0,0.0,0.0
120,E,E,E120E,Core,NEGATIVE_CONSENSUS,INVARIABLE,False,False,False,0.17737707,0.33681854926235366,1.0,1.0,1.0,0.0,2009.2490234375,0.0,0.0,0.0,0.0,0.0,0.0,0.0,0.0,0.0,0.0
121,K,K,K121K,Core,NEGATIVE_CONSENSUS,INVARIABLE,False,False,False,0.2995089,0.2920952302947697,1.0,1.0,1.0,0.0,2009.2490234375,0.0,0.0,0.0,0.0,0.0,0.0,0.0,0.0,0.0,0.0
122,V,V,V122V,Core,NEGATIVE_CONSENSUS,INVARIABLE,False,False,False,0.24571638,0.3100537951355842,1.0,1.0,1.0,0.0,2009.2490234375,0.0,0.0,0.0,0.0,0.0,0.0,0.0,0.0,0.0,0.0
123,E,E,E123E,Core,NEGATIVE_CONSENSUS,INVARIABLE,False,False,False,0.18767847,0.3324279351822692,1.0,1.0,1.0,0.0,2009.2490234375,0.0,0.0,0.0,0.0,0.0,0.0,0.0,0.0,0.0,0.0
124,R,R,R124R,Core,NEGATIVE_CONSENSUS,INVARIABLE,False,False,False,0.026146797,0.43577116494005275,1.0,1.0,1.0,0.0,2009.2490234375,0.0,0.0,0.0,0.0,0.0,0.0,0.0,0.0,0.0,0.0
125,L,L,L125L,Core,NEGATIVE_CONSENSUS,INVARIABLE,False,False,False,0.11684559,0.36624060240780854,1.0,1.0,1.0,0.0,2009.2490234375,0.0,0.0,0.0,0.0,0.0,0.0,0.0,0.0,0.0,0.0
126,K,K,K126K,Core,NEGATIVE_CONSENSUS,INVARIABLE,False,False,False,1.2671006,0.13015565800770462,1.0,1.0,1.0,0.0,2009.2490234375,0.0,0.0,0.0,0.0,0.0,0.0,0.0,0.0,0.0,0.0
127,H,Y,H127Y,Core,NEGATIVE_CONSENSUS,TEMPORAL_NOISE,False,False,False,0.46364373,0.24796298833383068,0.35272044,0.7326733,0.8267781,0.7712912,2009.3393306408898,0.048413788379217865,2009.2828,2009.3732,0.090307206,0.006996209330359193,0.004649706206285286,2.8309305,-3.6302865,3.4274516,3.0425725
128,G,G,G128G,Core,NEGATIVE_CONSENSUS,INVARIABLE,False,False,False,0.15513371,0.3468384480856218,1.0,1.0,1.0,0.0,2009.2490234375,0.0,0.0,0.0,0.0,0.0,0.0,0.0,0.0,0.0,0.0
129,T,T,T129T,Core,NEGATIVE_CONSENSUS,INVARIABLE,False,False,False,0.033261508,0.42764328918344385,1.0,1.0,1.0,0.0,2009.2490234375,0.0,0.0,0.0,0.0,0.0,0.0,0.0,0.0,0.0,0.0
130,F,F,F130F,Core,NEGATIVE_CONSENSUS,INVARIABLE,False,False,False,0.03677015,0.42396688710899644,1.0,1.0,1.0,0.0,2009.2490234375,0.0,0.0,0.0,0.0,0.0,0.0,0.0,0.0,0.0,0.0
131,G,G,G131G,Core,NEGATIVE_CONSENSUS,INVARIABLE,False,False,False,0.34300783,0.27904908397469125,1.0,1.0,1.0,0.0,2009.2490234375,0.0,0.0,0.0,0.0,0.0,0.0,0.0,0.0,0.0,0.0
132,P,P,P132P,Core,NEGATIVE_CONSENSUS,INVARIABLE,False,False,False,0.18130763,0.33512594256133826,1.0,1.0,1.0,0.0,2009.2490234375,0.0,0.0,0.0,0.0,0.0,0.0,0.0,0.0,0.0,0.0
133,V,V,V133V,Core,NEGATIVE_CONSENSUS,INVARIABLE,False,False,False,0.91231257,0.1697507851367119,1.0,1.0,1.0,0.0,2009.2490234375,0.0,0.0,0.0,0.0,0.0,0.0,0.0,0.0,0.0,0.0
134,H,R,H134R,Core,NEGATIVE_CONSENSUS,TEMPORAL_NOISE,False,False,False,1.6412545,0.10007671327436946,0.3517909,0.25742576,0.5809792,0.9031898,2009.4973682468221,0.08440405228139375,2009.4523,2009.5312,0.0790188,0.011305977291867334,0.00765758116489528,0.026960392,-0.78126293,-0.30159956,-7.0660048
135,F,F,F135F,Core,NEGATIVE_CONSENSUS,INVARIABLE,False,False,False,0.03677015,0.42396688710899644,1.0,1.0,1.0,0.0,2009.2490234375,0.0,0.0,0.0,0.0,0.0,0.0,0.0,0.0,0.0,0.0
136,R,R,R136R,Core,NEGATIVE_CONSENSUS,INVARIABLE,False,False,False,0.047289148,0.41392467273385114,1.0,1.0,1.0,0.0,2009.2490234375,0.0,0.0,0.0,0.0,0.0,0.0,0.0,0.0,0.0,0.0
137,N,N,N137N,Core,NEGATIVE_CONSENSUS,INVARIABLE,False,False,False,0.14756067,0.3504387265808948,1.0,1.0,1.0,0.0,2009.2490234375,0.0,0.0,0.0,0.0,0.0,0.0,0.0,0.0,0.0,0.0
138,Q,Q,Q138Q,Core,NEGATIVE_CONSENSUS,INVARIABLE,False,False,False,0.12341442,0.36268019034104293,1.0,1.0,1.0,0.0,2009.2490234375,0.0,0.0,0.0,0.0,0.0,0.0,0.0,0.0,0.0,0.0
139,V,V,V139V,Core,NEGATIVE_CONSENSUS,INVARIABLE,False,False,False,0.27149606,0.3011649827004066,1.0,1.0,1.0,0.0,2009.2490234375,0.0,0.0,0.0,0.0,0.0,0.0,0.0,0.0,0.0,0.0
140,K,K,K140K,Core,NEGATIVE_CONSENSUS,INVARIABLE,False,False,False,1.2671006,0.13015565800770462,1.0,1.0,1.0,0.0,2009.2490234375,0.0,0.0,0.0,0.0,0.0,0.0,0.0,0.0,0.0,0.0
141,I,I,I141I,Core,NEGATIVE_CONSENSUS,INVARIABLE,False,False,False,1.0355865,0.15442508350662135,1.0,1.0,1.0,0.0,2009.2490234375,0.0,0.0,0.0,0.0,0.0,0.0,0.0,0.0,0.0,0.0
142,R,R,R142R,Core,NEGATIVE_CONSENSUS,INVARIABLE,False,False,False,0.026146797,0.43577116494005275,1.0,1.0,1.0,0.0,2009.2490234375,0.0,0.0,0.0,0.0,0.0,0.0,0.0,0.0,0.0,0.0
143,R,R,R143R,Core,NEGATIVE_CONSENSUS,INVARIABLE,False,False,False,0.02968115,0.43160784622185266,1.0,1.0,1.0,0.0,2009.2490234375,0.0,0.0,0.0,0.0,0.0,0.0,0.0,0.0,0.0,0.0
144,R,R,R144R,Core,NEGATIVE_CONSENSUS,INVARIABLE,False,False,False,0.047289148,0.41392467273385114,1.0,1.0,1.0,0.0,2009.2490234375,0.0,0.0,0.0,0.0,0.0,0.0,0.0,0.0,0.0,0.0
145,V,V,V145V,Core,NEGATIVE_CONSENSUS,INVARIABLE,False,False,False,0.27149606,0.3011649827004066,1.0,1.0,1.0,0.0,2009.2490234375,0.0,0.0,0.0,0.0,0.0,0.0,0.0,0.0,0.0,0.0
146,D,D,D146D,Core,NEGATIVE_CONSENSUS,INVARIABLE,False,False,False,0.24172953,0.3114798699800736,1.0,1.0,1.0,0.0,2009.2490234375,0.0,0.0,0.0,0.0,0.0,0.0,0.0,0.0,0.0,0.0
147,T,T,T147T,Core,NEGATIVE_CONSENSUS,INVARIABLE,False,False,False,0.03364685,0.427230012532943,1.0,1.0,1.0,0.0,2009.2490234375,0.0,0.0,0.0,0.0,0.0,0.0,0.0,0.0,0.0,0.0
148,N,N,N148N,Core,NEGATIVE_CONSENSUS,INVARIABLE,False,False,False,0.15193802,0.3483450765818237,1.0,1.0,1.0,0.0,2009.2490234375,0.0,0.0,0.0,0.0,0.0,0.0,0.0,0.0,0.0,0.0
149,P,P,P149P,Core,NEGATIVE_CONSENSUS,INVARIABLE,False,False,False,0.18130763,0.33512594256133826,1.0,1.0,1.0,0.0,2009.2490234375,0.0,0.0,0.0,0.0,0.0,0.0,0.0,0.0,0.0,0.0
150,G,G,G150G,Core,NEGATIVE_CONSENSUS,INVARIABLE,False,False,False,0.31973153,0.28588451406953874,1.0,1.0,1.0,0.0,2009.2490234375,0.0,0.0,0.0,0.0,0.0,0.0,0.0,0.0,0.0,0.0
151,H,H,H151H,Core,NEGATIVE_CONSENSUS,INVARIABLE,False,False,False,0.18790461,0.3323331716817506,1.0,1.0,1.0,0.0,2009.2490234375,0.0,0.0,0.0,0.0,0.0,0.0,0.0,0.0,0.0,0.0
152,A,A,A152A,Core,NEGATIVE_CONSENSUS,INVARIABLE,False,False,False,0.50961536,0.23765270523878462,1.0,1.0,1.0,0.0,2009.2490234375,0.0,0.0,0.0,0.0,0.0,0.0,0.0,0.0,0.0,0.0
153,D,D,D153D,Core,NEGATIVE_CONSENSUS,INVARIABLE,False,False,False,0.291673,0.2945752094797113,1.0,1.0,1.0,0.0,2009.2490234375,0.0,0.0,0.0,0.0,0.0,0.0,0.0,0.0,0.0,0.0
154,L,I,L154I,Core,RESCUED_SWEEP,CONFIRMED_SWEEP,True,False,True,1.6447915,0.09983466155779616,0.3517909,0.02970297,0.42981946,0.73801464,2009.576387049788,0.13848916941095257,2009.5425,2009.915,0.37251723,0.029628972151947302,0.019602463853153947,-5.0618,4.8788996,2.992726,0.7629189
155,S,N,S155N,Core,NEGATIVE_CONSENSUS,TEMPORAL_NOISE,False,False,False,2.9636528,0.042577680723827234,0.3517909,0.47524753,0.6680622,0.528539,2009.3957726430085,0.07784615091502828,2009.3506,2009.4297,0.0790188,0.010514479865889959,0.007115060314631102,2.2401898,-2.175281,1.730389,-0.19600044
156,A,A,A156A,Core,NEGATIVE_CONSENSUS,INVARIABLE,False,False,False,1.0132155,0.15706686261615616,1.0,1.0,1.0,0.0,2009.2490234375,0.0,0.0,0.0,0.0,0.0,0.0,0.0,0.0,0.0,0.0
157,K,K,K157K,Core,NEGATIVE_CONSENSUS,FLAT_NO_SIGNAL,False,False,False,1.6305363,0.10081444215655108,0.3517909,1.0,1.0,0.0,2009.2490234375,0.0,0.0,0.0,0.0,0.0,0.0,0.0,0.0,0.0,0.0
158,E,E,E158E,Core,NEGATIVE_CONSENSUS,INVARIABLE,False,False,False,0.09971498,0.37608596908684694,1.0,1.0,1.0,0.0,2009.2490234375,0.0,0.0,0.0,0.0,0.0,0.0,0.0,0.0,0.0,0.0
159,A,A,A159A,Core,NEGATIVE_CONSENSUS,INVARIABLE,False,False,False,0.50961536,0.23765270523878462,1.0,1.0,1.0,0.0,2009.2490234375,0.0,0.0,0.0,0.0,0.0,0.0,0.0,0.0,0.0,0.0
160,Q,Q,Q160Q,Core,NEGATIVE_CONSENSUS,INVARIABLE,False,False,False,0.14861211,0.3499326088640236,1.0,1.0,1.0,0.0,2009.2490234375,0.0,0.0,0.0,0.0,0.0,0.0,0.0,0.0,0.0,0.0
161,D,D,D161D,Core,NEGATIVE_CONSENSUS,INVARIABLE,False,False,False,0.24172953,0.3114798699800736,1.0,1.0,1.0,0.0,2009.2490234375,0.0,0.0,0.0,0.0,0.0,0.0,0.0,0.0,0.0,0.0
162,V,V,V162V,Core,NEGATIVE_CONSENSUS,INVARIABLE,False,False,False,0.15838115,0.3453256737119521,1.0,1.0,1.0,0.0,2009.2490234375,0.0,0.0,0.0,0.0,0.0,0.0,0.0,0.0,0.0,0.0
163,I,I,I163I,Core,NEGATIVE_CONSENSUS,INVARIABLE,False,False,False,0.7167717,0.19860244442133695,1.0,1.0,1.0,0.0,2009.2490234375,0.0,0.0,0.0,0.0,0.0,0.0,0.0,0.0,0.0,0.0
164,M,M,M164M,Core,NEGATIVE_CONSENSUS,INVARIABLE,False,False,False,0.04345588,0.4174346170740496,1.0,1.0,1.0,0.0,2009.2490234375,0.0,0.0,0.0,0.0,0.0,0.0,0.0,0.0,0.0,0.0
165,E,E,E165E,Core,NEGATIVE_CONSENSUS,INVARIABLE,False,False,False,0.17737707,0.33681854926235366,1.0,1.0,1.0,0.0,2009.2490234375,0.0,0.0,0.0,0.0,0.0,0.0,0.0,0.0,0.0,0.0
166,V,I,V166I,Core,NEGATIVE_CONSENSUS,TEMPORAL_NOISE,False,False,False,1.2562935,0.13117692079095813,0.3517909,0.33663365,0.63701445,0.85016704,2009.7005594544491,0.14500610829612678,2009.6554,2009.7344,0.0790188,0.018189669977203046,0.012319936696698945,0.735627,-1.2265166,-2.7302055,0.79325104
167,V,V,V167V,Core,NEGATIVE_CONSENSUS,INVARIABLE,False,False,False,0.27149606,0.3011649827004066,1.0,1.0,1.0,0.0,2009.2490234375,0.0,0.0,0.0,0.0,0.0,0.0,0.0,0.0,0.0,0.0
168,F,F,F168F,Core,NEGATIVE_CONSENSUS,INVARIABLE,False,False,False,0.03677015,0.42396688710899644,1.0,1.0,1.0,0.0,2009.2490234375,0.0,0.0,0.0,0.0,0.0,0.0,0.0,0.0,0.0,0.0
169,P,P,P169P,Core,NEGATIVE_CONSENSUS,INVARIABLE,False,False,False,0.09249291,0.3805157715681833,1.0,1.0,1.0,0.0,2009.2490234375,0.0,0.0,0.0,0.0,0.0,0.0,0.0,0.0,0.0,0.0
170,N,N,N170N,Core,NEGATIVE_CONSENSUS,INVARIABLE,False,False,False,0.14756067,0.3504387265808948,1.0,1.0,1.0,0.0,2009.2490234375,0.0,0.0,0.0,0.0,0.0,0.0,0.0,0.0,0.0,0.0
171,E,E,E171E,Core,NEGATIVE_CONSENSUS,INVARIABLE,False,False,False,0.17737707,0.33681854926235366,1.0,1.0,1.0,0.0,2009.2490234375,0.0,0.0,0.0,0.0,0.0,0.0,0.0,0.0,0.0,0.0
172,V,V,V172V,Core,NEGATIVE_CONSENSUS,INVARIABLE,False,False,False,0.15838115,0.3453256737119521,1.0,1.0,1.0,0.0,2009.2490234375,0.0,0.0,0.0,0.0,0.0,0.0,0.0,0.0,0.0,0.0
173,G,G,G173G,Core,NEGATIVE_CONSENSUS,INVARIABLE,False,False,False,0.10198707,0.37472898848367453,1.0,1.0,1.0,0.0,2009.2490234375,0.0,0.0,0.0,0.0,0.0,0.0,0.0,0.0,0.0,0.0
174,A,A,A174A,Core,NEGATIVE_CONSENSUS,INVARIABLE,False,False,False,0.50961536,0.23765270523878462,1.0,1.0,1.0,0.0,2009.2490234375,0.0,0.0,0.0,0.0,0.0,0.0,0.0,0.0,0.0,0.0
175,R,R,R175R,Core,NEGATIVE_CONSENSUS,INVARIABLE,False,False,False,0.047289148,0.41392467273385114,1.0,1.0,1.0,0.0,2009.2490234375,0.0,0.0,0.0,0.0,0.0,0.0,0.0,0.0,0.0,0.0
176,I,I,I176I,Core,NEGATIVE_CONSENSUS,INVARIABLE,False,False,False,1.0355865,0.15442508350662135,1.0,1.0,1.0,0.0,2009.2490234375,0.0,0.0,0.0,0.0,0.0,0.0,0.0,0.0,0.0,0.0
177,L,L,L177L,Core,NEGATIVE_CONSENSUS,INVARIABLE,False,False,False,0.15878537,0.3451386324350256,1.0,1.0,1.0,0.0,2009.2490234375,0.0,0.0,0.0,0.0,0.0,0.0,0.0,0.0,0.0,0.0
178,T,A,T178A,Core,NEGATIVE_CONSENSUS,TEMPORAL_NOISE,False,False,False,0.060062468,0.4031986172265593,0.40319863,0.18811882,0.57846534,0.73718977,2009.8473086599577,0.10705640445586062,2009.8021,2009.8812,0.0790188,0.016135712553558494,0.010845472875684138,0.6313743,6.2637057,-0.20132932,1.4960978
179,S,S,S179S,Core,NEGATIVE_CONSENSUS,INVARIABLE,False,False,False,0.2075632,0.3243420394483918,1.0,1.0,1.0,0.0,2009.2490234375,0.0,0.0,0.0,0.0,0.0,0.0,0.0,0.0,0.0,0.0
180,E,E,E180E,Core,NEGATIVE_CONSENSUS,INVARIABLE,False,False,False,0.09971498,0.37608596908684694,1.0,1.0,1.0,0.0,2009.2490234375,0.0,0.0,0.0,0.0,0.0,0.0,0.0,0.0,0.0,0.0
181,S,S,S181S,Core,NEGATIVE_CONSENSUS,INVARIABLE,False,False,False,0.2075632,0.3243420394483918,1.0,1.0,1.0,0.0,2009.2490234375,0.0,0.0,0.0,0.0,0.0,0.0,0.0,0.0,0.0,0.0
182,Q,Q,Q182Q,Core,NEGATIVE_CONSENSUS,INVARIABLE,False,False,False,0.07379884,0.39294195156222655,1.0,1.0,1.0,0.0,2009.2490234375,0.0,0.0,0.0,0.0,0.0,0.0,0.0,0.0,0.0,0.0
183,L,M,L183M,Core,NEGATIVE_CONSENSUS,TEMPORAL_NOISE,False,False,False,2.2198715,0.06812219859244446,0.3517909,0.76237625,0.83691716,0.70345646,2009.3280422404662,0.039826500412797006,2009.2716,2009.3619,0.090307206,0.005670924366178418,0.003750550411007918,2.8119485,-3.6489933,3.4668615,3.1406112
184,A,A,A184A,Core,NEGATIVE_CONSENSUS,INVARIABLE,False,False,False,0.50961536,0.23765270523878462,1.0,1.0,1.0,0.0,2009.2490234375,0.0,0.0,0.0,0.0,0.0,0.0,0.0,0.0,0.0,0.0
185,I,I,I185I,Core,NEGATIVE_CONSENSUS,INVARIABLE,False,False,False,1.0355865,0.15442508350662135,1.0,1.0,1.0,0.0,2009.2490234375,0.0,0.0,0.0,0.0,0.0,0.0,0.0,0.0,0.0,0.0
186,T,T,T186T,Core,NEGATIVE_CONSENSUS,INVARIABLE,False,False,False,0.03364685,0.427230012532943,1.0,1.0,1.0,0.0,2009.2490234375,0.0,0.0,0.0,0.0,0.0,0.0,0.0,0.0,0.0,0.0
187,K,K,K187K,Core,NEGATIVE_CONSENSUS,INVARIABLE,False,False,False,1.2671006,0.13015565800770462,1.0,1.0,1.0,0.0,2009.2490234375,0.0,0.0,0.0,0.0,0.0,0.0,0.0,0.0,0.0,0.0
188,E,E,E188E,Core,NEGATIVE_CONSENSUS,INVARIABLE,False,False,False,0.09971498,0.37608596908684694,1.0,1.0,1.0,0.0,2009.2490234375,0.0,0.0,0.0,0.0,0.0,0.0,0.0,0.0,0.0,0.0
189,K,K,K189K,Core,NEGATIVE_CONSENSUS,INVARIABLE,False,False,False,0.2995089,0.2920952302947697,1.0,1.0,1.0,0.0,2009.2490234375,0.0,0.0,0.0,0.0,0.0,0.0,0.0,0.0,0.0,0.0
190,K,K,K190K,Core,NEGATIVE_CONSENSUS,INVARIABLE,False,False,False,1.2671006,0.13015565800770462,1.0,1.0,1.0,0.0,2009.2490234375,0.0,0.0,0.0,0.0,0.0,0.0,0.0,0.0,0.0,0.0
191,E,E,E191E,Core,NEGATIVE_CONSENSUS,INVARIABLE,False,False,False,0.17737707,0.33681854926235366,1.0,1.0,1.0,0.0,2009.2490234375,0.0,0.0,0.0,0.0,0.0,0.0,0.0,0.0,0.0,0.0
192,E,E,E192E,Core,NEGATIVE_CONSENSUS,INVARIABLE,False,False,False,0.09971498,0.37608596908684694,1.0,1.0,1.0,0.0,2009.2490234375,0.0,0.0,0.0,0.0,0.0,0.0,0.0,0.0,0.0,0.0
193,L,L,L193L,Core,NEGATIVE_CONSENSUS,INVARIABLE,False,False,False,0.17319994,0.3386417205269501,1.0,1.0,1.0,0.0,2009.2490234375,0.0,0.0,0.0,0.0,0.0,0.0,0.0,0.0,0.0,0.0
194,Q,K,Q194K,Core,NEGATIVE_CONSENSUS,TEMPORAL_NOISE,False,False,False,0.52084273,0.2352412090934663,0.35271603,0.41584158,0.6669024,0.82905227,2009.6892710540253,0.05914275089973045,2009.6554,2009.7231,0.067730404,0.00745669513352308,0.005050449630296792,0.75695693,-1.320603,-2.0523217,0.44683513
195,D,N,D195N,Core,NEGATIVE_CONSENSUS,TEMPORAL_NOISE,False,False,False,0.79520786,0.18626500724527656,0.3517909,0.17821783,0.57686293,0.9184373,2009.4973682468221,0.10767293795127478,2009.4523,2009.5312,0.0790188,0.014502940726220086,0.00982289571597802,0.16317257,-0.7678572,-0.32156888,-7.1071777
196,C,C,C196C,Core,NEGATIVE_CONSENSUS,INVARIABLE,False,False,False,0.025839863,0.4361460100233292,1.0,1.0,1.0,0.0,2009.2490234375,0.0,0.0,0.0,0.0,0.0,0.0,0.0,0.0,0.0,0.0
197,K,K,K197K,Core,NEGATIVE_CONSENSUS,INVARIABLE,False,False,False,1.2671006,0.13015565800770462,1.0,1.0,1.0,0.0,2009.2490234375,0.0,0.0,0.0,0.0,0.0,0.0,0.0,0.0,0.0,0.0
198,I,I,I198I,Core,NEGATIVE_CONSENSUS,INVARIABLE,False,False,False,0.7167717,0.19860244442133695,1.0,1.0,1.0,0.0,2009.2490234375,0.0,0.0,0.0,0.0,0.0,0.0,0.0,0.0,0.0,0.0
199,A,A,A199A,Core,NEGATIVE_CONSENSUS,INVARIABLE,False,False,False,0.6177493,0.21594245077438262,1.0,1.0,1.0,0.0,2009.2490234375,0.0,0.0,0.0,0.0,0.0,0.0,0.0,0.0,0.0,0.0
200,P,P,P200P,Core,NEGATIVE_CONSENSUS,INVARIABLE,False,False,False,0.13949645,0.35439106371219375,1.0,1.0,1.0,0.0,2009.2490234375,0.0,0.0,0.0,0.0,0.0,0.0,0.0,0.0,0.0,0.0
201,L,L,L201L,Core,NEGATIVE_CONSENSUS,INVARIABLE,False,False,False,0.11684559,0.36624060240780854,1.0,1.0,1.0,0.0,2009.2490234375,0.0,0.0,0.0,0.0,0.0,0.0,0.0,0.0,0.0,0.0
202,M,M,M202M,Core,NEGATIVE_CONSENSUS,INVARIABLE,False,False,False,0.04345588,0.4174346170740496,1.0,1.0,1.0,0.0,2009.2490234375,0.0,0.0,0.0,0.0,0.0,0.0,0.0,0.0,0.0,0.0
203,V,V,V203V,Core,NEGATIVE_CONSENSUS,INVARIABLE,False,False,False,0.0793784,0.38907077620408925,1.0,1.0,1.0,0.0,2009.2490234375,0.0,0.0,0.0,0.0,0.0,0.0,0.0,0.0,0.0,0.0
204,A,A,A204A,Core,NEGATIVE_CONSENSUS,INVARIABLE,False,False,False,0.112414464,0.36870593513800987,1.0,1.0,1.0,0.0,2009.2490234375,0.0,0.0,0.0,0.0,0.0,0.0,0.0,0.0,0.0,0.0
205,Y,Y,Y205Y,Core,NEGATIVE_CONSENSUS,INVARIABLE,False,False,False,0.028195491,0.4333250233488175,1.0,1.0,1.0,0.0,2009.2490234375,0.0,0.0,0.0,0.0,0.0,0.0,0.0,0.0,0.0,0.0
206,M,M,M206M,Core,NEGATIVE_CONSENSUS,INVARIABLE,False,False,False,0.04345588,0.4174346170740496,1.0,1.0,1.0,0.0,2009.2490234375,0.0,0.0,0.0,0.0,0.0,0.0,0.0,0.0,0.0,0.0
207,L,L,L207L,Core,NEGATIVE_CONSENSUS,INVARIABLE,False,False,False,0.20977953,0.32347013020324433,1.0,1.0,1.0,0.0,2009.2490234375,0.0,0.0,0.0,0.0,0.0,0.0,0.0,0.0,0.0,0.0
208,E,E,E208E,Core,NEGATIVE_CONSENSUS,INVARIABLE,False,False,False,0.17737707,0.33681854926235366,1.0,1.0,1.0,0.0,2009.2490234375,0.0,0.0,0.0,0.0,0.0,0.0,0.0,0.0,0.0,0.0
209,R,R,R209R,Core,NEGATIVE_CONSENSUS,INVARIABLE,False,False,False,0.047289148,0.41392467273385114,1.0,1.0,1.0,0.0,2009.2490234375,0.0,0.0,0.0,0.0,0.0,0.0,0.0,0.0,0.0,0.0
210,E,E,E210E,Core,NEGATIVE_CONSENSUS,INVARIABLE,False,False,False,0.17737707,0.33681854926235366,1.0,1.0,1.0,0.0,2009.2490234375,0.0,0.0,0.0,0.0,0.0,0.0,0.0,0.0,0.0,0.0
211,L,L,L211L,Core,NEGATIVE_CONSENSUS,INVARIABLE,False,False,False,0.11684559,0.36624060240780854,1.0,1.0,1.0,0.0,2009.2490234375,0.0,0.0,0.0,0.0,0.0,0.0,0.0,0.0,0.0,0.0
212,V,V,V212V,Core,NEGATIVE_CONSENSUS,INVARIABLE,False,False,False,0.91231257,0.1697507851367119,1.0,1.0,1.0,0.0,2009.2490234375,0.0,0.0,0.0,0.0,0.0,0.0,0.0,0.0,0.0,0.0
213,R,R,R213R,Core,NEGATIVE_CONSENSUS,INVARIABLE,False,False,False,0.07444396,0.3924864898457821,1.0,1.0,1.0,0.0,2009.2490234375,0.0,0.0,0.0,0.0,0.0,0.0,0.0,0.0,0.0,0.0
214,K,K,K214K,Core,NEGATIVE_CONSENSUS,INVARIABLE,False,False,False,1.2671006,0.13015565800770462,1.0,1.0,1.0,0.0,2009.2490234375,0.0,0.0,0.0,0.0,0.0,0.0,0.0,0.0,0.0,0.0
215,T,T,T215T,Core,NEGATIVE_CONSENSUS,INVARIABLE,False,False,False,0.03364685,0.427230012532943,1.0,1.0,1.0,0.0,2009.2490234375,0.0,0.0,0.0,0.0,0.0,0.0,0.0,0.0,0.0,0.0
216,R,R,R216R,Core,NEGATIVE_CONSENSUS,INVARIABLE,False,False,False,0.026146797,0.43577116494005275,1.0,1.0,1.0,0.0,2009.2490234375,0.0,0.0,0.0,0.0,0.0,0.0,0.0,0.0,0.0,0.0
217,F,F,F217F,Core,NEGATIVE_CONSENSUS,INVARIABLE,False,False,False,0.061055347,0.4024178149016429,1.0,1.0,1.0,0.0,2009.2490234375,0.0,0.0,0.0,0.0,0.0,0.0,0.0,0.0,0.0,0.0
218,L,L,L218L,Core,NEGATIVE_CONSENSUS,INVARIABLE,False,False,False,0.17319994,0.3386417205269501,1.0,1.0,1.0,0.0,2009.2490234375,0.0,0.0,0.0,0.0,0.0,0.0,0.0,0.0,0.0,0.0
219,P,P,P219P,Core,NEGATIVE_CONSENSUS,INVARIABLE,False,False,False,0.09249291,0.3805157715681833,1.0,1.0,1.0,0.0,2009.2490234375,0.0,0.0,0.0,0.0,0.0,0.0,0.0,0.0,0.0,0.0
220,V,V,V220V,Core,NEGATIVE_CONSENSUS,INVARIABLE,False,False,False,0.62652856,0.21431576349044906,1.0,1.0,1.0,0.0,2009.2490234375,0.0,0.0,0.0,0.0,0.0,0.0,0.0,0.0,0.0,0.0
221,A,A,A221A,Core,NEGATIVE_CONSENSUS,INVARIABLE,False,False,False,1.0132155,0.15706686261615616,1.0,1.0,1.0,0.0,2009.2490234375,0.0,0.0,0.0,0.0,0.0,0.0,0.0,0.0,0.0,0.0
222,G,G,G222G,Core,NEGATIVE_CONSENSUS,INVARIABLE,False,False,False,0.31973153,0.28588451406953874,1.0,1.0,1.0,0.0,2009.2490234375,0.0,0.0,0.0,0.0,0.0,0.0,0.0,0.0,0.0,0.0
223,G,G,G223G,Core,NEGATIVE_CONSENSUS,INVARIABLE,False,False,False,0.08983235,0.38219519767681476,1.0,1.0,1.0,0.0,2009.2490234375,0.0,0.0,0.0,0.0,0.0,0.0,0.0,0.0,0.0,0.0
224,T,T,T224T,Core,NEGATIVE_CONSENSUS,INVARIABLE,False,False,False,0.03364685,0.427230012532943,1.0,1.0,1.0,0.0,2009.2490234375,0.0,0.0,0.0,0.0,0.0,0.0,0.0,0.0,0.0,0.0
225,G,S,G225S,Core,NEGATIVE_CONSENSUS,TEMPORAL_NOISE,False,False,False,0.923375,0.16829518118925435,0.3517909,0.089108914,0.42981946,0.8429512,2009.7005594544491,0.15911841358742024,2009.6554,2009.7231,0.067730404,0.02002645283226592,0.013563997118263288,0.75544953,-1.2846503,-2.3585787,0.60278976
226,S,S,S226S,Core,NEGATIVE_CONSENSUS,INVARIABLE,False,False,False,0.5161936,0.23623495187969223,1.0,1.0,1.0,0.0,2009.2490234375,0.0,0.0,0.0,0.0,0.0,0.0,0.0,0.0,0.0,0.0
227,V,V,V227V,Core,NEGATIVE_CONSENSUS,INVARIABLE,False,False,False,0.27149606,0.3011649827004066,1.0,1.0,1.0,0.0,2009.2490234375,0.0,0.0,0.0,0.0,0.0,0.0,0.0,0.0,0.0,0.0
228,Y,Y,Y228Y,Core,NEGATIVE_CONSENSUS,INVARIABLE,False,False,False,0.04160279,0.41918940090001205,1.0,1.0,1.0,0.0,2009.2490234375,0.0,0.0,0.0,0.0,0.0,0.0,0.0,0.0,0.0,0.0
229,I,I,I229I,Core,NEGATIVE_CONSENSUS,INVARIABLE,False,False,False,0.7167717,0.19860244442133695,1.0,1.0,1.0,0.0,2009.2490234375,0.0,0.0,0.0,0.0,0.0,0.0,0.0,0.0,0.0,0.0
230,E,E,E230E,Core,NEGATIVE_CONSENSUS,INVARIABLE,False,False,False,0.17737707,0.33681854926235366,1.0,1.0,1.0,0.0,2009.2490234375,0.0,0.0,0.0,0.0,0.0,0.0,0.0,0.0,0.0,0.0
231,V,V,V231V,Core,NEGATIVE_CONSENSUS,INVARIABLE,False,False,False,0.15838115,0.3453256737119521,1.0,1.0,1.0,0.0,2009.2490234375,0.0,0.0,0.0,0.0,0.0,0.0,0.0,0.0,0.0,0.0
232,L,L,L232L,Core,NEGATIVE_CONSENSUS,INVARIABLE,False,False,False,0.11684559,0.36624060240780854,1.0,1.0,1.0,0.0,2009.2490234375,0.0,0.0,0.0,0.0,0.0,0.0,0.0,0.0,0.0,0.0
233,H,H,H233H,Core,NEGATIVE_CONSENSUS,INVARIABLE,False,False,False,0.534049,0.23245477158082695,1.0,1.0,1.0,0.0,2009.2490234375,0.0,0.0,0.0,0.0,0.0,0.0,0.0,0.0,0.0,0.0
234,L,L,L234L,Core,NEGATIVE_CONSENSUS,INVARIABLE,False,False,False,0.28021458,0.2982803046346809,1.0,1.0,1.0,0.0,2009.2490234375,0.0,0.0,0.0,0.0,0.0,0.0,0.0,0.0,0.0,0.0
235,T,T,T235T,Core,NEGATIVE_CONSENSUS,INVARIABLE,False,False,False,0.033261508,0.42764328918344385,1.0,1.0,1.0,0.0,2009.2490234375,0.0,0.0,0.0,0.0,0.0,0.0,0.0,0.0,0.0,0.0
236,Q,Q,Q236Q,Core,NEGATIVE_CONSENSUS,INVARIABLE,False,False,False,0.1328033,0.35777149996023005,1.0,1.0,1.0,0.0,2009.2490234375,0.0,0.0,0.0,0.0,0.0,0.0,0.0,0.0,0.0,0.0
237,G,G,G237G,Core,NEGATIVE_CONSENSUS,INVARIABLE,False,False,False,0.10198707,0.37472898848367453,1.0,1.0,1.0,0.0,2009.2490234375,0.0,0.0,0.0,0.0,0.0,0.0,0.0,0.0,0.0,0.0
238,T,T,T238T,Core,NEGATIVE_CONSENSUS,INVARIABLE,False,False,False,0.05247797,0.40940309383979834,1.0,1.0,1.0,0.0,2009.2490234375,0.0,0.0,0.0,0.0,0.0,0.0,0.0,0.0,0.0,0.0
239,C,C,C239C,Core,NEGATIVE_CONSENSUS,INVARIABLE,False,False,False,0.098847605,0.3766084799559455,1.0,1.0,1.0,0.0,2009.2490234375,0.0,0.0,0.0,0.0,0.0,0.0,0.0,0.0,0.0,0.0
240,W,W,W240W,Core,NEGATIVE_CONSENSUS,INVARIABLE,False,False,False,0.14326186,0.3525297858631183,1.0,1.0,1.0,0.0,2009.2490234375,0.0,0.0,0.0,0.0,0.0,0.0,0.0,0.0,0.0,0.0
241,E,E,E241E,Core,NEGATIVE_CONSENSUS,INVARIABLE,False,False,False,0.09971498,0.37608596908684694,1.0,1.0,1.0,0.0,2009.2490234375,0.0,0.0,0.0,0.0,0.0,0.0,0.0,0.0,0.0,0.0
242,Q,Q,Q242Q,Core,NEGATIVE_CONSENSUS,INVARIABLE,False,False,False,0.14861211,0.3499326088640236,1.0,1.0,1.0,0.0,2009.2490234375,0.0,0.0,0.0,0.0,0.0,0.0,0.0,0.0,0.0,0.0
243,M,L,M243L,Core,NEGATIVE_CONSENSUS,TEMPORAL_NOISE,False,False,False,0.12502855,0.361821673854969,0.3852647,0.47524753,0.6680622,0.528539,2009.3957726430085,0.01909086045570297,2009.3506,2009.4297,0.0790188,0.002578553538287432,0.0017448855467343313,2.2401867,-2.175278,1.7303866,-0.19600016
244,Y,Y,Y244Y,Core,NEGATIVE_CONSENSUS,INVARIABLE,False,False,False,0.08357149,0.38625726840274144,1.0,1.0,1.0,0.0,2009.2490234375,0.0,0.0,0.0,0.0,0.0,0.0,0.0,0.0,0.0,0.0
245,T,T,T245T,Core,NEGATIVE_CONSENSUS,INVARIABLE,False,False,False,0.026892863,0.434869336287794,1.0,1.0,1.0,0.0,2009.2490234375,0.0,0.0,0.0,0.0,0.0,0.0,0.0,0.0,0.0,0.0
246,P,P,P246P,Core,NEGATIVE_CONSENSUS,INVARIABLE,False,False,False,0.09249291,0.3805157715681833,1.0,1.0,1.0,0.0,2009.2490234375,0.0,0.0,0.0,0.0,0.0,0.0,0.0,0.0,0.0,0.0
247,G,G,G247G,Core,NEGATIVE_CONSENSUS,INVARIABLE,False,False,False,0.08983235,0.38219519767681476,1.0,1.0,1.0,0.0,2009.2490234375,0.0,0.0,0.0,0.0,0.0,0.0,0.0,0.0,0.0,0.0
248,G,G,G248G,Core,NEGATIVE_CONSENSUS,INVARIABLE,False,False,False,0.08983235,0.38219519767681476,1.0,1.0,1.0,0.0,2009.2490234375,0.0,0.0,0.0,0.0,0.0,0.0,0.0,0.0,0.0,0.0
249,E,A,E249A,Core,NEGATIVE_CONSENSUS,TEMPORAL_NOISE,False,False,False,1.1491586,0.14186267699981686,0.3517909,0.6831683,0.8002829,0.6590514,2009.3844842425847,0.034309144236799205,2009.3394,2009.4183,0.0790188,0.004695582016590373,0.003174216952666584,2.402172,-2.5525343,2.1679866,0.7647019
250,V,V,V250V,Core,NEGATIVE_CONSENSUS,INVARIABLE,False,False,False,0.15838115,0.3453256737119521,1.0,1.0,1.0,0.0,2009.2490234375,0.0,0.0,0.0,0.0,0.0,0.0,0.0,0.0,0.0,0.0
251,R,K,R251K,Core,NEGATIVE_CONSENSUS,TEMPORAL_NOISE,False,False,False,0.2620939,0.304342626054746,0.36189717,0.07920792,0.42981946,0.5983266,2009.8811738612287,0.21544581105984878,2009.8247,2009.915,0.090307206,0.03176132034495412,0.020401659828375104,0.7819445,7.3611455,1.8339291,1.2197691
252,N,N,N252N,Core,NEGATIVE_CONSENSUS,INVARIABLE,False,False,False,0.14756067,0.3504387265808948,1.0,1.0,1.0,0.0,2009.2490234375,0.0,0.0,0.0,0.0,0.0,0.0,0.0,0.0,0.0,0.0
253,D,D,D253D,Core,NEGATIVE_CONSENSUS,INVARIABLE,False,False,False,0.24172953,0.3114798699800736,1.0,1.0,1.0,0.0,2009.2490234375,0.0,0.0,0.0,0.0,0.0,0.0,0.0,0.0,0.0,0.0
254,D,D,D254D,Core,NEGATIVE_CONSENSUS,INVARIABLE,False,False,False,0.24172953,0.3114798699800736,1.0,1.0,1.0,0.0,2009.2490234375,0.0,0.0,0.0,0.0,0.0,0.0,0.0,0.0,0.0,0.0
255,V,V,V255V,Core,NEGATIVE_CONSENSUS,INVARIABLE,False,False,False,0.27149606,0.3011649827004066,1.0,1.0,1.0,0.0,2009.2490234375,0.0,0.0,0.0,0.0,0.0,0.0,0.0,0.0,0.0,0.0
256,D,D,D256D,Core,NEGATIVE_CONSENSUS,INVARIABLE,False,False,False,2.8818045,0.044792789968923004,1.0,1.0,1.0,0.0,2009.2490234375,0.0,0.0,0.0,0.0,0.0,0.0,0.0,0.0,0.0,0.0
257,Q,Q,Q257Q,Core,NEGATIVE_CONSENSUS,INVARIABLE,False,False,False,0.1328033,0.35777149996023005,1.0,1.0,1.0,0.0,2009.2490234375,0.0,0.0,0.0,0.0,0.0,0.0,0.0,0.0,0.0,0.0
258,S,S,S258S,Core,NEGATIVE_CONSENSUS,INVARIABLE,False,False,False,0.5161936,0.23623495187969223,1.0,1.0,1.0,0.0,2009.2490234375,0.0,0.0,0.0,0.0,0.0,0.0,0.0,0.0,0.0,0.0
259,L,L,L259L,Core,NEGATIVE_CONSENSUS,INVARIABLE,False,False,False,0.11684559,0.36624060240780854,1.0,1.0,1.0,0.0,2009.2490234375,0.0,0.0,0.0,0.0,0.0,0.0,0.0,0.0,0.0,0.0
260,I,I,I260I,Core,NEGATIVE_CONSENSUS,INVARIABLE,False,False,False,0.7167717,0.19860244442133695,1.0,1.0,1.0,0.0,2009.2490234375,0.0,0.0,0.0,0.0,0.0,0.0,0.0,0.0,0.0,0.0
261,I,I,I261I,Core,NEGATIVE_CONSENSUS,INVARIABLE,False,False,False,0.41026053,0.2609186505464557,1.0,1.0,1.0,0.0,2009.2490234375,0.0,0.0,0.0,0.0,0.0,0.0,0.0,0.0,0.0,0.0
262,A,A,A262A,Core,NEGATIVE_CONSENSUS,INVARIABLE,False,False,False,0.6177493,0.21594245077438262,1.0,1.0,1.0,0.0,2009.2490234375,0.0,0.0,0.0,0.0,0.0,0.0,0.0,0.0,0.0,0.0
263,A,A,A263A,Core,NEGATIVE_CONSENSUS,INVARIABLE,False,False,False,0.15214692,0.34824603463132764,1.0,1.0,1.0,0.0,2009.2490234375,0.0,0.0,0.0,0.0,0.0,0.0,0.0,0.0,0.0,0.0
264,R,R,R264R,Core,NEGATIVE_CONSENSUS,INVARIABLE,False,False,False,0.047289148,0.41392467273385114,1.0,1.0,1.0,0.0,2009.2490234375,0.0,0.0,0.0,0.0,0.0,0.0,0.0,0.0,0.0,0.0
265,N,N,N265N,Core,NEGATIVE_CONSENSUS,INVARIABLE,False,False,False,0.2697167,0.3017609345059,1.0,1.0,1.0,0.0,2009.2490234375,0.0,0.0,0.0,0.0,0.0,0.0,0.0,0.0,0.0,0.0
266,I,I,I266I,Core,NEGATIVE_CONSENSUS,INVARIABLE,False,False,False,1.0355865,0.15442508350662135,1.0,1.0,1.0,0.0,2009.2490234375,0.0,0.0,0.0,0.0,0.0,0.0,0.0,0.0,0.0,0.0
267,V,V,V267V,Core,NEGATIVE_CONSENSUS,INVARIABLE,False,False,False,0.62860656,0.21393344935663655,1.0,1.0,1.0,0.0,2009.2490234375,0.0,0.0,0.0,0.0,0.0,0.0,0.0,0.0,0.0,0.0
268,R,R,R268R,Core,NEGATIVE_CONSENSUS,INVARIABLE,False,False,False,0.047289148,0.41392467273385114,1.0,1.0,1.0,0.0,2009.2490234375,0.0,0.0,0.0,0.0,0.0,0.0,0.0,0.0,0.0,0.0
269,R,R,R269R,Core,NEGATIVE_CONSENSUS,INVARIABLE,False,False,False,0.047289148,0.41392467273385114,1.0,1.0,1.0,0.0,2009.2490234375,0.0,0.0,0.0,0.0,0.0,0.0,0.0,0.0,0.0,0.0
270,A,A,A270A,Core,NEGATIVE_CONSENSUS,INVARIABLE,False,False,False,0.50961536,0.23765270523878462,1.0,1.0,1.0,0.0,2009.2490234375,0.0,0.0,0.0,0.0,0.0,0.0,0.0,0.0,0.0,0.0
271,A,A,A271A,Core,NEGATIVE_CONSENSUS,INVARIABLE,False,False,False,0.50961536,0.23765270523878462,1.0,1.0,1.0,0.0,2009.2490234375,0.0,0.0,0.0,0.0,0.0,0.0,0.0,0.0,0.0,0.0
272,V,V,V272V,Core,NEGATIVE_CONSENSUS,INVARIABLE,False,False,False,0.15838115,0.3453256737119521,1.0,1.0,1.0,0.0,2009.2490234375,0.0,0.0,0.0,0.0,0.0,0.0,0.0,0.0,0.0,0.0
273,S,S,S273S,Core,NEGATIVE_CONSENSUS,INVARIABLE,False,False,False,0.2075632,0.3243420394483918,1.0,1.0,1.0,0.0,2009.2490234375,0.0,0.0,0.0,0.0,0.0,0.0,0.0,0.0,0.0,0.0
274,A,A,A274A,Core,NEGATIVE_CONSENSUS,INVARIABLE,False,False,False,0.50961536,0.23765270523878462,1.0,1.0,1.0,0.0,2009.2490234375,0.0,0.0,0.0,0.0,0.0,0.0,0.0,0.0,0.0,0.0
275,D,D,D275D,Core,NEGATIVE_CONSENSUS,INVARIABLE,False,False,False,2.8818045,0.044792789968923004,1.0,1.0,1.0,0.0,2009.2490234375,0.0,0.0,0.0,0.0,0.0,0.0,0.0,0.0,0.0,0.0
276,P,P,P276P,Core,NEGATIVE_CONSENSUS,INVARIABLE,False,False,False,0.09249291,0.3805157715681833,1.0,1.0,1.0,0.0,2009.2490234375,0.0,0.0,0.0,0.0,0.0,0.0,0.0,0.0,0.0,0.0
277,L,L,L277L,Core,NEGATIVE_CONSENSUS,INVARIABLE,False,False,False,0.10707874,0.37174739037478943,1.0,1.0,1.0,0.0,2009.2490234375,0.0,0.0,0.0,0.0,0.0,0.0,0.0,0.0,0.0,0.0
278,A,A,A278A,Core,NEGATIVE_CONSENSUS,INVARIABLE,False,False,False,0.50961536,0.23765270523878462,1.0,1.0,1.0,0.0,2009.2490234375,0.0,0.0,0.0,0.0,0.0,0.0,0.0,0.0,0.0,0.0
279,S,S,S279S,Core,NEGATIVE_CONSENSUS,INVARIABLE,False,False,False,0.26384795,0.30374440131695446,1.0,1.0,1.0,0.0,2009.2490234375,0.0,0.0,0.0,0.0,0.0,0.0,0.0,0.0,0.0,0.0
280,L,L,L280L,Core,NEGATIVE_CONSENSUS,INVARIABLE,False,False,False,0.17319994,0.3386417205269501,1.0,1.0,1.0,0.0,2009.2490234375,0.0,0.0,0.0,0.0,0.0,0.0,0.0,0.0,0.0,0.0
281,L,L,L281L,Core,NEGATIVE_CONSENSUS,INVARIABLE,False,False,False,0.11684559,0.36624060240780854,1.0,1.0,1.0,0.0,2009.2490234375,0.0,0.0,0.0,0.0,0.0,0.0,0.0,0.0,0.0,0.0
282,E,E,E282E,Core,NEGATIVE_CONSENSUS,INVARIABLE,False,False,False,0.17737707,0.33681854926235366,1.0,1.0,1.0,0.0,2009.2490234375,0.0,0.0,0.0,0.0,0.0,0.0,0.0,0.0,0.0,0.0
283,M,M,M283M,Core,NEGATIVE_CONSENSUS,INVARIABLE,False,False,False,0.04345588,0.4174346170740496,1.0,1.0,1.0,0.0,2009.2490234375,0.0,0.0,0.0,0.0,0.0,0.0,0.0,0.0,0.0,0.0
284,C,C,C284C,Core,NEGATIVE_CONSENSUS,INVARIABLE,False,False,False,0.098847605,0.3766084799559455,1.0,1.0,1.0,0.0,2009.2490234375,0.0,0.0,0.0,0.0,0.0,0.0,0.0,0.0,0.0,0.0
285,H,H,H285H,Core,NEGATIVE_CONSENSUS,INVARIABLE,False,False,False,0.534049,0.23245477158082695,1.0,1.0,1.0,0.0,2009.2490234375,0.0,0.0,0.0,0.0,0.0,0.0,0.0,0.0,0.0,0.0
286,S,S,S286S,Core,NEGATIVE_CONSENSUS,INVARIABLE,False,False,False,2.2541847,0.06662680887127784,1.0,1.0,1.0,0.0,2009.2490234375,0.0,0.0,0.0,0.0,0.0,0.0,0.0,0.0,0.0,0.0
287,T,T,T287T,Core,NEGATIVE_CONSENSUS,INVARIABLE,False,False,False,0.03364685,0.427230012532943,1.0,1.0,1.0,0.0,2009.2490234375,0.0,0.0,0.0,0.0,0.0,0.0,0.0,0.0,0.0,0.0
288,Q,Q,Q288Q,Core,NEGATIVE_CONSENSUS,INVARIABLE,False,False,False,0.14861211,0.3499326088640236,1.0,1.0,1.0,0.0,2009.2490234375,0.0,0.0,0.0,0.0,0.0,0.0,0.0,0.0,0.0,0.0
289,I,I,I289I,Core,NEGATIVE_CONSENSUS,INVARIABLE,False,False,False,0.7167717,0.19860244442133695,1.0,1.0,1.0,0.0,2009.2490234375,0.0,0.0,0.0,0.0,0.0,0.0,0.0,0.0,0.0,0.0
290,G,G,G290G,Core,NEGATIVE_CONSENSUS,INVARIABLE,False,False,False,0.08983235,0.38219519767681476,1.0,1.0,1.0,0.0,2009.2490234375,0.0,0.0,0.0,0.0,0.0,0.0,0.0,0.0,0.0,0.0
291,G,G,G291G,Core,NEGATIVE_CONSENSUS,INVARIABLE,False,False,False,0.08983235,0.38219519767681476,1.0,1.0,1.0,0.0,2009.2490234375,0.0,0.0,0.0,0.0,0.0,0.0,0.0,0.0,0.0,0.0
292,V,V,V292V,Core,NEGATIVE_CONSENSUS,INVARIABLE,False,False,False,0.60705686,0.21794905634298722,1.0,1.0,1.0,0.0,2009.2490234375,0.0,0.0,0.0,0.0,0.0,0.0,0.0,0.0,0.0,0.0
293,R,R,R293R,Core,NEGATIVE_CONSENSUS,INVARIABLE,False,False,False,0.030641211,0.43052162197317745,1.0,1.0,1.0,0.0,2009.2490234375,0.0,0.0,0.0,0.0,0.0,0.0,0.0,0.0,0.0,0.0
294,M,M,M294M,Core,NEGATIVE_CONSENSUS,INVARIABLE,False,False,False,0.04345588,0.4174346170740496,1.0,1.0,1.0,0.0,2009.2490234375,0.0,0.0,0.0,0.0,0.0,0.0,0.0,0.0,0.0,0.0
295,V,V,V295V,Core,NEGATIVE_CONSENSUS,INVARIABLE,False,False,False,0.15838115,0.3453256737119521,1.0,1.0,1.0,0.0,2009.2490234375,0.0,0.0,0.0,0.0,0.0,0.0,0.0,0.0,0.0,0.0
296,D,D,D296D,Core,NEGATIVE_CONSENSUS,INVARIABLE,False,False,False,0.88796264,0.17301500553852645,1.0,1.0,1.0,0.0,2009.2490234375,0.0,0.0,0.0,0.0,0.0,0.0,0.0,0.0,0.0,0.0
297,I,I,I297I,Core,NEGATIVE_CONSENSUS,INVARIABLE,False,False,False,0.41026053,0.2609186505464557,1.0,1.0,1.0,0.0,2009.2490234375,0.0,0.0,0.0,0.0,0.0,0.0,0.0,0.0,0.0,0.0
298,L,L,L298L,Core,NEGATIVE_CONSENSUS,INVARIABLE,False,False,False,0.1403902,0.3539467030420645,1.0,1.0,1.0,0.0,2009.2490234375,0.0,0.0,0.0,0.0,0.0,0.0,0.0,0.0,0.0,0.0
299,R,R,R299R,Core,NEGATIVE_CONSENSUS,INVARIABLE,False,False,False,0.047289148,0.41392467273385114,1.0,1.0,1.0,0.0,2009.2490234375,0.0,0.0,0.0,0.0,0.0,0.0,0.0,0.0,0.0,0.0
300,Q,Q,Q300Q,Core,NEGATIVE_CONSENSUS,INVARIABLE,False,False,False,0.14861211,0.3499326088640236,1.0,1.0,1.0,0.0,2009.2490234375,0.0,0.0,0.0,0.0,0.0,0.0,0.0,0.0,0.0,0.0
301,N,N,N301N,Core,NEGATIVE_CONSENSUS,INVARIABLE,False,False,False,0.14756067,0.3504387265808948,1.0,1.0,1.0,0.0,2009.2490234375,0.0,0.0,0.0,0.0,0.0,0.0,0.0,0.0,0.0,0.0
302,P,P,P302P,Core,NEGATIVE_CONSENSUS,INVARIABLE,False,False,False,0.09249291,0.3805157715681833,1.0,1.0,1.0,0.0,2009.2490234375,0.0,0.0,0.0,0.0,0.0,0.0,0.0,0.0,0.0,0.0
303,T,T,T303T,Core,NEGATIVE_CONSENSUS,INVARIABLE,False,False,False,0.026892863,0.434869336287794,1.0,1.0,1.0,0.0,2009.2490234375,0.0,0.0,0.0,0.0,0.0,0.0,0.0,0.0,0.0,0.0
304,E,E,E304E,Core,NEGATIVE_CONSENSUS,INVARIABLE,False,False,False,0.117439814,0.365913989270966,1.0,1.0,1.0,0.0,2009.2490234375,0.0,0.0,0.0,0.0,0.0,0.0,0.0,0.0,0.0,0.0
305,E,E,E305E,Core,NEGATIVE_CONSENSUS,INVARIABLE,False,False,False,0.17737707,0.33681854926235366,1.0,1.0,1.0,0.0,2009.2490234375,0.0,0.0,0.0,0.0,0.0,0.0,0.0,0.0,0.0,0.0
306,Q,Q,Q306Q,Core,NEGATIVE_CONSENSUS,INVARIABLE,False,False,False,0.1328033,0.35777149996023005,1.0,1.0,1.0,0.0,2009.2490234375,0.0,0.0,0.0,0.0,0.0,0.0,0.0,0.0,0.0,0.0
307,A,A,A307A,Core,NEGATIVE_CONSENSUS,INVARIABLE,False,False,False,1.0132155,0.15706686261615616,1.0,1.0,1.0,0.0,2009.2490234375,0.0,0.0,0.0,0.0,0.0,0.0,0.0,0.0,0.0,0.0
308,V,V,V308V,Core,NEGATIVE_CONSENSUS,INVARIABLE,False,False,False,0.60705686,0.21794905634298722,1.0,1.0,1.0,0.0,2009.2490234375,0.0,0.0,0.0,0.0,0.0,0.0,0.0,0.0,0.0,0.0
309,D,D,D309D,Core,NEGATIVE_CONSENSUS,INVARIABLE,False,False,False,2.8818045,0.044792789968923004,1.0,1.0,1.0,0.0,2009.2490234375,0.0,0.0,0.0,0.0,0.0,0.0,0.0,0.0,0.0,0.0
310,I,I,I310I,Core,NEGATIVE_CONSENSUS,INVARIABLE,False,False,False,1.0355865,0.15442508350662135,1.0,1.0,1.0,0.0,2009.2490234375,0.0,0.0,0.0,0.0,0.0,0.0,0.0,0.0,0.0,0.0
311,C,C,C311C,Core,NEGATIVE_CONSENSUS,INVARIABLE,False,False,False,0.098847605,0.3766084799559455,1.0,1.0,1.0,0.0,2009.2490234375,0.0,0.0,0.0,0.0,0.0,0.0,0.0,0.0,0.0,0.0
312,K,K,K312K,Core,NEGATIVE_CONSENSUS,INVARIABLE,False,False,False,0.2995089,0.2920952302947697,1.0,1.0,1.0,0.0,2009.2490234375,0.0,0.0,0.0,0.0,0.0,0.0,0.0,0.0,0.0,0.0
313,A,A,A313A,Core,NEGATIVE_CONSENSUS,INVARIABLE,False,False,False,0.33261424,0.28206188338833693,1.0,1.0,1.0,0.0,2009.2490234375,0.0,0.0,0.0,0.0,0.0,0.0,0.0,0.0,0.0,0.0
314,A,A,A314A,Core,NEGATIVE_CONSENSUS,INVARIABLE,False,False,False,0.50961536,0.23765270523878462,1.0,1.0,1.0,0.0,2009.2490234375,0.0,0.0,0.0,0.0,0.0,0.0,0.0,0.0,0.0,0.0
315,I,I,I315I,Core,NEGATIVE_CONSENSUS,INVARIABLE,False,False,False,1.0355865,0.15442508350662135,1.0,1.0,1.0,0.0,2009.2490234375,0.0,0.0,0.0,0.0,0.0,0.0,0.0,0.0,0.0,0.0
316,G,G,G316G,Core,NEGATIVE_CONSENSUS,INVARIABLE,False,False,False,0.10198707,0.37472898848367453,1.0,1.0,1.0,0.0,2009.2490234375,0.0,0.0,0.0,0.0,0.0,0.0,0.0,0.0,0.0,0.0
317,L,L,L317L,Core,NEGATIVE_CONSENSUS,INVARIABLE,False,False,False,0.11684559,0.36624060240780854,1.0,1.0,1.0,0.0,2009.2490234375,0.0,0.0,0.0,0.0,0.0,0.0,0.0,0.0,0.0,0.0
318,R,R,R318R,Core,NEGATIVE_CONSENSUS,INVARIABLE,False,False,False,0.026146797,0.43577116494005275,1.0,1.0,1.0,0.0,2009.2490234375,0.0,0.0,0.0,0.0,0.0,0.0,0.0,0.0,0.0,0.0
319,I,I,I319I,Core,NEGATIVE_CONSENSUS,INVARIABLE,False,False,False,0.7167717,0.19860244442133695,1.0,1.0,1.0,0.0,2009.2490234375,0.0,0.0,0.0,0.0,0.0,0.0,0.0,0.0,0.0,0.0
320,S,S,S320S,Core,NEGATIVE_CONSENSUS,INVARIABLE,False,False,False,0.49796218,0.2401984475468799,1.0,1.0,1.0,0.0,2009.2490234375,0.0,0.0,0.0,0.0,0.0,0.0,0.0,0.0,0.0,0.0
321,S,S,S321S,Core,NEGATIVE_CONSENSUS,INVARIABLE,False,False,False,0.2075632,0.3243420394483918,1.0,1.0,1.0,0.0,2009.2490234375,0.0,0.0,0.0,0.0,0.0,0.0,0.0,0.0,0.0,0.0
322,S,S,S322S,Core,NEGATIVE_CONSENSUS,INVARIABLE,False,False,False,0.26384795,0.30374440131695446,1.0,1.0,1.0,0.0,2009.2490234375,0.0,0.0,0.0,0.0,0.0,0.0,0.0,0.0,0.0,0.0
323,F,F,F323F,Core,NEGATIVE_CONSENSUS,INVARIABLE,False,False,False,0.03677015,0.42396688710899644,1.0,1.0,1.0,0.0,2009.2490234375,0.0,0.0,0.0,0.0,0.0,0.0,0.0,0.0,0.0,0.0
324,S,S,S324S,Core,NEGATIVE_CONSENSUS,INVARIABLE,False,False,False,0.5161936,0.23623495187969223,1.0,1.0,1.0,0.0,2009.2490234375,0.0,0.0,0.0,0.0,0.0,0.0,0.0,0.0,0.0,0.0
325,F,F,F325F,Core,NEGATIVE_CONSENSUS,INVARIABLE,False,False,False,0.018768374,0.4455163006796719,1.0,1.0,1.0,0.0,2009.2490234375,0.0,0.0,0.0,0.0,0.0,0.0,0.0,0.0,0.0,0.0
326,G,G,G326G,Core,NEGATIVE_CONSENSUS,INVARIABLE,False,False,False,0.15513371,0.3468384480856218,1.0,1.0,1.0,0.0,2009.2490234375,0.0,0.0,0.0,0.0,0.0,0.0,0.0,0.0,0.0,0.0
327,G,G,G327G,Core,NEGATIVE_CONSENSUS,INVARIABLE,False,False,False,0.10198707,0.37472898848367453,1.0,1.0,1.0,0.0,2009.2490234375,0.0,0.0,0.0,0.0,0.0,0.0,0.0,0.0,0.0,0.0
328,F,F,F328F,Core,NEGATIVE_CONSENSUS,INVARIABLE,False,False,False,0.03677015,0.42396688710899644,1.0,1.0,1.0,0.0,2009.2490234375,0.0,0.0,0.0,0.0,0.0,0.0,0.0,0.0,0.0,0.0
329,T,T,T329T,Core,NEGATIVE_CONSENSUS,INVARIABLE,False,False,False,0.026892863,0.434869336287794,1.0,1.0,1.0,0.0,2009.2490234375,0.0,0.0,0.0,0.0,0.0,0.0,0.0,0.0,0.0,0.0
330,F,F,F330F,Core,NEGATIVE_CONSENSUS,INVARIABLE,False,False,False,0.03677015,0.42396688710899644,1.0,1.0,1.0,0.0,2009.2490234375,0.0,0.0,0.0,0.0,0.0,0.0,0.0,0.0,0.0,0.0
331,K,K,K331K,Core,NEGATIVE_CONSENSUS,INVARIABLE,False,False,False,1.2671006,0.13015565800770462,1.0,1.0,1.0,0.0,2009.2490234375,0.0,0.0,0.0,0.0,0.0,0.0,0.0,0.0,0.0,0.0
332,R,R,R332R,Core,NEGATIVE_CONSENSUS,INVARIABLE,False,False,False,0.026146797,0.43577116494005275,1.0,1.0,1.0,0.0,2009.2490234375,0.0,0.0,0.0,0.0,0.0,0.0,0.0,0.0,0.0,0.0
333,T,T,T333T,Core,NEGATIVE_CONSENSUS,INVARIABLE,False,False,False,0.03364685,0.427230012532943,1.0,1.0,1.0,0.0,2009.2490234375,0.0,0.0,0.0,0.0,0.0,0.0,0.0,0.0,0.0,0.0
334,S,S,S334S,Core,NEGATIVE_CONSENSUS,INVARIABLE,False,False,False,0.49796218,0.2401984475468799,1.0,1.0,1.0,0.0,2009.2490234375,0.0,0.0,0.0,0.0,0.0,0.0,0.0,0.0,0.0,0.0
335,G,G,G335G,Core,NEGATIVE_CONSENSUS,INVARIABLE,False,False,False,0.08983235,0.38219519767681476,1.0,1.0,1.0,0.0,2009.2490234375,0.0,0.0,0.0,0.0,0.0,0.0,0.0,0.0,0.0,0.0
336,S,S,S336S,Core,NEGATIVE_CONSENSUS,INVARIABLE,False,False,False,0.072665714,0.3937471619686891,1.0,1.0,1.0,0.0,2009.2490234375,0.0,0.0,0.0,0.0,0.0,0.0,0.0,0.0,0.0,0.0
337,S,S,S337S,Core,NEGATIVE_CONSENSUS,INVARIABLE,False,False,False,0.2075632,0.3243420394483918,1.0,1.0,1.0,0.0,2009.2490234375,0.0,0.0,0.0,0.0,0.0,0.0,0.0,0.0,0.0,0.0
338,V,V,V338V,Core,NEGATIVE_CONSENSUS,INVARIABLE,False,False,False,0.91231257,0.1697507851367119,1.0,1.0,1.0,0.0,2009.2490234375,0.0,0.0,0.0,0.0,0.0,0.0,0.0,0.0,0.0,0.0
339,K,K,K339K,Core,NEGATIVE_CONSENSUS,INVARIABLE,False,False,False,0.2995089,0.2920952302947697,1.0,1.0,1.0,0.0,2009.2490234375,0.0,0.0,0.0,0.0,0.0,0.0,0.0,0.0,0.0,0.0
340,K,N,K340N,Core,NEGATIVE_CONSENSUS,TEMPORAL_NOISE,False,False,False,0.9139245,0.16953763460090515,0.3517909,0.089108914,0.42981946,0.8429522,2009.7005594544491,0.1639655902787881,2009.6554,2009.7231,0.067730404,0.020636502714911485,0.01397718635948874,0.7554488,-1.284647,-2.358605,0.60280305
341,E,D,E341D,Core,NEGATIVE_CONSENSUS,TEMPORAL_NOISE,False,False,False,0.12340919,0.3626829824374862,0.3852647,0.05940594,0.42981946,0.58577424,2009.587675450212,0.15295213016861045,2009.5538,2009.6102,0.056442004,0.015023472436201469,0.010175458356876249,-6.754018,-1.0309973,1.1030519,0.27865568
342,E,E,E342E,Core,NEGATIVE_CONSENSUS,INVARIABLE,False,False,False,0.18883324,0.33194474181727923,1.0,1.0,1.0,0.0,2009.2490234375,0.0,0.0,0.0,0.0,0.0,0.0,0.0,0.0,0.0,0.0
343,E,E,E343E,Core,NEGATIVE_CONSENSUS,INVARIABLE,False,False,False,0.17737707,0.33681854926235366,1.0,1.0,1.0,0.0,2009.2490234375,0.0,0.0,0.0,0.0,0.0,0.0,0.0,0.0,0.0,0.0
344,V,M,V344M,Core,NEGATIVE_CONSENSUS,TEMPORAL_NOISE,False,False,False,1.3110895,0.12609874367130583,0.3517909,0.8712871,0.904374,0.7219818,2009.3167538400423,0.03567282473957609,2009.249,2009.3619,0.11288401,0.006182937220029713,0.00402974148262956,2.9806046,-3.873233,3.674735,3.3167124
345,L,L,L345L,Core,NEGATIVE_CONSENSUS,INVARIABLE,False,False,False,0.20977953,0.32347013020324433,1.0,1.0,1.0,0.0,2009.2490234375,0.0,0.0,0.0,0.0,0.0,0.0,0.0,0.0,0.0,0.0
346,T,T,T346T,Core,NEGATIVE_CONSENSUS,INVARIABLE,False,False,False,0.09557624,0.37860216358895094,1.0,1.0,1.0,0.0,2009.2490234375,0.0,0.0,0.0,0.0,0.0,0.0,0.0,0.0,0.0,0.0
347,G,G,G347G,Core,NEGATIVE_CONSENSUS,INVARIABLE,False,False,False,0.31973153,0.28588451406953874,1.0,1.0,1.0,0.0,2009.2490234375,0.0,0.0,0.0,0.0,0.0,0.0,0.0,0.0,0.0,0.0
348,N,N,N348N,Core,NEGATIVE_CONSENSUS,INVARIABLE,False,False,False,0.2697167,0.3017609345059,1.0,1.0,1.0,0.0,2009.2490234375,0.0,0.0,0.0,0.0,0.0,0.0,0.0,0.0,0.0,0.0
349,L,L,L349L,Core,NEGATIVE_CONSENSUS,INVARIABLE,False,False,False,0.145127,0.3516181805176486,1.0,1.0,1.0,0.0,2009.2490234375,0.0,0.0,0.0,0.0,0.0,0.0,0.0,0.0,0.0,0.0
350,Q,Q,Q350Q,Core,NEGATIVE_CONSENSUS,INVARIABLE,False,False,False,0.1328033,0.35777149996023005,1.0,1.0,1.0,0.0,2009.2490234375,0.0,0.0,0.0,0.0,0.0,0.0,0.0,0.0,0.0,0.0
351,T,T,T351T,Core,NEGATIVE_CONSENSUS,INVARIABLE,False,False,False,0.03364685,0.427230012532943,1.0,1.0,1.0,0.0,2009.2490234375,0.0,0.0,0.0,0.0,0.0,0.0,0.0,0.0,0.0,0.0
352,L,L,L352L,Core,NEGATIVE_CONSENSUS,INVARIABLE,False,False,False,0.16883706,0.340573713961586,1.0,1.0,1.0,0.0,2009.2490234375,0.0,0.0,0.0,0.0,0.0,0.0,0.0,0.0,0.0,0.0
353,K,R,K353R,Core,NEGATIVE_CONSENSUS,FLAT_NO_SIGNAL,False,False,False,2.162689,0.07069852987597981,0.3517909,1.0,1.0,0.0,2009.2490234375,0.0,0.0,0.0,0.0,0.0,0.0,0.0,0.0,0.0,0.0
354,I,I,I354I,Core,NEGATIVE_CONSENSUS,INVARIABLE,False,False,False,1.0355865,0.15442508350662135,1.0,1.0,1.0,0.0,2009.2490234375,0.0,0.0,0.0,0.0,0.0,0.0,0.0,0.0,0.0,0.0
355,R,R,R355R,Core,NEGATIVE_CONSENSUS,INVARIABLE,False,False,False,0.047289148,0.41392467273385114,1.0,1.0,1.0,0.0,2009.2490234375,0.0,0.0,0.0,0.0,0.0,0.0,0.0,0.0,0.0,0.0
356,V,V,V356V,Core,NEGATIVE_CONSENSUS,INVARIABLE,False,False,False,0.60705686,0.21794905634298722,1.0,1.0,1.0,0.0,2009.2490234375,0.0,0.0,0.0,0.0,0.0,0.0,0.0,0.0,0.0,0.0
357,H,H,H357H,Core,NEGATIVE_CONSENSUS,INVARIABLE,False,False,False,0.18790461,0.3323331716817506,1.0,1.0,1.0,0.0,2009.2490234375,0.0,0.0,0.0,0.0,0.0,0.0,0.0,0.0,0.0,0.0
358,E,E,E358E,Core,NEGATIVE_CONSENSUS,INVARIABLE,False,False,False,0.17737707,0.33681854926235366,1.0,1.0,1.0,0.0,2009.2490234375,0.0,0.0,0.0,0.0,0.0,0.0,0.0,0.0,0.0,0.0
359,G,G,G359G,Core,NEGATIVE_CONSENSUS,INVARIABLE,False,False,False,0.10198707,0.37472898848367453,1.0,1.0,1.0,0.0,2009.2490234375,0.0,0.0,0.0,0.0,0.0,0.0,0.0,0.0,0.0,0.0
360,Y,Y,Y360Y,Core,NEGATIVE_CONSENSUS,INVARIABLE,False,False,False,0.04160279,0.41918940090001205,1.0,1.0,1.0,0.0,2009.2490234375,0.0,0.0,0.0,0.0,0.0,0.0,0.0,0.0,0.0,0.0
361,E,E,E361E,Core,NEGATIVE_CONSENSUS,INVARIABLE,False,False,False,0.17737707,0.33681854926235366,1.0,1.0,1.0,0.0,2009.2490234375,0.0,0.0,0.0,0.0,0.0,0.0,0.0,0.0,0.0,0.0
362,E,E,E362E,Core,NEGATIVE_CONSENSUS,INVARIABLE,False,False,False,0.17737707,0.33681854926235366,1.0,1.0,1.0,0.0,2009.2490234375,0.0,0.0,0.0,0.0,0.0,0.0,0.0,0.0,0.0,0.0
363,F,F,F363F,Core,NEGATIVE_CONSENSUS,INVARIABLE,False,False,False,0.03677015,0.42396688710899644,1.0,1.0,1.0,0.0,2009.2490234375,0.0,0.0,0.0,0.0,0.0,0.0,0.0,0.0,0.0,0.0
364,T,T,T364T,Core,NEGATIVE_CONSENSUS,INVARIABLE,False,False,False,0.03364685,0.427230012532943,1.0,1.0,1.0,0.0,2009.2490234375,0.0,0.0,0.0,0.0,0.0,0.0,0.0,0.0,0.0,0.0
365,M,M,M365M,Core,NEGATIVE_CONSENSUS,INVARIABLE,False,False,False,0.04345588,0.4174346170740496,1.0,1.0,1.0,0.0,2009.2490234375,0.0,0.0,0.0,0.0,0.0,0.0,0.0,0.0,0.0,0.0
366,V,V,V366V,Core,NEGATIVE_CONSENSUS,INVARIABLE,False,False,False,0.27149606,0.3011649827004066,1.0,1.0,1.0,0.0,2009.2490234375,0.0,0.0,0.0,0.0,0.0,0.0,0.0,0.0,0.0,0.0
367,G,G,G367G,Core,NEGATIVE_CONSENSUS,INVARIABLE,False,False,False,0.10198707,0.37472898848367453,1.0,1.0,1.0,0.0,2009.2490234375,0.0,0.0,0.0,0.0,0.0,0.0,0.0,0.0,0.0,0.0
368,R,R,R368R,Core,NEGATIVE_CONSENSUS,INVARIABLE,False,False,False,0.047289148,0.41392467273385114,1.0,1.0,1.0,0.0,2009.2490234375,0.0,0.0,0.0,0.0,0.0,0.0,0.0,0.0,0.0,0.0
369,R,R,R369R,Core,NEGATIVE_CONSENSUS,INVARIABLE,False,False,False,0.04659382,0.41454999222742583,1.0,1.0,1.0,0.0,2009.2490234375,0.0,0.0,0.0,0.0,0.0,0.0,0.0,0.0,0.0,0.0
370,A,A,A370A,Core,NEGATIVE_CONSENSUS,INVARIABLE,False,False,False,0.50961536,0.23765270523878462,1.0,1.0,1.0,0.0,2009.2490234375,0.0,0.0,0.0,0.0,0.0,0.0,0.0,0.0,0.0,0.0
371,T,T,T371T,Core,NEGATIVE_CONSENSUS,INVARIABLE,False,False,False,0.03364685,0.427230012532943,1.0,1.0,1.0,0.0,2009.2490234375,0.0,0.0,0.0,0.0,0.0,0.0,0.0,0.0,0.0,0.0
372,A,A,A372A,Core,NEGATIVE_CONSENSUS,INVARIABLE,False,False,False,0.6177493,0.21594245077438262,1.0,1.0,1.0,0.0,2009.2490234375,0.0,0.0,0.0,0.0,0.0,0.0,0.0,0.0,0.0,0.0
373,I,I,I373I,Core,NEGATIVE_CONSENSUS,INVARIABLE,False,False,False,0.43676838,0.25434317883066326,1.0,1.0,1.0,0.0,2009.2490234375,0.0,0.0,0.0,0.0,0.0,0.0,0.0,0.0,0.0,0.0
374,L,L,L374L,Core,NEGATIVE_CONSENSUS,INVARIABLE,False,False,False,0.17319994,0.3386417205269501,1.0,1.0,1.0,0.0,2009.2490234375,0.0,0.0,0.0,0.0,0.0,0.0,0.0,0.0,0.0,0.0
375,R,R,R375R,Core,NEGATIVE_CONSENSUS,INVARIABLE,False,False,False,0.047289148,0.41392467273385114,1.0,1.0,1.0,0.0,2009.2490234375,0.0,0.0,0.0,0.0,0.0,0.0,0.0,0.0,0.0,0.0
376,K,K,K376K,Core,NEGATIVE_CONSENSUS,INVARIABLE,False,False,False,0.2995089,0.2920952302947697,1.0,1.0,1.0,0.0,2009.2490234375,0.0,0.0,0.0,0.0,0.0,0.0,0.0,0.0,0.0,0.0
377,A,A,A377A,Core,NEGATIVE_CONSENSUS,INVARIABLE,False,False,False,0.50961536,0.23765270523878462,1.0,1.0,1.0,0.0,2009.2490234375,0.0,0.0,0.0,0.0,0.0,0.0,0.0,0.0,0.0,0.0
378,T,T,T378T,Core,NEGATIVE_CONSENSUS,INVARIABLE,False,False,False,0.033261508,0.42764328918344385,1.0,1.0,1.0,0.0,2009.2490234375,0.0,0.0,0.0,0.0,0.0,0.0,0.0,0.0,0.0,0.0
379,R,R,R379R,Core,NEGATIVE_CONSENSUS,INVARIABLE,False,False,False,0.029701075,0.43158512081738454,1.0,1.0,1.0,0.0,2009.2490234375,0.0,0.0,0.0,0.0,0.0,0.0,0.0,0.0,0.0,0.0
380,R,R,R380R,Core,NEGATIVE_CONSENSUS,INVARIABLE,False,False,False,0.047289148,0.41392467273385114,1.0,1.0,1.0,0.0,2009.2490234375,0.0,0.0,0.0,0.0,0.0,0.0,0.0,0.0,0.0,0.0
381,L,L,L381L,Core,NEGATIVE_CONSENSUS,INVARIABLE,False,False,False,0.11684559,0.36624060240780854,1.0,1.0,1.0,0.0,2009.2490234375,0.0,0.0,0.0,0.0,0.0,0.0,0.0,0.0,0.0,0.0
382,I,I,I382I,Core,NEGATIVE_CONSENSUS,INVARIABLE,False,False,False,0.31114122,0.28849036421097995,1.0,1.0,1.0,0.0,2009.2490234375,0.0,0.0,0.0,0.0,0.0,0.0,0.0,0.0,0.0,0.0
383,Q,Q,Q383Q,Core,NEGATIVE_CONSENSUS,INVARIABLE,False,False,False,0.10391797,0.37358881587454984,1.0,1.0,1.0,0.0,2009.2490234375,0.0,0.0,0.0,0.0,0.0,0.0,0.0,0.0,0.0,0.0
384,L,L,L384L,Core,NEGATIVE_CONSENSUS,INVARIABLE,False,False,False,0.07011278,0.3955863218794417,1.0,1.0,1.0,0.0,2009.2490234375,0.0,0.0,0.0,0.0,0.0,0.0,0.0,0.0,0.0,0.0
385,I,I,I385I,Core,NEGATIVE_CONSENSUS,INVARIABLE,False,False,False,1.0355865,0.15442508350662135,1.0,1.0,1.0,0.0,2009.2490234375,0.0,0.0,0.0,0.0,0.0,0.0,0.0,0.0,0.0,0.0
386,V,V,V386V,Core,NEGATIVE_CONSENSUS,INVARIABLE,False,False,False,0.60705686,0.21794905634298722,1.0,1.0,1.0,0.0,2009.2490234375,0.0,0.0,0.0,0.0,0.0,0.0,0.0,0.0,0.0,0.0
387,S,S,S387S,Core,NEGATIVE_CONSENSUS,INVARIABLE,False,False,False,0.49796218,0.2401984475468799,1.0,1.0,1.0,0.0,2009.2490234375,0.0,0.0,0.0,0.0,0.0,0.0,0.0,0.0,0.0,0.0
388,G,G,G388G,Core,NEGATIVE_CONSENSUS,INVARIABLE,False,False,False,0.10198707,0.37472898848367453,1.0,1.0,1.0,0.0,2009.2490234375,0.0,0.0,0.0,0.0,0.0,0.0,0.0,0.0,0.0,0.0
389,R,R,R389R,Core,NEGATIVE_CONSENSUS,INVARIABLE,False,False,False,0.045911714,0.4151681814569457,1.0,1.0,1.0,0.0,2009.2490234375,0.0,0.0,0.0,0.0,0.0,0.0,0.0,0.0,0.0,0.0
390,D,D,D390D,Core,NEGATIVE_CONSENSUS,INVARIABLE,False,False,False,2.8818045,0.044792789968923004,1.0,1.0,1.0,0.0,2009.2490234375,0.0,0.0,0.0,0.0,0.0,0.0,0.0,0.0,0.0,0.0
391,E,E,E391E,Core,NEGATIVE_CONSENSUS,INVARIABLE,False,False,False,0.09971498,0.37608596908684694,1.0,1.0,1.0,0.0,2009.2490234375,0.0,0.0,0.0,0.0,0.0,0.0,0.0,0.0,0.0,0.0
392,Q,Q,Q392Q,Core,NEGATIVE_CONSENSUS,INVARIABLE,False,False,False,0.14861211,0.3499326088640236,1.0,1.0,1.0,0.0,2009.2490234375,0.0,0.0,0.0,0.0,0.0,0.0,0.0,0.0,0.0,0.0
393,S,S,S393S,Core,NEGATIVE_CONSENSUS,INVARIABLE,False,False,False,0.2075632,0.3243420394483918,1.0,1.0,1.0,0.0,2009.2490234375,0.0,0.0,0.0,0.0,0.0,0.0,0.0,0.0,0.0,0.0
394,I,I,I394I,Core,NEGATIVE_CONSENSUS,INVARIABLE,False,False,False,0.7167717,0.19860244442133695,1.0,1.0,1.0,0.0,2009.2490234375,0.0,0.0,0.0,0.0,0.0,0.0,0.0,0.0,0.0,0.0
395,A,A,A395A,Core,NEGATIVE_CONSENSUS,INVARIABLE,False,False,False,0.6177493,0.21594245077438262,1.0,1.0,1.0,0.0,2009.2490234375,0.0,0.0,0.0,0.0,0.0,0.0,0.0,0.0,0.0,0.0
396,E,E,E396E,Core,NEGATIVE_CONSENSUS,INVARIABLE,False,False,False,0.09971498,0.37608596908684694,1.0,1.0,1.0,0.0,2009.2490234375,0.0,0.0,0.0,0.0,0.0,0.0,0.0,0.0,0.0,0.0
397,A,A,A397A,Core,NEGATIVE_CONSENSUS,INVARIABLE,False,False,False,0.50961536,0.23765270523878462,1.0,1.0,1.0,0.0,2009.2490234375,0.0,0.0,0.0,0.0,0.0,0.0,0.0,0.0,0.0,0.0
398,I,I,I398I,Core,NEGATIVE_CONSENSUS,INVARIABLE,False,False,False,1.0355865,0.15442508350662135,1.0,1.0,1.0,0.0,2009.2490234375,0.0,0.0,0.0,0.0,0.0,0.0,0.0,0.0,0.0,0.0
399,I,I,I399I,Core,NEGATIVE_CONSENSUS,INVARIABLE,False,False,False,0.7167717,0.19860244442133695,1.0,1.0,1.0,0.0,2009.2490234375,0.0,0.0,0.0,0.0,0.0,0.0,0.0,0.0,0.0,0.0
400,V,V,V400V,Core,NEGATIVE_CONSENSUS,INVARIABLE,False,False,False,0.27595332,0.29968295153445523,1.0,1.0,1.0,0.0,2009.2490234375,0.0,0.0,0.0,0.0,0.0,0.0,0.0,0.0,0.0,0.0
401,A,A,A401A,Core,NEGATIVE_CONSENSUS,INVARIABLE,False,False,False,0.2179802,0.3202916141351493,1.0,1.0,1.0,0.0,2009.2490234375,0.0,0.0,0.0,0.0,0.0,0.0,0.0,0.0,0.0,0.0
402,M,M,M402M,Core,NEGATIVE_CONSENSUS,INVARIABLE,False,False,False,0.04345588,0.4174346170740496,1.0,1.0,1.0,0.0,2009.2490234375,0.0,0.0,0.0,0.0,0.0,0.0,0.0,0.0,0.0,0.0
403,V,V,V403V,Core,NEGATIVE_CONSENSUS,INVARIABLE,False,False,False,0.60705686,0.21794905634298722,1.0,1.0,1.0,0.0,2009.2490234375,0.0,0.0,0.0,0.0,0.0,0.0,0.0,0.0,0.0,0.0
404,F,F,F404F,Core,NEGATIVE_CONSENSUS,INVARIABLE,False,False,False,0.03677015,0.42396688710899644,1.0,1.0,1.0,0.0,2009.2490234375,0.0,0.0,0.0,0.0,0.0,0.0,0.0,0.0,0.0,0.0
405,S,S,S405S,Core,NEGATIVE_CONSENSUS,INVARIABLE,False,False,False,0.2075632,0.3243420394483918,1.0,1.0,1.0,0.0,2009.2490234375,0.0,0.0,0.0,0.0,0.0,0.0,0.0,0.0,0.0,0.0
406,Q,Q,Q406Q,Core,NEGATIVE_CONSENSUS,INVARIABLE,False,False,False,0.122245826,0.36330568024598875,1.0,1.0,1.0,0.0,2009.2490234375,0.0,0.0,0.0,0.0,0.0,0.0,0.0,0.0,0.0,0.0
407,E,E,E407E,Core,NEGATIVE_CONSENSUS,INVARIABLE,False,False,False,0.09971498,0.37608596908684694,1.0,1.0,1.0,0.0,2009.2490234375,0.0,0.0,0.0,0.0,0.0,0.0,0.0,0.0,0.0,0.0
408,D,D,D408D,Core,NEGATIVE_CONSENSUS,INVARIABLE,False,False,False,0.24172953,0.3114798699800736,1.0,1.0,1.0,0.0,2009.2490234375,0.0,0.0,0.0,0.0,0.0,0.0,0.0,0.0,0.0,0.0
409,C,C,C409C,Core,NEGATIVE_CONSENSUS,INVARIABLE,False,False,False,0.098847605,0.3766084799559455,1.0,1.0,1.0,0.0,2009.2490234375,0.0,0.0,0.0,0.0,0.0,0.0,0.0,0.0,0.0,0.0
410,M,M,M410M,Core,NEGATIVE_CONSENSUS,INVARIABLE,False,False,False,0.04345588,0.4174346170740496,1.0,1.0,1.0,0.0,2009.2490234375,0.0,0.0,0.0,0.0,0.0,0.0,0.0,0.0,0.0,0.0
411,I,I,I411I,Core,NEGATIVE_CONSENSUS,INVARIABLE,False,False,False,0.41026053,0.2609186505464557,1.0,1.0,1.0,0.0,2009.2490234375,0.0,0.0,0.0,0.0,0.0,0.0,0.0,0.0,0.0,0.0
412,K,K,K412K,Core,NEGATIVE_CONSENSUS,INVARIABLE,False,False,False,0.2995089,0.2920952302947697,1.0,1.0,1.0,0.0,2009.2490234375,0.0,0.0,0.0,0.0,0.0,0.0,0.0,0.0,0.0,0.0
413,A,A,A413A,Core,NEGATIVE_CONSENSUS,INVARIABLE,False,False,False,0.50961536,0.23765270523878462,1.0,1.0,1.0,0.0,2009.2490234375,0.0,0.0,0.0,0.0,0.0,0.0,0.0,0.0,0.0,0.0
414,V,V,V414V,Core,NEGATIVE_CONSENSUS,INVARIABLE,False,False,False,0.27149606,0.3011649827004066,1.0,1.0,1.0,0.0,2009.2490234375,0.0,0.0,0.0,0.0,0.0,0.0,0.0,0.0,0.0,0.0
415,R,R,R415R,Core,NEGATIVE_CONSENSUS,INVARIABLE,False,False,False,0.026146797,0.43577116494005275,1.0,1.0,1.0,0.0,2009.2490234375,0.0,0.0,0.0,0.0,0.0,0.0,0.0,0.0,0.0,0.0
416,G,G,G416G,Core,NEGATIVE_CONSENSUS,INVARIABLE,False,False,False,0.046720564,0.41443564592576476,1.0,1.0,1.0,0.0,2009.2490234375,0.0,0.0,0.0,0.0,0.0,0.0,0.0,0.0,0.0,0.0
417,D,D,D417D,Core,NEGATIVE_CONSENSUS,INVARIABLE,False,False,False,0.24172953,0.3114798699800736,1.0,1.0,1.0,0.0,2009.2490234375,0.0,0.0,0.0,0.0,0.0,0.0,0.0,0.0,0.0,0.0
418,L,M,L418M,Core,NEGATIVE_CONSENSUS,TEMPORAL_NOISE,False,False,False,2.717522,0.049625998890162455,0.3517909,0.46534654,0.6680622,0.82163614,2009.7344246557204,0.1096925611947702,2009.6893,2009.7683,0.0790188,0.014053453456799632,0.009518460597399402,0.31061646,-0.62284577,-5.5052342,2.1400843
419,N,N,N419N,Core,NEGATIVE_CONSENSUS,INVARIABLE,False,False,False,0.2697167,0.3017609345059,1.0,1.0,1.0,0.0,2009.2490234375,0.0,0.0,0.0,0.0,0.0,0.0,0.0,0.0,0.0,0.0
420,F,F,F420F,Core,NEGATIVE_CONSENSUS,INVARIABLE,False,False,False,0.061055347,0.4024178149016429,1.0,1.0,1.0,0.0,2009.2490234375,0.0,0.0,0.0,0.0,0.0,0.0,0.0,0.0,0.0,0.0
421,V,V,V421V,Core,NEGATIVE_CONSENSUS,INVARIABLE,False,False,False,0.91231257,0.1697507851367119,1.0,1.0,1.0,0.0,2009.2490234375,0.0,0.0,0.0,0.0,0.0,0.0,0.0,0.0,0.0,0.0
422,N,N,N422N,Core,NEGATIVE_CONSENSUS,INVARIABLE,False,False,False,0.14756067,0.3504387265808948,1.0,1.0,1.0,0.0,2009.2490234375,0.0,0.0,0.0,0.0,0.0,0.0,0.0,0.0,0.0,0.0
423,R,R,R423R,Core,NEGATIVE_CONSENSUS,INVARIABLE,False,False,False,0.026146797,0.43577116494005275,1.0,1.0,1.0,0.0,2009.2490234375,0.0,0.0,0.0,0.0,0.0,0.0,0.0,0.0,0.0,0.0
424,A,A,A424A,Core,NEGATIVE_CONSENSUS,INVARIABLE,False,False,False,0.50961536,0.23765270523878462,1.0,1.0,1.0,0.0,2009.2490234375,0.0,0.0,0.0,0.0,0.0,0.0,0.0,0.0,0.0,0.0
425,N,N,N425N,Core,NEGATIVE_CONSENSUS,INVARIABLE,False,False,False,0.2697167,0.3017609345059,1.0,1.0,1.0,0.0,2009.2490234375,0.0,0.0,0.0,0.0,0.0,0.0,0.0,0.0,0.0,0.0
426,Q,Q,Q426Q,Core,NEGATIVE_CONSENSUS,INVARIABLE,False,False,False,0.14861211,0.3499326088640236,1.0,1.0,1.0,0.0,2009.2490234375,0.0,0.0,0.0,0.0,0.0,0.0,0.0,0.0,0.0,0.0
427,R,R,R427R,Core,NEGATIVE_CONSENSUS,INVARIABLE,False,False,False,0.03523141,0.4255557883149065,1.0,1.0,1.0,0.0,2009.2490234375,0.0,0.0,0.0,0.0,0.0,0.0,0.0,0.0,0.0,0.0
428,L,L,L428L,Core,NEGATIVE_CONSENSUS,INVARIABLE,False,False,False,0.15878537,0.3451386324350256,1.0,1.0,1.0,0.0,2009.2490234375,0.0,0.0,0.0,0.0,0.0,0.0,0.0,0.0,0.0,0.0
429,N,N,N429N,Core,NEGATIVE_CONSENSUS,INVARIABLE,False,False,False,0.1529996,0.347842581013093,1.0,1.0,1.0,0.0,2009.2490234375,0.0,0.0,0.0,0.0,0.0,0.0,0.0,0.0,0.0,0.0
430,P,P,P430P,Core,NEGATIVE_CONSENSUS,INVARIABLE,False,False,False,0.08884909,0.3828227148638398,1.0,1.0,1.0,0.0,2009.2490234375,0.0,0.0,0.0,0.0,0.0,0.0,0.0,0.0,0.0,0.0
431,M,M,M431M,Core,NEGATIVE_CONSENSUS,INVARIABLE,False,False,False,0.04345588,0.4174346170740496,1.0,1.0,1.0,0.0,2009.2490234375,0.0,0.0,0.0,0.0,0.0,0.0,0.0,0.0,0.0,0.0
432,H,H,H432H,Core,NEGATIVE_CONSENSUS,INVARIABLE,False,False,False,0.20335476,0.3260132490329696,1.0,1.0,1.0,0.0,2009.2490234375,0.0,0.0,0.0,0.0,0.0,0.0,0.0,0.0,0.0,0.0
433,Q,Q,Q433Q,Core,NEGATIVE_CONSENSUS,INVARIABLE,False,False,False,0.1328033,0.35777149996023005,1.0,1.0,1.0,0.0,2009.2490234375,0.0,0.0,0.0,0.0,0.0,0.0,0.0,0.0,0.0,0.0
434,L,L,L434L,Core,NEGATIVE_CONSENSUS,INVARIABLE,False,False,False,0.17319994,0.3386417205269501,1.0,1.0,1.0,0.0,2009.2490234375,0.0,0.0,0.0,0.0,0.0,0.0,0.0,0.0,0.0,0.0
435,L,L,L435L,Core,NEGATIVE_CONSENSUS,INVARIABLE,False,False,False,0.11684559,0.36624060240780854,1.0,1.0,1.0,0.0,2009.2490234375,0.0,0.0,0.0,0.0,0.0,0.0,0.0,0.0,0.0,0.0
436,R,R,R436R,Core,NEGATIVE_CONSENSUS,INVARIABLE,False,False,False,0.026146797,0.43577116494005275,1.0,1.0,1.0,0.0,2009.2490234375,0.0,0.0,0.0,0.0,0.0,0.0,0.0,0.0,0.0,0.0
437,H,H,H437H,Core,NEGATIVE_CONSENSUS,INVARIABLE,False,False,False,0.18790461,0.3323331716817506,1.0,1.0,1.0,0.0,2009.2490234375,0.0,0.0,0.0,0.0,0.0,0.0,0.0,0.0,0.0,0.0
438,F,F,F438F,Core,NEGATIVE_CONSENSUS,INVARIABLE,False,False,False,0.03677015,0.42396688710899644,1.0,1.0,1.0,0.0,2009.2490234375,0.0,0.0,0.0,0.0,0.0,0.0,0.0,0.0,0.0,0.0
439,Q,Q,Q439Q,Core,NEGATIVE_CONSENSUS,INVARIABLE,False,False,False,0.1328033,0.35777149996023005,1.0,1.0,1.0,0.0,2009.2490234375,0.0,0.0,0.0,0.0,0.0,0.0,0.0,0.0,0.0,0.0
440,K,K,K440K,Core,NEGATIVE_CONSENSUS,INVARIABLE,False,False,False,1.2671006,0.13015565800770462,1.0,1.0,1.0,0.0,2009.2490234375,0.0,0.0,0.0,0.0,0.0,0.0,0.0,0.0,0.0,0.0
441,D,D,D441D,Core,NEGATIVE_CONSENSUS,INVARIABLE,False,False,False,0.24172953,0.3114798699800736,1.0,1.0,1.0,0.0,2009.2490234375,0.0,0.0,0.0,0.0,0.0,0.0,0.0,0.0,0.0,0.0
442,A,A,A442A,Core,NEGATIVE_CONSENSUS,INVARIABLE,False,False,False,0.50961536,0.23765270523878462,1.0,1.0,1.0,0.0,2009.2490234375,0.0,0.0,0.0,0.0,0.0,0.0,0.0,0.0,0.0,0.0
443,K,K,K443K,Core,NEGATIVE_CONSENSUS,INVARIABLE,False,False,False,2.131026,0.07217205397199694,1.0,1.0,1.0,0.0,2009.2490234375,0.0,0.0,0.0,0.0,0.0,0.0,0.0,0.0,0.0,0.0
444,V,V,V444V,Core,NEGATIVE_CONSENSUS,INVARIABLE,False,False,False,0.15838115,0.3453256737119521,1.0,1.0,1.0,0.0,2009.2490234375,0.0,0.0,0.0,0.0,0.0,0.0,0.0,0.0,0.0,0.0
445,L,L,L445L,Core,NEGATIVE_CONSENSUS,INVARIABLE,False,False,False,0.1403902,0.3539467030420645,1.0,1.0,1.0,0.0,2009.2490234375,0.0,0.0,0.0,0.0,0.0,0.0,0.0,0.0,0.0,0.0
446,F,F,F446F,Core,NEGATIVE_CONSENSUS,INVARIABLE,False,False,False,0.03677015,0.42396688710899644,1.0,1.0,1.0,0.0,2009.2490234375,0.0,0.0,0.0,0.0,0.0,0.0,0.0,0.0,0.0,0.0
447,Q,Q,Q447Q,Core,NEGATIVE_CONSENSUS,INVARIABLE,False,False,False,0.14861211,0.3499326088640236,1.0,1.0,1.0,0.0,2009.2490234375,0.0,0.0,0.0,0.0,0.0,0.0,0.0,0.0,0.0,0.0
448,N,N,N448N,Core,NEGATIVE_CONSENSUS,INVARIABLE,False,False,False,0.2697167,0.3017609345059,1.0,1.0,1.0,0.0,2009.2490234375,0.0,0.0,0.0,0.0,0.0,0.0,0.0,0.0,0.0,0.0
449,W,W,W449W,Core,NEGATIVE_CONSENSUS,INVARIABLE,False,False,False,0.14326186,0.3525297858631183,1.0,1.0,1.0,0.0,2009.2490234375,0.0,0.0,0.0,0.0,0.0,0.0,0.0,0.0,0.0,0.0
450,G,G,G450G,Core,NEGATIVE_CONSENSUS,INVARIABLE,False,False,False,0.08983235,0.38219519767681476,1.0,1.0,1.0,0.0,2009.2490234375,0.0,0.0,0.0,0.0,0.0,0.0,0.0,0.0,0.0,0.0
451,I,I,I451I,Core,NEGATIVE_CONSENSUS,INVARIABLE,False,False,False,0.7167717,0.19860244442133695,1.0,1.0,1.0,0.0,2009.2490234375,0.0,0.0,0.0,0.0,0.0,0.0,0.0,0.0,0.0,0.0
452,E,E,E452E,Core,NEGATIVE_CONSENSUS,INVARIABLE,False,False,False,0.17737707,0.33681854926235366,1.0,1.0,1.0,0.0,2009.2490234375,0.0,0.0,0.0,0.0,0.0,0.0,0.0,0.0,0.0,0.0
453,S,S,S453S,Core,NEGATIVE_CONSENSUS,INVARIABLE,False,False,False,0.48222643,0.24370778088239314,1.0,1.0,1.0,0.0,2009.2490234375,0.0,0.0,0.0,0.0,0.0,0.0,0.0,0.0,0.0,0.0
454,I,I,I454I,Core,NEGATIVE_CONSENSUS,INVARIABLE,False,False,False,0.41026053,0.2609186505464557,1.0,1.0,1.0,0.0,2009.2490234375,0.0,0.0,0.0,0.0,0.0,0.0,0.0,0.0,0.0,0.0
455,D,E,D455E,Core,NEGATIVE_CONSENSUS,TEMPORAL_NOISE,False,False,False,4.207801,0.020119235869955527,0.3517909,0.43564355,0.6669024,0.4723344,2009.4070610434321,0.030823615986920398,2009.3619,2009.4409,0.0790188,0.004097348269399793,0.002773532331726604,2.1555283,-1.9746933,1.4894253,-0.7884889
456,N,N,N456N,Core,NEGATIVE_CONSENSUS,INVARIABLE,False,False,False,0.14756067,0.3504387265808948,1.0,1.0,1.0,0.0,2009.2490234375,0.0,0.0,0.0,0.0,0.0,0.0,0.0,0.0,0.0,0.0
457,V,V,V457V,Core,NEGATIVE_CONSENSUS,INVARIABLE,False,False,False,0.15838115,0.3453256737119521,1.0,1.0,1.0,0.0,2009.2490234375,0.0,0.0,0.0,0.0,0.0,0.0,0.0,0.0,0.0,0.0
458,M,M,M458M,Core,NEGATIVE_CONSENSUS,INVARIABLE,False,False,False,0.04345588,0.4174346170740496,1.0,1.0,1.0,0.0,2009.2490234375,0.0,0.0,0.0,0.0,0.0,0.0,0.0,0.0,0.0,0.0
459,G,G,G459G,Core,NEGATIVE_CONSENSUS,INVARIABLE,False,False,False,0.08983235,0.38219519767681476,1.0,1.0,1.0,0.0,2009.2490234375,0.0,0.0,0.0,0.0,0.0,0.0,0.0,0.0,0.0,0.0
460,M,M,M460M,Core,NEGATIVE_CONSENSUS,INVARIABLE,False,False,False,0.04345588,0.4174346170740496,1.0,1.0,1.0,0.0,2009.2490234375,0.0,0.0,0.0,0.0,0.0,0.0,0.0,0.0,0.0,0.0
461,I,V,I461V,Core,NEGATIVE_CONSENSUS,TEMPORAL_NOISE,False,False,False,0.26942083,0.30186027379835845,0.36189717,0.20792079,0.5809792,0.88540363,2009.6102522510594,0.039996171409320005,2009.5764,2009.6667,0.090307206,0.006204684402532786,0.004202457722318082,-3.3604658,-1.3605748,-0.20147766,-0.2165035
462,G,G,G462G,Core,NEGATIVE_CONSENSUS,INVARIABLE,False,False,False,0.08983235,0.38219519767681476,1.0,1.0,1.0,0.0,2009.2490234375,0.0,0.0,0.0,0.0,0.0,0.0,0.0,0.0,0.0,0.0
463,I,I,I463I,Core,NEGATIVE_CONSENSUS,INVARIABLE,False,False,False,1.0355865,0.15442508350662135,1.0,1.0,1.0,0.0,2009.2490234375,0.0,0.0,0.0,0.0,0.0,0.0,0.0,0.0,0.0,0.0
464,L,M,L464M,Core,NEGATIVE_CONSENSUS,TEMPORAL_NOISE,False,False,False,3.5249407,0.03022599332737737,0.3517909,0.0990099,0.44284427,0.6311197,2009.8811738612287,0.1582487259868609,2009.8247,2009.915,0.090307206,0.024075496458229782,0.015555933765491447,0.7812599,7.3847766,1.6869615,1.2570695
465,P,P,P465P,Core,NEGATIVE_CONSENSUS,INVARIABLE,False,False,False,0.13949645,0.35439106371219375,1.0,1.0,1.0,0.0,2009.2490234375,0.0,0.0,0.0,0.0,0.0,0.0,0.0,0.0,0.0,0.0
466,D,D,D466D,Core,NEGATIVE_CONSENSUS,INVARIABLE,False,False,False,2.8818045,0.044792789968923004,1.0,1.0,1.0,0.0,2009.2490234375,0.0,0.0,0.0,0.0,0.0,0.0,0.0,0.0,0.0,0.0
467,M,M,M467M,Core,NEGATIVE_CONSENSUS,INVARIABLE,False,False,False,0.04345588,0.4174346170740496,1.0,1.0,1.0,0.0,2009.2490234375,0.0,0.0,0.0,0.0,0.0,0.0,0.0,0.0,0.0,0.0
468,T,T,T468T,Core,NEGATIVE_CONSENSUS,INVARIABLE,False,False,False,0.021940991,0.44112209238759037,1.0,1.0,1.0,0.0,2009.2490234375,0.0,0.0,0.0,0.0,0.0,0.0,0.0,0.0,0.0,0.0
469,P,P,P469P,Core,NEGATIVE_CONSENSUS,INVARIABLE,False,False,False,0.09249291,0.3805157715681833,1.0,1.0,1.0,0.0,2009.2490234375,0.0,0.0,0.0,0.0,0.0,0.0,0.0,0.0,0.0,0.0
470,S,S,S470S,Core,NEGATIVE_CONSENSUS,INVARIABLE,False,False,False,0.49796218,0.2401984475468799,1.0,1.0,1.0,0.0,2009.2490234375,0.0,0.0,0.0,0.0,0.0,0.0,0.0,0.0,0.0,0.0
471,T,M,T471M,Core,NEGATIVE_CONSENSUS,TEMPORAL_NOISE,False,False,False,0.859587,0.1769271443245486,0.3517909,0.64356434,0.77227724,0.82293534,2009.373195842161,0.0453909729539687,2009.3168,2009.3958,0.0790188,0.006433648207203781,0.004335084265410013,2.6373813,-3.086621,2.7746072,1.9047525
472,E,E,E472E,Core,NEGATIVE_CONSENSUS,INVARIABLE,False,False,False,0.09971498,0.37608596908684694,1.0,1.0,1.0,0.0,2009.2490234375,0.0,0.0,0.0,0.0,0.0,0.0,0.0,0.0,0.0,0.0
473,M,M,M473M,Core,NEGATIVE_CONSENSUS,INVARIABLE,False,False,False,0.04345588,0.4174346170740496,1.0,1.0,1.0,0.0,2009.2490234375,0.0,0.0,0.0,0.0,0.0,0.0,0.0,0.0,0.0,0.0
474,S,S,S474S,Core,NEGATIVE_CONSENSUS,INVARIABLE,False,False,False,0.28062758,0.29814508717257127,1.0,1.0,1.0,0.0,2009.2490234375,0.0,0.0,0.0,0.0,0.0,0.0,0.0,0.0,0.0,0.0
475,L,L,L475L,Core,NEGATIVE_CONSENSUS,INVARIABLE,False,False,False,0.15878537,0.3451386324350256,1.0,1.0,1.0,0.0,2009.2490234375,0.0,0.0,0.0,0.0,0.0,0.0,0.0,0.0,0.0,0.0
476,R,R,R476R,Core,NEGATIVE_CONSENSUS,INVARIABLE,False,False,False,0.047289148,0.41392467273385114,1.0,1.0,1.0,0.0,2009.2490234375,0.0,0.0,0.0,0.0,0.0,0.0,0.0,0.0,0.0,0.0
477,G,G,G477G,Core,NEGATIVE_CONSENSUS,INVARIABLE,False,False,False,0.10198707,0.37472898848367453,1.0,1.0,1.0,0.0,2009.2490234375,0.0,0.0,0.0,0.0,0.0,0.0,0.0,0.0,0.0,0.0
478,I,I,I478I,Core,NEGATIVE_CONSENSUS,INVARIABLE,False,False,False,1.0355865,0.15442508350662135,1.0,1.0,1.0,0.0,2009.2490234375,0.0,0.0,0.0,0.0,0.0,0.0,0.0,0.0,0.0,0.0
479,R,K,R479K,Core,NEGATIVE_CONSENSUS,TEMPORAL_NOISE,False,False,False,0.23704529,0.3131741778684243,0.36189717,0.45544556,0.6669024,0.7839902,2009.7570014565679,0.12289534834577093,2009.7231,2009.7909,0.067730404,0.016163630067760646,0.010947691710353626,0.028194191,0.18511505,-6.8268456,2.8018985
480,V,I,V480I,Core,NEGATIVE_CONSENSUS,TEMPORAL_NOISE,False,False,False,0.6658252,0.2072554670279435,0.3517909,0.55445546,0.72686744,0.84172577,2009.3393306408898,0.08663271894402505,2009.2828,2009.3732,0.090307206,0.012892309165774985,0.008601728589527728,2.8544943,-3.5950816,3.3614845,2.8753023
481,S,S,S481S,Core,NEGATIVE_CONSENSUS,INVARIABLE,False,False,False,0.49796218,0.2401984475468799,1.0,1.0,1.0,0.0,2009.2490234375,0.0,0.0,0.0,0.0,0.0,0.0,0.0,0.0,0.0,0.0
482,K,R,K482R,Core,NEGATIVE_CONSENSUS,TEMPORAL_NOISE,False,False,False,1.9336789,0.08217825994454399,0.3517909,0.17821783,0.57686293,0.9184373,2009.4973682468221,0.06996945606012162,2009.4523,2009.5312,0.0790188,0.009424493221732421,0.006383244325452564,0.16317254,-0.7678571,-0.32156882,-7.107177
483,M,M,M483M,Core,NEGATIVE_CONSENSUS,INVARIABLE,False,False,False,0.04345588,0.4174346170740496,1.0,1.0,1.0,0.0,2009.2490234375,0.0,0.0,0.0,0.0,0.0,0.0,0.0,0.0,0.0,0.0
484,G,G,G484G,Core,NEGATIVE_CONSENSUS,INVARIABLE,False,False,False,0.08983235,0.38219519767681476,1.0,1.0,1.0,0.0,2009.2490234375,0.0,0.0,0.0,0.0,0.0,0.0,0.0,0.0,0.0,0.0
485,V,V,V485V,Core,NEGATIVE_CONSENSUS,INVARIABLE,False,False,False,0.60705686,0.21794905634298722,1.0,1.0,1.0,0.0,2009.2490234375,0.0,0.0,0.0,0.0,0.0,0.0,0.0,0.0,0.0,0.0
486,D,D,D486D,Core,NEGATIVE_CONSENSUS,INVARIABLE,False,False,False,0.24172953,0.3114798699800736,1.0,1.0,1.0,0.0,2009.2490234375,0.0,0.0,0.0,0.0,0.0,0.0,0.0,0.0,0.0,0.0
487,E,E,E487E,Core,NEGATIVE_CONSENSUS,INVARIABLE,False,False,False,0.17737707,0.33681854926235366,1.0,1.0,1.0,0.0,2009.2490234375,0.0,0.0,0.0,0.0,0.0,0.0,0.0,0.0,0.0,0.0
488,Y,Y,Y488Y,Core,NEGATIVE_CONSENSUS,INVARIABLE,False,False,False,0.08357149,0.38625726840274144,1.0,1.0,1.0,0.0,2009.2490234375,0.0,0.0,0.0,0.0,0.0,0.0,0.0,0.0,0.0,0.0
489,S,S,S489S,Core,NEGATIVE_CONSENSUS,INVARIABLE,False,False,False,0.48222643,0.24370778088239314,1.0,1.0,1.0,0.0,2009.2490234375,0.0,0.0,0.0,0.0,0.0,0.0,0.0,0.0,0.0,0.0
490,S,S,S490S,Core,NEGATIVE_CONSENSUS,INVARIABLE,False,False,False,0.49796218,0.2401984475468799,1.0,1.0,1.0,0.0,2009.2490234375,0.0,0.0,0.0,0.0,0.0,0.0,0.0,0.0,0.0,0.0
491,T,T,T491T,Core,NEGATIVE_CONSENSUS,INVARIABLE,False,False,False,0.082995705,0.3866390184146743,1.0,1.0,1.0,0.0,2009.2490234375,0.0,0.0,0.0,0.0,0.0,0.0,0.0,0.0,0.0,0.0
492,E,E,E492E,Core,NEGATIVE_CONSENSUS,INVARIABLE,False,False,False,0.09971498,0.37608596908684694,1.0,1.0,1.0,0.0,2009.2490234375,0.0,0.0,0.0,0.0,0.0,0.0,0.0,0.0,0.0,0.0
493,R,R,R493R,Core,NEGATIVE_CONSENSUS,INVARIABLE,False,False,False,0.047289148,0.41392467273385114,1.0,1.0,1.0,0.0,2009.2490234375,0.0,0.0,0.0,0.0,0.0,0.0,0.0,0.0,0.0,0.0
494,V,V,V494V,Core,NEGATIVE_CONSENSUS,INVARIABLE,False,False,False,0.15838115,0.3453256737119521,1.0,1.0,1.0,0.0,2009.2490234375,0.0,0.0,0.0,0.0,0.0,0.0,0.0,0.0,0.0,0.0
495,V,V,V495V,Core,NEGATIVE_CONSENSUS,INVARIABLE,False,False,False,0.60705686,0.21794905634298722,1.0,1.0,1.0,0.0,2009.2490234375,0.0,0.0,0.0,0.0,0.0,0.0,0.0,0.0,0.0,0.0
496,V,V,V496V,Core,NEGATIVE_CONSENSUS,INVARIABLE,False,False,False,0.15838115,0.3453256737119521,1.0,1.0,1.0,0.0,2009.2490234375,0.0,0.0,0.0,0.0,0.0,0.0,0.0,0.0,0.0,0.0
497,S,S,S497S,Core,NEGATIVE_CONSENSUS,INVARIABLE,False,False,False,0.54545563,0.23009024377927745,1.0,1.0,1.0,0.0,2009.2490234375,0.0,0.0,0.0,0.0,0.0,0.0,0.0,0.0,0.0,0.0
498,I,I,I498I,Core,NEGATIVE_CONSENSUS,INVARIABLE,False,False,False,0.7167717,0.19860244442133695,1.0,1.0,1.0,0.0,2009.2490234375,0.0,0.0,0.0,0.0,0.0,0.0,0.0,0.0,0.0,0.0
499,D,D,D499D,Core,NEGATIVE_CONSENSUS,INVARIABLE,False,False,False,2.8818045,0.044792789968923004,1.0,1.0,1.0,0.0,2009.2490234375,0.0,0.0,0.0,0.0,0.0,0.0,0.0,0.0,0.0,0.0
500,R,R,R500R,Core,NEGATIVE_CONSENSUS,INVARIABLE,False,False,False,0.03523141,0.4255557883149065,1.0,1.0,1.0,0.0,2009.2490234375,0.0,0.0,0.0,0.0,0.0,0.0,0.0,0.0,0.0,0.0
501,F,F,F501F,Core,NEGATIVE_CONSENSUS,INVARIABLE,False,False,False,0.061055347,0.4024178149016429,1.0,1.0,1.0,0.0,2009.2490234375,0.0,0.0,0.0,0.0,0.0,0.0,0.0,0.0,0.0,0.0
502,L,L,L502L,Core,NEGATIVE_CONSENSUS,INVARIABLE,False,False,False,0.28021458,0.2982803046346809,1.0,1.0,1.0,0.0,2009.2490234375,0.0,0.0,0.0,0.0,0.0,0.0,0.0,0.0,0.0,0.0
503,R,R,R503R,Core,NEGATIVE_CONSENSUS,INVARIABLE,False,False,False,0.030176558,0.43104511289881864,1.0,1.0,1.0,0.0,2009.2490234375,0.0,0.0,0.0,0.0,0.0,0.0,0.0,0.0,0.0,0.0
504,V,V,V504V,Core,NEGATIVE_CONSENSUS,INVARIABLE,False,False,False,0.27149606,0.3011649827004066,1.0,1.0,1.0,0.0,2009.2490234375,0.0,0.0,0.0,0.0,0.0,0.0,0.0,0.0,0.0,0.0
505,R,R,R505R,Core,NEGATIVE_CONSENSUS,INVARIABLE,False,False,False,0.047289148,0.41392467273385114,1.0,1.0,1.0,0.0,2009.2490234375,0.0,0.0,0.0,0.0,0.0,0.0,0.0,0.0,0.0,0.0
506,D,D,D506D,Core,NEGATIVE_CONSENSUS,INVARIABLE,False,False,False,0.24172953,0.3114798699800736,1.0,1.0,1.0,0.0,2009.2490234375,0.0,0.0,0.0,0.0,0.0,0.0,0.0,0.0,0.0,0.0
507,Q,Q,Q507Q,Core,NEGATIVE_CONSENSUS,INVARIABLE,False,False,False,0.1328033,0.35777149996023005,1.0,1.0,1.0,0.0,2009.2490234375,0.0,0.0,0.0,0.0,0.0,0.0,0.0,0.0,0.0,0.0
508,R,R,R508R,Core,NEGATIVE_CONSENSUS,INVARIABLE,False,False,False,0.047289148,0.41392467273385114,1.0,1.0,1.0,0.0,2009.2490234375,0.0,0.0,0.0,0.0,0.0,0.0,0.0,0.0,0.0,0.0
509,G,G,G509G,Core,NEGATIVE_CONSENSUS,INVARIABLE,False,False,False,0.10198707,0.37472898848367453,1.0,1.0,1.0,0.0,2009.2490234375,0.0,0.0,0.0,0.0,0.0,0.0,0.0,0.0,0.0,0.0
510,N,N,N510N,Core,NEGATIVE_CONSENSUS,INVARIABLE,False,False,False,0.16172925,0.34378470324277016,1.0,1.0,1.0,0.0,2009.2490234375,0.0,0.0,0.0,0.0,0.0,0.0,0.0,0.0,0.0,0.0
511,V,V,V511V,Core,NEGATIVE_CONSENSUS,INVARIABLE,False,False,False,0.60705686,0.21794905634298722,1.0,1.0,1.0,0.0,2009.2490234375,0.0,0.0,0.0,0.0,0.0,0.0,0.0,0.0,0.0,0.0
512,L,L,L512L,Core,NEGATIVE_CONSENSUS,INVARIABLE,False,False,False,0.06293619,0.4009569784546881,1.0,1.0,1.0,0.0,2009.2490234375,0.0,0.0,0.0,0.0,0.0,0.0,0.0,0.0,0.0,0.0
513,L,L,L513L,Core,NEGATIVE_CONSENSUS,INVARIABLE,False,False,False,0.12124437,0.36384438412687403,1.0,1.0,1.0,0.0,2009.2490234375,0.0,0.0,0.0,0.0,0.0,0.0,0.0,0.0,0.0,0.0
514,S,S,S514S,Core,NEGATIVE_CONSENSUS,INVARIABLE,False,False,False,0.26384795,0.30374440131695446,1.0,1.0,1.0,0.0,2009.2490234375,0.0,0.0,0.0,0.0,0.0,0.0,0.0,0.0,0.0,0.0
515,P,P,P515P,Core,NEGATIVE_CONSENSUS,INVARIABLE,False,False,False,0.09605804,0.3783062134700538,1.0,1.0,1.0,0.0,2009.2490234375,0.0,0.0,0.0,0.0,0.0,0.0,0.0,0.0,0.0,0.0
516,E,E,E516E,Core,NEGATIVE_CONSENSUS,INVARIABLE,False,False,False,0.17737707,0.33681854926235366,1.0,1.0,1.0,0.0,2009.2490234375,0.0,0.0,0.0,0.0,0.0,0.0,0.0,0.0,0.0,0.0
517,E,E,E517E,Core,NEGATIVE_CONSENSUS,INVARIABLE,False,False,False,0.17737707,0.33681854926235366,1.0,1.0,1.0,0.0,2009.2490234375,0.0,0.0,0.0,0.0,0.0,0.0,0.0,0.0,0.0,0.0
518,V,I,V518I,Core,NEGATIVE_CONSENSUS,TEMPORAL_NOISE,False,False,False,0.6710652,0.20634023613858837,0.3517909,0.089108914,0.42981946,0.8774996,2009.7682898569915,0.14824254562607053,2009.7006,2009.8021,0.1015956,0.025294934694024933,0.017132361091093756,0.19032314,0.31050646,-6.9468026,2.8304603
519,S,S,S519S,Core,NEGATIVE_CONSENSUS,INVARIABLE,False,False,False,0.5161936,0.23623495187969223,1.0,1.0,1.0,0.0,2009.2490234375,0.0,0.0,0.0,0.0,0.0,0.0,0.0,0.0,0.0,0.0
520,E,E,E520E,Core,NEGATIVE_CONSENSUS,INVARIABLE,False,False,False,0.17737707,0.33681854926235366,1.0,1.0,1.0,0.0,2009.2490234375,0.0,0.0,0.0,0.0,0.0,0.0,0.0,0.0,0.0,0.0
521,T,T,T521T,Core,NEGATIVE_CONSENSUS,INVARIABLE,False,False,False,0.082995705,0.3866390184146743,1.0,1.0,1.0,0.0,2009.2490234375,0.0,0.0,0.0,0.0,0.0,0.0,0.0,0.0,0.0,0.0
522,Q,Q,Q522Q,Core,NEGATIVE_CONSENSUS,INVARIABLE,False,False,False,0.12344214,0.3626653917487195,1.0,1.0,1.0,0.0,2009.2490234375,0.0,0.0,0.0,0.0,0.0,0.0,0.0,0.0,0.0,0.0
523,G,G,G523G,Core,NEGATIVE_CONSENSUS,INVARIABLE,False,False,False,0.06431699,0.3998992303766897,1.0,1.0,1.0,0.0,2009.2490234375,0.0,0.0,0.0,0.0,0.0,0.0,0.0,0.0,0.0,0.0
524,T,T,T524T,Core,NEGATIVE_CONSENSUS,INVARIABLE,False,False,False,0.026892863,0.434869336287794,1.0,1.0,1.0,0.0,2009.2490234375,0.0,0.0,0.0,0.0,0.0,0.0,0.0,0.0,0.0,0.0
525,E,E,E525E,Core,NEGATIVE_CONSENSUS,INVARIABLE,False,False,False,0.09971498,0.37608596908684694,1.0,1.0,1.0,0.0,2009.2490234375,0.0,0.0,0.0,0.0,0.0,0.0,0.0,0.0,0.0,0.0
526,K,R,K526R,Core,NEGATIVE_CONSENSUS,TEMPORAL_NOISE,False,False,False,1.7508634,0.09288411182090847,0.3517909,0.96039605,0.964316,0.7762173,2009.4747914459747,0.02683164962671368,2009.4409,2009.4973,0.056442004,0.0025427958087985473,0.001722245837131917,0.710732,-0.3979285,-0.522581,-6.360962
527,L,L,L527L,Core,NEGATIVE_CONSENSUS,INVARIABLE,False,False,False,0.11684559,0.36624060240780854,1.0,1.0,1.0,0.0,2009.2490234375,0.0,0.0,0.0,0.0,0.0,0.0,0.0,0.0,0.0,0.0
528,T,T,T528T,Core,NEGATIVE_CONSENSUS,INVARIABLE,False,False,False,0.03364685,0.427230012532943,1.0,1.0,1.0,0.0,2009.2490234375,0.0,0.0,0.0,0.0,0.0,0.0,0.0,0.0,0.0,0.0
529,I,I,I529I,Core,NEGATIVE_CONSENSUS,INVARIABLE,False,False,False,1.0355865,0.15442508350662135,1.0,1.0,1.0,0.0,2009.2490234375,0.0,0.0,0.0,0.0,0.0,0.0,0.0,0.0,0.0,0.0
530,T,T,T530T,Core,NEGATIVE_CONSENSUS,INVARIABLE,False,False,False,0.026892863,0.434869336287794,1.0,1.0,1.0,0.0,2009.2490234375,0.0,0.0,0.0,0.0,0.0,0.0,0.0,0.0,0.0,0.0
531,Y,Y,Y531Y,Core,NEGATIVE_CONSENSUS,INVARIABLE,False,False,False,0.04160279,0.41918940090001205,1.0,1.0,1.0,0.0,2009.2490234375,0.0,0.0,0.0,0.0,0.0,0.0,0.0,0.0,0.0,0.0
532,S,S,S532S,Core,NEGATIVE_CONSENSUS,INVARIABLE,False,False,False,0.28062758,0.29814508717257127,1.0,1.0,1.0,0.0,2009.2490234375,0.0,0.0,0.0,0.0,0.0,0.0,0.0,0.0,0.0,0.0
533,S,S,S533S,Core,NEGATIVE_CONSENSUS,INVARIABLE,False,False,False,0.2075632,0.3243420394483918,1.0,1.0,1.0,0.0,2009.2490234375,0.0,0.0,0.0,0.0,0.0,0.0,0.0,0.0,0.0,0.0
534,S,S,S534S,Core,NEGATIVE_CONSENSUS,INVARIABLE,False,False,False,0.2075632,0.3243420394483918,1.0,1.0,1.0,0.0,2009.2490234375,0.0,0.0,0.0,0.0,0.0,0.0,0.0,0.0,0.0,0.0
535,M,M,M535M,Core,NEGATIVE_CONSENSUS,INVARIABLE,False,False,False,0.04345588,0.4174346170740496,1.0,1.0,1.0,0.0,2009.2490234375,0.0,0.0,0.0,0.0,0.0,0.0,0.0,0.0,0.0,0.0
536,M,M,M536M,Core,NEGATIVE_CONSENSUS,INVARIABLE,False,False,False,0.04345588,0.4174346170740496,1.0,1.0,1.0,0.0,2009.2490234375,0.0,0.0,0.0,0.0,0.0,0.0,0.0,0.0,0.0,0.0
537,W,W,W537W,Core,NEGATIVE_CONSENSUS,INVARIABLE,False,False,False,0.14326186,0.3525297858631183,1.0,1.0,1.0,0.0,2009.2490234375,0.0,0.0,0.0,0.0,0.0,0.0,0.0,0.0,0.0,0.0
538,E,E,E538E,Core,NEGATIVE_CONSENSUS,INVARIABLE,False,False,False,0.09971498,0.37608596908684694,1.0,1.0,1.0,0.0,2009.2490234375,0.0,0.0,0.0,0.0,0.0,0.0,0.0,0.0,0.0,0.0
539,I,I,I539I,Core,NEGATIVE_CONSENSUS,INVARIABLE,False,False,False,0.41026053,0.2609186505464557,1.0,1.0,1.0,0.0,2009.2490234375,0.0,0.0,0.0,0.0,0.0,0.0,0.0,0.0,0.0,0.0
540,N,N,N540N,Core,NEGATIVE_CONSENSUS,INVARIABLE,False,False,False,0.109949954,0.3701005599070604,1.0,1.0,1.0,0.0,2009.2490234375,0.0,0.0,0.0,0.0,0.0,0.0,0.0,0.0,0.0,0.0
541,G,G,G541G,Core,NEGATIVE_CONSENSUS,INVARIABLE,False,False,False,0.31973153,0.28588451406953874,1.0,1.0,1.0,0.0,2009.2490234375,0.0,0.0,0.0,0.0,0.0,0.0,0.0,0.0,0.0,0.0
542,P,P,P542P,Core,NEGATIVE_CONSENSUS,INVARIABLE,False,False,False,0.18130763,0.33512594256133826,1.0,1.0,1.0,0.0,2009.2490234375,0.0,0.0,0.0,0.0,0.0,0.0,0.0,0.0,0.0,0.0
543,E,E,E543E,Core,NEGATIVE_CONSENSUS,INVARIABLE,False,False,False,0.09971498,0.37608596908684694,1.0,1.0,1.0,0.0,2009.2490234375,0.0,0.0,0.0,0.0,0.0,0.0,0.0,0.0,0.0,0.0
544,S,S,S544S,Core,NEGATIVE_CONSENSUS,INVARIABLE,False,False,False,0.2075632,0.3243420394483918,1.0,1.0,1.0,0.0,2009.2490234375,0.0,0.0,0.0,0.0,0.0,0.0,0.0,0.0,0.0,0.0
545,V,V,V545V,Core,NEGATIVE_CONSENSUS,INVARIABLE,False,False,False,0.07948621,0.3889974445222741,1.0,1.0,1.0,0.0,2009.2490234375,0.0,0.0,0.0,0.0,0.0,0.0,0.0,0.0,0.0,0.0
546,L,L,L546L,Core,NEGATIVE_CONSENSUS,INVARIABLE,False,False,False,0.20977953,0.32347013020324433,1.0,1.0,1.0,0.0,2009.2490234375,0.0,0.0,0.0,0.0,0.0,0.0,0.0,0.0,0.0,0.0
547,V,V,V547V,Core,NEGATIVE_CONSENSUS,INVARIABLE,False,False,False,0.91231257,0.1697507851367119,1.0,1.0,1.0,0.0,2009.2490234375,0.0,0.0,0.0,0.0,0.0,0.0,0.0,0.0,0.0,0.0
548,N,N,N548N,Core,NEGATIVE_CONSENSUS,INVARIABLE,False,False,False,0.2697167,0.3017609345059,1.0,1.0,1.0,0.0,2009.2490234375,0.0,0.0,0.0,0.0,0.0,0.0,0.0,0.0,0.0,0.0
549,T,T,T549T,Core,NEGATIVE_CONSENSUS,INVARIABLE,False,False,False,0.026892863,0.434869336287794,1.0,1.0,1.0,0.0,2009.2490234375,0.0,0.0,0.0,0.0,0.0,0.0,0.0,0.0,0.0,0.0
550,Y,Y,Y550Y,Core,NEGATIVE_CONSENSUS,INVARIABLE,False,False,False,0.04160279,0.41918940090001205,1.0,1.0,1.0,0.0,2009.2490234375,0.0,0.0,0.0,0.0,0.0,0.0,0.0,0.0,0.0,0.0
551,Q,Q,Q551Q,Core,NEGATIVE_CONSENSUS,INVARIABLE,False,False,False,0.1328033,0.35777149996023005,1.0,1.0,1.0,0.0,2009.2490234375,0.0,0.0,0.0,0.0,0.0,0.0,0.0,0.0,0.0,0.0
552,W,W,W552W,Core,NEGATIVE_CONSENSUS,INVARIABLE,False,False,False,0.14326186,0.3525297858631183,1.0,1.0,1.0,0.0,2009.2490234375,0.0,0.0,0.0,0.0,0.0,0.0,0.0,0.0,0.0,0.0
553,I,I,I553I,Core,NEGATIVE_CONSENSUS,INVARIABLE,False,False,False,1.0355865,0.15442508350662135,1.0,1.0,1.0,0.0,2009.2490234375,0.0,0.0,0.0,0.0,0.0,0.0,0.0,0.0,0.0,0.0
554,I,I,I554I,Core,NEGATIVE_CONSENSUS,INVARIABLE,False,False,False,0.41026053,0.2609186505464557,1.0,1.0,1.0,0.0,2009.2490234375,0.0,0.0,0.0,0.0,0.0,0.0,0.0,0.0,0.0,0.0
555,R,R,R555R,Core,NEGATIVE_CONSENSUS,INVARIABLE,False,False,False,0.026146797,0.43577116494005275,1.0,1.0,1.0,0.0,2009.2490234375,0.0,0.0,0.0,0.0,0.0,0.0,0.0,0.0,0.0,0.0
556,N,N,N556N,Core,NEGATIVE_CONSENSUS,INVARIABLE,False,False,False,0.2697167,0.3017609345059,1.0,1.0,1.0,0.0,2009.2490234375,0.0,0.0,0.0,0.0,0.0,0.0,0.0,0.0,0.0,0.0
557,W,W,W557W,Core,NEGATIVE_CONSENSUS,INVARIABLE,False,False,False,0.14326186,0.3525297858631183,1.0,1.0,1.0,0.0,2009.2490234375,0.0,0.0,0.0,0.0,0.0,0.0,0.0,0.0,0.0,0.0
558,E,E,E558E,Core,NEGATIVE_CONSENSUS,INVARIABLE,False,False,False,0.19733669,0.3284396186620137,1.0,1.0,1.0,0.0,2009.2490234375,0.0,0.0,0.0,0.0,0.0,0.0,0.0,0.0,0.0,0.0
559,I,I,I559I,Core,NEGATIVE_CONSENSUS,INVARIABLE,False,False,False,0.7167717,0.19860244442133695,1.0,1.0,1.0,0.0,2009.2490234375,0.0,0.0,0.0,0.0,0.0,0.0,0.0,0.0,0.0,0.0
560,V,V,V560V,Core,NEGATIVE_CONSENSUS,INVARIABLE,False,False,False,0.15838115,0.3453256737119521,1.0,1.0,1.0,0.0,2009.2490234375,0.0,0.0,0.0,0.0,0.0,0.0,0.0,0.0,0.0,0.0
561,K,K,K561K,Core,NEGATIVE_CONSENSUS,INVARIABLE,False,False,False,1.630849,0.10079282980657864,1.0,1.0,1.0,0.0,2009.2490234375,0.0,0.0,0.0,0.0,0.0,0.0,0.0,0.0,0.0,0.0
562,I,I,I562I,Core,NEGATIVE_CONSENSUS,INVARIABLE,False,False,False,0.7167717,0.19860244442133695,1.0,1.0,1.0,0.0,2009.2490234375,0.0,0.0,0.0,0.0,0.0,0.0,0.0,0.0,0.0,0.0
563,Q,Q,Q563Q,Core,NEGATIVE_CONSENSUS,INVARIABLE,False,False,False,0.1328033,0.35777149996023005,1.0,1.0,1.0,0.0,2009.2490234375,0.0,0.0,0.0,0.0,0.0,0.0,0.0,0.0,0.0,0.0
564,W,W,W564W,Core,NEGATIVE_CONSENSUS,INVARIABLE,False,False,False,0.14326186,0.3525297858631183,1.0,1.0,1.0,0.0,2009.2490234375,0.0,0.0,0.0,0.0,0.0,0.0,0.0,0.0,0.0,0.0
565,S,S,S565S,Core,NEGATIVE_CONSENSUS,INVARIABLE,False,False,False,0.2075632,0.3243420394483918,1.0,1.0,1.0,0.0,2009.2490234375,0.0,0.0,0.0,0.0,0.0,0.0,0.0,0.0,0.0,0.0
566,Q,Q,Q566Q,Core,NEGATIVE_CONSENSUS,INVARIABLE,False,False,False,0.1328033,0.35777149996023005,1.0,1.0,1.0,0.0,2009.2490234375,0.0,0.0,0.0,0.0,0.0,0.0,0.0,0.0,0.0,0.0
567,D,D,D567D,Core,NEGATIVE_CONSENSUS,INVARIABLE,False,False,False,0.24172953,0.3114798699800736,1.0,1.0,1.0,0.0,2009.2490234375,0.0,0.0,0.0,0.0,0.0,0.0,0.0,0.0,0.0,0.0
568,P,P,P568P,Core,NEGATIVE_CONSENSUS,INVARIABLE,False,False,False,0.13949645,0.35439106371219375,1.0,1.0,1.0,0.0,2009.2490234375,0.0,0.0,0.0,0.0,0.0,0.0,0.0,0.0,0.0,0.0
569,T,T,T569T,Core,NEGATIVE_CONSENSUS,INVARIABLE,False,False,False,0.03364685,0.427230012532943,1.0,1.0,1.0,0.0,2009.2490234375,0.0,0.0,0.0,0.0,0.0,0.0,0.0,0.0,0.0,0.0
570,M,M,M570M,Core,NEGATIVE_CONSENSUS,INVARIABLE,False,False,False,0.04345588,0.4174346170740496,1.0,1.0,1.0,0.0,2009.2490234375,0.0,0.0,0.0,0.0,0.0,0.0,0.0,0.0,0.0,0.0
571,L,L,L571L,Core,NEGATIVE_CONSENSUS,INVARIABLE,False,False,False,0.050016996,0.41151685146805017,1.0,1.0,1.0,0.0,2009.2490234375,0.0,0.0,0.0,0.0,0.0,0.0,0.0,0.0,0.0,0.0
572,Y,Y,Y572Y,Core,NEGATIVE_CONSENSUS,INVARIABLE,False,False,False,0.08357149,0.38625726840274144,1.0,1.0,1.0,0.0,2009.2490234375,0.0,0.0,0.0,0.0,0.0,0.0,0.0,0.0,0.0,0.0
573,N,N,N573N,Core,NEGATIVE_CONSENSUS,INVARIABLE,False,False,False,0.2697167,0.3017609345059,1.0,1.0,1.0,0.0,2009.2490234375,0.0,0.0,0.0,0.0,0.0,0.0,0.0,0.0,0.0,0.0
574,K,K,K574K,Core,NEGATIVE_CONSENSUS,INVARIABLE,False,False,False,1.2671006,0.13015565800770462,1.0,1.0,1.0,0.0,2009.2490234375,0.0,0.0,0.0,0.0,0.0,0.0,0.0,0.0,0.0,0.0
575,M,M,M575M,Core,NEGATIVE_CONSENSUS,INVARIABLE,False,False,False,0.04345588,0.4174346170740496,1.0,1.0,1.0,0.0,2009.2490234375,0.0,0.0,0.0,0.0,0.0,0.0,0.0,0.0,0.0,0.0
576,E,E,E576E,Core,NEGATIVE_CONSENSUS,INVARIABLE,False,False,False,0.17737707,0.33681854926235366,1.0,1.0,1.0,0.0,2009.2490234375,0.0,0.0,0.0,0.0,0.0,0.0,0.0,0.0,0.0,0.0
577,F,F,F577F,Core,NEGATIVE_CONSENSUS,INVARIABLE,False,False,False,0.061055347,0.4024178149016429,1.0,1.0,1.0,0.0,2009.2490234375,0.0,0.0,0.0,0.0,0.0,0.0,0.0,0.0,0.0,0.0
578,E,E,E578E,Core,NEGATIVE_CONSENSUS,INVARIABLE,False,False,False,0.17737707,0.33681854926235366,1.0,1.0,1.0,0.0,2009.2490234375,0.0,0.0,0.0,0.0,0.0,0.0,0.0,0.0,0.0,0.0
579,P,P,P579P,Core,NEGATIVE_CONSENSUS,INVARIABLE,False,False,False,0.09249291,0.3805157715681833,1.0,1.0,1.0,0.0,2009.2490234375,0.0,0.0,0.0,0.0,0.0,0.0,0.0,0.0,0.0,0.0
580,F,F,F580F,Core,NEGATIVE_CONSENSUS,INVARIABLE,False,False,False,0.061055347,0.4024178149016429,1.0,1.0,1.0,0.0,2009.2490234375,0.0,0.0,0.0,0.0,0.0,0.0,0.0,0.0,0.0,0.0
581,Q,Q,Q581Q,Core,NEGATIVE_CONSENSUS,INVARIABLE,False,False,False,0.14861211,0.3499326088640236,1.0,1.0,1.0,0.0,2009.2490234375,0.0,0.0,0.0,0.0,0.0,0.0,0.0,0.0,0.0,0.0
582,S,S,S582S,Core,NEGATIVE_CONSENSUS,INVARIABLE,False,False,False,0.26384795,0.30374440131695446,1.0,1.0,1.0,0.0,2009.2490234375,0.0,0.0,0.0,0.0,0.0,0.0,0.0,0.0,0.0,0.0
583,L,L,L583L,Core,NEGATIVE_CONSENSUS,INVARIABLE,False,False,False,0.1403902,0.3539467030420645,1.0,1.0,1.0,0.0,2009.2490234375,0.0,0.0,0.0,0.0,0.0,0.0,0.0,0.0,0.0,0.0
584,V,V,V584V,Core,NEGATIVE_CONSENSUS,INVARIABLE,False,False,False,0.91231257,0.1697507851367119,1.0,1.0,1.0,0.0,2009.2490234375,0.0,0.0,0.0,0.0,0.0,0.0,0.0,0.0,0.0,0.0
585,P,P,P585P,Core,NEGATIVE_CONSENSUS,INVARIABLE,False,False,False,0.18130763,0.33512594256133826,1.0,1.0,1.0,0.0,2009.2490234375,0.0,0.0,0.0,0.0,0.0,0.0,0.0,0.0,0.0,0.0
586,K,K,K586K,Core,NEGATIVE_CONSENSUS,INVARIABLE,False,False,False,0.2995089,0.2920952302947697,1.0,1.0,1.0,0.0,2009.2490234375,0.0,0.0,0.0,0.0,0.0,0.0,0.0,0.0,0.0,0.0
587,A,A,A587A,Core,NEGATIVE_CONSENSUS,INVARIABLE,False,False,False,0.50961536,0.23765270523878462,1.0,1.0,1.0,0.0,2009.2490234375,0.0,0.0,0.0,0.0,0.0,0.0,0.0,0.0,0.0,0.0
588,T,I,T588I,Core,NEGATIVE_CONSENSUS,TEMPORAL_NOISE,False,False,False,0.1643694,0.34258258070217534,0.37711713,0.25742576,0.5809792,0.9031898,2009.4973682468221,0.12248840992043647,2009.4523,2009.5312,0.0790188,0.016407401583758703,0.011112795125021195,0.026960395,-0.78126305,-0.30159962,-7.0660057
589,R,R,R589R,Core,NEGATIVE_CONSENSUS,INVARIABLE,False,False,False,0.047289148,0.41392467273385114,1.0,1.0,1.0,0.0,2009.2490234375,0.0,0.0,0.0,0.0,0.0,0.0,0.0,0.0,0.0,0.0
590,S,S,S590S,Core,NEGATIVE_CONSENSUS,INVARIABLE,False,False,False,0.49796218,0.2401984475468799,1.0,1.0,1.0,0.0,2009.2490234375,0.0,0.0,0.0,0.0,0.0,0.0,0.0,0.0,0.0,0.0
591,R,R,R591R,Core,NEGATIVE_CONSENSUS,INVARIABLE,False,False,False,0.031301104,0.42978515135323686,1.0,1.0,1.0,0.0,2009.2490234375,0.0,0.0,0.0,0.0,0.0,0.0,0.0,0.0,0.0,0.0
592,Y,Y,Y592Y,Core,NEGATIVE_CONSENSUS,INVARIABLE,False,False,False,0.02848396,0.4329880232598915,1.0,1.0,1.0,0.0,2009.2490234375,0.0,0.0,0.0,0.0,0.0,0.0,0.0,0.0,0.0,0.0
593,S,S,S593S,Core,NEGATIVE_CONSENSUS,INVARIABLE,False,False,False,0.5161936,0.23623495187969223,1.0,1.0,1.0,0.0,2009.2490234375,0.0,0.0,0.0,0.0,0.0,0.0,0.0,0.0,0.0,0.0
594,G,G,G594G,Core,NEGATIVE_CONSENSUS,INVARIABLE,False,False,False,0.08983235,0.38219519767681476,1.0,1.0,1.0,0.0,2009.2490234375,0.0,0.0,0.0,0.0,0.0,0.0,0.0,0.0,0.0,0.0
595,F,F,F595F,Core,NEGATIVE_CONSENSUS,INVARIABLE,False,False,False,0.017316297,0.4476537438731507,1.0,1.0,1.0,0.0,2009.2490234375,0.0,0.0,0.0,0.0,0.0,0.0,0.0,0.0,0.0,0.0
596,V,I,V596I,Core,NEGATIVE_CONSENSUS,TEMPORAL_NOISE,False,False,False,1.5759455,0.1046728399812335,0.3517909,0.57425743,0.7281821,0.47756734,2009.4409262447034,0.10620899561780267,2009.3958,2009.4635,0.067730404,0.013694933573464642,0.009275018889968827,1.7523472,-1.1880851,0.49019834,-3.596245
597,R,R,R597R,Core,NEGATIVE_CONSENSUS,INVARIABLE,False,False,False,0.026146797,0.43577116494005275,1.0,1.0,1.0,0.0,2009.2490234375,0.0,0.0,0.0,0.0,0.0,0.0,0.0,0.0,0.0,0.0
598,T,T,T598T,Core,NEGATIVE_CONSENSUS,INVARIABLE,False,False,False,0.03364685,0.427230012532943,1.0,1.0,1.0,0.0,2009.2490234375,0.0,0.0,0.0,0.0,0.0,0.0,0.0,0.0,0.0,0.0
599,L,L,L599L,Core,NEGATIVE_CONSENSUS,INVARIABLE,False,False,False,0.15878537,0.3451386324350256,1.0,1.0,1.0,0.0,2009.2490234375,0.0,0.0,0.0,0.0,0.0,0.0,0.0,0.0,0.0,0.0
600,F,F,F600F,Core,NEGATIVE_CONSENSUS,INVARIABLE,False,False,False,0.03677015,0.42396688710899644,1.0,1.0,1.0,0.0,2009.2490234375,0.0,0.0,0.0,0.0,0.0,0.0,0.0,0.0,0.0,0.0
601,Q,Q,Q601Q,Core,NEGATIVE_CONSENSUS,INVARIABLE,False,False,False,0.14861211,0.3499326088640236,1.0,1.0,1.0,0.0,2009.2490234375,0.0,0.0,0.0,0.0,0.0,0.0,0.0,0.0,0.0,0.0
602,Q,Q,Q602Q,Core,NEGATIVE_CONSENSUS,INVARIABLE,False,False,False,0.1328033,0.35777149996023005,1.0,1.0,1.0,0.0,2009.2490234375,0.0,0.0,0.0,0.0,0.0,0.0,0.0,0.0,0.0,0.0
603,M,M,M603M,Core,NEGATIVE_CONSENSUS,INVARIABLE,False,False,False,0.04345588,0.4174346170740496,1.0,1.0,1.0,0.0,2009.2490234375,0.0,0.0,0.0,0.0,0.0,0.0,0.0,0.0,0.0,0.0
604,R,R,R604R,Core,NEGATIVE_CONSENSUS,INVARIABLE,False,False,False,0.031301104,0.42978515135323686,1.0,1.0,1.0,0.0,2009.2490234375,0.0,0.0,0.0,0.0,0.0,0.0,0.0,0.0,0.0,0.0
605,D,D,D605D,Core,NEGATIVE_CONSENSUS,INVARIABLE,False,False,False,0.24172953,0.3114798699800736,1.0,1.0,1.0,0.0,2009.2490234375,0.0,0.0,0.0,0.0,0.0,0.0,0.0,0.0,0.0,0.0
606,V,V,V606V,Core,NEGATIVE_CONSENSUS,INVARIABLE,False,False,False,0.15838115,0.3453256737119521,1.0,1.0,1.0,0.0,2009.2490234375,0.0,0.0,0.0,0.0,0.0,0.0,0.0,0.0,0.0,0.0
607,L,L,L607L,Core,NEGATIVE_CONSENSUS,INVARIABLE,False,False,False,0.1403902,0.3539467030420645,1.0,1.0,1.0,0.0,2009.2490234375,0.0,0.0,0.0,0.0,0.0,0.0,0.0,0.0,0.0,0.0
608,G,G,G608G,Core,NEGATIVE_CONSENSUS,INVARIABLE,False,False,False,0.10198707,0.37472898848367453,1.0,1.0,1.0,0.0,2009.2490234375,0.0,0.0,0.0,0.0,0.0,0.0,0.0,0.0,0.0,0.0
609,T,T,T609T,Core,NEGATIVE_CONSENSUS,INVARIABLE,False,False,False,0.03364685,0.427230012532943,1.0,1.0,1.0,0.0,2009.2490234375,0.0,0.0,0.0,0.0,0.0,0.0,0.0,0.0,0.0,0.0
610,F,F,F610F,Core,NEGATIVE_CONSENSUS,INVARIABLE,False,False,False,0.061055347,0.4024178149016429,1.0,1.0,1.0,0.0,2009.2490234375,0.0,0.0,0.0,0.0,0.0,0.0,0.0,0.0,0.0,0.0
611,D,D,D611D,Core,NEGATIVE_CONSENSUS,INVARIABLE,False,False,False,2.8818045,0.044792789968923004,1.0,1.0,1.0,0.0,2009.2490234375,0.0,0.0,0.0,0.0,0.0,0.0,0.0,0.0,0.0,0.0
612,T,T,T612T,Core,NEGATIVE_CONSENSUS,INVARIABLE,False,False,False,0.026892863,0.434869336287794,1.0,1.0,1.0,0.0,2009.2490234375,0.0,0.0,0.0,0.0,0.0,0.0,0.0,0.0,0.0,0.0
613,V,V,V613V,Core,NEGATIVE_CONSENSUS,INVARIABLE,False,False,False,0.91231257,0.1697507851367119,1.0,1.0,1.0,0.0,2009.2490234375,0.0,0.0,0.0,0.0,0.0,0.0,0.0,0.0,0.0,0.0
614,Q,Q,Q614Q,Core,NEGATIVE_CONSENSUS,INVARIABLE,False,False,False,0.1328033,0.35777149996023005,1.0,1.0,1.0,0.0,2009.2490234375,0.0,0.0,0.0,0.0,0.0,0.0,0.0,0.0,0.0,0.0
615,I,I,I615I,Core,NEGATIVE_CONSENSUS,INVARIABLE,False,False,False,1.0355865,0.15442508350662135,1.0,1.0,1.0,0.0,2009.2490234375,0.0,0.0,0.0,0.0,0.0,0.0,0.0,0.0,0.0,0.0
616,I,I,I616I,Core,NEGATIVE_CONSENSUS,INVARIABLE,False,False,False,1.0355865,0.15442508350662135,1.0,1.0,1.0,0.0,2009.2490234375,0.0,0.0,0.0,0.0,0.0,0.0,0.0,0.0,0.0,0.0
617,K,K,K617K,Core,NEGATIVE_CONSENSUS,INVARIABLE,False,False,False,1.2671006,0.13015565800770462,1.0,1.0,1.0,0.0,2009.2490234375,0.0,0.0,0.0,0.0,0.0,0.0,0.0,0.0,0.0,0.0
618,L,L,L618L,Core,NEGATIVE_CONSENSUS,INVARIABLE,False,False,False,0.13106643,0.3586644418794952,1.0,1.0,1.0,0.0,2009.2490234375,0.0,0.0,0.0,0.0,0.0,0.0,0.0,0.0,0.0,0.0
619,L,L,L619L,Core,NEGATIVE_CONSENSUS,INVARIABLE,False,False,False,0.17319994,0.3386417205269501,1.0,1.0,1.0,0.0,2009.2490234375,0.0,0.0,0.0,0.0,0.0,0.0,0.0,0.0,0.0,0.0
620,P,P,P620P,Core,NEGATIVE_CONSENSUS,INVARIABLE,False,False,False,0.13949645,0.35439106371219375,1.0,1.0,1.0,0.0,2009.2490234375,0.0,0.0,0.0,0.0,0.0,0.0,0.0,0.0,0.0,0.0
621,F,F,F621F,Core,NEGATIVE_CONSENSUS,INVARIABLE,False,False,False,0.061055347,0.4024178149016429,1.0,1.0,1.0,0.0,2009.2490234375,0.0,0.0,0.0,0.0,0.0,0.0,0.0,0.0,0.0,0.0
622,A,A,A622A,Core,NEGATIVE_CONSENSUS,INVARIABLE,False,False,False,0.6177493,0.21594245077438262,1.0,1.0,1.0,0.0,2009.2490234375,0.0,0.0,0.0,0.0,0.0,0.0,0.0,0.0,0.0,0.0
623,A,A,A623A,Core,NEGATIVE_CONSENSUS,INVARIABLE,False,False,False,0.6177493,0.21594245077438262,1.0,1.0,1.0,0.0,2009.2490234375,0.0,0.0,0.0,0.0,0.0,0.0,0.0,0.0,0.0,0.0
624,A,A,A624A,Core,NEGATIVE_CONSENSUS,INVARIABLE,False,False,False,0.18005282,0.3356639272466772,1.0,1.0,1.0,0.0,2009.2490234375,0.0,0.0,0.0,0.0,0.0,0.0,0.0,0.0,0.0,0.0
625,P,P,P625P,Core,NEGATIVE_CONSENSUS,INVARIABLE,False,False,False,0.09249291,0.3805157715681833,1.0,1.0,1.0,0.0,2009.2490234375,0.0,0.0,0.0,0.0,0.0,0.0,0.0,0.0,0.0,0.0
626,P,P,P626P,Core,NEGATIVE_CONSENSUS,INVARIABLE,False,False,False,0.059776384,0.403424861865667,1.0,1.0,1.0,0.0,2009.2490234375,0.0,0.0,0.0,0.0,0.0,0.0,0.0,0.0,0.0,0.0
627,E,E,E627E,Core,NEGATIVE_CONSENSUS,INVARIABLE,False,False,False,0.17737707,0.33681854926235366,1.0,1.0,1.0,0.0,2009.2490234375,0.0,0.0,0.0,0.0,0.0,0.0,0.0,0.0,0.0,0.0
628,Q,Q,Q628Q,Core,NEGATIVE_CONSENSUS,INVARIABLE,False,False,False,0.14861211,0.3499326088640236,1.0,1.0,1.0,0.0,2009.2490234375,0.0,0.0,0.0,0.0,0.0,0.0,0.0,0.0,0.0,0.0
629,S,S,S629S,Core,NEGATIVE_CONSENSUS,INVARIABLE,False,False,False,0.5161936,0.23623495187969223,1.0,1.0,1.0,0.0,2009.2490234375,0.0,0.0,0.0,0.0,0.0,0.0,0.0,0.0,0.0,0.0
630,R,R,R630R,Core,NEGATIVE_CONSENSUS,INVARIABLE,False,False,False,0.026146797,0.43577116494005275,1.0,1.0,1.0,0.0,2009.2490234375,0.0,0.0,0.0,0.0,0.0,0.0,0.0,0.0,0.0,0.0
631,M,M,M631M,Core,NEGATIVE_CONSENSUS,INVARIABLE,False,False,False,2.9875662,0.04195309374257907,1.0,1.0,1.0,0.0,2009.2490234375,0.0,0.0,0.0,0.0,0.0,0.0,0.0,0.0,0.0,0.0
632,Q,Q,Q632Q,Core,NEGATIVE_CONSENSUS,INVARIABLE,False,False,False,0.1328033,0.35777149996023005,1.0,1.0,1.0,0.0,2009.2490234375,0.0,0.0,0.0,0.0,0.0,0.0,0.0,0.0,0.0,0.0
633,F,F,F633F,Core,NEGATIVE_CONSENSUS,INVARIABLE,False,False,False,0.061055347,0.4024178149016429,1.0,1.0,1.0,0.0,2009.2490234375,0.0,0.0,0.0,0.0,0.0,0.0,0.0,0.0,0.0,0.0
634,S,S,S634S,Core,NEGATIVE_CONSENSUS,INVARIABLE,False,False,False,0.48222643,0.24370778088239314,1.0,1.0,1.0,0.0,2009.2490234375,0.0,0.0,0.0,0.0,0.0,0.0,0.0,0.0,0.0,0.0
635,S,S,S635S,Core,NEGATIVE_CONSENSUS,INVARIABLE,False,False,False,0.2075632,0.3243420394483918,1.0,1.0,1.0,0.0,2009.2490234375,0.0,0.0,0.0,0.0,0.0,0.0,0.0,0.0,0.0,0.0
636,L,L,L636L,Core,NEGATIVE_CONSENSUS,INVARIABLE,False,False,False,0.11684559,0.36624060240780854,1.0,1.0,1.0,0.0,2009.2490234375,0.0,0.0,0.0,0.0,0.0,0.0,0.0,0.0,0.0,0.0
637,T,T,T637T,Core,NEGATIVE_CONSENSUS,INVARIABLE,False,False,False,0.026892863,0.434869336287794,1.0,1.0,1.0,0.0,2009.2490234375,0.0,0.0,0.0,0.0,0.0,0.0,0.0,0.0,0.0,0.0
638,V,V,V638V,Core,NEGATIVE_CONSENSUS,INVARIABLE,False,False,False,0.15838115,0.3453256737119521,1.0,1.0,1.0,0.0,2009.2490234375,0.0,0.0,0.0,0.0,0.0,0.0,0.0,0.0,0.0,0.0
639,N,N,N639N,Core,NEGATIVE_CONSENSUS,INVARIABLE,False,False,False,0.14756067,0.3504387265808948,1.0,1.0,1.0,0.0,2009.2490234375,0.0,0.0,0.0,0.0,0.0,0.0,0.0,0.0,0.0,0.0
640,V,V,V640V,Core,NEGATIVE_CONSENSUS,INVARIABLE,False,False,False,0.08634016,0.3844412454788825,1.0,1.0,1.0,0.0,2009.2490234375,0.0,0.0,0.0,0.0,0.0,0.0,0.0,0.0,0.0,0.0
641,R,R,R641R,Core,NEGATIVE_CONSENSUS,INVARIABLE,False,False,False,0.047289148,0.41392467273385114,1.0,1.0,1.0,0.0,2009.2490234375,0.0,0.0,0.0,0.0,0.0,0.0,0.0,0.0,0.0,0.0
642,G,G,G642G,Core,NEGATIVE_CONSENSUS,INVARIABLE,False,False,False,0.08983235,0.38219519767681476,1.0,1.0,1.0,0.0,2009.2490234375,0.0,0.0,0.0,0.0,0.0,0.0,0.0,0.0,0.0,0.0
643,S,S,S643S,Core,NEGATIVE_CONSENSUS,INVARIABLE,False,False,False,0.2075632,0.3243420394483918,1.0,1.0,1.0,0.0,2009.2490234375,0.0,0.0,0.0,0.0,0.0,0.0,0.0,0.0,0.0,0.0
644,G,G,G644G,Core,NEGATIVE_CONSENSUS,INVARIABLE,False,False,False,0.10198707,0.37472898848367453,1.0,1.0,1.0,0.0,2009.2490234375,0.0,0.0,0.0,0.0,0.0,0.0,0.0,0.0,0.0,0.0
645,L,L,L645L,Core,NEGATIVE_CONSENSUS,INVARIABLE,False,False,False,0.11684559,0.36624060240780854,1.0,1.0,1.0,0.0,2009.2490234375,0.0,0.0,0.0,0.0,0.0,0.0,0.0,0.0,0.0,0.0
646,R,R,R646R,Core,NEGATIVE_CONSENSUS,INVARIABLE,False,False,False,0.026146797,0.43577116494005275,1.0,1.0,1.0,0.0,2009.2490234375,0.0,0.0,0.0,0.0,0.0,0.0,0.0,0.0,0.0,0.0
647,I,I,I647I,Core,NEGATIVE_CONSENSUS,INVARIABLE,False,False,False,1.0355865,0.15442508350662135,1.0,1.0,1.0,0.0,2009.2490234375,0.0,0.0,0.0,0.0,0.0,0.0,0.0,0.0,0.0,0.0
648,L,L,L648L,Core,NEGATIVE_CONSENSUS,INVARIABLE,False,False,False,0.15878537,0.3451386324350256,1.0,1.0,1.0,0.0,2009.2490234375,0.0,0.0,0.0,0.0,0.0,0.0,0.0,0.0,0.0,0.0
649,V,V,V649V,Core,NEGATIVE_CONSENSUS,INVARIABLE,False,False,False,0.60705686,0.21794905634298722,1.0,1.0,1.0,0.0,2009.2490234375,0.0,0.0,0.0,0.0,0.0,0.0,0.0,0.0,0.0,0.0
650,R,R,R650R,Core,NEGATIVE_CONSENSUS,INVARIABLE,False,False,False,0.047289148,0.41392467273385114,1.0,1.0,1.0,0.0,2009.2490234375,0.0,0.0,0.0,0.0,0.0,0.0,0.0,0.0,0.0,0.0
651,G,G,G651G,Core,NEGATIVE_CONSENSUS,INVARIABLE,False,False,False,0.329979,0.2828357262190835,1.0,1.0,1.0,0.0,2009.2490234375,0.0,0.0,0.0,0.0,0.0,0.0,0.0,0.0,0.0,0.0
652,N,N,N652N,Core,NEGATIVE_CONSENSUS,INVARIABLE,False,False,False,0.14756067,0.3504387265808948,1.0,1.0,1.0,0.0,2009.2490234375,0.0,0.0,0.0,0.0,0.0,0.0,0.0,0.0,0.0,0.0
653,S,S,S653S,Core,NEGATIVE_CONSENSUS,INVARIABLE,False,False,False,0.26384795,0.30374440131695446,1.0,1.0,1.0,0.0,2009.2490234375,0.0,0.0,0.0,0.0,0.0,0.0,0.0,0.0,0.0,0.0
654,P,P,P654P,Core,NEGATIVE_CONSENSUS,INVARIABLE,False,False,False,0.09249291,0.3805157715681833,1.0,1.0,1.0,0.0,2009.2490234375,0.0,0.0,0.0,0.0,0.0,0.0,0.0,0.0,0.0,0.0
655,V,V,V655V,Core,NEGATIVE_CONSENSUS,INVARIABLE,False,False,False,0.60705686,0.21794905634298722,1.0,1.0,1.0,0.0,2009.2490234375,0.0,0.0,0.0,0.0,0.0,0.0,0.0,0.0,0.0,0.0
656,F,F,F656F,Core,NEGATIVE_CONSENSUS,INVARIABLE,False,False,False,0.03677015,0.42396688710899644,1.0,1.0,1.0,0.0,2009.2490234375,0.0,0.0,0.0,0.0,0.0,0.0,0.0,0.0,0.0,0.0
657,N,N,N657N,Core,NEGATIVE_CONSENSUS,INVARIABLE,False,False,False,0.14756067,0.3504387265808948,1.0,1.0,1.0,0.0,2009.2490234375,0.0,0.0,0.0,0.0,0.0,0.0,0.0,0.0,0.0,0.0
658,Y,Y,Y658Y,Core,NEGATIVE_CONSENSUS,INVARIABLE,False,False,False,0.08357149,0.38625726840274144,1.0,1.0,1.0,0.0,2009.2490234375,0.0,0.0,0.0,0.0,0.0,0.0,0.0,0.0,0.0,0.0
659,N,N,N659N,Core,NEGATIVE_CONSENSUS,INVARIABLE,False,False,False,0.2697167,0.3017609345059,1.0,1.0,1.0,0.0,2009.2490234375,0.0,0.0,0.0,0.0,0.0,0.0,0.0,0.0,0.0,0.0
660,K,K,K660K,Core,NEGATIVE_CONSENSUS,INVARIABLE,False,False,False,0.58649737,0.2218883853166556,1.0,1.0,1.0,0.0,2009.2490234375,0.0,0.0,0.0,0.0,0.0,0.0,0.0,0.0,0.0,0.0
661,A,A,A661A,Core,NEGATIVE_CONSENSUS,INVARIABLE,False,False,False,0.50961536,0.23765270523878462,1.0,1.0,1.0,0.0,2009.2490234375,0.0,0.0,0.0,0.0,0.0,0.0,0.0,0.0,0.0,0.0
662,T,T,T662T,Core,NEGATIVE_CONSENSUS,INVARIABLE,False,False,False,0.033261508,0.42764328918344385,1.0,1.0,1.0,0.0,2009.2490234375,0.0,0.0,0.0,0.0,0.0,0.0,0.0,0.0,0.0,0.0
663,K,K,K663K,Core,NEGATIVE_CONSENSUS,INVARIABLE,False,False,False,1.2671006,0.13015565800770462,1.0,1.0,1.0,0.0,2009.2490234375,0.0,0.0,0.0,0.0,0.0,0.0,0.0,0.0,0.0,0.0
664,R,R,R664R,Core,NEGATIVE_CONSENSUS,INVARIABLE,False,False,False,0.055475026,0.40689816682700275,1.0,1.0,1.0,0.0,2009.2490234375,0.0,0.0,0.0,0.0,0.0,0.0,0.0,0.0,0.0,0.0
665,L,L,L665L,Core,NEGATIVE_CONSENSUS,INVARIABLE,False,False,False,0.1403902,0.3539467030420645,1.0,1.0,1.0,0.0,2009.2490234375,0.0,0.0,0.0,0.0,0.0,0.0,0.0,0.0,0.0,0.0
666,T,T,T666T,Core,NEGATIVE_CONSENSUS,INVARIABLE,False,False,False,0.03364685,0.427230012532943,1.0,1.0,1.0,0.0,2009.2490234375,0.0,0.0,0.0,0.0,0.0,0.0,0.0,0.0,0.0,0.0
667,V,I,V667I,Core,NEGATIVE_CONSENSUS,TEMPORAL_NOISE,False,False,False,1.2939767,0.12765819668925737,0.3517909,0.5940594,0.7494288,0.7808707,2009.373195842161,0.06968927531886768,2009.328,2009.4071,0.0790188,0.009699469431716061,0.006544227259362664,2.5625446,-2.922853,2.5901268,1.5844964
668,L,L,L668L,Core,NEGATIVE_CONSENSUS,INVARIABLE,False,False,False,0.1403902,0.3539467030420645,1.0,1.0,1.0,0.0,2009.2490234375,0.0,0.0,0.0,0.0,0.0,0.0,0.0,0.0,0.0,0.0
669,G,G,G669G,Core,NEGATIVE_CONSENSUS,INVARIABLE,False,False,False,0.06431699,0.3998992303766897,1.0,1.0,1.0,0.0,2009.2490234375,0.0,0.0,0.0,0.0,0.0,0.0,0.0,0.0,0.0,0.0
670,K,K,K670K,Core,NEGATIVE_CONSENSUS,INVARIABLE,False,False,False,0.5484628,0.22947323548543141,1.0,1.0,1.0,0.0,2009.2490234375,0.0,0.0,0.0,0.0,0.0,0.0,0.0,0.0,0.0,0.0
671,D,D,D671D,Core,NEGATIVE_CONSENSUS,FLAT_NO_SIGNAL,False,False,False,0.579399,0.22327399712384877,0.3517909,1.0,1.0,0.0,2009.2490234375,0.0,0.0,0.0,0.0,0.0,0.0,0.0,0.0,0.0,0.0
672,A,A,A672A,Core,NEGATIVE_CONSENSUS,INVARIABLE,False,False,False,0.50961536,0.23765270523878462,1.0,1.0,1.0,0.0,2009.2490234375,0.0,0.0,0.0,0.0,0.0,0.0,0.0,0.0,0.0,0.0
673,G,G,G673G,Core,NEGATIVE_CONSENSUS,INVARIABLE,False,False,False,0.15513371,0.3468384480856218,1.0,1.0,1.0,0.0,2009.2490234375,0.0,0.0,0.0,0.0,0.0,0.0,0.0,0.0,0.0,0.0
674,A,A,A674A,Core,NEGATIVE_CONSENSUS,INVARIABLE,False,False,False,0.50961536,0.23765270523878462,1.0,1.0,1.0,0.0,2009.2490234375,0.0,0.0,0.0,0.0,0.0,0.0,0.0,0.0,0.0,0.0
675,L,L,L675L,Core,NEGATIVE_CONSENSUS,INVARIABLE,False,False,False,0.11684559,0.36624060240780854,1.0,1.0,1.0,0.0,2009.2490234375,0.0,0.0,0.0,0.0,0.0,0.0,0.0,0.0,0.0,0.0
676,T,T,T676T,Core,NEGATIVE_CONSENSUS,INVARIABLE,False,False,False,0.026892863,0.434869336287794,1.0,1.0,1.0,0.0,2009.2490234375,0.0,0.0,0.0,0.0,0.0,0.0,0.0,0.0,0.0,0.0
677,E,G,E677G,Core,NEGATIVE_CONSENSUS,TEMPORAL_NOISE,False,False,False,0.6959867,0.20206776003045157,0.3517909,0.9108911,0.93366337,0.044636585,2009.2490234375,0.007961487908510168,2009.249,2009.2603,0.011288401,0.0002070670532872094,9.531111698449144e-05,1.094261,-1.4791085,1.3849896,1.281746
678,D,D,D678D,Core,NEGATIVE_CONSENSUS,INVARIABLE,False,False,False,0.24172953,0.3114798699800736,1.0,1.0,1.0,0.0,2009.2490234375,0.0,0.0,0.0,0.0,0.0,0.0,0.0,0.0,0.0,0.0
679,P,P,P679P,Core,NEGATIVE_CONSENSUS,INVARIABLE,False,False,False,0.09249291,0.3805157715681833,1.0,1.0,1.0,0.0,2009.2490234375,0.0,0.0,0.0,0.0,0.0,0.0,0.0,0.0,0.0,0.0
680,D,D,D680D,Core,NEGATIVE_CONSENSUS,INVARIABLE,False,False,False,0.24172953,0.3114798699800736,1.0,1.0,1.0,0.0,2009.2490234375,0.0,0.0,0.0,0.0,0.0,0.0,0.0,0.0,0.0,0.0
681,E,E,E681E,Core,NEGATIVE_CONSENSUS,INVARIABLE,False,False,False,0.17737707,0.33681854926235366,1.0,1.0,1.0,0.0,2009.2490234375,0.0,0.0,0.0,0.0,0.0,0.0,0.0,0.0,0.0,0.0
682,G,G,G682G,Core,NEGATIVE_CONSENSUS,INVARIABLE,False,False,False,0.31973153,0.28588451406953874,1.0,1.0,1.0,0.0,2009.2490234375,0.0,0.0,0.0,0.0,0.0,0.0,0.0,0.0,0.0,0.0
683,T,K,T683K,Core,NEGATIVE_CONSENSUS,TEMPORAL_NOISE,False,False,False,0.26029333,0.30495935076956027,0.36189717,0.25742576,0.5809792,0.7429007,2009.6666942531779,0.12712132916432425,2009.6216,2009.7006,0.0790188,0.016406020965018826,0.011111864040795895,0.2046964,-1.3833969,-0.84847176,-0.29866296
684,S,S,S684S,Core,NEGATIVE_CONSENSUS,INVARIABLE,False,False,False,0.26384795,0.30374440131695446,1.0,1.0,1.0,0.0,2009.2490234375,0.0,0.0,0.0,0.0,0.0,0.0,0.0,0.0,0.0,0.0
685,G,G,G685G,Core,NEGATIVE_CONSENSUS,INVARIABLE,False,False,False,0.080859385,0.3880680794977898,1.0,1.0,1.0,0.0,2009.2490234375,0.0,0.0,0.0,0.0,0.0,0.0,0.0,0.0,0.0,0.0
686,V,V,V686V,Core,NEGATIVE_CONSENSUS,INVARIABLE,False,False,False,0.15838115,0.3453256737119521,1.0,1.0,1.0,0.0,2009.2490234375,0.0,0.0,0.0,0.0,0.0,0.0,0.0,0.0,0.0,0.0
687,E,E,E687E,Core,NEGATIVE_CONSENSUS,INVARIABLE,False,False,False,0.09971498,0.37608596908684694,1.0,1.0,1.0,0.0,2009.2490234375,0.0,0.0,0.0,0.0,0.0,0.0,0.0,0.0,0.0,0.0
688,S,S,S688S,Core,NEGATIVE_CONSENSUS,INVARIABLE,False,False,False,0.26384795,0.30374440131695446,1.0,1.0,1.0,0.0,2009.2490234375,0.0,0.0,0.0,0.0,0.0,0.0,0.0,0.0,0.0,0.0
689,A,A,A689A,Core,NEGATIVE_CONSENSUS,INVARIABLE,False,False,False,0.6177493,0.21594245077438262,1.0,1.0,1.0,0.0,2009.2490234375,0.0,0.0,0.0,0.0,0.0,0.0,0.0,0.0,0.0,0.0
690,V,V,V690V,Core,NEGATIVE_CONSENSUS,INVARIABLE,False,False,False,0.91231257,0.1697507851367119,1.0,1.0,1.0,0.0,2009.2490234375,0.0,0.0,0.0,0.0,0.0,0.0,0.0,0.0,0.0,0.0
691,L,L,L691L,Core,NEGATIVE_CONSENSUS,INVARIABLE,False,False,False,0.17231542,0.33903108348019884,1.0,1.0,1.0,0.0,2009.2490234375,0.0,0.0,0.0,0.0,0.0,0.0,0.0,0.0,0.0,0.0
692,R,R,R692R,Core,NEGATIVE_CONSENSUS,INVARIABLE,False,False,False,0.047289148,0.41392467273385114,1.0,1.0,1.0,0.0,2009.2490234375,0.0,0.0,0.0,0.0,0.0,0.0,0.0,0.0,0.0,0.0
693,G,G,G693G,Core,NEGATIVE_CONSENSUS,INVARIABLE,False,False,False,0.08983235,0.38219519767681476,1.0,1.0,1.0,0.0,2009.2490234375,0.0,0.0,0.0,0.0,0.0,0.0,0.0,0.0,0.0,0.0
694,F,F,F694F,Core,NEGATIVE_CONSENSUS,INVARIABLE,False,False,False,0.018587552,0.44577776454752943,1.0,1.0,1.0,0.0,2009.2490234375,0.0,0.0,0.0,0.0,0.0,0.0,0.0,0.0,0.0,0.0
695,L,L,L695L,Core,NEGATIVE_CONSENSUS,INVARIABLE,False,False,False,0.17319994,0.3386417205269501,1.0,1.0,1.0,0.0,2009.2490234375,0.0,0.0,0.0,0.0,0.0,0.0,0.0,0.0,0.0,0.0
696,I,I,I696I,Core,NEGATIVE_CONSENSUS,INVARIABLE,False,False,False,0.7167717,0.19860244442133695,1.0,1.0,1.0,0.0,2009.2490234375,0.0,0.0,0.0,0.0,0.0,0.0,0.0,0.0,0.0,0.0
697,L,L,L697L,Core,NEGATIVE_CONSENSUS,INVARIABLE,False,False,False,0.11684559,0.36624060240780854,1.0,1.0,1.0,0.0,2009.2490234375,0.0,0.0,0.0,0.0,0.0,0.0,0.0,0.0,0.0,0.0
698,G,G,G698G,Core,NEGATIVE_CONSENSUS,INVARIABLE,False,False,False,0.31973153,0.28588451406953874,1.0,1.0,1.0,0.0,2009.2490234375,0.0,0.0,0.0,0.0,0.0,0.0,0.0,0.0,0.0,0.0
699,K,K,K699K,Core,NEGATIVE_CONSENSUS,INVARIABLE,False,False,False,1.2671006,0.13015565800770462,1.0,1.0,1.0,0.0,2009.2490234375,0.0,0.0,0.0,0.0,0.0,0.0,0.0,0.0,0.0,0.0
700,E,E,E700E,Core,NEGATIVE_CONSENSUS,INVARIABLE,False,False,False,0.17737707,0.33681854926235366,1.0,1.0,1.0,0.0,2009.2490234375,0.0,0.0,0.0,0.0,0.0,0.0,0.0,0.0,0.0,0.0
701,D,D,D701D,Core,NEGATIVE_CONSENSUS,INVARIABLE,False,False,False,2.8818045,0.044792789968923004,1.0,1.0,1.0,0.0,2009.2490234375,0.0,0.0,0.0,0.0,0.0,0.0,0.0,0.0,0.0,0.0
702,K,K,K702K,Core,NEGATIVE_CONSENSUS,INVARIABLE,False,False,False,0.2995089,0.2920952302947697,1.0,1.0,1.0,0.0,2009.2490234375,0.0,0.0,0.0,0.0,0.0,0.0,0.0,0.0,0.0,0.0
703,R,R,R703R,Core,NEGATIVE_CONSENSUS,INVARIABLE,False,False,False,0.047289148,0.41392467273385114,1.0,1.0,1.0,0.0,2009.2490234375,0.0,0.0,0.0,0.0,0.0,0.0,0.0,0.0,0.0,0.0
704,Y,Y,Y704Y,Core,NEGATIVE_CONSENSUS,INVARIABLE,False,False,False,0.04160279,0.41918940090001205,1.0,1.0,1.0,0.0,2009.2490234375,0.0,0.0,0.0,0.0,0.0,0.0,0.0,0.0,0.0,0.0
705,G,G,G705G,Core,NEGATIVE_CONSENSUS,INVARIABLE,False,False,False,0.31973153,0.28588451406953874,1.0,1.0,1.0,0.0,2009.2490234375,0.0,0.0,0.0,0.0,0.0,0.0,0.0,0.0,0.0,0.0
706,P,P,P706P,Core,NEGATIVE_CONSENSUS,INVARIABLE,False,False,False,0.09249291,0.3805157715681833,1.0,1.0,1.0,0.0,2009.2490234375,0.0,0.0,0.0,0.0,0.0,0.0,0.0,0.0,0.0,0.0
707,A,A,A707A,Core,NEGATIVE_CONSENSUS,INVARIABLE,False,False,False,0.42455614,0.2573361658337101,1.0,1.0,1.0,0.0,2009.2490234375,0.0,0.0,0.0,0.0,0.0,0.0,0.0,0.0,0.0,0.0
708,L,L,L708L,Core,NEGATIVE_CONSENSUS,INVARIABLE,False,False,False,0.28021458,0.2982803046346809,1.0,1.0,1.0,0.0,2009.2490234375,0.0,0.0,0.0,0.0,0.0,0.0,0.0,0.0,0.0,0.0
709,S,S,S709S,Core,NEGATIVE_CONSENSUS,INVARIABLE,False,False,False,0.49796218,0.2401984475468799,1.0,1.0,1.0,0.0,2009.2490234375,0.0,0.0,0.0,0.0,0.0,0.0,0.0,0.0,0.0,0.0
710,I,I,I710I,Core,NEGATIVE_CONSENSUS,INVARIABLE,False,False,False,0.41026053,0.2609186505464557,1.0,1.0,1.0,0.0,2009.2490234375,0.0,0.0,0.0,0.0,0.0,0.0,0.0,0.0,0.0,0.0
711,N,N,N711N,Core,NEGATIVE_CONSENSUS,INVARIABLE,False,False,False,0.14756067,0.3504387265808948,1.0,1.0,1.0,0.0,2009.2490234375,0.0,0.0,0.0,0.0,0.0,0.0,0.0,0.0,0.0,0.0
712,E,E,E712E,Core,NEGATIVE_CONSENSUS,INVARIABLE,False,False,False,0.17737707,0.33681854926235366,1.0,1.0,1.0,0.0,2009.2490234375,0.0,0.0,0.0,0.0,0.0,0.0,0.0,0.0,0.0,0.0
713,L,L,L713L,Core,NEGATIVE_CONSENSUS,INVARIABLE,False,False,False,0.15878537,0.3451386324350256,1.0,1.0,1.0,0.0,2009.2490234375,0.0,0.0,0.0,0.0,0.0,0.0,0.0,0.0,0.0,0.0
714,S,N,S714N,Core,NEGATIVE_CONSENSUS,TEMPORAL_NOISE,False,False,False,1.9777523,0.07981369736427942,0.3517909,0.64356434,0.77227724,0.82293534,2009.373195842161,0.051304486304186686,2009.3168,2009.3958,0.0790188,0.00727182069146596,0.004899856884490443,2.6373816,-3.0866215,2.7746074,1.9047527
715,N,N,N715N,Core,NEGATIVE_CONSENSUS,INVARIABLE,False,False,False,0.14756067,0.3504387265808948,1.0,1.0,1.0,0.0,2009.2490234375,0.0,0.0,0.0,0.0,0.0,0.0,0.0,0.0,0.0,0.0
716,L,L,L716L,Core,NEGATIVE_CONSENSUS,INVARIABLE,False,False,False,0.1403902,0.3539467030420645,1.0,1.0,1.0,0.0,2009.2490234375,0.0,0.0,0.0,0.0,0.0,0.0,0.0,0.0,0.0,0.0
717,A,A,A717A,Core,NEGATIVE_CONSENSUS,INVARIABLE,False,False,False,0.50961536,0.23765270523878462,1.0,1.0,1.0,0.0,2009.2490234375,0.0,0.0,0.0,0.0,0.0,0.0,0.0,0.0,0.0,0.0
718,K,K,K718K,Core,NEGATIVE_CONSENSUS,INVARIABLE,False,False,False,1.2671006,0.13015565800770462,1.0,1.0,1.0,0.0,2009.2490234375,0.0,0.0,0.0,0.0,0.0,0.0,0.0,0.0,0.0,0.0
719,G,G,G719G,Core,NEGATIVE_CONSENSUS,INVARIABLE,False,False,False,0.08983235,0.38219519767681476,1.0,1.0,1.0,0.0,2009.2490234375,0.0,0.0,0.0,0.0,0.0,0.0,0.0,0.0,0.0,0.0
720,E,E,E720E,Core,NEGATIVE_CONSENSUS,INVARIABLE,False,False,False,0.09971498,0.37608596908684694,1.0,1.0,1.0,0.0,2009.2490234375,0.0,0.0,0.0,0.0,0.0,0.0,0.0,0.0,0.0,0.0
721,K,K,K721K,Core,NEGATIVE_CONSENSUS,INVARIABLE,False,False,False,8.152967,0.0021495378037669397,1.0,1.0,1.0,0.0,2009.2490234375,0.0,0.0,0.0,0.0,0.0,0.0,0.0,0.0,0.0,0.0
722,A,A,A722A,Core,NEGATIVE_CONSENSUS,INVARIABLE,False,False,False,0.6177493,0.21594245077438262,1.0,1.0,1.0,0.0,2009.2490234375,0.0,0.0,0.0,0.0,0.0,0.0,0.0,0.0,0.0,0.0
723,N,N,N723N,Core,NEGATIVE_CONSENSUS,INVARIABLE,False,False,False,0.14756067,0.3504387265808948,1.0,1.0,1.0,0.0,2009.2490234375,0.0,0.0,0.0,0.0,0.0,0.0,0.0,0.0,0.0,0.0
724,V,V,V724V,Core,NEGATIVE_CONSENSUS,INVARIABLE,False,False,False,0.15838115,0.3453256737119521,1.0,1.0,1.0,0.0,2009.2490234375,0.0,0.0,0.0,0.0,0.0,0.0,0.0,0.0,0.0,0.0
725,L,L,L725L,Core,NEGATIVE_CONSENSUS,INVARIABLE,False,False,False,0.20977953,0.32347013020324433,1.0,1.0,1.0,0.0,2009.2490234375,0.0,0.0,0.0,0.0,0.0,0.0,0.0,0.0,0.0,0.0
726,I,I,I726I,Core,NEGATIVE_CONSENSUS,INVARIABLE,False,False,False,0.7167717,0.19860244442133695,1.0,1.0,1.0,0.0,2009.2490234375,0.0,0.0,0.0,0.0,0.0,0.0,0.0,0.0,0.0,0.0
727,G,G,G727G,Core,NEGATIVE_CONSENSUS,INVARIABLE,False,False,False,0.10198707,0.37472898848367453,1.0,1.0,1.0,0.0,2009.2490234375,0.0,0.0,0.0,0.0,0.0,0.0,0.0,0.0,0.0,0.0
728,Q,Q,Q728Q,Core,NEGATIVE_CONSENSUS,INVARIABLE,False,False,False,0.1328033,0.35777149996023005,1.0,1.0,1.0,0.0,2009.2490234375,0.0,0.0,0.0,0.0,0.0,0.0,0.0,0.0,0.0,0.0
729,G,G,G729G,Core,NEGATIVE_CONSENSUS,INVARIABLE,False,False,False,0.10198707,0.37472898848367453,1.0,1.0,1.0,0.0,2009.2490234375,0.0,0.0,0.0,0.0,0.0,0.0,0.0,0.0,0.0,0.0
730,D,D,D730D,Core,NEGATIVE_CONSENSUS,INVARIABLE,False,False,False,1.2960109,0.12747158753945123,1.0,1.0,1.0,0.0,2009.2490234375,0.0,0.0,0.0,0.0,0.0,0.0,0.0,0.0,0.0,0.0
731,V,V,V731V,Core,NEGATIVE_CONSENSUS,INVARIABLE,False,False,False,0.60705686,0.21794905634298722,1.0,1.0,1.0,0.0,2009.2490234375,0.0,0.0,0.0,0.0,0.0,0.0,0.0,0.0,0.0,0.0
732,V,V,V732V,Core,NEGATIVE_CONSENSUS,INVARIABLE,False,False,False,0.15838115,0.3453256737119521,1.0,1.0,1.0,0.0,2009.2490234375,0.0,0.0,0.0,0.0,0.0,0.0,0.0,0.0,0.0,0.0
733,L,L,L733L,Core,NEGATIVE_CONSENSUS,INVARIABLE,False,False,False,0.11684559,0.36624060240780854,1.0,1.0,1.0,0.0,2009.2490234375,0.0,0.0,0.0,0.0,0.0,0.0,0.0,0.0,0.0,0.0
734,V,I,V734I,Core,NEGATIVE_CONSENSUS,TEMPORAL_NOISE,False,False,False,1.6102269,0.10222995708274622,0.3517909,0.64356434,0.77227724,0.82293534,2009.373195842161,0.05768939343195412,2009.3168,2009.3958,0.0790188,0.008176807820457037,0.005509650167700268,2.6373818,-3.0866215,2.7746077,1.9047529
735,M,M,M735M,Core,NEGATIVE_CONSENSUS,INVARIABLE,False,False,False,0.04345588,0.4174346170740496,1.0,1.0,1.0,0.0,2009.2490234375,0.0,0.0,0.0,0.0,0.0,0.0,0.0,0.0,0.0,0.0
736,K,K,K736K,Core,NEGATIVE_CONSENSUS,INVARIABLE,False,False,False,1.2671006,0.13015565800770462,1.0,1.0,1.0,0.0,2009.2490234375,0.0,0.0,0.0,0.0,0.0,0.0,0.0,0.0,0.0,0.0
737,R,R,R737R,Core,NEGATIVE_CONSENSUS,INVARIABLE,False,False,False,0.03523141,0.4255557883149065,1.0,1.0,1.0,0.0,2009.2490234375,0.0,0.0,0.0,0.0,0.0,0.0,0.0,0.0,0.0,0.0
738,K,K,K738K,Core,NEGATIVE_CONSENSUS,INVARIABLE,False,False,False,1.2671006,0.13015565800770462,1.0,1.0,1.0,0.0,2009.2490234375,0.0,0.0,0.0,0.0,0.0,0.0,0.0,0.0,0.0,0.0
739,R,R,R739R,Core,NEGATIVE_CONSENSUS,INVARIABLE,False,False,False,0.031301104,0.42978515135323686,1.0,1.0,1.0,0.0,2009.2490234375,0.0,0.0,0.0,0.0,0.0,0.0,0.0,0.0,0.0,0.0
740,D,D,D740D,Core,NEGATIVE_CONSENSUS,INVARIABLE,False,False,False,2.8818045,0.044792789968923004,1.0,1.0,1.0,0.0,2009.2490234375,0.0,0.0,0.0,0.0,0.0,0.0,0.0,0.0,0.0,0.0
741,S,S,S741S,Core,NEGATIVE_CONSENSUS,INVARIABLE,False,False,False,0.26384795,0.30374440131695446,1.0,1.0,1.0,0.0,2009.2490234375,0.0,0.0,0.0,0.0,0.0,0.0,0.0,0.0,0.0,0.0
742,S,S,S742S,Core,NEGATIVE_CONSENSUS,INVARIABLE,False,False,False,0.49796218,0.2401984475468799,1.0,1.0,1.0,0.0,2009.2490234375,0.0,0.0,0.0,0.0,0.0,0.0,0.0,0.0,0.0,0.0
743,I,I,I743I,Core,NEGATIVE_CONSENSUS,INVARIABLE,False,False,False,1.0355865,0.15442508350662135,1.0,1.0,1.0,0.0,2009.2490234375,0.0,0.0,0.0,0.0,0.0,0.0,0.0,0.0,0.0,0.0
744,L,L,L744L,Core,NEGATIVE_CONSENSUS,INVARIABLE,False,False,False,0.1403902,0.3539467030420645,1.0,1.0,1.0,0.0,2009.2490234375,0.0,0.0,0.0,0.0,0.0,0.0,0.0,0.0,0.0,0.0
745,T,T,T745T,Core,NEGATIVE_CONSENSUS,INVARIABLE,False,False,False,0.026892863,0.434869336287794,1.0,1.0,1.0,0.0,2009.2490234375,0.0,0.0,0.0,0.0,0.0,0.0,0.0,0.0,0.0,0.0
746,D,D,D746D,Core,NEGATIVE_CONSENSUS,INVARIABLE,False,False,False,2.8818045,0.044792789968923004,1.0,1.0,1.0,0.0,2009.2490234375,0.0,0.0,0.0,0.0,0.0,0.0,0.0,0.0,0.0,0.0
747,S,S,S747S,Core,NEGATIVE_CONSENSUS,INVARIABLE,False,False,False,0.49796218,0.2401984475468799,1.0,1.0,1.0,0.0,2009.2490234375,0.0,0.0,0.0,0.0,0.0,0.0,0.0,0.0,0.0,0.0
748,Q,Q,Q748Q,Core,NEGATIVE_CONSENSUS,INVARIABLE,False,False,False,0.14861211,0.3499326088640236,1.0,1.0,1.0,0.0,2009.2490234375,0.0,0.0,0.0,0.0,0.0,0.0,0.0,0.0,0.0,0.0
749,T,T,T749T,Core,NEGATIVE_CONSENSUS,INVARIABLE,False,False,False,0.03364685,0.427230012532943,1.0,1.0,1.0,0.0,2009.2490234375,0.0,0.0,0.0,0.0,0.0,0.0,0.0,0.0,0.0,0.0
750,A,A,A750A,Core,NEGATIVE_CONSENSUS,INVARIABLE,False,False,False,0.112414464,0.36870593513800987,1.0,1.0,1.0,0.0,2009.2490234375,0.0,0.0,0.0,0.0,0.0,0.0,0.0,0.0,0.0,0.0
751,T,T,T751T,Core,NEGATIVE_CONSENSUS,INVARIABLE,False,False,False,0.033261508,0.42764328918344385,1.0,1.0,1.0,0.0,2009.2490234375,0.0,0.0,0.0,0.0,0.0,0.0,0.0,0.0,0.0,0.0
752,K,K,K752K,Core,NEGATIVE_CONSENSUS,INVARIABLE,False,False,False,1.2671006,0.13015565800770462,1.0,1.0,1.0,0.0,2009.2490234375,0.0,0.0,0.0,0.0,0.0,0.0,0.0,0.0,0.0,0.0
753,R,R,R753R,Core,NEGATIVE_CONSENSUS,INVARIABLE,False,False,False,0.048382897,0.41295071511700676,1.0,1.0,1.0,0.0,2009.2490234375,0.0,0.0,0.0,0.0,0.0,0.0,0.0,0.0,0.0,0.0
754,I,I,I754I,Core,NEGATIVE_CONSENSUS,INVARIABLE,False,False,False,0.7167717,0.19860244442133695,1.0,1.0,1.0,0.0,2009.2490234375,0.0,0.0,0.0,0.0,0.0,0.0,0.0,0.0,0.0,0.0
755,R,R,R755R,Core,NEGATIVE_CONSENSUS,INVARIABLE,False,False,False,0.031301104,0.42978515135323686,1.0,1.0,1.0,0.0,2009.2490234375,0.0,0.0,0.0,0.0,0.0,0.0,0.0,0.0,0.0,0.0
756,M,M,M756M,Core,NEGATIVE_CONSENSUS,INVARIABLE,False,False,False,0.04345588,0.4174346170740496,1.0,1.0,1.0,0.0,2009.2490234375,0.0,0.0,0.0,0.0,0.0,0.0,0.0,0.0,0.0,0.0
757,A,A,A757A,Core,NEGATIVE_CONSENSUS,INVARIABLE,False,False,False,1.0132155,0.15706686261615616,1.0,1.0,1.0,0.0,2009.2490234375,0.0,0.0,0.0,0.0,0.0,0.0,0.0,0.0,0.0,0.0
758,I,I,I758I,Core,NEGATIVE_CONSENSUS,INVARIABLE,False,False,False,0.41026053,0.2609186505464557,1.0,1.0,1.0,0.0,2009.2490234375,0.0,0.0,0.0,0.0,0.0,0.0,0.0,0.0,0.0,0.0
759,N,N,N759N,Core,NEGATIVE_CONSENSUS,INVARIABLE,False,False,False,0.14756067,0.3504387265808948,1.0,1.0,1.0,0.0,2009.2490234375,0.0,0.0,0.0,0.0,0.0,0.0,0.0,0.0,0.0,0.0
760,A,A,A760A,Core,NEGATIVE_CONSENSUS,INVARIABLE,False,False,False,0.07253021,0.3938439016477709,1.0,1.0,1.0,0.0,2009.2490234375,0.0,0.0,0.0,0.0,0.0,0.0,0.0,0.0,0.0,0.0
761,A,A,A761A,Core,NEGATIVE_CONSENSUS,INVARIABLE,False,False,False,0.07253021,0.3938439016477709,1.0,1.0,1.0,0.0,2009.2490234375,0.0,0.0,0.0,0.0,0.0,0.0,0.0,0.0,0.0,0.0
762,M,M,M762M,Core,NEGATIVE_CONSENSUS,INVARIABLE,False,False,False,0.04345588,0.4174346170740496,1.0,1.0,1.0,0.0,2009.2490234375,0.0,0.0,0.0,0.0,0.0,0.0,0.0,0.0,0.0,0.0
763,D,D,D763D,Core,NEGATIVE_CONSENSUS,INVARIABLE,False,False,False,0.24172953,0.3114798699800736,1.0,1.0,1.0,0.0,2009.2490234375,0.0,0.0,0.0,0.0,0.0,0.0,0.0,0.0,0.0,0.0
764,V,V,V764V,Core,NEGATIVE_CONSENSUS,INVARIABLE,False,False,False,0.79312986,0.1865776994741124,1.0,1.0,1.0,0.0,2009.2490234375,0.0,0.0,0.0,0.0,0.0,0.0,0.0,0.0,0.0,0.0
765,N,N,N765N,Core,NEGATIVE_CONSENSUS,INVARIABLE,False,False,False,0.14756067,0.3504387265808948,1.0,1.0,1.0,0.0,2009.2490234375,0.0,0.0,0.0,0.0,0.0,0.0,0.0,0.0,0.0,0.0
766,P,P,P766P,Core,NEGATIVE_CONSENSUS,INVARIABLE,False,False,False,0.084023274,0.3859587324025193,1.0,1.0,1.0,0.0,2009.2490234375,0.0,0.0,0.0,0.0,0.0,0.0,0.0,0.0,0.0,0.0
767,T,T,T767T,Core,NEGATIVE_CONSENSUS,INVARIABLE,False,False,False,0.026892863,0.434869336287794,1.0,1.0,1.0,0.0,2009.2490234375,0.0,0.0,0.0,0.0,0.0,0.0,0.0,0.0,0.0,0.0
768,L,L,L768L,Core,NEGATIVE_CONSENSUS,INVARIABLE,False,False,False,0.20977953,0.32347013020324433,1.0,1.0,1.0,0.0,2009.2490234375,0.0,0.0,0.0,0.0,0.0,0.0,0.0,0.0,0.0,0.0
769,L,L,L769L,Core,NEGATIVE_CONSENSUS,INVARIABLE,False,False,False,0.1403902,0.3539467030420645,1.0,1.0,1.0,0.0,2009.2490234375,0.0,0.0,0.0,0.0,0.0,0.0,0.0,0.0,0.0,0.0
770,F,F,F770F,Core,NEGATIVE_CONSENSUS,INVARIABLE,False,False,False,0.020457096,0.4431339129191302,1.0,1.0,1.0,0.0,2009.2490234375,0.0,0.0,0.0,0.0,0.0,0.0,0.0,0.0,0.0,0.0
771,L,L,L771L,Core,NEGATIVE_CONSENSUS,INVARIABLE,False,False,False,0.20977953,0.32347013020324433,1.0,1.0,1.0,0.0,2009.2490234375,0.0,0.0,0.0,0.0,0.0,0.0,0.0,0.0,0.0,0.0
772,K,K,K772K,Core,NEGATIVE_CONSENSUS,INVARIABLE,False,False,False,1.2671006,0.13015565800770462,1.0,1.0,1.0,0.0,2009.2490234375,0.0,0.0,0.0,0.0,0.0,0.0,0.0,0.0,0.0,0.0
773,I,L,I773L,Core,NEGATIVE_CONSENSUS,TEMPORAL_NOISE,False,False,False,1.961633,0.0806693916107199,0.3517909,0.43564355,0.6669024,0.8121201,2009.745713056144,0.03975390738717842,2009.7006,2009.7683,0.067730404,0.0051781797705948256,0.003507202002992628,0.21736471,-0.45596293,-5.984712,2.3703663
774,P,P,P774P,Core,NEGATIVE_CONSENSUS,INVARIABLE,False,False,False,0.09249291,0.3805157715681833,1.0,1.0,1.0,0.0,2009.2490234375,0.0,0.0,0.0,0.0,0.0,0.0,0.0,0.0,0.0,0.0
775,A,V,A775V,Core,NEGATIVE_CONSENSUS,TEMPORAL_NOISE,False,False,False,1.1220169,0.14474228796538063,0.3517909,0.07920792,0.42981946,0.5354279,2009.9037506620762,0.17229948826645058,2009.836,2009.915,0.0790188,0.02302699136453807,0.014626526701763568,0.7744807,7.2424436,2.037565,1.1537356
776,Q,Q,Q776Q,Core,NEGATIVE_CONSENSUS,INVARIABLE,False,False,False,0.1328033,0.35777149996023005,1.0,1.0,1.0,0.0,2009.2490234375,0.0,0.0,0.0,0.0,0.0,0.0,0.0,0.0,0.0,0.0
777,N,N,N777N,Core,NEGATIVE_CONSENSUS,INVARIABLE,False,False,False,0.14756067,0.3504387265808948,1.0,1.0,1.0,0.0,2009.2490234375,0.0,0.0,0.0,0.0,0.0,0.0,0.0,0.0,0.0,0.0
778,A,A,A778A,Core,NEGATIVE_CONSENSUS,INVARIABLE,False,False,False,0.50347275,0.23898909469993418,1.0,1.0,1.0,0.0,2009.2490234375,0.0,0.0,0.0,0.0,0.0,0.0,0.0,0.0,0.0,0.0
779,I,I,I779I,Core,NEGATIVE_CONSENSUS,INVARIABLE,False,False,False,1.0355865,0.15442508350662135,1.0,1.0,1.0,0.0,2009.2490234375,0.0,0.0,0.0,0.0,0.0,0.0,0.0,0.0,0.0,0.0
780,S,S,S780S,Core,NEGATIVE_CONSENSUS,INVARIABLE,False,False,False,0.49796218,0.2401984475468799,1.0,1.0,1.0,0.0,2009.2490234375,0.0,0.0,0.0,0.0,0.0,0.0,0.0,0.0,0.0,0.0
781,T,T,T781T,Core,NEGATIVE_CONSENSUS,INVARIABLE,False,False,False,0.033261508,0.42764328918344385,1.0,1.0,1.0,0.0,2009.2490234375,0.0,0.0,0.0,0.0,0.0,0.0,0.0,0.0,0.0,0.0
782,T,T,T782T,Core,NEGATIVE_CONSENSUS,INVARIABLE,False,False,False,0.03364685,0.427230012532943,1.0,1.0,1.0,0.0,2009.2490234375,0.0,0.0,0.0,0.0,0.0,0.0,0.0,0.0,0.0,0.0
783,F,F,F783F,Core,NEGATIVE_CONSENSUS,INVARIABLE,False,False,False,0.03677015,0.42396688710899644,1.0,1.0,1.0,0.0,2009.2490234375,0.0,0.0,0.0,0.0,0.0,0.0,0.0,0.0,0.0,0.0
784,P,P,P784P,Core,NEGATIVE_CONSENSUS,INVARIABLE,False,False,False,0.18130763,0.33512594256133826,1.0,1.0,1.0,0.0,2009.2490234375,0.0,0.0,0.0,0.0,0.0,0.0,0.0,0.0,0.0,0.0
785,Y,Y,Y785Y,Core,NEGATIVE_CONSENSUS,INVARIABLE,False,False,False,0.04160279,0.41918940090001205,1.0,1.0,1.0,0.0,2009.2490234375,0.0,0.0,0.0,0.0,0.0,0.0,0.0,0.0,0.0,0.0
786,T,T,T786T,Core,NEGATIVE_CONSENSUS,INVARIABLE,False,False,False,0.026892863,0.434869336287794,1.0,1.0,1.0,0.0,2009.2490234375,0.0,0.0,0.0,0.0,0.0,0.0,0.0,0.0,0.0,0.0
787,G,G,G787G,Core,NEGATIVE_CONSENSUS,INVARIABLE,False,False,False,0.08983235,0.38219519767681476,1.0,1.0,1.0,0.0,2009.2490234375,0.0,0.0,0.0,0.0,0.0,0.0,0.0,0.0,0.0,0.0
788,D,D,D788D,Core,NEGATIVE_CONSENSUS,INVARIABLE,False,False,False,0.25704527,0.30607870014895033,1.0,1.0,1.0,0.0,2009.2490234375,0.0,0.0,0.0,0.0,0.0,0.0,0.0,0.0,0.0,0.0
789,P,P,P789P,Core,NEGATIVE_CONSENSUS,INVARIABLE,False,False,False,0.18130763,0.33512594256133826,1.0,1.0,1.0,0.0,2009.2490234375,0.0,0.0,0.0,0.0,0.0,0.0,0.0,0.0,0.0,0.0
790,P,P,P790P,Core,NEGATIVE_CONSENSUS,INVARIABLE,False,False,False,0.09249291,0.3805157715681833,1.0,1.0,1.0,0.0,2009.2490234375,0.0,0.0,0.0,0.0,0.0,0.0,0.0,0.0,0.0,0.0
791,Y,Y,Y791Y,Core,NEGATIVE_CONSENSUS,INVARIABLE,False,False,False,0.08357149,0.38625726840274144,1.0,1.0,1.0,0.0,2009.2490234375,0.0,0.0,0.0,0.0,0.0,0.0,0.0,0.0,0.0,0.0
792,S,S,S792S,Core,NEGATIVE_CONSENSUS,INVARIABLE,False,False,False,0.4913923,0.24165344071553635,1.0,1.0,1.0,0.0,2009.2490234375,0.0,0.0,0.0,0.0,0.0,0.0,0.0,0.0,0.0,0.0
793,H,H,H793H,Core,NEGATIVE_CONSENSUS,INVARIABLE,False,False,False,0.18790461,0.3323331716817506,1.0,1.0,1.0,0.0,2009.2490234375,0.0,0.0,0.0,0.0,0.0,0.0,0.0,0.0,0.0,0.0
794,G,G,G794G,Core,NEGATIVE_CONSENSUS,INVARIABLE,False,False,False,0.08983235,0.38219519767681476,1.0,1.0,1.0,0.0,2009.2490234375,0.0,0.0,0.0,0.0,0.0,0.0,0.0,0.0,0.0,0.0
795,T,T,T795T,Core,NEGATIVE_CONSENSUS,INVARIABLE,False,False,False,0.03364685,0.427230012532943,1.0,1.0,1.0,0.0,2009.2490234375,0.0,0.0,0.0,0.0,0.0,0.0,0.0,0.0,0.0,0.0
796,G,G,G796G,Core,NEGATIVE_CONSENSUS,INVARIABLE,False,False,False,0.08983235,0.38219519767681476,1.0,1.0,1.0,0.0,2009.2490234375,0.0,0.0,0.0,0.0,0.0,0.0,0.0,0.0,0.0,0.0
797,T,T,T797T,Core,NEGATIVE_CONSENSUS,INVARIABLE,False,False,False,0.03364685,0.427230012532943,1.0,1.0,1.0,0.0,2009.2490234375,0.0,0.0,0.0,0.0,0.0,0.0,0.0,0.0,0.0,0.0
798,G,G,G798G,Core,NEGATIVE_CONSENSUS,INVARIABLE,False,False,False,0.06014667,0.40313213569471196,1.0,1.0,1.0,0.0,2009.2490234375,0.0,0.0,0.0,0.0,0.0,0.0,0.0,0.0,0.0,0.0
799,Y,Y,Y799Y,Core,NEGATIVE_CONSENSUS,INVARIABLE,False,False,False,0.08357149,0.38625726840274144,1.0,1.0,1.0,0.0,2009.2490234375,0.0,0.0,0.0,0.0,0.0,0.0,0.0,0.0,0.0,0.0
800,T,T,T800T,Core,NEGATIVE_CONSENSUS,INVARIABLE,False,False,False,0.033261508,0.42764328918344385,1.0,1.0,1.0,0.0,2009.2490234375,0.0,0.0,0.0,0.0,0.0,0.0,0.0,0.0,0.0,0.0
801,M,M,M801M,Core,NEGATIVE_CONSENSUS,INVARIABLE,False,False,False,0.04345588,0.4174346170740496,1.0,1.0,1.0,0.0,2009.2490234375,0.0,0.0,0.0,0.0,0.0,0.0,0.0,0.0,0.0,0.0
802,D,D,D802D,Core,NEGATIVE_CONSENSUS,INVARIABLE,False,False,False,1.3654803,0.12129497525750388,1.0,1.0,1.0,0.0,2009.2490234375,0.0,0.0,0.0,0.0,0.0,0.0,0.0,0.0,0.0,0.0
803,T,T,T803T,Core,NEGATIVE_CONSENSUS,INVARIABLE,False,False,False,0.03364685,0.427230012532943,1.0,1.0,1.0,0.0,2009.2490234375,0.0,0.0,0.0,0.0,0.0,0.0,0.0,0.0,0.0,0.0
804,V,V,V804V,Core,NEGATIVE_CONSENSUS,INVARIABLE,False,False,False,0.6252575,0.2145501260866799,1.0,1.0,1.0,0.0,2009.2490234375,0.0,0.0,0.0,0.0,0.0,0.0,0.0,0.0,0.0,0.0
805,N,N,N805N,Core,NEGATIVE_CONSENSUS,INVARIABLE,False,False,False,0.2697167,0.3017609345059,1.0,1.0,1.0,0.0,2009.2490234375,0.0,0.0,0.0,0.0,0.0,0.0,0.0,0.0,0.0,0.0
806,R,R,R806R,Core,NEGATIVE_CONSENSUS,INVARIABLE,False,False,False,0.047289148,0.41392467273385114,1.0,1.0,1.0,0.0,2009.2490234375,0.0,0.0,0.0,0.0,0.0,0.0,0.0,0.0,0.0,0.0
807,T,T,T807T,Core,NEGATIVE_CONSENSUS,INVARIABLE,False,False,False,0.03364685,0.427230012532943,1.0,1.0,1.0,0.0,2009.2490234375,0.0,0.0,0.0,0.0,0.0,0.0,0.0,0.0,0.0,0.0
808,H,H,H808H,Core,NEGATIVE_CONSENSUS,INVARIABLE,False,False,False,0.534049,0.23245477158082695,1.0,1.0,1.0,0.0,2009.2490234375,0.0,0.0,0.0,0.0,0.0,0.0,0.0,0.0,0.0,0.0
809,Q,Q,Q809Q,Core,NEGATIVE_CONSENSUS,INVARIABLE,False,False,False,0.1328033,0.35777149996023005,1.0,1.0,1.0,0.0,2009.2490234375,0.0,0.0,0.0,0.0,0.0,0.0,0.0,0.0,0.0,0.0
810,Y,Y,Y810Y,Core,NEGATIVE_CONSENSUS,INVARIABLE,False,False,False,0.03161958,0.4294325827058245,1.0,1.0,1.0,0.0,2009.2490234375,0.0,0.0,0.0,0.0,0.0,0.0,0.0,0.0,0.0,0.0
811,S,S,S811S,Core,NEGATIVE_CONSENSUS,INVARIABLE,False,False,False,0.2075632,0.3243420394483918,1.0,1.0,1.0,0.0,2009.2490234375,0.0,0.0,0.0,0.0,0.0,0.0,0.0,0.0,0.0,0.0
812,E,K,E812K,Core,NEGATIVE_CONSENSUS,TEMPORAL_NOISE,False,False,False,0.6616343,0.20799177852030787,0.3517909,0.15841584,0.57686293,0.70823,2009.8360202595338,0.0899219664381797,2009.7909,2009.8699,0.0790188,0.013014731199901878,0.008814929831496954,0.54099715,5.5039544,-0.963348,1.5474578
813,K,K,K813K,Core,NEGATIVE_CONSENSUS,INVARIABLE,False,False,False,0.2995089,0.2920952302947697,1.0,1.0,1.0,0.0,2009.2490234375,0.0,0.0,0.0,0.0,0.0,0.0,0.0,0.0,0.0,0.0
814,G,G,G814G,Core,NEGATIVE_CONSENSUS,INVARIABLE,False,False,False,0.08983235,0.38219519767681476,1.0,1.0,1.0,0.0,2009.2490234375,0.0,0.0,0.0,0.0,0.0,0.0,0.0,0.0,0.0,0.0
815,K,K,K815K,Core,NEGATIVE_CONSENSUS,INVARIABLE,False,False,False,0.56066346,0.22699652362444533,1.0,1.0,1.0,0.0,2009.2490234375,0.0,0.0,0.0,0.0,0.0,0.0,0.0,0.0,0.0,0.0
816,W,W,W816W,Core,NEGATIVE_CONSENSUS,INVARIABLE,False,False,False,0.14326186,0.3525297858631183,1.0,1.0,1.0,0.0,2009.2490234375,0.0,0.0,0.0,0.0,0.0,0.0,0.0,0.0,0.0,0.0
817,T,M,T817M,Core,NEGATIVE_CONSENSUS,TEMPORAL_NOISE,False,False,False,0.80187756,0.18526630135412053,0.3517909,0.18811882,0.57846534,0.73718977,2009.8473086599577,0.12122152493215876,2009.8021,2009.8812,0.0790188,0.01827070217378537,0.012280486789025777,0.63137436,6.2637057,-0.20132934,1.4960978
818,T,T,T818T,Core,NEGATIVE_CONSENSUS,INVARIABLE,False,False,False,0.02663515,0.4351793861903551,1.0,1.0,1.0,0.0,2009.2490234375,0.0,0.0,0.0,0.0,0.0,0.0,0.0,0.0,0.0,0.0
819,N,N,N819N,Core,NEGATIVE_CONSENSUS,INVARIABLE,False,False,False,0.2697167,0.3017609345059,1.0,1.0,1.0,0.0,2009.2490234375,0.0,0.0,0.0,0.0,0.0,0.0,0.0,0.0,0.0,0.0
820,T,T,T820T,Core,NEGATIVE_CONSENSUS,INVARIABLE,False,False,False,0.03364685,0.427230012532943,1.0,1.0,1.0,0.0,2009.2490234375,0.0,0.0,0.0,0.0,0.0,0.0,0.0,0.0,0.0,0.0
821,E,E,E821E,Core,NEGATIVE_CONSENSUS,INVARIABLE,False,False,False,0.09971498,0.37608596908684694,1.0,1.0,1.0,0.0,2009.2490234375,0.0,0.0,0.0,0.0,0.0,0.0,0.0,0.0,0.0,0.0
822,T,T,T822T,Core,NEGATIVE_CONSENSUS,INVARIABLE,False,False,False,0.026892863,0.434869336287794,1.0,1.0,1.0,0.0,2009.2490234375,0.0,0.0,0.0,0.0,0.0,0.0,0.0,0.0,0.0,0.0
823,G,G,G823G,Core,NEGATIVE_CONSENSUS,INVARIABLE,False,False,False,0.15513371,0.3468384480856218,1.0,1.0,1.0,0.0,2009.2490234375,0.0,0.0,0.0,0.0,0.0,0.0,0.0,0.0,0.0,0.0
824,A,A,A824A,Core,NEGATIVE_CONSENSUS,INVARIABLE,False,False,False,0.50961536,0.23765270523878462,1.0,1.0,1.0,0.0,2009.2490234375,0.0,0.0,0.0,0.0,0.0,0.0,0.0,0.0,0.0,0.0
825,P,P,P825P,Core,NEGATIVE_CONSENSUS,INVARIABLE,False,False,False,0.13949645,0.35439106371219375,1.0,1.0,1.0,0.0,2009.2490234375,0.0,0.0,0.0,0.0,0.0,0.0,0.0,0.0,0.0,0.0
826,Q,Q,Q826Q,Core,NEGATIVE_CONSENSUS,INVARIABLE,False,False,False,0.14861211,0.3499326088640236,1.0,1.0,1.0,0.0,2009.2490234375,0.0,0.0,0.0,0.0,0.0,0.0,0.0,0.0,0.0,0.0
827,L,L,L827L,Core,NEGATIVE_CONSENSUS,INVARIABLE,False,False,False,0.17319994,0.3386417205269501,1.0,1.0,1.0,0.0,2009.2490234375,0.0,0.0,0.0,0.0,0.0,0.0,0.0,0.0,0.0,0.0
828,N,N,N828N,Core,NEGATIVE_CONSENSUS,INVARIABLE,False,False,False,0.2697167,0.3017609345059,1.0,1.0,1.0,0.0,2009.2490234375,0.0,0.0,0.0,0.0,0.0,0.0,0.0,0.0,0.0,0.0
829,P,P,P829P,Core,NEGATIVE_CONSENSUS,INVARIABLE,False,False,False,0.058440346,0.40448911868105003,1.0,1.0,1.0,0.0,2009.2490234375,0.0,0.0,0.0,0.0,0.0,0.0,0.0,0.0,0.0,0.0
830,I,I,I830I,Core,NEGATIVE_CONSENSUS,FLAT_NO_SIGNAL,False,False,False,0.77397513,0.18949505758117102,0.3517909,1.0,1.0,0.0,2009.2490234375,0.0,0.0,0.0,0.0,0.0,0.0,0.0,0.0,0.0,0.0
831,D,D,D831D,Core,NEGATIVE_CONSENSUS,INVARIABLE,False,False,False,0.24172953,0.3114798699800736,1.0,1.0,1.0,0.0,2009.2490234375,0.0,0.0,0.0,0.0,0.0,0.0,0.0,0.0,0.0,0.0
832,G,G,G832G,Core,NEGATIVE_CONSENSUS,INVARIABLE,False,False,False,0.038192607,0.42252844420401087,1.0,1.0,1.0,0.0,2009.2490234375,0.0,0.0,0.0,0.0,0.0,0.0,0.0,0.0,0.0,0.0
833,P,P,P833P,Core,NEGATIVE_CONSENSUS,INVARIABLE,False,False,False,0.09249291,0.3805157715681833,1.0,1.0,1.0,0.0,2009.2490234375,0.0,0.0,0.0,0.0,0.0,0.0,0.0,0.0,0.0,0.0
834,L,L,L834L,Core,NEGATIVE_CONSENSUS,INVARIABLE,False,False,False,0.20977953,0.32347013020324433,1.0,1.0,1.0,0.0,2009.2490234375,0.0,0.0,0.0,0.0,0.0,0.0,0.0,0.0,0.0,0.0
835,P,P,P835P,Core,NEGATIVE_CONSENSUS,INVARIABLE,False,False,False,0.18130763,0.33512594256133826,1.0,1.0,1.0,0.0,2009.2490234375,0.0,0.0,0.0,0.0,0.0,0.0,0.0,0.0,0.0,0.0
836,E,E,E836E,Core,NEGATIVE_CONSENSUS,INVARIABLE,False,False,False,0.09971498,0.37608596908684694,1.0,1.0,1.0,0.0,2009.2490234375,0.0,0.0,0.0,0.0,0.0,0.0,0.0,0.0,0.0,0.0
837,D,D,D837D,Core,NEGATIVE_CONSENSUS,INVARIABLE,False,False,False,0.25092238,0.3082131738103861,1.0,1.0,1.0,0.0,2009.2490234375,0.0,0.0,0.0,0.0,0.0,0.0,0.0,0.0,0.0,0.0
838,N,N,N838N,Core,NEGATIVE_CONSENSUS,INVARIABLE,False,False,False,0.14756067,0.3504387265808948,1.0,1.0,1.0,0.0,2009.2490234375,0.0,0.0,0.0,0.0,0.0,0.0,0.0,0.0,0.0,0.0
839,E,E,E839E,Core,NEGATIVE_CONSENSUS,INVARIABLE,False,False,False,0.19606611,0.3289575413334752,1.0,1.0,1.0,0.0,2009.2490234375,0.0,0.0,0.0,0.0,0.0,0.0,0.0,0.0,0.0,0.0
840,P,P,P840P,Core,NEGATIVE_CONSENSUS,INVARIABLE,False,False,False,0.09249291,0.3805157715681833,1.0,1.0,1.0,0.0,2009.2490234375,0.0,0.0,0.0,0.0,0.0,0.0,0.0,0.0,0.0,0.0
841,S,S,S841S,Core,NEGATIVE_CONSENSUS,INVARIABLE,False,False,False,0.5161936,0.23623495187969223,1.0,1.0,1.0,0.0,2009.2490234375,0.0,0.0,0.0,0.0,0.0,0.0,0.0,0.0,0.0,0.0
842,G,G,G842G,Core,NEGATIVE_CONSENSUS,INVARIABLE,False,False,False,0.10198707,0.37472898848367453,1.0,1.0,1.0,0.0,2009.2490234375,0.0,0.0,0.0,0.0,0.0,0.0,0.0,0.0,0.0,0.0
843,Y,Y,Y843Y,Core,NEGATIVE_CONSENSUS,INVARIABLE,False,False,False,0.04160279,0.41918940090001205,1.0,1.0,1.0,0.0,2009.2490234375,0.0,0.0,0.0,0.0,0.0,0.0,0.0,0.0,0.0,0.0
844,A,A,A844A,Core,NEGATIVE_CONSENSUS,INVARIABLE,False,False,False,0.50961536,0.23765270523878462,1.0,1.0,1.0,0.0,2009.2490234375,0.0,0.0,0.0,0.0,0.0,0.0,0.0,0.0,0.0,0.0
845,Q,Q,Q845Q,Core,NEGATIVE_CONSENSUS,INVARIABLE,False,False,False,0.1328033,0.35777149996023005,1.0,1.0,1.0,0.0,2009.2490234375,0.0,0.0,0.0,0.0,0.0,0.0,0.0,0.0,0.0,0.0
846,T,T,T846T,Core,NEGATIVE_CONSENSUS,INVARIABLE,False,False,False,0.03364685,0.427230012532943,1.0,1.0,1.0,0.0,2009.2490234375,0.0,0.0,0.0,0.0,0.0,0.0,0.0,0.0,0.0,0.0
847,D,D,D847D,Core,NEGATIVE_CONSENSUS,INVARIABLE,False,False,False,2.8818045,0.044792789968923004,1.0,1.0,1.0,0.0,2009.2490234375,0.0,0.0,0.0,0.0,0.0,0.0,0.0,0.0,0.0,0.0
848,C,C,C848C,Core,NEGATIVE_CONSENSUS,INVARIABLE,False,False,False,0.025839863,0.4361460100233292,1.0,1.0,1.0,0.0,2009.2490234375,0.0,0.0,0.0,0.0,0.0,0.0,0.0,0.0,0.0,0.0
849,V,V,V849V,Core,NEGATIVE_CONSENSUS,INVARIABLE,False,False,False,0.27149606,0.3011649827004066,1.0,1.0,1.0,0.0,2009.2490234375,0.0,0.0,0.0,0.0,0.0,0.0,0.0,0.0,0.0,0.0
850,L,L,L850L,Core,NEGATIVE_CONSENSUS,INVARIABLE,False,False,False,0.20977953,0.32347013020324433,1.0,1.0,1.0,0.0,2009.2490234375,0.0,0.0,0.0,0.0,0.0,0.0,0.0,0.0,0.0,0.0
851,E,E,E851E,Core,NEGATIVE_CONSENSUS,INVARIABLE,False,False,False,0.09971498,0.37608596908684694,1.0,1.0,1.0,0.0,2009.2490234375,0.0,0.0,0.0,0.0,0.0,0.0,0.0,0.0,0.0,0.0
852,A,A,A852A,Core,NEGATIVE_CONSENSUS,INVARIABLE,False,False,False,0.6177493,0.21594245077438262,1.0,1.0,1.0,0.0,2009.2490234375,0.0,0.0,0.0,0.0,0.0,0.0,0.0,0.0,0.0,0.0
853,M,M,M853M,Core,NEGATIVE_CONSENSUS,INVARIABLE,False,False,False,0.04345588,0.4174346170740496,1.0,1.0,1.0,0.0,2009.2490234375,0.0,0.0,0.0,0.0,0.0,0.0,0.0,0.0,0.0,0.0
854,A,A,A854A,Core,NEGATIVE_CONSENSUS,INVARIABLE,False,False,False,0.6177493,0.21594245077438262,1.0,1.0,1.0,0.0,2009.2490234375,0.0,0.0,0.0,0.0,0.0,0.0,0.0,0.0,0.0,0.0
855,F,F,F855F,Core,NEGATIVE_CONSENSUS,INVARIABLE,False,False,False,0.03677015,0.42396688710899644,1.0,1.0,1.0,0.0,2009.2490234375,0.0,0.0,0.0,0.0,0.0,0.0,0.0,0.0,0.0,0.0
856,L,L,L856L,Core,NEGATIVE_CONSENSUS,INVARIABLE,False,False,False,0.1403902,0.3539467030420645,1.0,1.0,1.0,0.0,2009.2490234375,0.0,0.0,0.0,0.0,0.0,0.0,0.0,0.0,0.0,0.0
857,E,E,E857E,Core,NEGATIVE_CONSENSUS,INVARIABLE,False,False,False,0.17737707,0.33681854926235366,1.0,1.0,1.0,0.0,2009.2490234375,0.0,0.0,0.0,0.0,0.0,0.0,0.0,0.0,0.0,0.0
858,E,E,E858E,Core,NEGATIVE_CONSENSUS,INVARIABLE,False,False,False,0.17737707,0.33681854926235366,1.0,1.0,1.0,0.0,2009.2490234375,0.0,0.0,0.0,0.0,0.0,0.0,0.0,0.0,0.0,0.0
859,S,S,S859S,Core,NEGATIVE_CONSENSUS,INVARIABLE,False,False,False,0.48222643,0.24370778088239314,1.0,1.0,1.0,0.0,2009.2490234375,0.0,0.0,0.0,0.0,0.0,0.0,0.0,0.0,0.0,0.0
860,H,H,H860H,Core,NEGATIVE_CONSENSUS,INVARIABLE,False,False,False,0.534049,0.23245477158082695,1.0,1.0,1.0,0.0,2009.2490234375,0.0,0.0,0.0,0.0,0.0,0.0,0.0,0.0,0.0,0.0
861,P,P,P861P,Core,NEGATIVE_CONSENSUS,INVARIABLE,False,False,False,0.051650982,0.4101074731767707,1.0,1.0,1.0,0.0,2009.2490234375,0.0,0.0,0.0,0.0,0.0,0.0,0.0,0.0,0.0,0.0
862,G,G,G862G,Core,NEGATIVE_CONSENSUS,INVARIABLE,False,False,False,0.08983235,0.38219519767681476,1.0,1.0,1.0,0.0,2009.2490234375,0.0,0.0,0.0,0.0,0.0,0.0,0.0,0.0,0.0,0.0
863,I,I,I863I,Core,NEGATIVE_CONSENSUS,INVARIABLE,False,False,False,1.0355865,0.15442508350662135,1.0,1.0,1.0,0.0,2009.2490234375,0.0,0.0,0.0,0.0,0.0,0.0,0.0,0.0,0.0,0.0
864,F,F,F864F,Core,NEGATIVE_CONSENSUS,INVARIABLE,False,False,False,0.061055347,0.4024178149016429,1.0,1.0,1.0,0.0,2009.2490234375,0.0,0.0,0.0,0.0,0.0,0.0,0.0,0.0,0.0,0.0
865,E,E,E865E,Core,NEGATIVE_CONSENSUS,INVARIABLE,False,False,False,0.09971498,0.37608596908684694,1.0,1.0,1.0,0.0,2009.2490234375,0.0,0.0,0.0,0.0,0.0,0.0,0.0,0.0,0.0,0.0
866,N,N,N866N,Core,NEGATIVE_CONSENSUS,INVARIABLE,False,False,False,0.14756067,0.3504387265808948,1.0,1.0,1.0,0.0,2009.2490234375,0.0,0.0,0.0,0.0,0.0,0.0,0.0,0.0,0.0,0.0
867,S,S,S867S,Core,NEGATIVE_CONSENSUS,INVARIABLE,False,False,False,0.2075632,0.3243420394483918,1.0,1.0,1.0,0.0,2009.2490234375,0.0,0.0,0.0,0.0,0.0,0.0,0.0,0.0,0.0,0.0
868,C,C,C868C,Core,NEGATIVE_CONSENSUS,INVARIABLE,False,False,False,0.098847605,0.3766084799559455,1.0,1.0,1.0,0.0,2009.2490234375,0.0,0.0,0.0,0.0,0.0,0.0,0.0,0.0,0.0,0.0
869,L,L,L869L,Core,NEGATIVE_CONSENSUS,INVARIABLE,False,False,False,0.1403902,0.3539467030420645,1.0,1.0,1.0,0.0,2009.2490234375,0.0,0.0,0.0,0.0,0.0,0.0,0.0,0.0,0.0,0.0
870,E,E,E870E,Core,NEGATIVE_CONSENSUS,INVARIABLE,False,False,False,0.17737707,0.33681854926235366,1.0,1.0,1.0,0.0,2009.2490234375,0.0,0.0,0.0,0.0,0.0,0.0,0.0,0.0,0.0,0.0
871,T,T,T871T,Core,NEGATIVE_CONSENSUS,INVARIABLE,False,False,False,0.03364685,0.427230012532943,1.0,1.0,1.0,0.0,2009.2490234375,0.0,0.0,0.0,0.0,0.0,0.0,0.0,0.0,0.0,0.0
872,M,I,M872I,Core,NEGATIVE_CONSENSUS,TEMPORAL_NOISE,False,False,False,0.08036396,0.38840239471988125,0.39941788,0.32673267,0.63701445,0.7776329,2009.4973682468221,0.045398709931043044,2009.4523,2009.8021,0.34994042,0.011670283989957975,0.00790432883635065,-0.0004936646,-0.06006606,-5.4450994,-3.586868
873,E,E,E873E,Core,NEGATIVE_CONSENSUS,INVARIABLE,False,False,False,0.17737707,0.33681854926235366,1.0,1.0,1.0,0.0,2009.2490234375,0.0,0.0,0.0,0.0,0.0,0.0,0.0,0.0,0.0,0.0
874,V,V,V874V,Core,NEGATIVE_CONSENSUS,INVARIABLE,False,False,False,0.27149606,0.3011649827004066,1.0,1.0,1.0,0.0,2009.2490234375,0.0,0.0,0.0,0.0,0.0,0.0,0.0,0.0,0.0,0.0
875,V,V,V875V,Core,NEGATIVE_CONSENSUS,INVARIABLE,False,False,False,0.27149606,0.3011649827004066,1.0,1.0,1.0,0.0,2009.2490234375,0.0,0.0,0.0,0.0,0.0,0.0,0.0,0.0,0.0,0.0
876,Q,Q,Q876Q,Core,NEGATIVE_CONSENSUS,INVARIABLE,False,False,False,0.1328033,0.35777149996023005,1.0,1.0,1.0,0.0,2009.2490234375,0.0,0.0,0.0,0.0,0.0,0.0,0.0,0.0,0.0,0.0
877,Q,Q,Q877Q,Core,NEGATIVE_CONSENSUS,INVARIABLE,False,False,False,0.1328033,0.35777149996023005,1.0,1.0,1.0,0.0,2009.2490234375,0.0,0.0,0.0,0.0,0.0,0.0,0.0,0.0,0.0,0.0
878,T,T,T878T,Core,NEGATIVE_CONSENSUS,INVARIABLE,False,False,False,0.03364685,0.427230012532943,1.0,1.0,1.0,0.0,2009.2490234375,0.0,0.0,0.0,0.0,0.0,0.0,0.0,0.0,0.0,0.0
879,R,R,R879R,Core,NEGATIVE_CONSENSUS,INVARIABLE,False,False,False,0.031258922,0.4298319869323474,1.0,1.0,1.0,0.0,2009.2490234375,0.0,0.0,0.0,0.0,0.0,0.0,0.0,0.0,0.0,0.0
880,V,V,V880V,Core,NEGATIVE_CONSENSUS,INVARIABLE,False,False,False,0.60705686,0.21794905634298722,1.0,1.0,1.0,0.0,2009.2490234375,0.0,0.0,0.0,0.0,0.0,0.0,0.0,0.0,0.0,0.0
881,D,D,D881D,Core,NEGATIVE_CONSENSUS,INVARIABLE,False,False,False,0.24172953,0.3114798699800736,1.0,1.0,1.0,0.0,2009.2490234375,0.0,0.0,0.0,0.0,0.0,0.0,0.0,0.0,0.0,0.0
882,K,K,K882K,Core,NEGATIVE_CONSENSUS,INVARIABLE,False,False,False,1.2671006,0.13015565800770462,1.0,1.0,1.0,0.0,2009.2490234375,0.0,0.0,0.0,0.0,0.0,0.0,0.0,0.0,0.0,0.0
883,L,L,L883L,Core,NEGATIVE_CONSENSUS,INVARIABLE,False,False,False,0.12060532,0.36418944829879407,1.0,1.0,1.0,0.0,2009.2490234375,0.0,0.0,0.0,0.0,0.0,0.0,0.0,0.0,0.0,0.0
884,T,A,T884A,Core,NEGATIVE_CONSENSUS,TEMPORAL_NOISE,False,False,False,0.08171973,0.3874901390847446,0.39941788,0.41584158,0.6669024,0.8324433,2009.7231362552966,0.08712179855895327,2009.678,2009.757,0.0790188,0.01105336603755261,0.007486489311720638,0.4433797,-0.8189458,-4.770706,1.7892635
885,Q,Q,Q885Q,Core,NEGATIVE_CONSENSUS,INVARIABLE,False,False,False,0.1328033,0.35777149996023005,1.0,1.0,1.0,0.0,2009.2490234375,0.0,0.0,0.0,0.0,0.0,0.0,0.0,0.0,0.0,0.0
886,G,G,G886G,Core,NEGATIVE_CONSENSUS,INVARIABLE,False,False,False,0.15513371,0.3468384480856218,1.0,1.0,1.0,0.0,2009.2490234375,0.0,0.0,0.0,0.0,0.0,0.0,0.0,0.0,0.0,0.0
887,R,R,R887R,Core,NEGATIVE_CONSENSUS,INVARIABLE,False,False,False,0.100597985,0.37555660265095264,1.0,1.0,1.0,0.0,2009.2490234375,0.0,0.0,0.0,0.0,0.0,0.0,0.0,0.0,0.0,0.0
888,Q,Q,Q888Q,Core,NEGATIVE_CONSENSUS,INVARIABLE,False,False,False,0.14861211,0.3499326088640236,1.0,1.0,1.0,0.0,2009.2490234375,0.0,0.0,0.0,0.0,0.0,0.0,0.0,0.0,0.0,0.0
889,T,T,T889T,Core,NEGATIVE_CONSENSUS,INVARIABLE,False,False,False,0.026892863,0.434869336287794,1.0,1.0,1.0,0.0,2009.2490234375,0.0,0.0,0.0,0.0,0.0,0.0,0.0,0.0,0.0,0.0
890,Y,Y,Y890Y,Core,NEGATIVE_CONSENSUS,INVARIABLE,False,False,False,0.017672982,0.4471205076239807,1.0,1.0,1.0,0.0,2009.2490234375,0.0,0.0,0.0,0.0,0.0,0.0,0.0,0.0,0.0,0.0
891,D,D,D891D,Core,NEGATIVE_CONSENSUS,INVARIABLE,False,False,False,0.24172953,0.3114798699800736,1.0,1.0,1.0,0.0,2009.2490234375,0.0,0.0,0.0,0.0,0.0,0.0,0.0,0.0,0.0,0.0
892,W,W,W892W,Core,NEGATIVE_CONSENSUS,INVARIABLE,False,False,False,0.14326186,0.3525297858631183,1.0,1.0,1.0,0.0,2009.2490234375,0.0,0.0,0.0,0.0,0.0,0.0,0.0,0.0,0.0,0.0
893,T,T,T893T,Core,NEGATIVE_CONSENSUS,INVARIABLE,False,False,False,0.03364685,0.427230012532943,1.0,1.0,1.0,0.0,2009.2490234375,0.0,0.0,0.0,0.0,0.0,0.0,0.0,0.0,0.0,0.0
894,L,L,L894L,Core,NEGATIVE_CONSENSUS,INVARIABLE,False,False,False,0.28021458,0.2982803046346809,1.0,1.0,1.0,0.0,2009.2490234375,0.0,0.0,0.0,0.0,0.0,0.0,0.0,0.0,0.0,0.0
895,N,N,N895N,Core,NEGATIVE_CONSENSUS,INVARIABLE,False,False,False,0.2697167,0.3017609345059,1.0,1.0,1.0,0.0,2009.2490234375,0.0,0.0,0.0,0.0,0.0,0.0,0.0,0.0,0.0,0.0
896,R,R,R896R,Core,NEGATIVE_CONSENSUS,INVARIABLE,False,False,False,0.047289148,0.41392467273385114,1.0,1.0,1.0,0.0,2009.2490234375,0.0,0.0,0.0,0.0,0.0,0.0,0.0,0.0,0.0,0.0
897,N,N,N897N,Core,NEGATIVE_CONSENSUS,INVARIABLE,False,False,False,0.14756067,0.3504387265808948,1.0,1.0,1.0,0.0,2009.2490234375,0.0,0.0,0.0,0.0,0.0,0.0,0.0,0.0,0.0,0.0
898,Q,Q,Q898Q,Core,NEGATIVE_CONSENSUS,INVARIABLE,False,False,False,0.1328033,0.35777149996023005,1.0,1.0,1.0,0.0,2009.2490234375,0.0,0.0,0.0,0.0,0.0,0.0,0.0,0.0,0.0,0.0
899,P,P,P899P,Core,NEGATIVE_CONSENSUS,INVARIABLE,False,False,False,0.084023274,0.3859587324025193,1.0,1.0,1.0,0.0,2009.2490234375,0.0,0.0,0.0,0.0,0.0,0.0,0.0,0.0,0.0,0.0
900,A,A,A900A,Core,NEGATIVE_CONSENSUS,INVARIABLE,False,False,False,0.50961536,0.23765270523878462,1.0,1.0,1.0,0.0,2009.2490234375,0.0,0.0,0.0,0.0,0.0,0.0,0.0,0.0,0.0,0.0
901,A,A,A901A,Core,NEGATIVE_CONSENSUS,INVARIABLE,False,False,False,0.25372157,0.30723335716680134,1.0,1.0,1.0,0.0,2009.2490234375,0.0,0.0,0.0,0.0,0.0,0.0,0.0,0.0,0.0,0.0
902,T,T,T902T,Core,NEGATIVE_CONSENSUS,INVARIABLE,False,False,False,0.026892863,0.434869336287794,1.0,1.0,1.0,0.0,2009.2490234375,0.0,0.0,0.0,0.0,0.0,0.0,0.0,0.0,0.0,0.0
903,A,A,A903A,Core,NEGATIVE_CONSENSUS,INVARIABLE,False,False,False,0.50961536,0.23765270523878462,1.0,1.0,1.0,0.0,2009.2490234375,0.0,0.0,0.0,0.0,0.0,0.0,0.0,0.0,0.0,0.0
904,L,L,L904L,Core,NEGATIVE_CONSENSUS,INVARIABLE,False,False,False,0.11684559,0.36624060240780854,1.0,1.0,1.0,0.0,2009.2490234375,0.0,0.0,0.0,0.0,0.0,0.0,0.0,0.0,0.0,0.0
905,A,A,A905A,Core,NEGATIVE_CONSENSUS,INVARIABLE,False,False,False,0.5142395,0.23665467498859316,1.0,1.0,1.0,0.0,2009.2490234375,0.0,0.0,0.0,0.0,0.0,0.0,0.0,0.0,0.0,0.0
906,N,N,N906N,Core,NEGATIVE_CONSENSUS,INVARIABLE,False,False,False,0.2697167,0.3017609345059,1.0,1.0,1.0,0.0,2009.2490234375,0.0,0.0,0.0,0.0,0.0,0.0,0.0,0.0,0.0,0.0
907,T,T,T907T,Core,NEGATIVE_CONSENSUS,INVARIABLE,False,False,False,0.033261508,0.42764328918344385,1.0,1.0,1.0,0.0,2009.2490234375,0.0,0.0,0.0,0.0,0.0,0.0,0.0,0.0,0.0,0.0
908,I,I,I908I,Core,NEGATIVE_CONSENSUS,INVARIABLE,False,False,False,1.0355865,0.15442508350662135,1.0,1.0,1.0,0.0,2009.2490234375,0.0,0.0,0.0,0.0,0.0,0.0,0.0,0.0,0.0,0.0
909,E,E,E909E,Core,NEGATIVE_CONSENSUS,INVARIABLE,False,False,False,0.17737707,0.33681854926235366,1.0,1.0,1.0,0.0,2009.2490234375,0.0,0.0,0.0,0.0,0.0,0.0,0.0,0.0,0.0,0.0
910,V,V,V910V,Core,NEGATIVE_CONSENSUS,INVARIABLE,False,False,False,0.91231257,0.1697507851367119,1.0,1.0,1.0,0.0,2009.2490234375,0.0,0.0,0.0,0.0,0.0,0.0,0.0,0.0,0.0,0.0
911,F,F,F911F,Core,NEGATIVE_CONSENSUS,INVARIABLE,False,False,False,0.061055347,0.4024178149016429,1.0,1.0,1.0,0.0,2009.2490234375,0.0,0.0,0.0,0.0,0.0,0.0,0.0,0.0,0.0,0.0
912,R,R,R912R,Core,NEGATIVE_CONSENSUS,INVARIABLE,False,False,False,0.047289148,0.41392467273385114,1.0,1.0,1.0,0.0,2009.2490234375,0.0,0.0,0.0,0.0,0.0,0.0,0.0,0.0,0.0,0.0
913,S,S,S913S,Core,NEGATIVE_CONSENSUS,INVARIABLE,False,False,False,0.14441603,0.35196487734620907,1.0,1.0,1.0,0.0,2009.2490234375,0.0,0.0,0.0,0.0,0.0,0.0,0.0,0.0,0.0,0.0
914,N,N,N914N,Core,NEGATIVE_CONSENSUS,INVARIABLE,False,False,False,0.14756067,0.3504387265808948,1.0,1.0,1.0,0.0,2009.2490234375,0.0,0.0,0.0,0.0,0.0,0.0,0.0,0.0,0.0,0.0
915,G,G,G915G,Core,NEGATIVE_CONSENSUS,INVARIABLE,False,False,False,0.29443914,0.29369488489959406,1.0,1.0,1.0,0.0,2009.2490234375,0.0,0.0,0.0,0.0,0.0,0.0,0.0,0.0,0.0,0.0
916,L,L,L916L,Core,NEGATIVE_CONSENSUS,INVARIABLE,False,False,False,0.20977953,0.32347013020324433,1.0,1.0,1.0,0.0,2009.2490234375,0.0,0.0,0.0,0.0,0.0,0.0,0.0,0.0,0.0,0.0
917,T,T,T917T,Core,NEGATIVE_CONSENSUS,INVARIABLE,False,False,False,0.020071186,0.44366922493807304,1.0,1.0,1.0,0.0,2009.2490234375,0.0,0.0,0.0,0.0,0.0,0.0,0.0,0.0,0.0,0.0
918,A,V,A918V,Core,NEGATIVE_CONSENSUS,FLAT_NO_SIGNAL,False,False,False,0.37258276,0.27079989786633396,0.3564026,1.0,1.0,0.0,2009.2490234375,0.0,0.0,0.0,0.0,0.0,0.0,0.0,0.0,0.0,0.0
919,N,N,N919N,Core,NEGATIVE_CONSENSUS,INVARIABLE,False,False,False,0.14756067,0.3504387265808948,1.0,1.0,1.0,0.0,2009.2490234375,0.0,0.0,0.0,0.0,0.0,0.0,0.0,0.0,0.0,0.0
920,E,E,E920E,Core,NEGATIVE_CONSENSUS,INVARIABLE,False,False,False,0.119156346,0.3649756539296143,1.0,1.0,1.0,0.0,2009.2490234375,0.0,0.0,0.0,0.0,0.0,0.0,0.0,0.0,0.0,0.0
921,S,S,S921S,Core,NEGATIVE_CONSENSUS,INVARIABLE,False,False,False,0.2075632,0.3243420394483918,1.0,1.0,1.0,0.0,2009.2490234375,0.0,0.0,0.0,0.0,0.0,0.0,0.0,0.0,0.0,0.0
922,G,G,G922G,Core,NEGATIVE_CONSENSUS,INVARIABLE,False,False,False,0.08983235,0.38219519767681476,1.0,1.0,1.0,0.0,2009.2490234375,0.0,0.0,0.0,0.0,0.0,0.0,0.0,0.0,0.0,0.0
923,R,R,R923R,Core,NEGATIVE_CONSENSUS,INVARIABLE,False,False,False,0.026146797,0.43577116494005275,1.0,1.0,1.0,0.0,2009.2490234375,0.0,0.0,0.0,0.0,0.0,0.0,0.0,0.0,0.0,0.0
924,L,L,L924L,Core,NEGATIVE_CONSENSUS,INVARIABLE,False,False,False,0.20977953,0.32347013020324433,1.0,1.0,1.0,0.0,2009.2490234375,0.0,0.0,0.0,0.0,0.0,0.0,0.0,0.0,0.0,0.0
925,I,I,I925I,Core,NEGATIVE_CONSENSUS,INVARIABLE,False,False,False,1.0355865,0.15442508350662135,1.0,1.0,1.0,0.0,2009.2490234375,0.0,0.0,0.0,0.0,0.0,0.0,0.0,0.0,0.0,0.0
926,D,D,D926D,Core,NEGATIVE_CONSENSUS,INVARIABLE,False,False,False,0.24172953,0.3114798699800736,1.0,1.0,1.0,0.0,2009.2490234375,0.0,0.0,0.0,0.0,0.0,0.0,0.0,0.0,0.0,0.0
927,F,F,F927F,Core,NEGATIVE_CONSENSUS,INVARIABLE,False,False,False,0.03677015,0.42396688710899644,1.0,1.0,1.0,0.0,2009.2490234375,0.0,0.0,0.0,0.0,0.0,0.0,0.0,0.0,0.0,0.0
928,L,L,L928L,Core,NEGATIVE_CONSENSUS,INVARIABLE,False,False,False,0.28021458,0.2982803046346809,1.0,1.0,1.0,0.0,2009.2490234375,0.0,0.0,0.0,0.0,0.0,0.0,0.0,0.0,0.0,0.0
929,K,K,K929K,Core,NEGATIVE_CONSENSUS,INVARIABLE,False,False,False,0.2995089,0.2920952302947697,1.0,1.0,1.0,0.0,2009.2490234375,0.0,0.0,0.0,0.0,0.0,0.0,0.0,0.0,0.0,0.0
930,D,D,D930D,Core,NEGATIVE_CONSENSUS,INVARIABLE,False,False,False,0.24172953,0.3114798699800736,1.0,1.0,1.0,0.0,2009.2490234375,0.0,0.0,0.0,0.0,0.0,0.0,0.0,0.0,0.0,0.0
931,V,V,V931V,Core,NEGATIVE_CONSENSUS,INVARIABLE,False,False,False,0.60705686,0.21794905634298722,1.0,1.0,1.0,0.0,2009.2490234375,0.0,0.0,0.0,0.0,0.0,0.0,0.0,0.0,0.0,0.0
932,M,M,M932M,Core,NEGATIVE_CONSENSUS,INVARIABLE,False,False,False,0.04345588,0.4174346170740496,1.0,1.0,1.0,0.0,2009.2490234375,0.0,0.0,0.0,0.0,0.0,0.0,0.0,0.0,0.0,0.0
933,E,K,E933K,Core,NEGATIVE_CONSENSUS,TEMPORAL_NOISE,False,False,False,0.6616343,0.20799177852030787,0.3517909,0.15841584,0.57686293,0.70823,2009.8360202595338,0.0899219664381797,2009.7909,2009.8699,0.0790188,0.013014731199901878,0.008814929831496954,0.54099715,5.5039544,-0.963348,1.5474578
934,S,S,S934S,Core,NEGATIVE_CONSENSUS,INVARIABLE,False,False,False,0.2075632,0.3243420394483918,1.0,1.0,1.0,0.0,2009.2490234375,0.0,0.0,0.0,0.0,0.0,0.0,0.0,0.0,0.0,0.0
935,M,M,M935M,Core,NEGATIVE_CONSENSUS,INVARIABLE,False,False,False,0.04345588,0.4174346170740496,1.0,1.0,1.0,0.0,2009.2490234375,0.0,0.0,0.0,0.0,0.0,0.0,0.0,0.0,0.0,0.0
936,N,N,N936N,Core,NEGATIVE_CONSENSUS,INVARIABLE,False,False,False,0.2697167,0.3017609345059,1.0,1.0,1.0,0.0,2009.2490234375,0.0,0.0,0.0,0.0,0.0,0.0,0.0,0.0,0.0,0.0
937,K,K,K937K,Core,NEGATIVE_CONSENSUS,INVARIABLE,False,False,False,1.2671006,0.13015565800770462,1.0,1.0,1.0,0.0,2009.2490234375,0.0,0.0,0.0,0.0,0.0,0.0,0.0,0.0,0.0,0.0
938,E,E,E938E,Core,NEGATIVE_CONSENSUS,INVARIABLE,False,False,False,0.09971498,0.37608596908684694,1.0,1.0,1.0,0.0,2009.2490234375,0.0,0.0,0.0,0.0,0.0,0.0,0.0,0.0,0.0,0.0
939,E,E,E939E,Core,NEGATIVE_CONSENSUS,INVARIABLE,False,False,False,0.17737707,0.33681854926235366,1.0,1.0,1.0,0.0,2009.2490234375,0.0,0.0,0.0,0.0,0.0,0.0,0.0,0.0,0.0,0.0
940,I,I,I940I,Core,NEGATIVE_CONSENSUS,INVARIABLE,False,False,False,1.0355865,0.15442508350662135,1.0,1.0,1.0,0.0,2009.2490234375,0.0,0.0,0.0,0.0,0.0,0.0,0.0,0.0,0.0,0.0
941,E,E,E941E,Core,NEGATIVE_CONSENSUS,INVARIABLE,False,False,False,0.09971498,0.37608596908684694,1.0,1.0,1.0,0.0,2009.2490234375,0.0,0.0,0.0,0.0,0.0,0.0,0.0,0.0,0.0,0.0
942,I,I,I942I,Core,NEGATIVE_CONSENSUS,INVARIABLE,False,False,False,1.0355865,0.15442508350662135,1.0,1.0,1.0,0.0,2009.2490234375,0.0,0.0,0.0,0.0,0.0,0.0,0.0,0.0,0.0,0.0
943,T,T,T943T,Core,NEGATIVE_CONSENSUS,INVARIABLE,False,False,False,0.03364685,0.427230012532943,1.0,1.0,1.0,0.0,2009.2490234375,0.0,0.0,0.0,0.0,0.0,0.0,0.0,0.0,0.0,0.0
944,T,T,T944T,Core,NEGATIVE_CONSENSUS,INVARIABLE,False,False,False,0.033261508,0.42764328918344385,1.0,1.0,1.0,0.0,2009.2490234375,0.0,0.0,0.0,0.0,0.0,0.0,0.0,0.0,0.0,0.0
945,H,H,H945H,Core,NEGATIVE_CONSENSUS,INVARIABLE,False,False,False,0.534049,0.23245477158082695,1.0,1.0,1.0,0.0,2009.2490234375,0.0,0.0,0.0,0.0,0.0,0.0,0.0,0.0,0.0,0.0
946,F,F,F946F,Core,NEGATIVE_CONSENSUS,INVARIABLE,False,False,False,6.8616533,0.0044032513853499555,1.0,1.0,1.0,0.0,2009.2490234375,0.0,0.0,0.0,0.0,0.0,0.0,0.0,0.0,0.0,0.0
947,Q,Q,Q947Q,Core,NEGATIVE_CONSENSUS,INVARIABLE,False,False,False,0.1328033,0.35777149996023005,1.0,1.0,1.0,0.0,2009.2490234375,0.0,0.0,0.0,0.0,0.0,0.0,0.0,0.0,0.0,0.0
948,R,R,R948R,Core,NEGATIVE_CONSENSUS,INVARIABLE,False,False,False,0.047289148,0.41392467273385114,1.0,1.0,1.0,0.0,2009.2490234375,0.0,0.0,0.0,0.0,0.0,0.0,0.0,0.0,0.0,0.0
949,K,K,K949K,Core,NEGATIVE_CONSENSUS,INVARIABLE,False,False,False,1.2671006,0.13015565800770462,1.0,1.0,1.0,0.0,2009.2490234375,0.0,0.0,0.0,0.0,0.0,0.0,0.0,0.0,0.0,0.0
950,R,R,R950R,Core,NEGATIVE_CONSENSUS,INVARIABLE,False,False,False,0.026146797,0.43577116494005275,1.0,1.0,1.0,0.0,2009.2490234375,0.0,0.0,0.0,0.0,0.0,0.0,0.0,0.0,0.0,0.0
951,R,R,R951R,Core,NEGATIVE_CONSENSUS,INVARIABLE,False,False,False,0.047289148,0.41392467273385114,1.0,1.0,1.0,0.0,2009.2490234375,0.0,0.0,0.0,0.0,0.0,0.0,0.0,0.0,0.0,0.0
952,V,I,V952I,Core,NEGATIVE_CONSENSUS,FLAT_NO_SIGNAL,False,False,False,1.4642404,0.11312831352158234,0.3517909,1.0,1.0,0.0,2009.2490234375,0.0,0.0,0.0,0.0,0.0,0.0,0.0,0.0,0.0,0.0
953,R,R,R953R,Core,NEGATIVE_CONSENSUS,INVARIABLE,False,False,False,0.047289148,0.41392467273385114,1.0,1.0,1.0,0.0,2009.2490234375,0.0,0.0,0.0,0.0,0.0,0.0,0.0,0.0,0.0,0.0
954,D,D,D954D,Core,NEGATIVE_CONSENSUS,INVARIABLE,False,False,False,1.3349518,0.12396310083409004,1.0,1.0,1.0,0.0,2009.2490234375,0.0,0.0,0.0,0.0,0.0,0.0,0.0,0.0,0.0,0.0
955,N,N,N955N,Core,NEGATIVE_CONSENSUS,INVARIABLE,False,False,False,0.2697167,0.3017609345059,1.0,1.0,1.0,0.0,2009.2490234375,0.0,0.0,0.0,0.0,0.0,0.0,0.0,0.0,0.0,0.0
956,M,I,M956I,Core,NEGATIVE_CONSENSUS,TEMPORAL_NOISE,False,False,False,0.07705001,0.390667841773088,0.39941788,0.07920792,0.42981946,0.5983266,2009.8811738612287,0.07272079898269496,2009.8247,2009.915,0.090307206,0.010720601068399395,0.006886302388494583,0.78194433,7.3611436,1.8339285,1.2197688
957,T,T,T957T,Core,NEGATIVE_CONSENSUS,INVARIABLE,False,False,False,0.033261508,0.42764328918344385,1.0,1.0,1.0,0.0,2009.2490234375,0.0,0.0,0.0,0.0,0.0,0.0,0.0,0.0,0.0,0.0
958,K,K,K958K,Core,NEGATIVE_CONSENSUS,INVARIABLE,False,False,False,0.5493076,0.2293003763472118,1.0,1.0,1.0,0.0,2009.2490234375,0.0,0.0,0.0,0.0,0.0,0.0,0.0,0.0,0.0,0.0
959,K,K,K959K,Core,NEGATIVE_CONSENSUS,INVARIABLE,False,False,False,0.2995089,0.2920952302947697,1.0,1.0,1.0,0.0,2009.2490234375,0.0,0.0,0.0,0.0,0.0,0.0,0.0,0.0,0.0,0.0
960,M,M,M960M,Core,NEGATIVE_CONSENSUS,INVARIABLE,False,False,False,0.04345588,0.4174346170740496,1.0,1.0,1.0,0.0,2009.2490234375,0.0,0.0,0.0,0.0,0.0,0.0,0.0,0.0,0.0,0.0
961,V,V,V961V,Core,NEGATIVE_CONSENSUS,INVARIABLE,False,False,False,0.35637832,0.2752622690676109,1.0,1.0,1.0,0.0,2009.2490234375,0.0,0.0,0.0,0.0,0.0,0.0,0.0,0.0,0.0,0.0
962,T,T,T962T,Core,NEGATIVE_CONSENSUS,INVARIABLE,False,False,False,0.1010975,0.3752582715303817,1.0,1.0,1.0,0.0,2009.2490234375,0.0,0.0,0.0,0.0,0.0,0.0,0.0,0.0,0.0,0.0
963,Q,Q,Q963Q,Core,NEGATIVE_CONSENSUS,INVARIABLE,False,False,False,0.1328033,0.35777149996023005,1.0,1.0,1.0,0.0,2009.2490234375,0.0,0.0,0.0,0.0,0.0,0.0,0.0,0.0,0.0,0.0
964,R,R,R964R,Core,NEGATIVE_CONSENSUS,INVARIABLE,False,False,False,0.047289148,0.41392467273385114,1.0,1.0,1.0,0.0,2009.2490234375,0.0,0.0,0.0,0.0,0.0,0.0,0.0,0.0,0.0,0.0
965,T,T,T965T,Core,NEGATIVE_CONSENSUS,INVARIABLE,False,False,False,0.03364685,0.427230012532943,1.0,1.0,1.0,0.0,2009.2490234375,0.0,0.0,0.0,0.0,0.0,0.0,0.0,0.0,0.0,0.0
966,I,I,I966I,Core,NEGATIVE_CONSENSUS,INVARIABLE,False,False,False,1.0355865,0.15442508350662135,1.0,1.0,1.0,0.0,2009.2490234375,0.0,0.0,0.0,0.0,0.0,0.0,0.0,0.0,0.0,0.0
967,G,G,G967G,Core,NEGATIVE_CONSENSUS,INVARIABLE,False,False,False,0.10198707,0.37472898848367453,1.0,1.0,1.0,0.0,2009.2490234375,0.0,0.0,0.0,0.0,0.0,0.0,0.0,0.0,0.0,0.0
968,K,K,K968K,Core,NEGATIVE_CONSENSUS,INVARIABLE,False,False,False,0.2995089,0.2920952302947697,1.0,1.0,1.0,0.0,2009.2490234375,0.0,0.0,0.0,0.0,0.0,0.0,0.0,0.0,0.0,0.0
969,K,K,K969K,Core,NEGATIVE_CONSENSUS,INVARIABLE,False,False,False,1.2671006,0.13015565800770462,1.0,1.0,1.0,0.0,2009.2490234375,0.0,0.0,0.0,0.0,0.0,0.0,0.0,0.0,0.0,0.0
970,K,K,K970K,Core,NEGATIVE_CONSENSUS,INVARIABLE,False,False,False,1.2671006,0.13015565800770462,1.0,1.0,1.0,0.0,2009.2490234375,0.0,0.0,0.0,0.0,0.0,0.0,0.0,0.0,0.0,0.0
971,Q,Q,Q971Q,Core,NEGATIVE_CONSENSUS,INVARIABLE,False,False,False,0.1328033,0.35777149996023005,1.0,1.0,1.0,0.0,2009.2490234375,0.0,0.0,0.0,0.0,0.0,0.0,0.0,0.0,0.0,0.0
972,R,R,R972R,Core,NEGATIVE_CONSENSUS,INVARIABLE,False,False,False,0.047289148,0.41392467273385114,1.0,1.0,1.0,0.0,2009.2490234375,0.0,0.0,0.0,0.0,0.0,0.0,0.0,0.0,0.0,0.0
973,L,L,L973L,Core,NEGATIVE_CONSENSUS,INVARIABLE,False,False,False,0.16664205,0.3415567634998664,1.0,1.0,1.0,0.0,2009.2490234375,0.0,0.0,0.0,0.0,0.0,0.0,0.0,0.0,0.0,0.0
974,N,N,N974N,Core,NEGATIVE_CONSENSUS,INVARIABLE,False,False,False,0.14756067,0.3504387265808948,1.0,1.0,1.0,0.0,2009.2490234375,0.0,0.0,0.0,0.0,0.0,0.0,0.0,0.0,0.0,0.0
975,K,K,K975K,Core,NEGATIVE_CONSENSUS,INVARIABLE,False,False,False,0.56331,0.22646482413270524,1.0,1.0,1.0,0.0,2009.2490234375,0.0,0.0,0.0,0.0,0.0,0.0,0.0,0.0,0.0,0.0
976,R,R,R976R,Core,NEGATIVE_CONSENSUS,INVARIABLE,False,False,False,0.047289148,0.41392467273385114,1.0,1.0,1.0,0.0,2009.2490234375,0.0,0.0,0.0,0.0,0.0,0.0,0.0,0.0,0.0,0.0
977,G,G,G977G,Core,NEGATIVE_CONSENSUS,INVARIABLE,False,False,False,0.04633232,0.4147864261181166,1.0,1.0,1.0,0.0,2009.2490234375,0.0,0.0,0.0,0.0,0.0,0.0,0.0,0.0,0.0,0.0
978,Y,Y,Y978Y,Core,NEGATIVE_CONSENSUS,INVARIABLE,False,False,False,0.017437428,0.4474720338205904,1.0,1.0,1.0,0.0,2009.2490234375,0.0,0.0,0.0,0.0,0.0,0.0,0.0,0.0,0.0,0.0
979,L,L,L979L,Core,NEGATIVE_CONSENSUS,INVARIABLE,False,False,False,0.07515174,0.39198921710674406,1.0,1.0,1.0,0.0,2009.2490234375,0.0,0.0,0.0,0.0,0.0,0.0,0.0,0.0,0.0,0.0
980,I,I,I980I,Core,NEGATIVE_CONSENSUS,INVARIABLE,False,False,False,1.0355865,0.15442508350662135,1.0,1.0,1.0,0.0,2009.2490234375,0.0,0.0,0.0,0.0,0.0,0.0,0.0,0.0,0.0,0.0
981,R,R,R981R,Core,NEGATIVE_CONSENSUS,INVARIABLE,False,False,False,0.047289148,0.41392467273385114,1.0,1.0,1.0,0.0,2009.2490234375,0.0,0.0,0.0,0.0,0.0,0.0,0.0,0.0,0.0,0.0
982,A,A,A982A,Core,NEGATIVE_CONSENSUS,INVARIABLE,False,False,False,0.21893348,0.31992687944249854,1.0,1.0,1.0,0.0,2009.2490234375,0.0,0.0,0.0,0.0,0.0,0.0,0.0,0.0,0.0,0.0
983,L,L,L983L,Core,NEGATIVE_CONSENSUS,INVARIABLE,False,False,False,0.15878537,0.3451386324350256,1.0,1.0,1.0,0.0,2009.2490234375,0.0,0.0,0.0,0.0,0.0,0.0,0.0,0.0,0.0,0.0
984,T,T,T984T,Core,NEGATIVE_CONSENSUS,INVARIABLE,False,False,False,0.03364685,0.427230012532943,1.0,1.0,1.0,0.0,2009.2490234375,0.0,0.0,0.0,0.0,0.0,0.0,0.0,0.0,0.0,0.0
985,L,L,L985L,Core,NEGATIVE_CONSENSUS,INVARIABLE,False,False,False,0.28021458,0.2982803046346809,1.0,1.0,1.0,0.0,2009.2490234375,0.0,0.0,0.0,0.0,0.0,0.0,0.0,0.0,0.0,0.0
986,N,N,N986N,Core,NEGATIVE_CONSENSUS,INVARIABLE,False,False,False,0.14756067,0.3504387265808948,1.0,1.0,1.0,0.0,2009.2490234375,0.0,0.0,0.0,0.0,0.0,0.0,0.0,0.0,0.0,0.0
987,T,T,T987T,Core,NEGATIVE_CONSENSUS,INVARIABLE,False,False,False,0.10617182,0.37227264217998757,1.0,1.0,1.0,0.0,2009.2490234375,0.0,0.0,0.0,0.0,0.0,0.0,0.0,0.0,0.0,0.0
988,M,M,M988M,Core,NEGATIVE_CONSENSUS,INVARIABLE,False,False,False,0.04345588,0.4174346170740496,1.0,1.0,1.0,0.0,2009.2490234375,0.0,0.0,0.0,0.0,0.0,0.0,0.0,0.0,0.0,0.0
989,T,T,T989T,Core,NEGATIVE_CONSENSUS,INVARIABLE,False,False,False,0.033261508,0.42764328918344385,1.0,1.0,1.0,0.0,2009.2490234375,0.0,0.0,0.0,0.0,0.0,0.0,0.0,0.0,0.0,0.0
990,K,K,K990K,Core,NEGATIVE_CONSENSUS,INVARIABLE,False,False,False,1.2671006,0.13015565800770462,1.0,1.0,1.0,0.0,2009.2490234375,0.0,0.0,0.0,0.0,0.0,0.0,0.0,0.0,0.0,0.0
991,D,D,D991D,Core,NEGATIVE_CONSENSUS,INVARIABLE,False,False,False,0.24172953,0.3114798699800736,1.0,1.0,1.0,0.0,2009.2490234375,0.0,0.0,0.0,0.0,0.0,0.0,0.0,0.0,0.0,0.0
992,A,A,A992A,Core,NEGATIVE_CONSENSUS,INVARIABLE,False,False,False,0.50961536,0.23765270523878462,1.0,1.0,1.0,0.0,2009.2490234375,0.0,0.0,0.0,0.0,0.0,0.0,0.0,0.0,0.0,0.0
993,E,E,E993E,Core,NEGATIVE_CONSENSUS,INVARIABLE,False,False,False,0.09971498,0.37608596908684694,1.0,1.0,1.0,0.0,2009.2490234375,0.0,0.0,0.0,0.0,0.0,0.0,0.0,0.0,0.0,0.0
994,R,R,R994R,Core,NEGATIVE_CONSENSUS,INVARIABLE,False,False,False,0.047289148,0.41392467273385114,1.0,1.0,1.0,0.0,2009.2490234375,0.0,0.0,0.0,0.0,0.0,0.0,0.0,0.0,0.0,0.0
995,G,G,G995G,Core,NEGATIVE_CONSENSUS,INVARIABLE,False,False,False,0.31973153,0.28588451406953874,1.0,1.0,1.0,0.0,2009.2490234375,0.0,0.0,0.0,0.0,0.0,0.0,0.0,0.0,0.0,0.0
996,K,K,K996K,Core,NEGATIVE_CONSENSUS,INVARIABLE,False,False,False,0.2995089,0.2920952302947697,1.0,1.0,1.0,0.0,2009.2490234375,0.0,0.0,0.0,0.0,0.0,0.0,0.0,0.0,0.0,0.0
997,L,L,L997L,Core,NEGATIVE_CONSENSUS,INVARIABLE,False,False,False,0.28021458,0.2982803046346809,1.0,1.0,1.0,0.0,2009.2490234375,0.0,0.0,0.0,0.0,0.0,0.0,0.0,0.0,0.0,0.0
998,K,K,K998K,Core,NEGATIVE_CONSENSUS,INVARIABLE,False,False,False,1.2671006,0.13015565800770462,1.0,1.0,1.0,0.0,2009.2490234375,0.0,0.0,0.0,0.0,0.0,0.0,0.0,0.0,0.0,0.0
999,R,R,R999R,Core,NEGATIVE_CONSENSUS,INVARIABLE,False,False,False,0.047289148,0.41392467273385114,1.0,1.0,1.0,0.0,2009.2490234375,0.0,0.0,0.0,0.0,0.0,0.0,0.0,0.0,0.0,0.0
1000,R,R,R1000R,Core,NEGATIVE_CONSENSUS,INVARIABLE,False,False,False,0.031258922,0.4298319869323474,1.0,1.0,1.0,0.0,2009.2490234375,0.0,0.0,0.0,0.0,0.0,0.0,0.0,0.0,0.0,0.0
1001,A,A,A1001A,Core,NEGATIVE_CONSENSUS,INVARIABLE,False,False,False,0.16962539,0.3402224766160349,1.0,1.0,1.0,0.0,2009.2490234375,0.0,0.0,0.0,0.0,0.0,0.0,0.0,0.0,0.0,0.0
1002,I,I,I1002I,Core,NEGATIVE_CONSENSUS,INVARIABLE,False,False,False,0.41026053,0.2609186505464557,1.0,1.0,1.0,0.0,2009.2490234375,0.0,0.0,0.0,0.0,0.0,0.0,0.0,0.0,0.0,0.0
1003,A,A,A1003A,Core,NEGATIVE_CONSENSUS,INVARIABLE,False,False,False,0.50961536,0.23765270523878462,1.0,1.0,1.0,0.0,2009.2490234375,0.0,0.0,0.0,0.0,0.0,0.0,0.0,0.0,0.0,0.0
1004,T,T,T1004T,Core,NEGATIVE_CONSENSUS,INVARIABLE,False,False,False,0.03364685,0.427230012532943,1.0,1.0,1.0,0.0,2009.2490234375,0.0,0.0,0.0,0.0,0.0,0.0,0.0,0.0,0.0,0.0
1005,P,P,P1005P,Core,NEGATIVE_CONSENSUS,INVARIABLE,False,False,False,0.18130763,0.33512594256133826,1.0,1.0,1.0,0.0,2009.2490234375,0.0,0.0,0.0,0.0,0.0,0.0,0.0,0.0,0.0,0.0
1006,G,G,G1006G,Core,NEGATIVE_CONSENSUS,INVARIABLE,False,False,False,0.10198707,0.37472898848367453,1.0,1.0,1.0,0.0,2009.2490234375,0.0,0.0,0.0,0.0,0.0,0.0,0.0,0.0,0.0,0.0
1007,M,M,M1007M,Core,NEGATIVE_CONSENSUS,INVARIABLE,False,False,False,0.04345588,0.4174346170740496,1.0,1.0,1.0,0.0,2009.2490234375,0.0,0.0,0.0,0.0,0.0,0.0,0.0,0.0,0.0,0.0
1008,Q,Q,Q1008Q,Core,NEGATIVE_CONSENSUS,INVARIABLE,False,False,False,0.14861211,0.3499326088640236,1.0,1.0,1.0,0.0,2009.2490234375,0.0,0.0,0.0,0.0,0.0,0.0,0.0,0.0,0.0,0.0
1009,I,I,I1009I,Core,NEGATIVE_CONSENSUS,INVARIABLE,False,False,False,0.7167717,0.19860244442133695,1.0,1.0,1.0,0.0,2009.2490234375,0.0,0.0,0.0,0.0,0.0,0.0,0.0,0.0,0.0,0.0
1010,R,R,R1010R,Core,NEGATIVE_CONSENSUS,INVARIABLE,False,False,False,0.047289148,0.41392467273385114,1.0,1.0,1.0,0.0,2009.2490234375,0.0,0.0,0.0,0.0,0.0,0.0,0.0,0.0,0.0,0.0
1011,G,G,G1011G,Core,NEGATIVE_CONSENSUS,INVARIABLE,False,False,False,0.15513371,0.3468384480856218,1.0,1.0,1.0,0.0,2009.2490234375,0.0,0.0,0.0,0.0,0.0,0.0,0.0,0.0,0.0,0.0
1012,F,F,F1012F,Core,NEGATIVE_CONSENSUS,INVARIABLE,False,False,False,0.03677015,0.42396688710899644,1.0,1.0,1.0,0.0,2009.2490234375,0.0,0.0,0.0,0.0,0.0,0.0,0.0,0.0,0.0,0.0
1013,V,V,V1013V,Core,NEGATIVE_CONSENSUS,INVARIABLE,False,False,False,0.60705686,0.21794905634298722,1.0,1.0,1.0,0.0,2009.2490234375,0.0,0.0,0.0,0.0,0.0,0.0,0.0,0.0,0.0,0.0
1014,Y,Y,Y1014Y,Core,NEGATIVE_CONSENSUS,INVARIABLE,False,False,False,0.08357149,0.38625726840274144,1.0,1.0,1.0,0.0,2009.2490234375,0.0,0.0,0.0,0.0,0.0,0.0,0.0,0.0,0.0,0.0
1015,F,F,F1015F,Core,NEGATIVE_CONSENSUS,INVARIABLE,False,False,False,0.061055347,0.4024178149016429,1.0,1.0,1.0,0.0,2009.2490234375,0.0,0.0,0.0,0.0,0.0,0.0,0.0,0.0,0.0,0.0
1016,V,V,V1016V,Core,NEGATIVE_CONSENSUS,INVARIABLE,False,False,False,0.27149606,0.3011649827004066,1.0,1.0,1.0,0.0,2009.2490234375,0.0,0.0,0.0,0.0,0.0,0.0,0.0,0.0,0.0,0.0
1017,E,E,E1017E,Core,NEGATIVE_CONSENSUS,INVARIABLE,False,False,False,0.17737707,0.33681854926235366,1.0,1.0,1.0,0.0,2009.2490234375,0.0,0.0,0.0,0.0,0.0,0.0,0.0,0.0,0.0,0.0
1018,T,T,T1018T,Core,NEGATIVE_CONSENSUS,INVARIABLE,False,False,False,0.026892863,0.434869336287794,1.0,1.0,1.0,0.0,2009.2490234375,0.0,0.0,0.0,0.0,0.0,0.0,0.0,0.0,0.0,0.0
1019,L,L,L1019L,Core,NEGATIVE_CONSENSUS,INVARIABLE,False,False,False,0.28021458,0.2982803046346809,1.0,1.0,1.0,0.0,2009.2490234375,0.0,0.0,0.0,0.0,0.0,0.0,0.0,0.0,0.0,0.0
1020,A,A,A1020A,Core,NEGATIVE_CONSENSUS,INVARIABLE,False,False,False,0.17152385,0.3393805230899554,1.0,1.0,1.0,0.0,2009.2490234375,0.0,0.0,0.0,0.0,0.0,0.0,0.0,0.0,0.0,0.0
1021,R,R,R1021R,Core,NEGATIVE_CONSENSUS,INVARIABLE,False,False,False,0.026146797,0.43577116494005275,1.0,1.0,1.0,0.0,2009.2490234375,0.0,0.0,0.0,0.0,0.0,0.0,0.0,0.0,0.0,0.0
1022,S,S,S1022S,Core,NEGATIVE_CONSENSUS,INVARIABLE,False,False,False,0.49796218,0.2401984475468799,1.0,1.0,1.0,0.0,2009.2490234375,0.0,0.0,0.0,0.0,0.0,0.0,0.0,0.0,0.0,0.0
1023,I,I,I1023I,Core,NEGATIVE_CONSENSUS,INVARIABLE,False,False,False,0.7167717,0.19860244442133695,1.0,1.0,1.0,0.0,2009.2490234375,0.0,0.0,0.0,0.0,0.0,0.0,0.0,0.0,0.0,0.0
1024,C,C,C1024C,Core,NEGATIVE_CONSENSUS,INVARIABLE,False,False,False,0.098847605,0.3766084799559455,1.0,1.0,1.0,0.0,2009.2490234375,0.0,0.0,0.0,0.0,0.0,0.0,0.0,0.0,0.0,0.0
1025,E,E,E1025E,Core,NEGATIVE_CONSENSUS,INVARIABLE,False,False,False,0.17737707,0.33681854926235366,1.0,1.0,1.0,0.0,2009.2490234375,0.0,0.0,0.0,0.0,0.0,0.0,0.0,0.0,0.0,0.0
1026,K,K,K1026K,Core,NEGATIVE_CONSENSUS,INVARIABLE,False,False,False,0.2995089,0.2920952302947697,1.0,1.0,1.0,0.0,2009.2490234375,0.0,0.0,0.0,0.0,0.0,0.0,0.0,0.0,0.0,0.0
1027,L,L,L1027L,Core,NEGATIVE_CONSENSUS,INVARIABLE,False,False,False,0.1403902,0.3539467030420645,1.0,1.0,1.0,0.0,2009.2490234375,0.0,0.0,0.0,0.0,0.0,0.0,0.0,0.0,0.0,0.0
1028,E,E,E1028E,Core,NEGATIVE_CONSENSUS,INVARIABLE,False,False,False,0.17737707,0.33681854926235366,1.0,1.0,1.0,0.0,2009.2490234375,0.0,0.0,0.0,0.0,0.0,0.0,0.0,0.0,0.0,0.0
1029,Q,Q,Q1029Q,Core,NEGATIVE_CONSENSUS,INVARIABLE,False,False,False,0.14861211,0.3499326088640236,1.0,1.0,1.0,0.0,2009.2490234375,0.0,0.0,0.0,0.0,0.0,0.0,0.0,0.0,0.0,0.0
1030,S,S,S1030S,Core,NEGATIVE_CONSENSUS,INVARIABLE,False,False,False,0.26384795,0.30374440131695446,1.0,1.0,1.0,0.0,2009.2490234375,0.0,0.0,0.0,0.0,0.0,0.0,0.0,0.0,0.0,0.0
1031,G,G,G1031G,Core,NEGATIVE_CONSENSUS,INVARIABLE,False,False,False,0.10198707,0.37472898848367453,1.0,1.0,1.0,0.0,2009.2490234375,0.0,0.0,0.0,0.0,0.0,0.0,0.0,0.0,0.0,0.0
1032,L,L,L1032L,Core,NEGATIVE_CONSENSUS,INVARIABLE,False,False,False,0.17319994,0.3386417205269501,1.0,1.0,1.0,0.0,2009.2490234375,0.0,0.0,0.0,0.0,0.0,0.0,0.0,0.0,0.0,0.0
1033,P,P,P1033P,Core,NEGATIVE_CONSENSUS,INVARIABLE,False,False,False,0.09249291,0.3805157715681833,1.0,1.0,1.0,0.0,2009.2490234375,0.0,0.0,0.0,0.0,0.0,0.0,0.0,0.0,0.0,0.0
1034,V,V,V1034V,Core,NEGATIVE_CONSENSUS,INVARIABLE,False,False,False,0.60705686,0.21794905634298722,1.0,1.0,1.0,0.0,2009.2490234375,0.0,0.0,0.0,0.0,0.0,0.0,0.0,0.0,0.0,0.0
1035,G,G,G1035G,Core,NEGATIVE_CONSENSUS,INVARIABLE,False,False,False,0.10198707,0.37472898848367453,1.0,1.0,1.0,0.0,2009.2490234375,0.0,0.0,0.0,0.0,0.0,0.0,0.0,0.0,0.0,0.0
1036,G,G,G1036G,Core,NEGATIVE_CONSENSUS,INVARIABLE,False,False,False,0.31973153,0.28588451406953874,1.0,1.0,1.0,0.0,2009.2490234375,0.0,0.0,0.0,0.0,0.0,0.0,0.0,0.0,0.0,0.0
1037,N,N,N1037N,Core,NEGATIVE_CONSENSUS,INVARIABLE,False,False,False,0.14756067,0.3504387265808948,1.0,1.0,1.0,0.0,2009.2490234375,0.0,0.0,0.0,0.0,0.0,0.0,0.0,0.0,0.0,0.0
1038,E,E,E1038E,Core,NEGATIVE_CONSENSUS,INVARIABLE,False,False,False,0.17737707,0.33681854926235366,1.0,1.0,1.0,0.0,2009.2490234375,0.0,0.0,0.0,0.0,0.0,0.0,0.0,0.0,0.0,0.0
1039,K,K,K1039K,Core,NEGATIVE_CONSENSUS,INVARIABLE,False,False,False,0.2995089,0.2920952302947697,1.0,1.0,1.0,0.0,2009.2490234375,0.0,0.0,0.0,0.0,0.0,0.0,0.0,0.0,0.0,0.0
1040,K,K,K1040K,Core,NEGATIVE_CONSENSUS,INVARIABLE,False,False,False,0.56705284,0.22571621060090474,1.0,1.0,1.0,0.0,2009.2490234375,0.0,0.0,0.0,0.0,0.0,0.0,0.0,0.0,0.0,0.0
1041,A,A,A1041A,Core,NEGATIVE_CONSENSUS,INVARIABLE,False,False,False,0.38700545,0.26693884005212853,1.0,1.0,1.0,0.0,2009.2490234375,0.0,0.0,0.0,0.0,0.0,0.0,0.0,0.0,0.0,0.0
1042,K,K,K1042K,Core,NEGATIVE_CONSENSUS,INVARIABLE,False,False,False,1.2671006,0.13015565800770462,1.0,1.0,1.0,0.0,2009.2490234375,0.0,0.0,0.0,0.0,0.0,0.0,0.0,0.0,0.0,0.0
1043,L,L,L1043L,Core,NEGATIVE_CONSENSUS,INVARIABLE,False,False,False,0.17404108,0.33827253269700663,1.0,1.0,1.0,0.0,2009.2490234375,0.0,0.0,0.0,0.0,0.0,0.0,0.0,0.0,0.0,0.0
1044,A,A,A1044A,Core,NEGATIVE_CONSENSUS,INVARIABLE,False,False,False,0.50961536,0.23765270523878462,1.0,1.0,1.0,0.0,2009.2490234375,0.0,0.0,0.0,0.0,0.0,0.0,0.0,0.0,0.0,0.0
1045,N,N,N1045N,Core,NEGATIVE_CONSENSUS,INVARIABLE,False,False,False,0.14756067,0.3504387265808948,1.0,1.0,1.0,0.0,2009.2490234375,0.0,0.0,0.0,0.0,0.0,0.0,0.0,0.0,0.0,0.0
1046,V,V,V1046V,Core,NEGATIVE_CONSENSUS,INVARIABLE,False,False,False,1.0026292,0.15833758155583552,1.0,1.0,1.0,0.0,2009.2490234375,0.0,0.0,0.0,0.0,0.0,0.0,0.0,0.0,0.0,0.0
1047,V,V,V1047V,Core,NEGATIVE_CONSENSUS,INVARIABLE,False,False,False,0.15838115,0.3453256737119521,1.0,1.0,1.0,0.0,2009.2490234375,0.0,0.0,0.0,0.0,0.0,0.0,0.0,0.0,0.0,0.0
1048,R,R,R1048R,Core,NEGATIVE_CONSENSUS,INVARIABLE,False,False,False,0.047289148,0.41392467273385114,1.0,1.0,1.0,0.0,2009.2490234375,0.0,0.0,0.0,0.0,0.0,0.0,0.0,0.0,0.0,0.0
1049,K,K,K1049K,Core,NEGATIVE_CONSENSUS,INVARIABLE,False,False,False,0.2995089,0.2920952302947697,1.0,1.0,1.0,0.0,2009.2490234375,0.0,0.0,0.0,0.0,0.0,0.0,0.0,0.0,0.0,0.0
1050,M,M,M1050M,Core,NEGATIVE_CONSENSUS,INVARIABLE,False,False,False,0.04345588,0.4174346170740496,1.0,1.0,1.0,0.0,2009.2490234375,0.0,0.0,0.0,0.0,0.0,0.0,0.0,0.0,0.0,0.0
1051,M,M,M1051M,Core,NEGATIVE_CONSENSUS,INVARIABLE,False,False,False,0.04345588,0.4174346170740496,1.0,1.0,1.0,0.0,2009.2490234375,0.0,0.0,0.0,0.0,0.0,0.0,0.0,0.0,0.0,0.0
1052,T,T,T1052T,Core,NEGATIVE_CONSENSUS,INVARIABLE,False,False,False,0.026892863,0.434869336287794,1.0,1.0,1.0,0.0,2009.2490234375,0.0,0.0,0.0,0.0,0.0,0.0,0.0,0.0,0.0,0.0
1053,N,N,N1053N,Core,NEGATIVE_CONSENSUS,INVARIABLE,False,False,False,0.14756067,0.3504387265808948,1.0,1.0,1.0,0.0,2009.2490234375,0.0,0.0,0.0,0.0,0.0,0.0,0.0,0.0,0.0,0.0
1054,S,S,S1054S,Core,NEGATIVE_CONSENSUS,INVARIABLE,False,False,False,0.2075632,0.3243420394483918,1.0,1.0,1.0,0.0,2009.2490234375,0.0,0.0,0.0,0.0,0.0,0.0,0.0,0.0,0.0,0.0
1055,Q,Q,Q1055Q,Core,NEGATIVE_CONSENSUS,INVARIABLE,False,False,False,0.1328033,0.35777149996023005,1.0,1.0,1.0,0.0,2009.2490234375,0.0,0.0,0.0,0.0,0.0,0.0,0.0,0.0,0.0,0.0
1056,D,D,D1056D,Core,NEGATIVE_CONSENSUS,INVARIABLE,False,False,False,2.8818045,0.044792789968923004,1.0,1.0,1.0,0.0,2009.2490234375,0.0,0.0,0.0,0.0,0.0,0.0,0.0,0.0,0.0,0.0
1057,T,T,T1057T,Core,NEGATIVE_CONSENSUS,INVARIABLE,False,False,False,0.03364685,0.427230012532943,1.0,1.0,1.0,0.0,2009.2490234375,0.0,0.0,0.0,0.0,0.0,0.0,0.0,0.0,0.0,0.0
1058,E,E,E1058E,Core,NEGATIVE_CONSENSUS,INVARIABLE,False,False,False,0.119156346,0.3649756539296143,1.0,1.0,1.0,0.0,2009.2490234375,0.0,0.0,0.0,0.0,0.0,0.0,0.0,0.0,0.0,0.0
1059,I,I,I1059I,Core,NEGATIVE_CONSENSUS,INVARIABLE,False,False,False,0.7167717,0.19860244442133695,1.0,1.0,1.0,0.0,2009.2490234375,0.0,0.0,0.0,0.0,0.0,0.0,0.0,0.0,0.0,0.0
1060,S,S,S1060S,Core,NEGATIVE_CONSENSUS,INVARIABLE,False,False,False,0.26384795,0.30374440131695446,1.0,1.0,1.0,0.0,2009.2490234375,0.0,0.0,0.0,0.0,0.0,0.0,0.0,0.0,0.0,0.0
1061,F,F,F1061F,Core,NEGATIVE_CONSENSUS,INVARIABLE,False,False,False,0.03677015,0.42396688710899644,1.0,1.0,1.0,0.0,2009.2490234375,0.0,0.0,0.0,0.0,0.0,0.0,0.0,0.0,0.0,0.0
1062,T,T,T1062T,Core,NEGATIVE_CONSENSUS,INVARIABLE,False,False,False,0.03364685,0.427230012532943,1.0,1.0,1.0,0.0,2009.2490234375,0.0,0.0,0.0,0.0,0.0,0.0,0.0,0.0,0.0,0.0
1063,I,I,I1063I,Core,NEGATIVE_CONSENSUS,INVARIABLE,False,False,False,0.41026053,0.2609186505464557,1.0,1.0,1.0,0.0,2009.2490234375,0.0,0.0,0.0,0.0,0.0,0.0,0.0,0.0,0.0,0.0
1064,T,T,T1064T,Core,NEGATIVE_CONSENSUS,INVARIABLE,False,False,False,0.026892863,0.434869336287794,1.0,1.0,1.0,0.0,2009.2490234375,0.0,0.0,0.0,0.0,0.0,0.0,0.0,0.0,0.0,0.0
1065,G,G,G1065G,Core,NEGATIVE_CONSENSUS,INVARIABLE,False,False,False,0.10198707,0.37472898848367453,1.0,1.0,1.0,0.0,2009.2490234375,0.0,0.0,0.0,0.0,0.0,0.0,0.0,0.0,0.0,0.0
1066,D,D,D1066D,Core,NEGATIVE_CONSENSUS,INVARIABLE,False,False,False,2.8818045,0.044792789968923004,1.0,1.0,1.0,0.0,2009.2490234375,0.0,0.0,0.0,0.0,0.0,0.0,0.0,0.0,0.0,0.0
1067,N,N,N1067N,Core,NEGATIVE_CONSENSUS,INVARIABLE,False,False,False,0.2697167,0.3017609345059,1.0,1.0,1.0,0.0,2009.2490234375,0.0,0.0,0.0,0.0,0.0,0.0,0.0,0.0,0.0,0.0
1068,T,T,T1068T,Core,NEGATIVE_CONSENSUS,INVARIABLE,False,False,False,0.026892863,0.434869336287794,1.0,1.0,1.0,0.0,2009.2490234375,0.0,0.0,0.0,0.0,0.0,0.0,0.0,0.0,0.0,0.0
1069,K,K,K1069K,Core,NEGATIVE_CONSENSUS,INVARIABLE,False,False,False,0.56053746,0.22702188691462172,1.0,1.0,1.0,0.0,2009.2490234375,0.0,0.0,0.0,0.0,0.0,0.0,0.0,0.0,0.0,0.0
1070,W,W,W1070W,Core,NEGATIVE_CONSENSUS,INVARIABLE,False,False,False,0.14326186,0.3525297858631183,1.0,1.0,1.0,0.0,2009.2490234375,0.0,0.0,0.0,0.0,0.0,0.0,0.0,0.0,0.0,0.0
1071,N,N,N1071N,Core,NEGATIVE_CONSENSUS,INVARIABLE,False,False,False,0.14756067,0.3504387265808948,1.0,1.0,1.0,0.0,2009.2490234375,0.0,0.0,0.0,0.0,0.0,0.0,0.0,0.0,0.0,0.0
1072,E,E,E1072E,Core,NEGATIVE_CONSENSUS,INVARIABLE,False,False,False,0.17737707,0.33681854926235366,1.0,1.0,1.0,0.0,2009.2490234375,0.0,0.0,0.0,0.0,0.0,0.0,0.0,0.0,0.0,0.0
1073,N,N,N1073N,Core,NEGATIVE_CONSENSUS,INVARIABLE,False,False,False,0.14756067,0.3504387265808948,1.0,1.0,1.0,0.0,2009.2490234375,0.0,0.0,0.0,0.0,0.0,0.0,0.0,0.0,0.0,0.0
1074,Q,Q,Q1074Q,Core,NEGATIVE_CONSENSUS,INVARIABLE,False,False,False,0.1328033,0.35777149996023005,1.0,1.0,1.0,0.0,2009.2490234375,0.0,0.0,0.0,0.0,0.0,0.0,0.0,0.0,0.0,0.0
1075,N,N,N1075N,Core,NEGATIVE_CONSENSUS,INVARIABLE,False,False,False,0.14756067,0.3504387265808948,1.0,1.0,1.0,0.0,2009.2490234375,0.0,0.0,0.0,0.0,0.0,0.0,0.0,0.0,0.0,0.0
1076,P,P,P1076P,Core,NEGATIVE_CONSENSUS,INVARIABLE,False,False,False,0.18130763,0.33512594256133826,1.0,1.0,1.0,0.0,2009.2490234375,0.0,0.0,0.0,0.0,0.0,0.0,0.0,0.0,0.0,0.0
1077,R,R,R1077R,Core,NEGATIVE_CONSENSUS,INVARIABLE,False,False,False,0.03523141,0.4255557883149065,1.0,1.0,1.0,0.0,2009.2490234375,0.0,0.0,0.0,0.0,0.0,0.0,0.0,0.0,0.0,0.0
1078,M,M,M1078M,Core,NEGATIVE_CONSENSUS,INVARIABLE,False,False,False,0.04345588,0.4174346170740496,1.0,1.0,1.0,0.0,2009.2490234375,0.0,0.0,0.0,0.0,0.0,0.0,0.0,0.0,0.0,0.0
1079,F,F,F1079F,Core,NEGATIVE_CONSENSUS,INVARIABLE,False,False,False,0.03677015,0.42396688710899644,1.0,1.0,1.0,0.0,2009.2490234375,0.0,0.0,0.0,0.0,0.0,0.0,0.0,0.0,0.0,0.0
1080,L,L,L1080L,Core,NEGATIVE_CONSENSUS,INVARIABLE,False,False,False,0.15878537,0.3451386324350256,1.0,1.0,1.0,0.0,2009.2490234375,0.0,0.0,0.0,0.0,0.0,0.0,0.0,0.0,0.0,0.0
1081,A,A,A1081A,Core,NEGATIVE_CONSENSUS,INVARIABLE,False,False,False,0.112414464,0.36870593513800987,1.0,1.0,1.0,0.0,2009.2490234375,0.0,0.0,0.0,0.0,0.0,0.0,0.0,0.0,0.0,0.0
1082,M,M,M1082M,Core,NEGATIVE_CONSENSUS,INVARIABLE,False,False,False,0.04345588,0.4174346170740496,1.0,1.0,1.0,0.0,2009.2490234375,0.0,0.0,0.0,0.0,0.0,0.0,0.0,0.0,0.0,0.0
1083,I,I,I1083I,Core,NEGATIVE_CONSENSUS,INVARIABLE,False,False,False,0.4155197,0.259590564115177,1.0,1.0,1.0,0.0,2009.2490234375,0.0,0.0,0.0,0.0,0.0,0.0,0.0,0.0,0.0,0.0
1084,T,T,T1084T,Core,NEGATIVE_CONSENSUS,INVARIABLE,False,False,False,0.02634189,0.43553407846517084,1.0,1.0,1.0,0.0,2009.2490234375,0.0,0.0,0.0,0.0,0.0,0.0,0.0,0.0,0.0,0.0
1085,Y,Y,Y1085Y,Core,NEGATIVE_CONSENSUS,INVARIABLE,False,False,False,0.04160279,0.41918940090001205,1.0,1.0,1.0,0.0,2009.2490234375,0.0,0.0,0.0,0.0,0.0,0.0,0.0,0.0,0.0,0.0
1086,I,I,I1086I,Core,NEGATIVE_CONSENSUS,INVARIABLE,False,False,False,0.41026053,0.2609186505464557,1.0,1.0,1.0,0.0,2009.2490234375,0.0,0.0,0.0,0.0,0.0,0.0,0.0,0.0,0.0,0.0
1087,T,T,T1087T,Core,NEGATIVE_CONSENSUS,INVARIABLE,False,False,False,0.033261508,0.42764328918344385,1.0,1.0,1.0,0.0,2009.2490234375,0.0,0.0,0.0,0.0,0.0,0.0,0.0,0.0,0.0,0.0
1088,R,R,R1088R,Core,NEGATIVE_CONSENSUS,INVARIABLE,False,False,False,0.047289148,0.41392467273385114,1.0,1.0,1.0,0.0,2009.2490234375,0.0,0.0,0.0,0.0,0.0,0.0,0.0,0.0,0.0,0.0
1089,N,N,N1089N,Core,NEGATIVE_CONSENSUS,INVARIABLE,False,False,False,0.14756067,0.3504387265808948,1.0,1.0,1.0,0.0,2009.2490234375,0.0,0.0,0.0,0.0,0.0,0.0,0.0,0.0,0.0,0.0
1090,Q,Q,Q1090Q,Core,NEGATIVE_CONSENSUS,INVARIABLE,False,False,False,0.1328033,0.35777149996023005,1.0,1.0,1.0,0.0,2009.2490234375,0.0,0.0,0.0,0.0,0.0,0.0,0.0,0.0,0.0,0.0
1091,P,P,P1091P,Core,NEGATIVE_CONSENSUS,INVARIABLE,False,False,False,0.13949645,0.35439106371219375,1.0,1.0,1.0,0.0,2009.2490234375,0.0,0.0,0.0,0.0,0.0,0.0,0.0,0.0,0.0,0.0
1092,E,E,E1092E,Core,NEGATIVE_CONSENSUS,INVARIABLE,False,False,False,0.09971498,0.37608596908684694,1.0,1.0,1.0,0.0,2009.2490234375,0.0,0.0,0.0,0.0,0.0,0.0,0.0,0.0,0.0,0.0
1093,W,W,W1093W,Core,NEGATIVE_CONSENSUS,INVARIABLE,False,False,False,0.14326186,0.3525297858631183,1.0,1.0,1.0,0.0,2009.2490234375,0.0,0.0,0.0,0.0,0.0,0.0,0.0,0.0,0.0,0.0
1094,F,F,F1094F,Core,NEGATIVE_CONSENSUS,INVARIABLE,False,False,False,0.03677015,0.42396688710899644,1.0,1.0,1.0,0.0,2009.2490234375,0.0,0.0,0.0,0.0,0.0,0.0,0.0,0.0,0.0,0.0
1095,R,R,R1095R,Core,NEGATIVE_CONSENSUS,INVARIABLE,False,False,False,0.047289148,0.41392467273385114,1.0,1.0,1.0,0.0,2009.2490234375,0.0,0.0,0.0,0.0,0.0,0.0,0.0,0.0,0.0,0.0
1096,N,N,N1096N,Core,NEGATIVE_CONSENSUS,INVARIABLE,False,False,False,0.2697167,0.3017609345059,1.0,1.0,1.0,0.0,2009.2490234375,0.0,0.0,0.0,0.0,0.0,0.0,0.0,0.0,0.0,0.0
1097,I,I,I1097I,Core,NEGATIVE_CONSENSUS,INVARIABLE,False,False,False,0.41026053,0.2609186505464557,1.0,1.0,1.0,0.0,2009.2490234375,0.0,0.0,0.0,0.0,0.0,0.0,0.0,0.0,0.0,0.0
1098,L,L,L1098L,Core,NEGATIVE_CONSENSUS,INVARIABLE,False,False,False,0.17007567,0.34002228311147464,1.0,1.0,1.0,0.0,2009.2490234375,0.0,0.0,0.0,0.0,0.0,0.0,0.0,0.0,0.0,0.0
1099,S,S,S1099S,Core,NEGATIVE_CONSENSUS,INVARIABLE,False,False,False,0.49796218,0.2401984475468799,1.0,1.0,1.0,0.0,2009.2490234375,0.0,0.0,0.0,0.0,0.0,0.0,0.0,0.0,0.0,0.0
1100,M,M,M1100M,Core,NEGATIVE_CONSENSUS,INVARIABLE,False,False,False,0.04345588,0.4174346170740496,1.0,1.0,1.0,0.0,2009.2490234375,0.0,0.0,0.0,0.0,0.0,0.0,0.0,0.0,0.0,0.0
1101,A,A,A1101A,Core,NEGATIVE_CONSENSUS,INVARIABLE,False,False,False,0.50961536,0.23765270523878462,1.0,1.0,1.0,0.0,2009.2490234375,0.0,0.0,0.0,0.0,0.0,0.0,0.0,0.0,0.0,0.0
1102,P,P,P1102P,Core,NEGATIVE_CONSENSUS,INVARIABLE,False,False,False,0.13949645,0.35439106371219375,1.0,1.0,1.0,0.0,2009.2490234375,0.0,0.0,0.0,0.0,0.0,0.0,0.0,0.0,0.0,0.0
1103,I,I,I1103I,Core,NEGATIVE_CONSENSUS,INVARIABLE,False,False,False,1.0355865,0.15442508350662135,1.0,1.0,1.0,0.0,2009.2490234375,0.0,0.0,0.0,0.0,0.0,0.0,0.0,0.0,0.0,0.0
1104,M,M,M1104M,Core,NEGATIVE_CONSENSUS,INVARIABLE,False,False,False,0.04345588,0.4174346170740496,1.0,1.0,1.0,0.0,2009.2490234375,0.0,0.0,0.0,0.0,0.0,0.0,0.0,0.0,0.0,0.0
1105,F,F,F1105F,Core,NEGATIVE_CONSENSUS,INVARIABLE,False,False,False,0.03677015,0.42396688710899644,1.0,1.0,1.0,0.0,2009.2490234375,0.0,0.0,0.0,0.0,0.0,0.0,0.0,0.0,0.0,0.0
1106,S,S,S1106S,Core,NEGATIVE_CONSENSUS,INVARIABLE,False,False,False,0.2075632,0.3243420394483918,1.0,1.0,1.0,0.0,2009.2490234375,0.0,0.0,0.0,0.0,0.0,0.0,0.0,0.0,0.0,0.0
1107,N,N,N1107N,Core,NEGATIVE_CONSENSUS,INVARIABLE,False,False,False,0.2697167,0.3017609345059,1.0,1.0,1.0,0.0,2009.2490234375,0.0,0.0,0.0,0.0,0.0,0.0,0.0,0.0,0.0,0.0
1108,K,K,K1108K,Core,NEGATIVE_CONSENSUS,INVARIABLE,False,False,False,1.2671006,0.13015565800770462,1.0,1.0,1.0,0.0,2009.2490234375,0.0,0.0,0.0,0.0,0.0,0.0,0.0,0.0,0.0,0.0
1109,M,M,M1109M,Core,NEGATIVE_CONSENSUS,INVARIABLE,False,False,False,0.04345588,0.4174346170740496,1.0,1.0,1.0,0.0,2009.2490234375,0.0,0.0,0.0,0.0,0.0,0.0,0.0,0.0,0.0,0.0
1110,A,A,A1110A,Core,NEGATIVE_CONSENSUS,INVARIABLE,False,False,False,0.50961536,0.23765270523878462,1.0,1.0,1.0,0.0,2009.2490234375,0.0,0.0,0.0,0.0,0.0,0.0,0.0,0.0,0.0,0.0
1111,R,R,R1111R,Core,NEGATIVE_CONSENSUS,INVARIABLE,False,False,False,0.045911714,0.4151681814569457,1.0,1.0,1.0,0.0,2009.2490234375,0.0,0.0,0.0,0.0,0.0,0.0,0.0,0.0,0.0,0.0
1112,L,L,L1112L,Core,NEGATIVE_CONSENSUS,INVARIABLE,False,False,False,0.20977953,0.32347013020324433,1.0,1.0,1.0,0.0,2009.2490234375,0.0,0.0,0.0,0.0,0.0,0.0,0.0,0.0,0.0,0.0
1113,G,G,G1113G,Core,NEGATIVE_CONSENSUS,INVARIABLE,False,False,False,0.10198707,0.37472898848367453,1.0,1.0,1.0,0.0,2009.2490234375,0.0,0.0,0.0,0.0,0.0,0.0,0.0,0.0,0.0,0.0
1114,K,R,K1114R,Core,NEGATIVE_CONSENSUS,TEMPORAL_NOISE,False,False,False,2.9434643,0.04311281093323021,0.3517909,0.9207921,0.93989563,0.49858397,2009.5989638506355,0.01622713796130125,2009.5764,2009.6102,0.033865202,0.0022936829879064906,0.0015209618464998038,-2.6556773,-2.7586234,2.4191084,1.8022364
1115,G,G,G1115G,Core,NEGATIVE_CONSENSUS,INVARIABLE,False,False,False,0.10198707,0.37472898848367453,1.0,1.0,1.0,0.0,2009.2490234375,0.0,0.0,0.0,0.0,0.0,0.0,0.0,0.0,0.0,0.0
1116,Y,Y,Y1116Y,Core,NEGATIVE_CONSENSUS,INVARIABLE,False,False,False,0.08357149,0.38625726840274144,1.0,1.0,1.0,0.0,2009.2490234375,0.0,0.0,0.0,0.0,0.0,0.0,0.0,0.0,0.0,0.0
1117,M,M,M1117M,Core,NEGATIVE_CONSENSUS,INVARIABLE,False,False,False,0.04345588,0.4174346170740496,1.0,1.0,1.0,0.0,2009.2490234375,0.0,0.0,0.0,0.0,0.0,0.0,0.0,0.0,0.0,0.0
1118,F,F,F1118F,Core,NEGATIVE_CONSENSUS,INVARIABLE,False,False,False,0.03677015,0.42396688710899644,1.0,1.0,1.0,0.0,2009.2490234375,0.0,0.0,0.0,0.0,0.0,0.0,0.0,0.0,0.0,0.0
1119,E,E,E1119E,Core,NEGATIVE_CONSENSUS,INVARIABLE,False,False,False,0.09971498,0.37608596908684694,1.0,1.0,1.0,0.0,2009.2490234375,0.0,0.0,0.0,0.0,0.0,0.0,0.0,0.0,0.0,0.0
1120,S,S,S1120S,Core,NEGATIVE_CONSENSUS,INVARIABLE,False,False,False,0.5161936,0.23623495187969223,1.0,1.0,1.0,0.0,2009.2490234375,0.0,0.0,0.0,0.0,0.0,0.0,0.0,0.0,0.0,0.0
1121,K,K,K1121K,Core,NEGATIVE_CONSENSUS,INVARIABLE,False,False,False,1.2671006,0.13015565800770462,1.0,1.0,1.0,0.0,2009.2490234375,0.0,0.0,0.0,0.0,0.0,0.0,0.0,0.0,0.0,0.0
1122,R,R,R1122R,Core,NEGATIVE_CONSENSUS,INVARIABLE,False,False,False,0.047289148,0.41392467273385114,1.0,1.0,1.0,0.0,2009.2490234375,0.0,0.0,0.0,0.0,0.0,0.0,0.0,0.0,0.0,0.0
1123,M,M,M1123M,Core,NEGATIVE_CONSENSUS,INVARIABLE,False,False,False,0.04345588,0.4174346170740496,1.0,1.0,1.0,0.0,2009.2490234375,0.0,0.0,0.0,0.0,0.0,0.0,0.0,0.0,0.0,0.0
1124,K,K,K1124K,Core,NEGATIVE_CONSENSUS,INVARIABLE,False,False,False,0.2995089,0.2920952302947697,1.0,1.0,1.0,0.0,2009.2490234375,0.0,0.0,0.0,0.0,0.0,0.0,0.0,0.0,0.0,0.0
1125,I,I,I1125I,Core,NEGATIVE_CONSENSUS,INVARIABLE,False,False,False,0.7167717,0.19860244442133695,1.0,1.0,1.0,0.0,2009.2490234375,0.0,0.0,0.0,0.0,0.0,0.0,0.0,0.0,0.0,0.0
1126,R,R,R1126R,Core,NEGATIVE_CONSENSUS,INVARIABLE,False,False,False,0.03523141,0.4255557883149065,1.0,1.0,1.0,0.0,2009.2490234375,0.0,0.0,0.0,0.0,0.0,0.0,0.0,0.0,0.0,0.0
1127,T,T,T1127T,Core,NEGATIVE_CONSENSUS,INVARIABLE,False,False,False,0.03364685,0.427230012532943,1.0,1.0,1.0,0.0,2009.2490234375,0.0,0.0,0.0,0.0,0.0,0.0,0.0,0.0,0.0,0.0
1128,Q,Q,Q1128Q,Core,NEGATIVE_CONSENSUS,INVARIABLE,False,False,False,0.1328033,0.35777149996023005,1.0,1.0,1.0,0.0,2009.2490234375,0.0,0.0,0.0,0.0,0.0,0.0,0.0,0.0,0.0,0.0
1129,I,I,I1129I,Core,NEGATIVE_CONSENSUS,INVARIABLE,False,False,False,1.0355865,0.15442508350662135,1.0,1.0,1.0,0.0,2009.2490234375,0.0,0.0,0.0,0.0,0.0,0.0,0.0,0.0,0.0,0.0
1130,P,P,P1130P,Core,NEGATIVE_CONSENSUS,INVARIABLE,False,False,False,0.09249291,0.3805157715681833,1.0,1.0,1.0,0.0,2009.2490234375,0.0,0.0,0.0,0.0,0.0,0.0,0.0,0.0,0.0,0.0
1131,A,A,A1131A,Core,NEGATIVE_CONSENSUS,INVARIABLE,False,False,False,0.50961536,0.23765270523878462,1.0,1.0,1.0,0.0,2009.2490234375,0.0,0.0,0.0,0.0,0.0,0.0,0.0,0.0,0.0,0.0
1132,E,E,E1132E,Core,NEGATIVE_CONSENSUS,INVARIABLE,False,False,False,0.17737707,0.33681854926235366,1.0,1.0,1.0,0.0,2009.2490234375,0.0,0.0,0.0,0.0,0.0,0.0,0.0,0.0,0.0,0.0
1133,M,M,M1133M,Core,NEGATIVE_CONSENSUS,INVARIABLE,False,False,False,0.04345588,0.4174346170740496,1.0,1.0,1.0,0.0,2009.2490234375,0.0,0.0,0.0,0.0,0.0,0.0,0.0,0.0,0.0,0.0
1134,L,L,L1134L,Core,NEGATIVE_CONSENSUS,INVARIABLE,False,False,False,0.11014917,0.3699871873246705,1.0,1.0,1.0,0.0,2009.2490234375,0.0,0.0,0.0,0.0,0.0,0.0,0.0,0.0,0.0,0.0
1135,A,A,A1135A,Core,NEGATIVE_CONSENSUS,INVARIABLE,False,False,False,0.50961536,0.23765270523878462,1.0,1.0,1.0,0.0,2009.2490234375,0.0,0.0,0.0,0.0,0.0,0.0,0.0,0.0,0.0,0.0
1136,S,S,S1136S,Core,NEGATIVE_CONSENSUS,INVARIABLE,False,False,False,0.49796218,0.2401984475468799,1.0,1.0,1.0,0.0,2009.2490234375,0.0,0.0,0.0,0.0,0.0,0.0,0.0,0.0,0.0,0.0
1137,I,I,I1137I,Core,NEGATIVE_CONSENSUS,INVARIABLE,False,False,False,0.7167717,0.19860244442133695,1.0,1.0,1.0,0.0,2009.2490234375,0.0,0.0,0.0,0.0,0.0,0.0,0.0,0.0,0.0,0.0
1138,D,D,D1138D,Core,NEGATIVE_CONSENSUS,INVARIABLE,False,False,False,2.8818045,0.044792789968923004,1.0,1.0,1.0,0.0,2009.2490234375,0.0,0.0,0.0,0.0,0.0,0.0,0.0,0.0,0.0,0.0
1139,L,L,L1139L,Core,NEGATIVE_CONSENSUS,INVARIABLE,False,False,False,0.15878537,0.3451386324350256,1.0,1.0,1.0,0.0,2009.2490234375,0.0,0.0,0.0,0.0,0.0,0.0,0.0,0.0,0.0,0.0
1140,K,K,K1140K,Core,NEGATIVE_CONSENSUS,INVARIABLE,False,False,False,0.2995089,0.2920952302947697,1.0,1.0,1.0,0.0,2009.2490234375,0.0,0.0,0.0,0.0,0.0,0.0,0.0,0.0,0.0,0.0
1141,Y,Y,Y1141Y,Core,NEGATIVE_CONSENSUS,INVARIABLE,False,False,False,0.08357149,0.38625726840274144,1.0,1.0,1.0,0.0,2009.2490234375,0.0,0.0,0.0,0.0,0.0,0.0,0.0,0.0,0.0,0.0
1142,F,F,F1142F,Core,NEGATIVE_CONSENSUS,INVARIABLE,False,False,False,0.03677015,0.42396688710899644,1.0,1.0,1.0,0.0,2009.2490234375,0.0,0.0,0.0,0.0,0.0,0.0,0.0,0.0,0.0,0.0
1143,N,N,N1143N,Core,NEGATIVE_CONSENSUS,INVARIABLE,False,False,False,0.14756067,0.3504387265808948,1.0,1.0,1.0,0.0,2009.2490234375,0.0,0.0,0.0,0.0,0.0,0.0,0.0,0.0,0.0,0.0
1144,E,E,E1144E,Core,NEGATIVE_CONSENSUS,INVARIABLE,False,False,False,0.17737707,0.33681854926235366,1.0,1.0,1.0,0.0,2009.2490234375,0.0,0.0,0.0,0.0,0.0,0.0,0.0,0.0,0.0,0.0
1145,S,S,S1145S,Core,NEGATIVE_CONSENSUS,INVARIABLE,False,False,False,0.2075632,0.3243420394483918,1.0,1.0,1.0,0.0,2009.2490234375,0.0,0.0,0.0,0.0,0.0,0.0,0.0,0.0,0.0,0.0
1146,T,T,T1146T,Core,NEGATIVE_CONSENSUS,INVARIABLE,False,False,False,0.03364685,0.427230012532943,1.0,1.0,1.0,0.0,2009.2490234375,0.0,0.0,0.0,0.0,0.0,0.0,0.0,0.0,0.0,0.0
1147,K,K,K1147K,Core,NEGATIVE_CONSENSUS,INVARIABLE,False,False,False,0.2995089,0.2920952302947697,1.0,1.0,1.0,0.0,2009.2490234375,0.0,0.0,0.0,0.0,0.0,0.0,0.0,0.0,0.0,0.0
1148,K,K,K1148K,Core,NEGATIVE_CONSENSUS,INVARIABLE,False,False,False,0.2995089,0.2920952302947697,1.0,1.0,1.0,0.0,2009.2490234375,0.0,0.0,0.0,0.0,0.0,0.0,0.0,0.0,0.0,0.0
1149,K,K,K1149K,Core,NEGATIVE_CONSENSUS,INVARIABLE,False,False,False,1.2671006,0.13015565800770462,1.0,1.0,1.0,0.0,2009.2490234375,0.0,0.0,0.0,0.0,0.0,0.0,0.0,0.0,0.0,0.0
1150,I,I,I1150I,Core,NEGATIVE_CONSENSUS,INVARIABLE,False,False,False,0.7167717,0.19860244442133695,1.0,1.0,1.0,0.0,2009.2490234375,0.0,0.0,0.0,0.0,0.0,0.0,0.0,0.0,0.0,0.0
1151,E,E,E1151E,Core,NEGATIVE_CONSENSUS,INVARIABLE,False,False,False,0.1108638,0.36958142492272333,1.0,1.0,1.0,0.0,2009.2490234375,0.0,0.0,0.0,0.0,0.0,0.0,0.0,0.0,0.0,0.0
1152,K,K,K1152K,Core,NEGATIVE_CONSENSUS,INVARIABLE,False,False,False,1.2671006,0.13015565800770462,1.0,1.0,1.0,0.0,2009.2490234375,0.0,0.0,0.0,0.0,0.0,0.0,0.0,0.0,0.0,0.0
1153,I,I,I1153I,Core,NEGATIVE_CONSENSUS,INVARIABLE,False,False,False,1.0355865,0.15442508350662135,1.0,1.0,1.0,0.0,2009.2490234375,0.0,0.0,0.0,0.0,0.0,0.0,0.0,0.0,0.0,0.0
1154,R,K,R1154K,Core,NEGATIVE_CONSENSUS,FLAT_NO_SIGNAL,False,False,False,0.7996404,0.18560045032074995,0.3517909,1.0,1.0,0.0,2009.2490234375,0.0,0.0,0.0,0.0,0.0,0.0,0.0,0.0,0.0,0.0
1155,P,P,P1155P,Core,NEGATIVE_CONSENSUS,INVARIABLE,False,False,False,0.18130763,0.33512594256133826,1.0,1.0,1.0,0.0,2009.2490234375,0.0,0.0,0.0,0.0,0.0,0.0,0.0,0.0,0.0,0.0
1156,L,L,L1156L,Core,NEGATIVE_CONSENSUS,INVARIABLE,False,False,False,0.1376313,0.355323635839237,1.0,1.0,1.0,0.0,2009.2490234375,0.0,0.0,0.0,0.0,0.0,0.0,0.0,0.0,0.0,0.0
1157,L,L,L1157L,Core,NEGATIVE_CONSENSUS,INVARIABLE,False,False,False,0.07752191,0.3903420783430417,1.0,1.0,1.0,0.0,2009.2490234375,0.0,0.0,0.0,0.0,0.0,0.0,0.0,0.0,0.0,0.0
1158,I,I,I1158I,Core,NEGATIVE_CONSENSUS,INVARIABLE,False,False,False,1.0355865,0.15442508350662135,1.0,1.0,1.0,0.0,2009.2490234375,0.0,0.0,0.0,0.0,0.0,0.0,0.0,0.0,0.0,0.0
1159,D,D,D1159D,Core,NEGATIVE_CONSENSUS,INVARIABLE,False,False,False,0.28821182,0.29568436083297983,1.0,1.0,1.0,0.0,2009.2490234375,0.0,0.0,0.0,0.0,0.0,0.0,0.0,0.0,0.0,0.0
1160,G,G,G1160G,Core,NEGATIVE_CONSENSUS,INVARIABLE,False,False,False,0.31973153,0.28588451406953874,1.0,1.0,1.0,0.0,2009.2490234375,0.0,0.0,0.0,0.0,0.0,0.0,0.0,0.0,0.0,0.0
1161,T,T,T1161T,Core,NEGATIVE_CONSENSUS,INVARIABLE,False,False,False,0.02330806,0.4393293499651152,1.0,1.0,1.0,0.0,2009.2490234375,0.0,0.0,0.0,0.0,0.0,0.0,0.0,0.0,0.0,0.0
1162,A,A,A1162A,Core,NEGATIVE_CONSENSUS,INVARIABLE,False,False,False,0.50961536,0.23765270523878462,1.0,1.0,1.0,0.0,2009.2490234375,0.0,0.0,0.0,0.0,0.0,0.0,0.0,0.0,0.0,0.0
1163,S,S,S1163S,Core,NEGATIVE_CONSENSUS,INVARIABLE,False,False,False,0.2075632,0.3243420394483918,1.0,1.0,1.0,0.0,2009.2490234375,0.0,0.0,0.0,0.0,0.0,0.0,0.0,0.0,0.0,0.0
1164,L,L,L1164L,Core,NEGATIVE_CONSENSUS,INVARIABLE,False,False,False,0.15878537,0.3451386324350256,1.0,1.0,1.0,0.0,2009.2490234375,0.0,0.0,0.0,0.0,0.0,0.0,0.0,0.0,0.0,0.0
1165,S,S,S1165S,Core,NEGATIVE_CONSENSUS,INVARIABLE,False,False,False,0.5161936,0.23623495187969223,1.0,1.0,1.0,0.0,2009.2490234375,0.0,0.0,0.0,0.0,0.0,0.0,0.0,0.0,0.0,0.0
1166,P,P,P1166P,Core,NEGATIVE_CONSENSUS,INVARIABLE,False,False,False,0.18130763,0.33512594256133826,1.0,1.0,1.0,0.0,2009.2490234375,0.0,0.0,0.0,0.0,0.0,0.0,0.0,0.0,0.0,0.0
1167,G,G,G1167G,Core,NEGATIVE_CONSENSUS,INVARIABLE,False,False,False,0.10198707,0.37472898848367453,1.0,1.0,1.0,0.0,2009.2490234375,0.0,0.0,0.0,0.0,0.0,0.0,0.0,0.0,0.0,0.0
1168,M,M,M1168M,Core,NEGATIVE_CONSENSUS,INVARIABLE,False,False,False,0.04345588,0.4174346170740496,1.0,1.0,1.0,0.0,2009.2490234375,0.0,0.0,0.0,0.0,0.0,0.0,0.0,0.0,0.0,0.0
1169,M,M,M1169M,Core,NEGATIVE_CONSENSUS,INVARIABLE,False,False,False,0.04345588,0.4174346170740496,1.0,1.0,1.0,0.0,2009.2490234375,0.0,0.0,0.0,0.0,0.0,0.0,0.0,0.0,0.0,0.0
1170,M,M,M1170M,Core,NEGATIVE_CONSENSUS,INVARIABLE,False,False,False,0.04345588,0.4174346170740496,1.0,1.0,1.0,0.0,2009.2490234375,0.0,0.0,0.0,0.0,0.0,0.0,0.0,0.0,0.0,0.0
1171,G,G,G1171G,Core,NEGATIVE_CONSENSUS,INVARIABLE,False,False,False,0.31973153,0.28588451406953874,1.0,1.0,1.0,0.0,2009.2490234375,0.0,0.0,0.0,0.0,0.0,0.0,0.0,0.0,0.0,0.0
1172,M,M,M1172M,Core,NEGATIVE_CONSENSUS,INVARIABLE,False,False,False,0.04345588,0.4174346170740496,1.0,1.0,1.0,0.0,2009.2490234375,0.0,0.0,0.0,0.0,0.0,0.0,0.0,0.0,0.0,0.0
1173,F,F,F1173F,Core,NEGATIVE_CONSENSUS,INVARIABLE,False,False,False,0.03677015,0.42396688710899644,1.0,1.0,1.0,0.0,2009.2490234375,0.0,0.0,0.0,0.0,0.0,0.0,0.0,0.0,0.0,0.0
1174,N,N,N1174N,Core,NEGATIVE_CONSENSUS,INVARIABLE,False,False,False,0.2697167,0.3017609345059,1.0,1.0,1.0,0.0,2009.2490234375,0.0,0.0,0.0,0.0,0.0,0.0,0.0,0.0,0.0,0.0
1175,M,M,M1175M,Core,NEGATIVE_CONSENSUS,INVARIABLE,False,False,False,0.04345588,0.4174346170740496,1.0,1.0,1.0,0.0,2009.2490234375,0.0,0.0,0.0,0.0,0.0,0.0,0.0,0.0,0.0,0.0
1176,L,L,L1176L,Core,NEGATIVE_CONSENSUS,INVARIABLE,False,False,False,0.20977953,0.32347013020324433,1.0,1.0,1.0,0.0,2009.2490234375,0.0,0.0,0.0,0.0,0.0,0.0,0.0,0.0,0.0,0.0
1177,S,S,S1177S,Core,NEGATIVE_CONSENSUS,INVARIABLE,False,False,False,0.5161936,0.23623495187969223,1.0,1.0,1.0,0.0,2009.2490234375,0.0,0.0,0.0,0.0,0.0,0.0,0.0,0.0,0.0,0.0
1178,T,T,T1178T,Core,NEGATIVE_CONSENSUS,INVARIABLE,False,False,False,0.082995705,0.3866390184146743,1.0,1.0,1.0,0.0,2009.2490234375,0.0,0.0,0.0,0.0,0.0,0.0,0.0,0.0,0.0,0.0
1179,V,V,V1179V,Core,NEGATIVE_CONSENSUS,INVARIABLE,False,False,False,0.24504812,0.3102918178286276,1.0,1.0,1.0,0.0,2009.2490234375,0.0,0.0,0.0,0.0,0.0,0.0,0.0,0.0,0.0,0.0
1180,L,L,L1180L,Core,NEGATIVE_CONSENSUS,INVARIABLE,False,False,False,0.11684559,0.36624060240780854,1.0,1.0,1.0,0.0,2009.2490234375,0.0,0.0,0.0,0.0,0.0,0.0,0.0,0.0,0.0,0.0
1181,G,G,G1181G,Core,NEGATIVE_CONSENSUS,INVARIABLE,False,False,False,0.08983235,0.38219519767681476,1.0,1.0,1.0,0.0,2009.2490234375,0.0,0.0,0.0,0.0,0.0,0.0,0.0,0.0,0.0,0.0
1182,V,V,V1182V,Core,NEGATIVE_CONSENSUS,INVARIABLE,False,False,False,0.91231257,0.1697507851367119,1.0,1.0,1.0,0.0,2009.2490234375,0.0,0.0,0.0,0.0,0.0,0.0,0.0,0.0,0.0,0.0
1183,S,S,S1183S,Core,NEGATIVE_CONSENSUS,INVARIABLE,False,False,False,0.28062758,0.29814508717257127,1.0,1.0,1.0,0.0,2009.2490234375,0.0,0.0,0.0,0.0,0.0,0.0,0.0,0.0,0.0,0.0
1184,I,I,I1184I,Core,NEGATIVE_CONSENSUS,INVARIABLE,False,False,False,1.0355865,0.15442508350662135,1.0,1.0,1.0,0.0,2009.2490234375,0.0,0.0,0.0,0.0,0.0,0.0,0.0,0.0,0.0,0.0
1185,L,L,L1185L,Core,NEGATIVE_CONSENSUS,INVARIABLE,False,False,False,0.15878537,0.3451386324350256,1.0,1.0,1.0,0.0,2009.2490234375,0.0,0.0,0.0,0.0,0.0,0.0,0.0,0.0,0.0,0.0
1186,N,N,N1186N,Core,NEGATIVE_CONSENSUS,INVARIABLE,False,False,False,0.097400114,0.37748609602416033,1.0,1.0,1.0,0.0,2009.2490234375,0.0,0.0,0.0,0.0,0.0,0.0,0.0,0.0,0.0,0.0
1187,L,L,L1187L,Core,NEGATIVE_CONSENSUS,INVARIABLE,False,False,False,0.12625556,0.36117322169782584,1.0,1.0,1.0,0.0,2009.2490234375,0.0,0.0,0.0,0.0,0.0,0.0,0.0,0.0,0.0,0.0
1188,G,G,G1188G,Core,NEGATIVE_CONSENSUS,INVARIABLE,False,False,False,0.08983235,0.38219519767681476,1.0,1.0,1.0,0.0,2009.2490234375,0.0,0.0,0.0,0.0,0.0,0.0,0.0,0.0,0.0,0.0
1189,Q,Q,Q1189Q,Core,NEGATIVE_CONSENSUS,INVARIABLE,False,False,False,0.1328033,0.35777149996023005,1.0,1.0,1.0,0.0,2009.2490234375,0.0,0.0,0.0,0.0,0.0,0.0,0.0,0.0,0.0,0.0
1190,K,K,K1190K,Core,NEGATIVE_CONSENSUS,INVARIABLE,False,False,False,0.2995089,0.2920952302947697,1.0,1.0,1.0,0.0,2009.2490234375,0.0,0.0,0.0,0.0,0.0,0.0,0.0,0.0,0.0,0.0
1191,K,K,K1191K,Core,NEGATIVE_CONSENSUS,INVARIABLE,False,False,False,1.2671006,0.13015565800770462,1.0,1.0,1.0,0.0,2009.2490234375,0.0,0.0,0.0,0.0,0.0,0.0,0.0,0.0,0.0,0.0
1192,Y,Y,Y1192Y,Core,NEGATIVE_CONSENSUS,INVARIABLE,False,False,False,0.08357149,0.38625726840274144,1.0,1.0,1.0,0.0,2009.2490234375,0.0,0.0,0.0,0.0,0.0,0.0,0.0,0.0,0.0,0.0
1193,T,T,T1193T,Core,NEGATIVE_CONSENSUS,INVARIABLE,False,False,False,0.033261508,0.42764328918344385,1.0,1.0,1.0,0.0,2009.2490234375,0.0,0.0,0.0,0.0,0.0,0.0,0.0,0.0,0.0,0.0
1194,K,K,K1194K,Core,NEGATIVE_CONSENSUS,INVARIABLE,False,False,False,0.2995089,0.2920952302947697,1.0,1.0,1.0,0.0,2009.2490234375,0.0,0.0,0.0,0.0,0.0,0.0,0.0,0.0,0.0,0.0
1195,T,T,T1195T,Core,NEGATIVE_CONSENSUS,INVARIABLE,False,False,False,0.03364685,0.427230012532943,1.0,1.0,1.0,0.0,2009.2490234375,0.0,0.0,0.0,0.0,0.0,0.0,0.0,0.0,0.0,0.0
1196,I,V,I1196V,Core,NEGATIVE_CONSENSUS,TEMPORAL_NOISE,False,False,False,0.6110905,0.217188759940927,0.3517909,0.22772278,0.5809792,0.39216858,2009.8811738612287,0.05487861026158318,2009.4523,2009.915,0.4628244,0.015046856163631894,0.009907332821149174,1.5153209,5.751676,1.7200758,-3.865625
1197,Y,Y,Y1197Y,Core,NEGATIVE_CONSENSUS,INVARIABLE,False,False,False,0.028666113,0.4327761307049258,1.0,1.0,1.0,0.0,2009.2490234375,0.0,0.0,0.0,0.0,0.0,0.0,0.0,0.0,0.0,0.0
1198,W,W,W1198W,Core,NEGATIVE_CONSENSUS,INVARIABLE,False,False,False,0.14326186,0.3525297858631183,1.0,1.0,1.0,0.0,2009.2490234375,0.0,0.0,0.0,0.0,0.0,0.0,0.0,0.0,0.0,0.0
1199,W,W,W1199W,Core,NEGATIVE_CONSENSUS,INVARIABLE,False,False,False,0.14326186,0.3525297858631183,1.0,1.0,1.0,0.0,2009.2490234375,0.0,0.0,0.0,0.0,0.0,0.0,0.0,0.0,0.0,0.0
1200,D,D,D1200D,Core,NEGATIVE_CONSENSUS,INVARIABLE,False,False,False,0.24172953,0.3114798699800736,1.0,1.0,1.0,0.0,2009.2490234375,0.0,0.0,0.0,0.0,0.0,0.0,0.0,0.0,0.0,0.0
1201,G,G,G1201G,Core,NEGATIVE_CONSENSUS,INVARIABLE,False,False,False,0.10198707,0.37472898848367453,1.0,1.0,1.0,0.0,2009.2490234375,0.0,0.0,0.0,0.0,0.0,0.0,0.0,0.0,0.0,0.0
1202,L,L,L1202L,Core,NEGATIVE_CONSENSUS,INVARIABLE,False,False,False,0.17319994,0.3386417205269501,1.0,1.0,1.0,0.0,2009.2490234375,0.0,0.0,0.0,0.0,0.0,0.0,0.0,0.0,0.0,0.0
1203,Q,Q,Q1203Q,Core,NEGATIVE_CONSENSUS,INVARIABLE,False,False,False,0.1328033,0.35777149996023005,1.0,1.0,1.0,0.0,2009.2490234375,0.0,0.0,0.0,0.0,0.0,0.0,0.0,0.0,0.0,0.0
1204,S,S,S1204S,Core,NEGATIVE_CONSENSUS,INVARIABLE,False,False,False,0.2075632,0.3243420394483918,1.0,1.0,1.0,0.0,2009.2490234375,0.0,0.0,0.0,0.0,0.0,0.0,0.0,0.0,0.0,0.0
1205,S,S,S1205S,Core,NEGATIVE_CONSENSUS,INVARIABLE,False,False,False,0.23333511,0.31453092392894066,1.0,1.0,1.0,0.0,2009.2490234375,0.0,0.0,0.0,0.0,0.0,0.0,0.0,0.0,0.0,0.0
1206,D,D,D1206D,Core,NEGATIVE_CONSENSUS,INVARIABLE,False,False,False,2.8818045,0.044792789968923004,1.0,1.0,1.0,0.0,2009.2490234375,0.0,0.0,0.0,0.0,0.0,0.0,0.0,0.0,0.0,0.0
1207,D,D,D1207D,Core,NEGATIVE_CONSENSUS,INVARIABLE,False,False,False,0.24172953,0.3114798699800736,1.0,1.0,1.0,0.0,2009.2490234375,0.0,0.0,0.0,0.0,0.0,0.0,0.0,0.0,0.0,0.0
1208,F,F,F1208F,Core,NEGATIVE_CONSENSUS,INVARIABLE,False,False,False,0.061055347,0.4024178149016429,1.0,1.0,1.0,0.0,2009.2490234375,0.0,0.0,0.0,0.0,0.0,0.0,0.0,0.0,0.0,0.0
1209,A,A,A1209A,Core,NEGATIVE_CONSENSUS,INVARIABLE,False,False,False,0.6177493,0.21594245077438262,1.0,1.0,1.0,0.0,2009.2490234375,0.0,0.0,0.0,0.0,0.0,0.0,0.0,0.0,0.0,0.0
1210,L,L,L1210L,Core,NEGATIVE_CONSENSUS,INVARIABLE,False,False,False,0.15579882,0.34652713394803125,1.0,1.0,1.0,0.0,2009.2490234375,0.0,0.0,0.0,0.0,0.0,0.0,0.0,0.0,0.0,0.0
1211,I,I,I1211I,Core,NEGATIVE_CONSENSUS,INVARIABLE,False,False,False,1.0355865,0.15442508350662135,1.0,1.0,1.0,0.0,2009.2490234375,0.0,0.0,0.0,0.0,0.0,0.0,0.0,0.0,0.0,0.0
1212,V,V,V1212V,Core,NEGATIVE_CONSENSUS,INVARIABLE,False,False,False,0.15838115,0.3453256737119521,1.0,1.0,1.0,0.0,2009.2490234375,0.0,0.0,0.0,0.0,0.0,0.0,0.0,0.0,0.0,0.0
1213,N,N,N1213N,Core,NEGATIVE_CONSENSUS,INVARIABLE,False,False,False,0.14756067,0.3504387265808948,1.0,1.0,1.0,0.0,2009.2490234375,0.0,0.0,0.0,0.0,0.0,0.0,0.0,0.0,0.0,0.0
1214,A,A,A1214A,Core,NEGATIVE_CONSENSUS,INVARIABLE,False,False,False,0.50961536,0.23765270523878462,1.0,1.0,1.0,0.0,2009.2490234375,0.0,0.0,0.0,0.0,0.0,0.0,0.0,0.0,0.0,0.0
1215,P,P,P1215P,Core,NEGATIVE_CONSENSUS,INVARIABLE,False,False,False,0.09249291,0.3805157715681833,1.0,1.0,1.0,0.0,2009.2490234375,0.0,0.0,0.0,0.0,0.0,0.0,0.0,0.0,0.0,0.0
1216,N,D,N1216D,Core,NEGATIVE_CONSENSUS,TEMPORAL_NOISE,False,False,False,1.1856923,0.1381000967888926,0.3517909,0.8613861,0.904374,0.109153315,2009.2490234375,0.024140447595742007,2009.249,2009.2716,0.022576801,0.0013285791755106734,0.0007635985042341103,1.6938162,-2.289027,2.1807294,2.0384786
1217,H,H,H1217H,Core,NEGATIVE_CONSENSUS,INVARIABLE,False,False,False,0.18790461,0.3323331716817506,1.0,1.0,1.0,0.0,2009.2490234375,0.0,0.0,0.0,0.0,0.0,0.0,0.0,0.0,0.0,0.0
1218,E,G,E1218G,Core,NEGATIVE_CONSENSUS,FLAT_NO_SIGNAL,False,False,False,0.43848467,0.2539273747116009,0.35272044,1.0,1.0,0.0,2009.2490234375,0.0,0.0,0.0,0.0,0.0,0.0,0.0,0.0,0.0,0.0
1219,G,G,G1219G,Core,NEGATIVE_CONSENSUS,INVARIABLE,False,False,False,0.061049785,0.4024221699265262,1.0,1.0,1.0,0.0,2009.2490234375,0.0,0.0,0.0,0.0,0.0,0.0,0.0,0.0,0.0,0.0
1220,I,I,I1220I,Core,NEGATIVE_CONSENSUS,INVARIABLE,False,False,False,1.0355865,0.15442508350662135,1.0,1.0,1.0,0.0,2009.2490234375,0.0,0.0,0.0,0.0,0.0,0.0,0.0,0.0,0.0,0.0
1221,Q,Q,Q1221Q,Core,NEGATIVE_CONSENSUS,INVARIABLE,False,False,False,0.1328033,0.35777149996023005,1.0,1.0,1.0,0.0,2009.2490234375,0.0,0.0,0.0,0.0,0.0,0.0,0.0,0.0,0.0,0.0
1222,A,A,A1222A,Core,NEGATIVE_CONSENSUS,INVARIABLE,False,False,False,0.50961536,0.23765270523878462,1.0,1.0,1.0,0.0,2009.2490234375,0.0,0.0,0.0,0.0,0.0,0.0,0.0,0.0,0.0,0.0
1223,G,G,G1223G,Core,NEGATIVE_CONSENSUS,INVARIABLE,False,False,False,0.08983235,0.38219519767681476,1.0,1.0,1.0,0.0,2009.2490234375,0.0,0.0,0.0,0.0,0.0,0.0,0.0,0.0,0.0,0.0
1224,V,V,V1224V,Core,NEGATIVE_CONSENSUS,INVARIABLE,False,False,False,0.15838115,0.3453256737119521,1.0,1.0,1.0,0.0,2009.2490234375,0.0,0.0,0.0,0.0,0.0,0.0,0.0,0.0,0.0,0.0
1225,D,D,D1225D,Core,NEGATIVE_CONSENSUS,INVARIABLE,False,False,False,2.8818045,0.044792789968923004,1.0,1.0,1.0,0.0,2009.2490234375,0.0,0.0,0.0,0.0,0.0,0.0,0.0,0.0,0.0,0.0
1226,R,R,R1226R,Core,NEGATIVE_CONSENSUS,INVARIABLE,False,False,False,0.047289148,0.41392467273385114,1.0,1.0,1.0,0.0,2009.2490234375,0.0,0.0,0.0,0.0,0.0,0.0,0.0,0.0,0.0,0.0
1227,F,F,F1227F,Core,NEGATIVE_CONSENSUS,INVARIABLE,False,False,False,0.03677015,0.42396688710899644,1.0,1.0,1.0,0.0,2009.2490234375,0.0,0.0,0.0,0.0,0.0,0.0,0.0,0.0,0.0,0.0
1228,Y,Y,Y1228Y,Core,NEGATIVE_CONSENSUS,INVARIABLE,False,False,False,0.08357149,0.38625726840274144,1.0,1.0,1.0,0.0,2009.2490234375,0.0,0.0,0.0,0.0,0.0,0.0,0.0,0.0,0.0,0.0
1229,R,R,R1229R,Core,NEGATIVE_CONSENSUS,INVARIABLE,False,False,False,0.026146797,0.43577116494005275,1.0,1.0,1.0,0.0,2009.2490234375,0.0,0.0,0.0,0.0,0.0,0.0,0.0,0.0,0.0,0.0
1230,T,T,T1230T,Core,NEGATIVE_CONSENSUS,INVARIABLE,False,False,False,0.033261508,0.42764328918344385,1.0,1.0,1.0,0.0,2009.2490234375,0.0,0.0,0.0,0.0,0.0,0.0,0.0,0.0,0.0,0.0
1231,C,C,C1231C,Core,NEGATIVE_CONSENSUS,INVARIABLE,False,False,False,0.098847605,0.3766084799559455,1.0,1.0,1.0,0.0,2009.2490234375,0.0,0.0,0.0,0.0,0.0,0.0,0.0,0.0,0.0,0.0
1232,K,K,K1232K,Core,NEGATIVE_CONSENSUS,INVARIABLE,False,False,False,0.2995089,0.2920952302947697,1.0,1.0,1.0,0.0,2009.2490234375,0.0,0.0,0.0,0.0,0.0,0.0,0.0,0.0,0.0,0.0
1233,L,L,L1233L,Core,NEGATIVE_CONSENSUS,INVARIABLE,False,False,False,0.28021458,0.2982803046346809,1.0,1.0,1.0,0.0,2009.2490234375,0.0,0.0,0.0,0.0,0.0,0.0,0.0,0.0,0.0,0.0
1234,V,V,V1234V,Core,NEGATIVE_CONSENSUS,INVARIABLE,False,False,False,0.15838115,0.3453256737119521,1.0,1.0,1.0,0.0,2009.2490234375,0.0,0.0,0.0,0.0,0.0,0.0,0.0,0.0,0.0,0.0
1235,G,G,G1235G,Core,NEGATIVE_CONSENSUS,INVARIABLE,False,False,False,0.08983235,0.38219519767681476,1.0,1.0,1.0,0.0,2009.2490234375,0.0,0.0,0.0,0.0,0.0,0.0,0.0,0.0,0.0,0.0
1236,I,I,I1236I,Core,NEGATIVE_CONSENSUS,INVARIABLE,False,False,False,0.41026053,0.2609186505464557,1.0,1.0,1.0,0.0,2009.2490234375,0.0,0.0,0.0,0.0,0.0,0.0,0.0,0.0,0.0,0.0
1237,N,N,N1237N,Core,NEGATIVE_CONSENSUS,INVARIABLE,False,False,False,0.2697167,0.3017609345059,1.0,1.0,1.0,0.0,2009.2490234375,0.0,0.0,0.0,0.0,0.0,0.0,0.0,0.0,0.0,0.0
1238,M,M,M1238M,Core,NEGATIVE_CONSENSUS,INVARIABLE,False,False,False,0.04345588,0.4174346170740496,1.0,1.0,1.0,0.0,2009.2490234375,0.0,0.0,0.0,0.0,0.0,0.0,0.0,0.0,0.0,0.0
1239,S,S,S1239S,Core,NEGATIVE_CONSENSUS,INVARIABLE,False,False,False,0.49796218,0.2401984475468799,1.0,1.0,1.0,0.0,2009.2490234375,0.0,0.0,0.0,0.0,0.0,0.0,0.0,0.0,0.0,0.0
1240,K,K,K1240K,Core,NEGATIVE_CONSENSUS,INVARIABLE,False,False,False,1.2671006,0.13015565800770462,1.0,1.0,1.0,0.0,2009.2490234375,0.0,0.0,0.0,0.0,0.0,0.0,0.0,0.0,0.0,0.0
1241,K,R,K1241R,Core,NEGATIVE_CONSENSUS,TEMPORAL_NOISE,False,False,False,2.3156211,0.06404006443785579,0.3517909,0.96039605,0.964316,0.048163682,2009.2490234375,0.008530497804247791,2009.249,2009.2603,0.011288401,0.0002427382773132034,0.00011625977483503518,1.1401323,-1.5411866,1.4449618,1.3381855
1242,K,K,K1242K,Core,NEGATIVE_CONSENSUS,INVARIABLE,False,False,False,0.2995089,0.2920952302947697,1.0,1.0,1.0,0.0,2009.2490234375,0.0,0.0,0.0,0.0,0.0,0.0,0.0,0.0,0.0,0.0
1243,S,S,S1243S,Core,NEGATIVE_CONSENSUS,INVARIABLE,False,False,False,0.48222643,0.24370778088239314,1.0,1.0,1.0,0.0,2009.2490234375,0.0,0.0,0.0,0.0,0.0,0.0,0.0,0.0,0.0,0.0
1244,Y,Y,Y1244Y,Core,NEGATIVE_CONSENSUS,INVARIABLE,False,False,False,0.04160279,0.41918940090001205,1.0,1.0,1.0,0.0,2009.2490234375,0.0,0.0,0.0,0.0,0.0,0.0,0.0,0.0,0.0,0.0
1245,I,I,I1245I,Core,NEGATIVE_CONSENSUS,INVARIABLE,False,False,False,1.0355865,0.15442508350662135,1.0,1.0,1.0,0.0,2009.2490234375,0.0,0.0,0.0,0.0,0.0,0.0,0.0,0.0,0.0,0.0
1246,N,N,N1246N,Core,NEGATIVE_CONSENSUS,INVARIABLE,False,False,False,0.14756067,0.3504387265808948,1.0,1.0,1.0,0.0,2009.2490234375,0.0,0.0,0.0,0.0,0.0,0.0,0.0,0.0,0.0,0.0
1247,K,K,K1247K,Core,NEGATIVE_CONSENSUS,INVARIABLE,False,False,False,0.2995089,0.2920952302947697,1.0,1.0,1.0,0.0,2009.2490234375,0.0,0.0,0.0,0.0,0.0,0.0,0.0,0.0,0.0,0.0
1248,T,T,T1248T,Core,NEGATIVE_CONSENSUS,INVARIABLE,False,False,False,0.03364685,0.427230012532943,1.0,1.0,1.0,0.0,2009.2490234375,0.0,0.0,0.0,0.0,0.0,0.0,0.0,0.0,0.0,0.0
1249,G,G,G1249G,Core,NEGATIVE_CONSENSUS,INVARIABLE,False,False,False,0.10198707,0.37472898848367453,1.0,1.0,1.0,0.0,2009.2490234375,0.0,0.0,0.0,0.0,0.0,0.0,0.0,0.0,0.0,0.0
1250,T,T,T1250T,Core,NEGATIVE_CONSENSUS,INVARIABLE,False,False,False,0.024541646,0.43775729875697583,1.0,1.0,1.0,0.0,2009.2490234375,0.0,0.0,0.0,0.0,0.0,0.0,0.0,0.0,0.0,0.0
1251,F,F,F1251F,Core,NEGATIVE_CONSENSUS,INVARIABLE,False,False,False,0.061055347,0.4024178149016429,1.0,1.0,1.0,0.0,2009.2490234375,0.0,0.0,0.0,0.0,0.0,0.0,0.0,0.0,0.0,0.0
1252,E,E,E1252E,Core,NEGATIVE_CONSENSUS,INVARIABLE,False,False,False,0.17737707,0.33681854926235366,1.0,1.0,1.0,0.0,2009.2490234375,0.0,0.0,0.0,0.0,0.0,0.0,0.0,0.0,0.0,0.0
1253,F,F,F1253F,Core,NEGATIVE_CONSENSUS,INVARIABLE,False,False,False,0.03677015,0.42396688710899644,1.0,1.0,1.0,0.0,2009.2490234375,0.0,0.0,0.0,0.0,0.0,0.0,0.0,0.0,0.0,0.0
1254,T,T,T1254T,Core,NEGATIVE_CONSENSUS,INVARIABLE,False,False,False,0.03364685,0.427230012532943,1.0,1.0,1.0,0.0,2009.2490234375,0.0,0.0,0.0,0.0,0.0,0.0,0.0,0.0,0.0,0.0
1255,S,S,S1255S,Core,NEGATIVE_CONSENSUS,INVARIABLE,False,False,False,0.49796218,0.2401984475468799,1.0,1.0,1.0,0.0,2009.2490234375,0.0,0.0,0.0,0.0,0.0,0.0,0.0,0.0,0.0,0.0
1256,F,F,F1256F,Core,NEGATIVE_CONSENSUS,INVARIABLE,False,False,False,0.061055347,0.4024178149016429,1.0,1.0,1.0,0.0,2009.2490234375,0.0,0.0,0.0,0.0,0.0,0.0,0.0,0.0,0.0,0.0
1257,F,F,F1257F,Core,NEGATIVE_CONSENSUS,INVARIABLE,False,False,False,0.061055347,0.4024178149016429,1.0,1.0,1.0,0.0,2009.2490234375,0.0,0.0,0.0,0.0,0.0,0.0,0.0,0.0,0.0,0.0
1258,Y,Y,Y1258Y,Core,NEGATIVE_CONSENSUS,INVARIABLE,False,False,False,0.04160279,0.41918940090001205,1.0,1.0,1.0,0.0,2009.2490234375,0.0,0.0,0.0,0.0,0.0,0.0,0.0,0.0,0.0,0.0
1259,R,R,R1259R,Core,NEGATIVE_CONSENSUS,INVARIABLE,False,False,False,0.100597985,0.37555660265095264,1.0,1.0,1.0,0.0,2009.2490234375,0.0,0.0,0.0,0.0,0.0,0.0,0.0,0.0,0.0,0.0
1260,Y,Y,Y1260Y,Core,NEGATIVE_CONSENSUS,INVARIABLE,False,False,False,0.04160279,0.41918940090001205,1.0,1.0,1.0,0.0,2009.2490234375,0.0,0.0,0.0,0.0,0.0,0.0,0.0,0.0,0.0,0.0
1261,G,G,G1261G,Core,NEGATIVE_CONSENSUS,INVARIABLE,False,False,False,0.060908835,0.4025326064535081,1.0,1.0,1.0,0.0,2009.2490234375,0.0,0.0,0.0,0.0,0.0,0.0,0.0,0.0,0.0,0.0
1262,F,F,F1262F,Core,NEGATIVE_CONSENSUS,INVARIABLE,False,False,False,0.061055347,0.4024178149016429,1.0,1.0,1.0,0.0,2009.2490234375,0.0,0.0,0.0,0.0,0.0,0.0,0.0,0.0,0.0,0.0
1263,V,V,V1263V,Core,NEGATIVE_CONSENSUS,INVARIABLE,False,False,False,0.15838115,0.3453256737119521,1.0,1.0,1.0,0.0,2009.2490234375,0.0,0.0,0.0,0.0,0.0,0.0,0.0,0.0,0.0,0.0
1264,A,A,A1264A,Core,NEGATIVE_CONSENSUS,INVARIABLE,False,False,False,0.6177493,0.21594245077438262,1.0,1.0,1.0,0.0,2009.2490234375,0.0,0.0,0.0,0.0,0.0,0.0,0.0,0.0,0.0,0.0
1265,N,N,N1265N,Core,NEGATIVE_CONSENSUS,INVARIABLE,False,False,False,0.096835084,0.3778306157040546,1.0,1.0,1.0,0.0,2009.2490234375,0.0,0.0,0.0,0.0,0.0,0.0,0.0,0.0,0.0,0.0
1266,F,F,F1266F,Core,NEGATIVE_CONSENSUS,INVARIABLE,False,False,False,0.061055347,0.4024178149016429,1.0,1.0,1.0,0.0,2009.2490234375,0.0,0.0,0.0,0.0,0.0,0.0,0.0,0.0,0.0,0.0
1267,S,S,S1267S,Core,NEGATIVE_CONSENSUS,INVARIABLE,False,False,False,0.49796218,0.2401984475468799,1.0,1.0,1.0,0.0,2009.2490234375,0.0,0.0,0.0,0.0,0.0,0.0,0.0,0.0,0.0,0.0
1268,M,M,M1268M,Core,NEGATIVE_CONSENSUS,INVARIABLE,False,False,False,0.04345588,0.4174346170740496,1.0,1.0,1.0,0.0,2009.2490234375,0.0,0.0,0.0,0.0,0.0,0.0,0.0,0.0,0.0,0.0
1269,E,E,E1269E,Core,NEGATIVE_CONSENSUS,INVARIABLE,False,False,False,0.09971498,0.37608596908684694,1.0,1.0,1.0,0.0,2009.2490234375,0.0,0.0,0.0,0.0,0.0,0.0,0.0,0.0,0.0,0.0
1270,L,L,L1270L,Core,NEGATIVE_CONSENSUS,INVARIABLE,False,False,False,0.20977953,0.32347013020324433,1.0,1.0,1.0,0.0,2009.2490234375,0.0,0.0,0.0,0.0,0.0,0.0,0.0,0.0,0.0,0.0
1271,P,P,P1271P,Core,NEGATIVE_CONSENSUS,INVARIABLE,False,False,False,0.13949645,0.35439106371219375,1.0,1.0,1.0,0.0,2009.2490234375,0.0,0.0,0.0,0.0,0.0,0.0,0.0,0.0,0.0,0.0
1272,S,S,S1272S,Core,NEGATIVE_CONSENSUS,INVARIABLE,False,False,False,0.49796218,0.2401984475468799,1.0,1.0,1.0,0.0,2009.2490234375,0.0,0.0,0.0,0.0,0.0,0.0,0.0,0.0,0.0,0.0
1273,F,F,F1273F,Core,NEGATIVE_CONSENSUS,INVARIABLE,False,False,False,0.061055347,0.4024178149016429,1.0,1.0,1.0,0.0,2009.2490234375,0.0,0.0,0.0,0.0,0.0,0.0,0.0,0.0,0.0,0.0
1274,G,G,G1274G,Core,NEGATIVE_CONSENSUS,INVARIABLE,False,False,False,0.057778835,0.4050208309806529,1.0,1.0,1.0,0.0,2009.2490234375,0.0,0.0,0.0,0.0,0.0,0.0,0.0,0.0,0.0,0.0
1275,V,V,V1275V,Core,NEGATIVE_CONSENSUS,INVARIABLE,False,False,False,0.15838115,0.3453256737119521,1.0,1.0,1.0,0.0,2009.2490234375,0.0,0.0,0.0,0.0,0.0,0.0,0.0,0.0,0.0,0.0
1276,S,S,S1276S,Core,NEGATIVE_CONSENSUS,INVARIABLE,False,False,False,0.26384795,0.30374440131695446,1.0,1.0,1.0,0.0,2009.2490234375,0.0,0.0,0.0,0.0,0.0,0.0,0.0,0.0,0.0,0.0
1277,G,G,G1277G,Core,NEGATIVE_CONSENSUS,INVARIABLE,False,False,False,0.08983235,0.38219519767681476,1.0,1.0,1.0,0.0,2009.2490234375,0.0,0.0,0.0,0.0,0.0,0.0,0.0,0.0,0.0,0.0
1278,V,V,V1278V,Core,NEGATIVE_CONSENSUS,INVARIABLE,False,False,False,0.60705686,0.21794905634298722,1.0,1.0,1.0,0.0,2009.2490234375,0.0,0.0,0.0,0.0,0.0,0.0,0.0,0.0,0.0,0.0
1279,N,N,N1279N,Core,NEGATIVE_CONSENSUS,INVARIABLE,False,False,False,0.14756067,0.3504387265808948,1.0,1.0,1.0,0.0,2009.2490234375,0.0,0.0,0.0,0.0,0.0,0.0,0.0,0.0,0.0,0.0
1280,E,E,E1280E,Core,NEGATIVE_CONSENSUS,INVARIABLE,False,False,False,0.17737707,0.33681854926235366,1.0,1.0,1.0,0.0,2009.2490234375,0.0,0.0,0.0,0.0,0.0,0.0,0.0,0.0,0.0,0.0
1281,S,S,S1281S,Core,NEGATIVE_CONSENSUS,INVARIABLE,False,False,False,0.2075632,0.3243420394483918,1.0,1.0,1.0,0.0,2009.2490234375,0.0,0.0,0.0,0.0,0.0,0.0,0.0,0.0,0.0,0.0
1282,A,A,A1282A,Core,NEGATIVE_CONSENSUS,INVARIABLE,False,False,False,0.6177493,0.21594245077438262,1.0,1.0,1.0,0.0,2009.2490234375,0.0,0.0,0.0,0.0,0.0,0.0,0.0,0.0,0.0,0.0
1283,D,D,D1283D,Core,NEGATIVE_CONSENSUS,INVARIABLE,False,False,False,2.8818045,0.044792789968923004,1.0,1.0,1.0,0.0,2009.2490234375,0.0,0.0,0.0,0.0,0.0,0.0,0.0,0.0,0.0,0.0
1284,M,M,M1284M,Core,NEGATIVE_CONSENSUS,INVARIABLE,False,False,False,0.04345588,0.4174346170740496,1.0,1.0,1.0,0.0,2009.2490234375,0.0,0.0,0.0,0.0,0.0,0.0,0.0,0.0,0.0,0.0
1285,S,S,S1285S,Core,NEGATIVE_CONSENSUS,INVARIABLE,False,False,False,0.5161936,0.23623495187969223,1.0,1.0,1.0,0.0,2009.2490234375,0.0,0.0,0.0,0.0,0.0,0.0,0.0,0.0,0.0,0.0
1286,I,V,I1286V,Core,NEGATIVE_CONSENSUS,TEMPORAL_NOISE,False,False,False,0.6901505,0.20305659751465682,0.3517909,0.16831683,0.57686293,0.755377,2009.621540651483,0.06390914982693906,2009.5876,2009.6554,0.067730404,0.008201620815556478,0.005554990793372605,-2.4533107,-1.1009477,-0.31520936,-0.42125562
1287,G,G,G1287G,Core,NEGATIVE_CONSENSUS,INVARIABLE,False,False,False,0.08983235,0.38219519767681476,1.0,1.0,1.0,0.0,2009.2490234375,0.0,0.0,0.0,0.0,0.0,0.0,0.0,0.0,0.0,0.0
1288,V,V,V1288V,Core,NEGATIVE_CONSENSUS,INVARIABLE,False,False,False,0.60705686,0.21794905634298722,1.0,1.0,1.0,0.0,2009.2490234375,0.0,0.0,0.0,0.0,0.0,0.0,0.0,0.0,0.0,0.0
1289,T,T,T1289T,Core,NEGATIVE_CONSENSUS,INVARIABLE,False,False,False,0.03364685,0.427230012532943,1.0,1.0,1.0,0.0,2009.2490234375,0.0,0.0,0.0,0.0,0.0,0.0,0.0,0.0,0.0,0.0
1290,V,V,V1290V,Core,NEGATIVE_CONSENSUS,INVARIABLE,False,False,False,0.2808204,0.2980820006972075,1.0,1.0,1.0,0.0,2009.2490234375,0.0,0.0,0.0,0.0,0.0,0.0,0.0,0.0,0.0,0.0
1291,I,I,I1291I,Core,NEGATIVE_CONSENSUS,INVARIABLE,False,False,False,1.0355865,0.15442508350662135,1.0,1.0,1.0,0.0,2009.2490234375,0.0,0.0,0.0,0.0,0.0,0.0,0.0,0.0,0.0,0.0
1292,K,K,K1292K,Core,NEGATIVE_CONSENSUS,INVARIABLE,False,False,False,0.2995089,0.2920952302947697,1.0,1.0,1.0,0.0,2009.2490234375,0.0,0.0,0.0,0.0,0.0,0.0,0.0,0.0,0.0,0.0
1293,N,N,N1293N,Core,NEGATIVE_CONSENSUS,INVARIABLE,False,False,False,0.2697167,0.3017609345059,1.0,1.0,1.0,0.0,2009.2490234375,0.0,0.0,0.0,0.0,0.0,0.0,0.0,0.0,0.0,0.0
1294,N,N,N1294N,Core,NEGATIVE_CONSENSUS,INVARIABLE,False,False,False,0.2697167,0.3017609345059,1.0,1.0,1.0,0.0,2009.2490234375,0.0,0.0,0.0,0.0,0.0,0.0,0.0,0.0,0.0,0.0
1295,M,M,M1295M,Core,NEGATIVE_CONSENSUS,INVARIABLE,False,False,False,0.04345588,0.4174346170740496,1.0,1.0,1.0,0.0,2009.2490234375,0.0,0.0,0.0,0.0,0.0,0.0,0.0,0.0,0.0,0.0
1296,I,I,I1296I,Core,NEGATIVE_CONSENSUS,INVARIABLE,False,False,False,1.0355865,0.15442508350662135,1.0,1.0,1.0,0.0,2009.2490234375,0.0,0.0,0.0,0.0,0.0,0.0,0.0,0.0,0.0,0.0
1297,N,N,N1297N,Core,NEGATIVE_CONSENSUS,INVARIABLE,False,False,False,0.2697167,0.3017609345059,1.0,1.0,1.0,0.0,2009.2490234375,0.0,0.0,0.0,0.0,0.0,0.0,0.0,0.0,0.0,0.0
1298,N,N,N1298N,Core,NEGATIVE_CONSENSUS,INVARIABLE,False,False,False,0.14756067,0.3504387265808948,1.0,1.0,1.0,0.0,2009.2490234375,0.0,0.0,0.0,0.0,0.0,0.0,0.0,0.0,0.0,0.0
1299,D,D,D1299D,Core,NEGATIVE_CONSENSUS,INVARIABLE,False,False,False,1.3550495,0.12219864704104512,1.0,1.0,1.0,0.0,2009.2490234375,0.0,0.0,0.0,0.0,0.0,0.0,0.0,0.0,0.0,0.0
1300,L,L,L1300L,Core,NEGATIVE_CONSENSUS,INVARIABLE,False,False,False,0.1403902,0.3539467030420645,1.0,1.0,1.0,0.0,2009.2490234375,0.0,0.0,0.0,0.0,0.0,0.0,0.0,0.0,0.0,0.0
1301,G,G,G1301G,Core,NEGATIVE_CONSENSUS,INVARIABLE,False,False,False,0.08983235,0.38219519767681476,1.0,1.0,1.0,0.0,2009.2490234375,0.0,0.0,0.0,0.0,0.0,0.0,0.0,0.0,0.0,0.0
1302,P,P,P1302P,Core,NEGATIVE_CONSENSUS,INVARIABLE,False,False,False,0.18130763,0.33512594256133826,1.0,1.0,1.0,0.0,2009.2490234375,0.0,0.0,0.0,0.0,0.0,0.0,0.0,0.0,0.0,0.0
1303,A,A,A1303A,Core,NEGATIVE_CONSENSUS,INVARIABLE,False,False,False,0.50961536,0.23765270523878462,1.0,1.0,1.0,0.0,2009.2490234375,0.0,0.0,0.0,0.0,0.0,0.0,0.0,0.0,0.0,0.0
1304,T,T,T1304T,Core,NEGATIVE_CONSENSUS,INVARIABLE,False,False,False,0.082995705,0.3866390184146743,1.0,1.0,1.0,0.0,2009.2490234375,0.0,0.0,0.0,0.0,0.0,0.0,0.0,0.0,0.0,0.0
1305,A,A,A1305A,Core,NEGATIVE_CONSENSUS,INVARIABLE,False,False,False,1.0132155,0.15706686261615616,1.0,1.0,1.0,0.0,2009.2490234375,0.0,0.0,0.0,0.0,0.0,0.0,0.0,0.0,0.0,0.0
1306,Q,Q,Q1306Q,Core,NEGATIVE_CONSENSUS,INVARIABLE,False,False,False,0.14861211,0.3499326088640236,1.0,1.0,1.0,0.0,2009.2490234375,0.0,0.0,0.0,0.0,0.0,0.0,0.0,0.0,0.0,0.0
1307,M,M,M1307M,Core,NEGATIVE_CONSENSUS,INVARIABLE,False,False,False,0.04345588,0.4174346170740496,1.0,1.0,1.0,0.0,2009.2490234375,0.0,0.0,0.0,0.0,0.0,0.0,0.0,0.0,0.0,0.0
1308,A,A,A1308A,Core,NEGATIVE_CONSENSUS,INVARIABLE,False,False,False,0.6177493,0.21594245077438262,1.0,1.0,1.0,0.0,2009.2490234375,0.0,0.0,0.0,0.0,0.0,0.0,0.0,0.0,0.0,0.0
1309,L,L,L1309L,Core,NEGATIVE_CONSENSUS,INVARIABLE,False,False,False,8.45044,0.0018247752675536958,1.0,1.0,1.0,0.0,2009.2490234375,0.0,0.0,0.0,0.0,0.0,0.0,0.0,0.0,0.0,0.0
1310,Q,Q,Q1310Q,Core,NEGATIVE_CONSENSUS,INVARIABLE,False,False,False,0.1328033,0.35777149996023005,1.0,1.0,1.0,0.0,2009.2490234375,0.0,0.0,0.0,0.0,0.0,0.0,0.0,0.0,0.0,0.0
1311,L,L,L1311L,Core,NEGATIVE_CONSENSUS,INVARIABLE,False,False,False,0.15926953,0.3449149690043714,1.0,1.0,1.0,0.0,2009.2490234375,0.0,0.0,0.0,0.0,0.0,0.0,0.0,0.0,0.0,0.0
1312,F,F,F1312F,Core,NEGATIVE_CONSENSUS,INVARIABLE,False,False,False,0.03677015,0.42396688710899644,1.0,1.0,1.0,0.0,2009.2490234375,0.0,0.0,0.0,0.0,0.0,0.0,0.0,0.0,0.0,0.0
1313,I,I,I1313I,Core,NEGATIVE_CONSENSUS,INVARIABLE,False,False,False,0.41026053,0.2609186505464557,1.0,1.0,1.0,0.0,2009.2490234375,0.0,0.0,0.0,0.0,0.0,0.0,0.0,0.0,0.0,0.0
1314,K,K,K1314K,Core,NEGATIVE_CONSENSUS,INVARIABLE,False,False,False,1.2671006,0.13015565800770462,1.0,1.0,1.0,0.0,2009.2490234375,0.0,0.0,0.0,0.0,0.0,0.0,0.0,0.0,0.0,0.0
1315,D,D,D1315D,Core,NEGATIVE_CONSENSUS,INVARIABLE,False,False,False,1.3250499,0.12484388131822265,1.0,1.0,1.0,0.0,2009.2490234375,0.0,0.0,0.0,0.0,0.0,0.0,0.0,0.0,0.0,0.0
1316,Y,Y,Y1316Y,Core,NEGATIVE_CONSENSUS,INVARIABLE,False,False,False,0.08357149,0.38625726840274144,1.0,1.0,1.0,0.0,2009.2490234375,0.0,0.0,0.0,0.0,0.0,0.0,0.0,0.0,0.0,0.0
1317,R,R,R1317R,Core,NEGATIVE_CONSENSUS,INVARIABLE,False,False,False,0.047289148,0.41392467273385114,1.0,1.0,1.0,0.0,2009.2490234375,0.0,0.0,0.0,0.0,0.0,0.0,0.0,0.0,0.0,0.0
1318,Y,Y,Y1318Y,Core,NEGATIVE_CONSENSUS,INVARIABLE,False,False,False,0.08357149,0.38625726840274144,1.0,1.0,1.0,0.0,2009.2490234375,0.0,0.0,0.0,0.0,0.0,0.0,0.0,0.0,0.0,0.0
1319,T,T,T1319T,Core,NEGATIVE_CONSENSUS,INVARIABLE,False,False,False,0.03364685,0.427230012532943,1.0,1.0,1.0,0.0,2009.2490234375,0.0,0.0,0.0,0.0,0.0,0.0,0.0,0.0,0.0,0.0
1320,Y,Y,Y1320Y,Core,NEGATIVE_CONSENSUS,INVARIABLE,False,False,False,0.018201467,0.44634040510910705,1.0,1.0,1.0,0.0,2009.2490234375,0.0,0.0,0.0,0.0,0.0,0.0,0.0,0.0,0.0,0.0
1321,R,R,R1321R,Core,NEGATIVE_CONSENSUS,INVARIABLE,False,False,False,0.026146797,0.43577116494005275,1.0,1.0,1.0,0.0,2009.2490234375,0.0,0.0,0.0,0.0,0.0,0.0,0.0,0.0,0.0,0.0
1322,C,C,C1322C,Core,NEGATIVE_CONSENSUS,INVARIABLE,False,False,False,0.098847605,0.3766084799559455,1.0,1.0,1.0,0.0,2009.2490234375,0.0,0.0,0.0,0.0,0.0,0.0,0.0,0.0,0.0,0.0
1323,H,H,H1323H,Core,NEGATIVE_CONSENSUS,INVARIABLE,False,False,False,0.18790461,0.3323331716817506,1.0,1.0,1.0,0.0,2009.2490234375,0.0,0.0,0.0,0.0,0.0,0.0,0.0,0.0,0.0,0.0
1324,R,K,R1324K,Core,NEGATIVE_CONSENSUS,TEMPORAL_NOISE,False,False,False,0.412629,0.2603190658826562,0.3535677,0.32673267,0.63701445,0.6890736,2009.8021550582628,0.1059367868165926,2009.757,2009.836,0.0790188,0.014145995194468429,0.00958113948883425,0.14131771,2.1976085,-5.1081824,2.3736205
1325,G,G,G1325G,Core,NEGATIVE_CONSENSUS,INVARIABLE,False,False,False,0.054147273,0.407998867166641,1.0,1.0,1.0,0.0,2009.2490234375,0.0,0.0,0.0,0.0,0.0,0.0,0.0,0.0,0.0,0.0
1326,D,D,D1326D,Core,NEGATIVE_CONSENSUS,INVARIABLE,False,False,False,2.8818045,0.044792789968923004,1.0,1.0,1.0,0.0,2009.2490234375,0.0,0.0,0.0,0.0,0.0,0.0,0.0,0.0,0.0,0.0
1327,T,A,T1327A,Core,NEGATIVE_CONSENSUS,TEMPORAL_NOISE,False,False,False,0.06720007,0.39772898256660694,0.40066424,0.64356434,0.77227724,0.82293534,2009.373195842161,0.03736634866205345,2009.3168,2009.3958,0.0790188,0.00529625003463056,0.0035686890938637465,2.6373808,-3.0866206,2.7746067,1.9047523
1328,Q,Q,Q1328Q,Core,NEGATIVE_CONSENSUS,INVARIABLE,False,False,False,0.1328033,0.35777149996023005,1.0,1.0,1.0,0.0,2009.2490234375,0.0,0.0,0.0,0.0,0.0,0.0,0.0,0.0,0.0,0.0
1329,I,I,I1329I,Core,NEGATIVE_CONSENSUS,INVARIABLE,False,False,False,0.7167717,0.19860244442133695,1.0,1.0,1.0,0.0,2009.2490234375,0.0,0.0,0.0,0.0,0.0,0.0,0.0,0.0,0.0,0.0
1330,Q,Q,Q1330Q,Core,NEGATIVE_CONSENSUS,INVARIABLE,False,False,False,0.09693542,0.3777693561460067,1.0,1.0,1.0,0.0,2009.2490234375,0.0,0.0,0.0,0.0,0.0,0.0,0.0,0.0,0.0,0.0
1331,T,T,T1331T,Core,NEGATIVE_CONSENSUS,INVARIABLE,False,False,False,0.082995705,0.3866390184146743,1.0,1.0,1.0,0.0,2009.2490234375,0.0,0.0,0.0,0.0,0.0,0.0,0.0,0.0,0.0,0.0
1332,R,R,R1332R,Core,NEGATIVE_CONSENSUS,INVARIABLE,False,False,False,0.047289148,0.41392467273385114,1.0,1.0,1.0,0.0,2009.2490234375,0.0,0.0,0.0,0.0,0.0,0.0,0.0,0.0,0.0,0.0
1333,R,R,R1333R,Core,NEGATIVE_CONSENSUS,INVARIABLE,False,False,False,0.047289148,0.41392467273385114,1.0,1.0,1.0,0.0,2009.2490234375,0.0,0.0,0.0,0.0,0.0,0.0,0.0,0.0,0.0,0.0
1334,S,S,S1334S,Core,NEGATIVE_CONSENSUS,INVARIABLE,False,False,False,0.2075632,0.3243420394483918,1.0,1.0,1.0,0.0,2009.2490234375,0.0,0.0,0.0,0.0,0.0,0.0,0.0,0.0,0.0,0.0
1335,F,F,F1335F,Core,NEGATIVE_CONSENSUS,INVARIABLE,False,False,False,0.061055347,0.4024178149016429,1.0,1.0,1.0,0.0,2009.2490234375,0.0,0.0,0.0,0.0,0.0,0.0,0.0,0.0,0.0,0.0
1336,E,E,E1336E,Core,NEGATIVE_CONSENSUS,INVARIABLE,False,False,False,0.09971498,0.37608596908684694,1.0,1.0,1.0,0.0,2009.2490234375,0.0,0.0,0.0,0.0,0.0,0.0,0.0,0.0,0.0,0.0
1337,L,L,L1337L,Core,NEGATIVE_CONSENSUS,INVARIABLE,False,False,False,0.07781254,0.3901419867603004,1.0,1.0,1.0,0.0,2009.2490234375,0.0,0.0,0.0,0.0,0.0,0.0,0.0,0.0,0.0,0.0
1338,K,K,K1338K,Core,NEGATIVE_CONSENSUS,INVARIABLE,False,False,False,0.2995089,0.2920952302947697,1.0,1.0,1.0,0.0,2009.2490234375,0.0,0.0,0.0,0.0,0.0,0.0,0.0,0.0,0.0,0.0
1339,K,K,K1339K,Core,NEGATIVE_CONSENSUS,INVARIABLE,False,False,False,0.2995089,0.2920952302947697,1.0,1.0,1.0,0.0,2009.2490234375,0.0,0.0,0.0,0.0,0.0,0.0,0.0,0.0,0.0,0.0
1340,L,L,L1340L,Core,NEGATIVE_CONSENSUS,INVARIABLE,False,False,False,0.15878537,0.3451386324350256,1.0,1.0,1.0,0.0,2009.2490234375,0.0,0.0,0.0,0.0,0.0,0.0,0.0,0.0,0.0,0.0
1341,W,W,W1341W,Core,NEGATIVE_CONSENSUS,INVARIABLE,False,False,False,0.14326186,0.3525297858631183,1.0,1.0,1.0,0.0,2009.2490234375,0.0,0.0,0.0,0.0,0.0,0.0,0.0,0.0,0.0,0.0
1342,D,D,D1342D,Core,NEGATIVE_CONSENSUS,INVARIABLE,False,False,False,0.24172953,0.3114798699800736,1.0,1.0,1.0,0.0,2009.2490234375,0.0,0.0,0.0,0.0,0.0,0.0,0.0,0.0,0.0,0.0
1343,Q,Q,Q1343Q,Core,NEGATIVE_CONSENSUS,INVARIABLE,False,False,False,0.1328033,0.35777149996023005,1.0,1.0,1.0,0.0,2009.2490234375,0.0,0.0,0.0,0.0,0.0,0.0,0.0,0.0,0.0,0.0
1344,T,T,T1344T,Core,NEGATIVE_CONSENSUS,INVARIABLE,False,False,False,0.033261508,0.42764328918344385,1.0,1.0,1.0,0.0,2009.2490234375,0.0,0.0,0.0,0.0,0.0,0.0,0.0,0.0,0.0,0.0
1345,Q,Q,Q1345Q,Core,NEGATIVE_CONSENSUS,INVARIABLE,False,False,False,0.1328033,0.35777149996023005,1.0,1.0,1.0,0.0,2009.2490234375,0.0,0.0,0.0,0.0,0.0,0.0,0.0,0.0,0.0,0.0
1346,S,S,S1346S,Core,NEGATIVE_CONSENSUS,INVARIABLE,False,False,False,0.2075632,0.3243420394483918,1.0,1.0,1.0,0.0,2009.2490234375,0.0,0.0,0.0,0.0,0.0,0.0,0.0,0.0,0.0,0.0
1347,K,K,K1347K,Core,NEGATIVE_CONSENSUS,INVARIABLE,False,False,False,0.51387596,0.236732889377276,1.0,1.0,1.0,0.0,2009.2490234375,0.0,0.0,0.0,0.0,0.0,0.0,0.0,0.0,0.0,0.0
1348,V,G,V1348G,Core,NEGATIVE_CONSENSUS,TEMPORAL_NOISE,False,False,False,1.9152156,0.08319252460876225,0.3517909,0.5049505,0.68628633,0.8924478,2009.6102522510594,0.05114901833063433,2009.5764,2009.6667,0.090307206,0.008235375899260582,0.005525940591792575,-3.2451496,-1.506716,-0.10969664,-0.068417236
1349,G,G,G1349G,Core,NEGATIVE_CONSENSUS,INVARIABLE,False,False,False,0.10198707,0.37472898848367453,1.0,1.0,1.0,0.0,2009.2490234375,0.0,0.0,0.0,0.0,0.0,0.0,0.0,0.0,0.0,0.0
1350,L,L,L1350L,Core,NEGATIVE_CONSENSUS,INVARIABLE,False,False,False,0.20977953,0.32347013020324433,1.0,1.0,1.0,0.0,2009.2490234375,0.0,0.0,0.0,0.0,0.0,0.0,0.0,0.0,0.0,0.0
1351,L,L,L1351L,Core,NEGATIVE_CONSENSUS,INVARIABLE,False,False,False,0.28021458,0.2982803046346809,1.0,1.0,1.0,0.0,2009.2490234375,0.0,0.0,0.0,0.0,0.0,0.0,0.0,0.0,0.0,0.0
1352,V,V,V1352V,Core,NEGATIVE_CONSENSUS,INVARIABLE,False,False,False,0.60705686,0.21794905634298722,1.0,1.0,1.0,0.0,2009.2490234375,0.0,0.0,0.0,0.0,0.0,0.0,0.0,0.0,0.0,0.0
1353,S,S,S1353S,Core,NEGATIVE_CONSENSUS,INVARIABLE,False,False,False,0.2075632,0.3243420394483918,1.0,1.0,1.0,0.0,2009.2490234375,0.0,0.0,0.0,0.0,0.0,0.0,0.0,0.0,0.0,0.0
1354,D,D,D1354D,Core,NEGATIVE_CONSENSUS,INVARIABLE,False,False,False,0.24172953,0.3114798699800736,1.0,1.0,1.0,0.0,2009.2490234375,0.0,0.0,0.0,0.0,0.0,0.0,0.0,0.0,0.0,0.0
1355,G,G,G1355G,Core,NEGATIVE_CONSENSUS,INVARIABLE,False,False,False,0.08983235,0.38219519767681476,1.0,1.0,1.0,0.0,2009.2490234375,0.0,0.0,0.0,0.0,0.0,0.0,0.0,0.0,0.0,0.0
1356,G,G,G1356G,Core,NEGATIVE_CONSENSUS,INVARIABLE,False,False,False,0.08983235,0.38219519767681476,1.0,1.0,1.0,0.0,2009.2490234375,0.0,0.0,0.0,0.0,0.0,0.0,0.0,0.0,0.0,0.0
1357,P,P,P1357P,Core,NEGATIVE_CONSENSUS,INVARIABLE,False,False,False,0.09249291,0.3805157715681833,1.0,1.0,1.0,0.0,2009.2490234375,0.0,0.0,0.0,0.0,0.0,0.0,0.0,0.0,0.0,0.0
1358,N,N,N1358N,Core,NEGATIVE_CONSENSUS,INVARIABLE,False,False,False,0.2697167,0.3017609345059,1.0,1.0,1.0,0.0,2009.2490234375,0.0,0.0,0.0,0.0,0.0,0.0,0.0,0.0,0.0,0.0
1359,L,L,L1359L,Core,NEGATIVE_CONSENSUS,INVARIABLE,False,False,False,0.28021458,0.2982803046346809,1.0,1.0,1.0,0.0,2009.2490234375,0.0,0.0,0.0,0.0,0.0,0.0,0.0,0.0,0.0,0.0
1360,Y,Y,Y1360Y,Core,NEGATIVE_CONSENSUS,INVARIABLE,False,False,False,0.08357149,0.38625726840274144,1.0,1.0,1.0,0.0,2009.2490234375,0.0,0.0,0.0,0.0,0.0,0.0,0.0,0.0,0.0,0.0
1361,N,N,N1361N,Core,NEGATIVE_CONSENSUS,INVARIABLE,False,False,False,0.14756067,0.3504387265808948,1.0,1.0,1.0,0.0,2009.2490234375,0.0,0.0,0.0,0.0,0.0,0.0,0.0,0.0,0.0,0.0
1362,I,I,I1362I,Core,NEGATIVE_CONSENSUS,INVARIABLE,False,False,False,1.0355865,0.15442508350662135,1.0,1.0,1.0,0.0,2009.2490234375,0.0,0.0,0.0,0.0,0.0,0.0,0.0,0.0,0.0,0.0
1363,R,R,R1363R,Core,NEGATIVE_CONSENSUS,INVARIABLE,False,False,False,0.03213534,0.42886546959528127,1.0,1.0,1.0,0.0,2009.2490234375,0.0,0.0,0.0,0.0,0.0,0.0,0.0,0.0,0.0,0.0
1364,N,N,N1364N,Core,NEGATIVE_CONSENSUS,INVARIABLE,False,False,False,0.14756067,0.3504387265808948,1.0,1.0,1.0,0.0,2009.2490234375,0.0,0.0,0.0,0.0,0.0,0.0,0.0,0.0,0.0,0.0
1365,L,L,L1365L,Core,NEGATIVE_CONSENSUS,INVARIABLE,False,False,False,0.1403902,0.3539467030420645,1.0,1.0,1.0,0.0,2009.2490234375,0.0,0.0,0.0,0.0,0.0,0.0,0.0,0.0,0.0,0.0
1366,H,H,H1366H,Core,NEGATIVE_CONSENSUS,INVARIABLE,False,False,False,0.534049,0.23245477158082695,1.0,1.0,1.0,0.0,2009.2490234375,0.0,0.0,0.0,0.0,0.0,0.0,0.0,0.0,0.0,0.0
1367,I,I,I1367I,Core,NEGATIVE_CONSENSUS,INVARIABLE,False,False,False,0.7167717,0.19860244442133695,1.0,1.0,1.0,0.0,2009.2490234375,0.0,0.0,0.0,0.0,0.0,0.0,0.0,0.0,0.0,0.0
1368,P,P,P1368P,Core,NEGATIVE_CONSENSUS,INVARIABLE,False,False,False,0.18130763,0.33512594256133826,1.0,1.0,1.0,0.0,2009.2490234375,0.0,0.0,0.0,0.0,0.0,0.0,0.0,0.0,0.0,0.0
1369,E,E,E1369E,Core,NEGATIVE_CONSENSUS,INVARIABLE,False,False,False,0.17737707,0.33681854926235366,1.0,1.0,1.0,0.0,2009.2490234375,0.0,0.0,0.0,0.0,0.0,0.0,0.0,0.0,0.0,0.0
1370,V,V,V1370V,Core,NEGATIVE_CONSENSUS,INVARIABLE,False,False,False,0.22430137,0.31789092814469644,1.0,1.0,1.0,0.0,2009.2490234375,0.0,0.0,0.0,0.0,0.0,0.0,0.0,0.0,0.0,0.0
1371,C,C,C1371C,Core,NEGATIVE_CONSENSUS,INVARIABLE,False,False,False,0.0987279,0.37668079055597986,1.0,1.0,1.0,0.0,2009.2490234375,0.0,0.0,0.0,0.0,0.0,0.0,0.0,0.0,0.0,0.0
1372,L,L,L1372L,Core,NEGATIVE_CONSENSUS,INVARIABLE,False,False,False,0.28021458,0.2982803046346809,1.0,1.0,1.0,0.0,2009.2490234375,0.0,0.0,0.0,0.0,0.0,0.0,0.0,0.0,0.0,0.0
1373,K,K,K1373K,Core,NEGATIVE_CONSENSUS,INVARIABLE,False,False,False,1.2671006,0.13015565800770462,1.0,1.0,1.0,0.0,2009.2490234375,0.0,0.0,0.0,0.0,0.0,0.0,0.0,0.0,0.0,0.0
1374,W,W,W1374W,Core,NEGATIVE_CONSENSUS,INVARIABLE,False,False,False,0.14326186,0.3525297858631183,1.0,1.0,1.0,0.0,2009.2490234375,0.0,0.0,0.0,0.0,0.0,0.0,0.0,0.0,0.0,0.0
1375,E,E,E1375E,Core,NEGATIVE_CONSENSUS,INVARIABLE,False,False,False,0.09971498,0.37608596908684694,1.0,1.0,1.0,0.0,2009.2490234375,0.0,0.0,0.0,0.0,0.0,0.0,0.0,0.0,0.0,0.0
1376,L,L,L1376L,Core,NEGATIVE_CONSENSUS,INVARIABLE,False,False,False,0.20977953,0.32347013020324433,1.0,1.0,1.0,0.0,2009.2490234375,0.0,0.0,0.0,0.0,0.0,0.0,0.0,0.0,0.0,0.0
1377,M,M,M1377M,Core,NEGATIVE_CONSENSUS,INVARIABLE,False,False,False,0.04345588,0.4174346170740496,1.0,1.0,1.0,0.0,2009.2490234375,0.0,0.0,0.0,0.0,0.0,0.0,0.0,0.0,0.0,0.0
1378,D,D,D1378D,Core,NEGATIVE_CONSENSUS,INVARIABLE,False,False,False,0.24172953,0.3114798699800736,1.0,1.0,1.0,0.0,2009.2490234375,0.0,0.0,0.0,0.0,0.0,0.0,0.0,0.0,0.0,0.0
1379,D,D,D1379D,Core,NEGATIVE_CONSENSUS,INVARIABLE,False,False,False,0.24172953,0.3114798699800736,1.0,1.0,1.0,0.0,2009.2490234375,0.0,0.0,0.0,0.0,0.0,0.0,0.0,0.0,0.0,0.0
1380,D,D,D1380D,Core,NEGATIVE_CONSENSUS,INVARIABLE,False,False,False,0.24172953,0.3114798699800736,1.0,1.0,1.0,0.0,2009.2490234375,0.0,0.0,0.0,0.0,0.0,0.0,0.0,0.0,0.0,0.0
1381,Y,Y,Y1381Y,Core,NEGATIVE_CONSENSUS,INVARIABLE,False,False,False,0.04160279,0.41918940090001205,1.0,1.0,1.0,0.0,2009.2490234375,0.0,0.0,0.0,0.0,0.0,0.0,0.0,0.0,0.0,0.0
1382,R,R,R1382R,Core,NEGATIVE_CONSENSUS,INVARIABLE,False,False,False,0.031301104,0.42978515135323686,1.0,1.0,1.0,0.0,2009.2490234375,0.0,0.0,0.0,0.0,0.0,0.0,0.0,0.0,0.0,0.0
1383,G,G,G1383G,Core,NEGATIVE_CONSENSUS,INVARIABLE,False,False,False,0.08983235,0.38219519767681476,1.0,1.0,1.0,0.0,2009.2490234375,0.0,0.0,0.0,0.0,0.0,0.0,0.0,0.0,0.0,0.0
1384,R,R,R1384R,Core,NEGATIVE_CONSENSUS,INVARIABLE,False,False,False,0.047289148,0.41392467273385114,1.0,1.0,1.0,0.0,2009.2490234375,0.0,0.0,0.0,0.0,0.0,0.0,0.0,0.0,0.0,0.0
1385,L,L,L1385L,Core,NEGATIVE_CONSENSUS,INVARIABLE,False,False,False,0.1403902,0.3539467030420645,1.0,1.0,1.0,0.0,2009.2490234375,0.0,0.0,0.0,0.0,0.0,0.0,0.0,0.0,0.0,0.0
1386,C,C,C1386C,Core,NEGATIVE_CONSENSUS,INVARIABLE,False,False,False,0.025839863,0.4361460100233292,1.0,1.0,1.0,0.0,2009.2490234375,0.0,0.0,0.0,0.0,0.0,0.0,0.0,0.0,0.0,0.0
1387,N,N,N1387N,Core,NEGATIVE_CONSENSUS,INVARIABLE,False,False,False,0.14756067,0.3504387265808948,1.0,1.0,1.0,0.0,2009.2490234375,0.0,0.0,0.0,0.0,0.0,0.0,0.0,0.0,0.0,0.0
1388,P,P,P1388P,Core,NEGATIVE_CONSENSUS,INVARIABLE,False,False,False,0.13949645,0.35439106371219375,1.0,1.0,1.0,0.0,2009.2490234375,0.0,0.0,0.0,0.0,0.0,0.0,0.0,0.0,0.0,0.0
1389,L,L,L1389L,Core,NEGATIVE_CONSENSUS,INVARIABLE,False,False,False,0.15878537,0.3451386324350256,1.0,1.0,1.0,0.0,2009.2490234375,0.0,0.0,0.0,0.0,0.0,0.0,0.0,0.0,0.0,0.0
1390,N,N,N1390N,Core,NEGATIVE_CONSENSUS,INVARIABLE,False,False,False,0.14756067,0.3504387265808948,1.0,1.0,1.0,0.0,2009.2490234375,0.0,0.0,0.0,0.0,0.0,0.0,0.0,0.0,0.0,0.0
1391,P,P,P1391P,Core,NEGATIVE_CONSENSUS,INVARIABLE,False,False,False,0.13949645,0.35439106371219375,1.0,1.0,1.0,0.0,2009.2490234375,0.0,0.0,0.0,0.0,0.0,0.0,0.0,0.0,0.0,0.0
1392,F,F,F1392F,Core,NEGATIVE_CONSENSUS,INVARIABLE,False,False,False,0.061055347,0.4024178149016429,1.0,1.0,1.0,0.0,2009.2490234375,0.0,0.0,0.0,0.0,0.0,0.0,0.0,0.0,0.0,0.0
1393,V,V,V1393V,Core,NEGATIVE_CONSENSUS,INVARIABLE,False,False,False,0.91231257,0.1697507851367119,1.0,1.0,1.0,0.0,2009.2490234375,0.0,0.0,0.0,0.0,0.0,0.0,0.0,0.0,0.0,0.0
1394,S,S,S1394S,Core,NEGATIVE_CONSENSUS,INVARIABLE,False,False,False,0.5161936,0.23623495187969223,1.0,1.0,1.0,0.0,2009.2490234375,0.0,0.0,0.0,0.0,0.0,0.0,0.0,0.0,0.0,0.0
1395,H,R,H1395R,Core,NEGATIVE_CONSENSUS,TEMPORAL_NOISE,False,False,False,0.43243283,0.2553988018582163,0.35272044,0.22772278,0.5809792,0.73944235,2009.6441174523304,0.06695918918797955,2009.599,2009.678,0.0790188,0.008824648357932561,0.005976969855773561,-1.3342258,-1.2067862,-0.48299333,-0.4977241
1396,K,K,K1396K,Core,NEGATIVE_CONSENSUS,INVARIABLE,False,False,False,1.2671006,0.13015565800770462,1.0,1.0,1.0,0.0,2009.2490234375,0.0,0.0,0.0,0.0,0.0,0.0,0.0,0.0,0.0,0.0
1397,E,E,E1397E,Core,NEGATIVE_CONSENSUS,INVARIABLE,False,False,False,0.09971498,0.37608596908684694,1.0,1.0,1.0,0.0,2009.2490234375,0.0,0.0,0.0,0.0,0.0,0.0,0.0,0.0,0.0,0.0
1398,I,V,I1398V,Core,NEGATIVE_CONSENSUS,TEMPORAL_NOISE,False,False,False,0.67417395,0.205800075822076,0.3517909,0.41584158,0.6669024,0.82905227,2009.6892710540253,0.051745805807184325,2009.6554,2009.7231,0.067730404,0.006524091160332216,0.004418793205127946,0.7569569,-1.3206029,-2.0523214,0.4468351
1399,D,D,D1399D,Core,NEGATIVE_CONSENSUS,INVARIABLE,False,False,False,0.24172953,0.3114798699800736,1.0,1.0,1.0,0.0,2009.2490234375,0.0,0.0,0.0,0.0,0.0,0.0,0.0,0.0,0.0,0.0
1400,S,S,S1400S,Core,NEGATIVE_CONSENSUS,INVARIABLE,False,False,False,0.26384795,0.30374440131695446,1.0,1.0,1.0,0.0,2009.2490234375,0.0,0.0,0.0,0.0,0.0,0.0,0.0,0.0,0.0,0.0
1401,V,V,V1401V,Core,NEGATIVE_CONSENSUS,INVARIABLE,False,False,False,0.60705686,0.21794905634298722,1.0,1.0,1.0,0.0,2009.2490234375,0.0,0.0,0.0,0.0,0.0,0.0,0.0,0.0,0.0,0.0
1402,N,N,N1402N,Core,NEGATIVE_CONSENSUS,INVARIABLE,False,False,False,0.2697167,0.3017609345059,1.0,1.0,1.0,0.0,2009.2490234375,0.0,0.0,0.0,0.0,0.0,0.0,0.0,0.0,0.0,0.0
1403,N,N,N1403N,Core,NEGATIVE_CONSENSUS,INVARIABLE,False,False,False,0.107273646,0.37163482993032115,1.0,1.0,1.0,0.0,2009.2490234375,0.0,0.0,0.0,0.0,0.0,0.0,0.0,0.0,0.0,0.0
1404,A,T,A1404T,Core,NEGATIVE_CONSENSUS,TEMPORAL_NOISE,False,False,False,0.8821694,0.17380408951173187,0.3517909,0.47524753,0.6680622,0.7582673,2009.7795782574153,0.033821725110131595,2009.7344,2009.8021,0.067730404,0.004485764086080792,0.0030382260726030466,0.0070049185,0.702062,-6.7295485,2.8184333
1405,V,M,V1405M,Core,NEGATIVE_CONSENSUS,TEMPORAL_NOISE,False,False,False,0.19530343,0.32926939814738826,0.36991996,0.44554454,0.6669024,0.80390805,2009.4635030455509,0.0776551967310096,2009.4183,2009.4973,0.0790188,0.010040277435079443,0.006800276761453386,1.2875755,-0.7729387,-0.18305255,-6.104863
1406,V,V,V1406V,Core,NEGATIVE_CONSENSUS,INVARIABLE,False,False,False,0.60705686,0.21794905634298722,1.0,1.0,1.0,0.0,2009.2490234375,0.0,0.0,0.0,0.0,0.0,0.0,0.0,0.0,0.0,0.0
1407,M,M,M1407M,Core,NEGATIVE_CONSENSUS,INVARIABLE,False,False,False,0.04345588,0.4174346170740496,1.0,1.0,1.0,0.0,2009.2490234375,0.0,0.0,0.0,0.0,0.0,0.0,0.0,0.0,0.0,0.0
1408,P,P,P1408P,Core,NEGATIVE_CONSENSUS,INVARIABLE,False,False,False,0.09249291,0.3805157715681833,1.0,1.0,1.0,0.0,2009.2490234375,0.0,0.0,0.0,0.0,0.0,0.0,0.0,0.0,0.0,0.0
1409,A,A,A1409A,Core,NEGATIVE_CONSENSUS,INVARIABLE,False,False,False,1.0132155,0.15706686261615616,1.0,1.0,1.0,0.0,2009.2490234375,0.0,0.0,0.0,0.0,0.0,0.0,0.0,0.0,0.0,0.0
1410,H,H,H1410H,Core,NEGATIVE_CONSENSUS,INVARIABLE,False,False,False,0.18790461,0.3323331716817506,1.0,1.0,1.0,0.0,2009.2490234375,0.0,0.0,0.0,0.0,0.0,0.0,0.0,0.0,0.0,0.0
1411,G,G,G1411G,Core,NEGATIVE_CONSENSUS,INVARIABLE,False,False,False,0.17503367,0.3378382139052346,1.0,1.0,1.0,0.0,2009.2490234375,0.0,0.0,0.0,0.0,0.0,0.0,0.0,0.0,0.0,0.0
1412,P,P,P1412P,Core,NEGATIVE_CONSENSUS,INVARIABLE,False,False,False,0.09249291,0.3805157715681833,1.0,1.0,1.0,0.0,2009.2490234375,0.0,0.0,0.0,0.0,0.0,0.0,0.0,0.0,0.0,0.0
1413,A,V,A1413V,Core,NEGATIVE_CONSENSUS,TEMPORAL_NOISE,False,False,False,1.9632815,0.08058140051931419,0.3517909,0.1980198,0.5809792,0.88359326,2009.6102522510594,0.07513630523636848,2009.5764,2009.6667,0.090307206,0.01160141197608641,0.007857683032000087,-3.3726358,-1.3549775,-0.18776199,-0.22063552
1414,K,K,K1414K,Core,NEGATIVE_CONSENSUS,INVARIABLE,False,False,False,1.2671006,0.13015565800770462,1.0,1.0,1.0,0.0,2009.2490234375,0.0,0.0,0.0,0.0,0.0,0.0,0.0,0.0,0.0,0.0
1415,S,S,S1415S,Core,NEGATIVE_CONSENSUS,INVARIABLE,False,False,False,0.49796218,0.2401984475468799,1.0,1.0,1.0,0.0,2009.2490234375,0.0,0.0,0.0,0.0,0.0,0.0,0.0,0.0,0.0,0.0
1416,M,M,M1416M,Core,NEGATIVE_CONSENSUS,INVARIABLE,False,False,False,0.04345588,0.4174346170740496,1.0,1.0,1.0,0.0,2009.2490234375,0.0,0.0,0.0,0.0,0.0,0.0,0.0,0.0,0.0,0.0
1417,E,E,E1417E,Core,NEGATIVE_CONSENSUS,INVARIABLE,False,False,False,0.17737707,0.33681854926235366,1.0,1.0,1.0,0.0,2009.2490234375,0.0,0.0,0.0,0.0,0.0,0.0,0.0,0.0,0.0,0.0
1418,Y,Y,Y1418Y,Core,NEGATIVE_CONSENSUS,INVARIABLE,False,False,False,0.04160279,0.41918940090001205,1.0,1.0,1.0,0.0,2009.2490234375,0.0,0.0,0.0,0.0,0.0,0.0,0.0,0.0,0.0,0.0
1419,D,D,D1419D,Core,NEGATIVE_CONSENSUS,INVARIABLE,False,False,False,0.24172953,0.3114798699800736,1.0,1.0,1.0,0.0,2009.2490234375,0.0,0.0,0.0,0.0,0.0,0.0,0.0,0.0,0.0,0.0
1420,A,A,A1420A,Core,NEGATIVE_CONSENSUS,INVARIABLE,False,False,False,0.53414434,0.23243484225482153,1.0,1.0,1.0,0.0,2009.2490234375,0.0,0.0,0.0,0.0,0.0,0.0,0.0,0.0,0.0,0.0
1421,V,V,V1421V,Core,NEGATIVE_CONSENSUS,INVARIABLE,False,False,False,0.27149606,0.3011649827004066,1.0,1.0,1.0,0.0,2009.2490234375,0.0,0.0,0.0,0.0,0.0,0.0,0.0,0.0,0.0,0.0
1422,A,A,A1422A,Core,NEGATIVE_CONSENSUS,INVARIABLE,False,False,False,0.50961536,0.23765270523878462,1.0,1.0,1.0,0.0,2009.2490234375,0.0,0.0,0.0,0.0,0.0,0.0,0.0,0.0,0.0,0.0
1423,T,T,T1423T,Core,NEGATIVE_CONSENSUS,INVARIABLE,False,False,False,0.026892863,0.434869336287794,1.0,1.0,1.0,0.0,2009.2490234375,0.0,0.0,0.0,0.0,0.0,0.0,0.0,0.0,0.0,0.0
1424,T,T,T1424T,Core,NEGATIVE_CONSENSUS,INVARIABLE,False,False,False,0.03364685,0.427230012532943,1.0,1.0,1.0,0.0,2009.2490234375,0.0,0.0,0.0,0.0,0.0,0.0,0.0,0.0,0.0,0.0
1425,H,H,H1425H,Core,NEGATIVE_CONSENSUS,INVARIABLE,False,False,False,0.17067415,0.33975668360816125,1.0,1.0,1.0,0.0,2009.2490234375,0.0,0.0,0.0,0.0,0.0,0.0,0.0,0.0,0.0,0.0
1426,S,S,S1426S,Core,NEGATIVE_CONSENSUS,INVARIABLE,False,False,False,0.2231065,0.31834152242957936,1.0,1.0,1.0,0.0,2009.2490234375,0.0,0.0,0.0,0.0,0.0,0.0,0.0,0.0,0.0,0.0
1427,W,W,W1427W,Core,NEGATIVE_CONSENSUS,INVARIABLE,False,False,False,0.14326186,0.3525297858631183,1.0,1.0,1.0,0.0,2009.2490234375,0.0,0.0,0.0,0.0,0.0,0.0,0.0,0.0,0.0,0.0
1428,I,I,I1428I,Core,NEGATIVE_CONSENSUS,INVARIABLE,False,False,False,0.7167717,0.19860244442133695,1.0,1.0,1.0,0.0,2009.2490234375,0.0,0.0,0.0,0.0,0.0,0.0,0.0,0.0,0.0,0.0
1429,P,P,P1429P,Core,NEGATIVE_CONSENSUS,INVARIABLE,False,False,False,0.13949645,0.35439106371219375,1.0,1.0,1.0,0.0,2009.2490234375,0.0,0.0,0.0,0.0,0.0,0.0,0.0,0.0,0.0,0.0
1430,K,R,K1430R,Core,NEGATIVE_CONSENSUS,TEMPORAL_NOISE,False,False,False,1.0590124,0.15172026936520497,0.3517909,0.07920792,0.42981946,0.58577424,2009.587675450212,0.13058402376657746,2009.5538,2009.6102,0.056442004,0.012826401825870545,0.008687373588359741,-6.7540174,-1.0309973,1.1030519,0.27865568
1431,R,R,R1431R,Core,NEGATIVE_CONSENSUS,INVARIABLE,False,False,False,0.026146797,0.43577116494005275,1.0,1.0,1.0,0.0,2009.2490234375,0.0,0.0,0.0,0.0,0.0,0.0,0.0,0.0,0.0,0.0
1432,N,N,N1432N,Core,NEGATIVE_CONSENSUS,INVARIABLE,False,False,False,0.14756067,0.3504387265808948,1.0,1.0,1.0,0.0,2009.2490234375,0.0,0.0,0.0,0.0,0.0,0.0,0.0,0.0,0.0,0.0
1433,R,R,R1433R,Core,NEGATIVE_CONSENSUS,INVARIABLE,False,False,False,0.06321867,0.40073959023730843,1.0,1.0,1.0,0.0,2009.2490234375,0.0,0.0,0.0,0.0,0.0,0.0,0.0,0.0,0.0,0.0
1434,S,S,S1434S,Core,NEGATIVE_CONSENSUS,INVARIABLE,False,False,False,0.10147963,0.37503059858943344,1.0,1.0,1.0,0.0,2009.2490234375,0.0,0.0,0.0,0.0,0.0,0.0,0.0,0.0,0.0,0.0
1435,I,I,I1435I,Core,NEGATIVE_CONSENSUS,INVARIABLE,False,False,False,0.7167717,0.19860244442133695,1.0,1.0,1.0,0.0,2009.2490234375,0.0,0.0,0.0,0.0,0.0,0.0,0.0,0.0,0.0,0.0
1436,L,L,L1436L,Core,NEGATIVE_CONSENSUS,INVARIABLE,False,False,False,0.17319994,0.3386417205269501,1.0,1.0,1.0,0.0,2009.2490234375,0.0,0.0,0.0,0.0,0.0,0.0,0.0,0.0,0.0,0.0
1437,N,N,N1437N,Core,NEGATIVE_CONSENSUS,INVARIABLE,False,False,False,0.2697167,0.3017609345059,1.0,1.0,1.0,0.0,2009.2490234375,0.0,0.0,0.0,0.0,0.0,0.0,0.0,0.0,0.0,0.0
1438,T,T,T1438T,Core,NEGATIVE_CONSENSUS,INVARIABLE,False,False,False,0.03364685,0.427230012532943,1.0,1.0,1.0,0.0,2009.2490234375,0.0,0.0,0.0,0.0,0.0,0.0,0.0,0.0,0.0,0.0
1439,S,S,S1439S,Core,NEGATIVE_CONSENSUS,INVARIABLE,False,False,False,0.49796218,0.2401984475468799,1.0,1.0,1.0,0.0,2009.2490234375,0.0,0.0,0.0,0.0,0.0,0.0,0.0,0.0,0.0,0.0
1440,Q,Q,Q1440Q,Core,NEGATIVE_CONSENSUS,INVARIABLE,False,False,False,0.1328033,0.35777149996023005,1.0,1.0,1.0,0.0,2009.2490234375,0.0,0.0,0.0,0.0,0.0,0.0,0.0,0.0,0.0,0.0
1441,R,R,R1441R,Core,NEGATIVE_CONSENSUS,INVARIABLE,False,False,False,0.026146797,0.43577116494005275,1.0,1.0,1.0,0.0,2009.2490234375,0.0,0.0,0.0,0.0,0.0,0.0,0.0,0.0,0.0,0.0
1442,G,G,G1442G,Core,NEGATIVE_CONSENSUS,INVARIABLE,False,False,False,0.08983235,0.38219519767681476,1.0,1.0,1.0,0.0,2009.2490234375,0.0,0.0,0.0,0.0,0.0,0.0,0.0,0.0,0.0,0.0
1443,I,I,I1443I,Core,NEGATIVE_CONSENSUS,INVARIABLE,False,False,False,0.7167717,0.19860244442133695,1.0,1.0,1.0,0.0,2009.2490234375,0.0,0.0,0.0,0.0,0.0,0.0,0.0,0.0,0.0,0.0
1444,L,L,L1444L,Core,NEGATIVE_CONSENSUS,INVARIABLE,False,False,False,0.1403902,0.3539467030420645,1.0,1.0,1.0,0.0,2009.2490234375,0.0,0.0,0.0,0.0,0.0,0.0,0.0,0.0,0.0,0.0
1445,E,E,E1445E,Core,NEGATIVE_CONSENSUS,INVARIABLE,False,False,False,0.09971498,0.37608596908684694,1.0,1.0,1.0,0.0,2009.2490234375,0.0,0.0,0.0,0.0,0.0,0.0,0.0,0.0,0.0,0.0
1446,D,D,D1446D,Core,NEGATIVE_CONSENSUS,INVARIABLE,False,False,False,0.24172953,0.3114798699800736,1.0,1.0,1.0,0.0,2009.2490234375,0.0,0.0,0.0,0.0,0.0,0.0,0.0,0.0,0.0,0.0
1447,E,E,E1447E,Core,NEGATIVE_CONSENSUS,INVARIABLE,False,False,False,0.17737707,0.33681854926235366,1.0,1.0,1.0,0.0,2009.2490234375,0.0,0.0,0.0,0.0,0.0,0.0,0.0,0.0,0.0,0.0
1448,Q,Q,Q1448Q,Core,NEGATIVE_CONSENSUS,INVARIABLE,False,False,False,0.14861211,0.3499326088640236,1.0,1.0,1.0,0.0,2009.2490234375,0.0,0.0,0.0,0.0,0.0,0.0,0.0,0.0,0.0,0.0
1449,M,M,M1449M,Core,NEGATIVE_CONSENSUS,INVARIABLE,False,False,False,0.04345588,0.4174346170740496,1.0,1.0,1.0,0.0,2009.2490234375,0.0,0.0,0.0,0.0,0.0,0.0,0.0,0.0,0.0,0.0
1450,Y,Y,Y1450Y,Core,NEGATIVE_CONSENSUS,INVARIABLE,False,False,False,0.02924677,0.4321052503092942,1.0,1.0,1.0,0.0,2009.2490234375,0.0,0.0,0.0,0.0,0.0,0.0,0.0,0.0,0.0,0.0
1451,Q,Q,Q1451Q,Core,NEGATIVE_CONSENSUS,INVARIABLE,False,False,False,0.14861211,0.3499326088640236,1.0,1.0,1.0,0.0,2009.2490234375,0.0,0.0,0.0,0.0,0.0,0.0,0.0,0.0,0.0,0.0
1452,K,K,K1452K,Core,NEGATIVE_CONSENSUS,INVARIABLE,False,False,False,0.2995089,0.2920952302947697,1.0,1.0,1.0,0.0,2009.2490234375,0.0,0.0,0.0,0.0,0.0,0.0,0.0,0.0,0.0,0.0
1453,C,C,C1453C,Core,NEGATIVE_CONSENSUS,INVARIABLE,False,False,False,0.09346265,0.3799102078700427,1.0,1.0,1.0,0.0,2009.2490234375,0.0,0.0,0.0,0.0,0.0,0.0,0.0,0.0,0.0,0.0
1454,C,C,C1454C,Core,NEGATIVE_CONSENSUS,INVARIABLE,False,False,False,0.098847605,0.3766084799559455,1.0,1.0,1.0,0.0,2009.2490234375,0.0,0.0,0.0,0.0,0.0,0.0,0.0,0.0,0.0,0.0
1455,N,N,N1455N,Core,NEGATIVE_CONSENSUS,INVARIABLE,False,False,False,0.14756067,0.3504387265808948,1.0,1.0,1.0,0.0,2009.2490234375,0.0,0.0,0.0,0.0,0.0,0.0,0.0,0.0,0.0,0.0
1456,L,L,L1456L,Core,NEGATIVE_CONSENSUS,INVARIABLE,False,False,False,0.20977953,0.32347013020324433,1.0,1.0,1.0,0.0,2009.2490234375,0.0,0.0,0.0,0.0,0.0,0.0,0.0,0.0,0.0,0.0
1457,F,F,F1457F,Core,NEGATIVE_CONSENSUS,INVARIABLE,False,False,False,0.03677015,0.42396688710899644,1.0,1.0,1.0,0.0,2009.2490234375,0.0,0.0,0.0,0.0,0.0,0.0,0.0,0.0,0.0,0.0
1458,E,E,E1458E,Core,NEGATIVE_CONSENSUS,INVARIABLE,False,False,False,0.09971498,0.37608596908684694,1.0,1.0,1.0,0.0,2009.2490234375,0.0,0.0,0.0,0.0,0.0,0.0,0.0,0.0,0.0,0.0
1459,K,K,K1459K,Core,NEGATIVE_CONSENSUS,INVARIABLE,False,False,False,1.2671006,0.13015565800770462,1.0,1.0,1.0,0.0,2009.2490234375,0.0,0.0,0.0,0.0,0.0,0.0,0.0,0.0,0.0,0.0
1460,F,F,F1460F,Core,NEGATIVE_CONSENSUS,INVARIABLE,False,False,False,0.061055347,0.4024178149016429,1.0,1.0,1.0,0.0,2009.2490234375,0.0,0.0,0.0,0.0,0.0,0.0,0.0,0.0,0.0,0.0
1461,F,F,F1461F,Core,NEGATIVE_CONSENSUS,INVARIABLE,False,False,False,0.03677015,0.42396688710899644,1.0,1.0,1.0,0.0,2009.2490234375,0.0,0.0,0.0,0.0,0.0,0.0,0.0,0.0,0.0,0.0
1462,P,P,P1462P,Core,NEGATIVE_CONSENSUS,INVARIABLE,False,False,False,0.18130763,0.33512594256133826,1.0,1.0,1.0,0.0,2009.2490234375,0.0,0.0,0.0,0.0,0.0,0.0,0.0,0.0,0.0,0.0
1463,S,S,S1463S,Core,NEGATIVE_CONSENSUS,INVARIABLE,False,False,False,0.48057806,0.24408029679794174,1.0,1.0,1.0,0.0,2009.2490234375,0.0,0.0,0.0,0.0,0.0,0.0,0.0,0.0,0.0,0.0
1464,S,S,S1464S,Core,NEGATIVE_CONSENSUS,INVARIABLE,False,False,False,0.5161936,0.23623495187969223,1.0,1.0,1.0,0.0,2009.2490234375,0.0,0.0,0.0,0.0,0.0,0.0,0.0,0.0,0.0,0.0
1465,S,S,S1465S,Core,NEGATIVE_CONSENSUS,INVARIABLE,False,False,False,0.2075632,0.3243420394483918,1.0,1.0,1.0,0.0,2009.2490234375,0.0,0.0,0.0,0.0,0.0,0.0,0.0,0.0,0.0,0.0
1466,Y,Y,Y1466Y,Core,NEGATIVE_CONSENSUS,INVARIABLE,False,False,False,0.04160279,0.41918940090001205,1.0,1.0,1.0,0.0,2009.2490234375,0.0,0.0,0.0,0.0,0.0,0.0,0.0,0.0,0.0,0.0
1467,R,R,R1467R,Core,NEGATIVE_CONSENSUS,INVARIABLE,False,False,False,0.026146797,0.43577116494005275,1.0,1.0,1.0,0.0,2009.2490234375,0.0,0.0,0.0,0.0,0.0,0.0,0.0,0.0,0.0,0.0
1468,R,R,R1468R,Core,NEGATIVE_CONSENSUS,INVARIABLE,False,False,False,0.047289148,0.41392467273385114,1.0,1.0,1.0,0.0,2009.2490234375,0.0,0.0,0.0,0.0,0.0,0.0,0.0,0.0,0.0,0.0
1469,P,P,P1469P,Core,NEGATIVE_CONSENSUS,INVARIABLE,False,False,False,0.084023274,0.3859587324025193,1.0,1.0,1.0,0.0,2009.2490234375,0.0,0.0,0.0,0.0,0.0,0.0,0.0,0.0,0.0,0.0
1470,V,V,V1470V,Core,NEGATIVE_CONSENSUS,INVARIABLE,False,False,False,0.27149606,0.3011649827004066,1.0,1.0,1.0,0.0,2009.2490234375,0.0,0.0,0.0,0.0,0.0,0.0,0.0,0.0,0.0,0.0
1471,G,G,G1471G,Core,NEGATIVE_CONSENSUS,INVARIABLE,False,False,False,0.06427439,0.3999316782189043,1.0,1.0,1.0,0.0,2009.2490234375,0.0,0.0,0.0,0.0,0.0,0.0,0.0,0.0,0.0,0.0
1472,I,V,I1472V,Core,NEGATIVE_CONSENSUS,TEMPORAL_NOISE,False,False,False,0.6841008,0.20408909632140781,0.3517909,0.38613862,0.6669024,0.83733565,2009.7005594544491,0.053713655655797846,2009.6554,2009.7231,0.067730404,0.006776370547854006,0.004589663049828074,0.7582468,-1.3001934,-2.228456,0.53730404
1473,S,S,S1473S,Core,NEGATIVE_CONSENSUS,INVARIABLE,False,False,False,0.26384795,0.30374440131695446,1.0,1.0,1.0,0.0,2009.2490234375,0.0,0.0,0.0,0.0,0.0,0.0,0.0,0.0,0.0,0.0
1474,S,S,S1474S,Core,NEGATIVE_CONSENSUS,INVARIABLE,False,False,False,0.49796218,0.2401984475468799,1.0,1.0,1.0,0.0,2009.2490234375,0.0,0.0,0.0,0.0,0.0,0.0,0.0,0.0,0.0,0.0
1475,M,M,M1475M,Core,NEGATIVE_CONSENSUS,INVARIABLE,False,False,False,0.04345588,0.4174346170740496,1.0,1.0,1.0,0.0,2009.2490234375,0.0,0.0,0.0,0.0,0.0,0.0,0.0,0.0,0.0,0.0
1476,V,V,V1476V,Core,NEGATIVE_CONSENSUS,INVARIABLE,False,False,False,0.079622045,0.3889051290710793,1.0,1.0,1.0,0.0,2009.2490234375,0.0,0.0,0.0,0.0,0.0,0.0,0.0,0.0,0.0,0.0
1477,E,E,E1477E,Core,NEGATIVE_CONSENSUS,INVARIABLE,False,False,False,0.09971498,0.37608596908684694,1.0,1.0,1.0,0.0,2009.2490234375,0.0,0.0,0.0,0.0,0.0,0.0,0.0,0.0,0.0,0.0
1478,A,A,A1478A,Core,NEGATIVE_CONSENSUS,INVARIABLE,False,False,False,1.0132155,0.15706686261615616,1.0,1.0,1.0,0.0,2009.2490234375,0.0,0.0,0.0,0.0,0.0,0.0,0.0,0.0,0.0,0.0
1479,M,M,M1479M,Core,NEGATIVE_CONSENSUS,INVARIABLE,False,False,False,0.04345588,0.4174346170740496,1.0,1.0,1.0,0.0,2009.2490234375,0.0,0.0,0.0,0.0,0.0,0.0,0.0,0.0,0.0,0.0
1480,V,M,V1480M,Core,NEGATIVE_CONSENSUS,TEMPORAL_NOISE,False,False,False,0.65438294,0.20927500377990993,0.3517909,0.41584158,0.6669024,0.82905227,2009.6892710540253,0.1140818602195878,2009.6554,2009.7231,0.067730404,0.014383396764294539,0.009741932527731197,0.7569572,-1.3206034,-2.0523221,0.44683525
1481,S,S,S1481S,Core,NEGATIVE_CONSENSUS,INVARIABLE,False,False,False,0.26384795,0.30374440131695446,1.0,1.0,1.0,0.0,2009.2490234375,0.0,0.0,0.0,0.0,0.0,0.0,0.0,0.0,0.0,0.0
1482,R,R,R1482R,Core,NEGATIVE_CONSENSUS,INVARIABLE,False,False,False,0.026146797,0.43577116494005275,1.0,1.0,1.0,0.0,2009.2490234375,0.0,0.0,0.0,0.0,0.0,0.0,0.0,0.0,0.0,0.0
1483,A,A,A1483A,Core,NEGATIVE_CONSENSUS,INVARIABLE,False,False,False,1.0132155,0.15706686261615616,1.0,1.0,1.0,0.0,2009.2490234375,0.0,0.0,0.0,0.0,0.0,0.0,0.0,0.0,0.0,0.0
1484,R,R,R1484R,Core,NEGATIVE_CONSENSUS,INVARIABLE,False,False,False,0.0224539,0.44044295717304605,1.0,1.0,1.0,0.0,2009.2490234375,0.0,0.0,0.0,0.0,0.0,0.0,0.0,0.0,0.0,0.0
1485,I,I,I1485I,Core,NEGATIVE_CONSENSUS,INVARIABLE,False,False,False,0.7167717,0.19860244442133695,1.0,1.0,1.0,0.0,2009.2490234375,0.0,0.0,0.0,0.0,0.0,0.0,0.0,0.0,0.0,0.0
1486,D,D,D1486D,Core,NEGATIVE_CONSENSUS,INVARIABLE,False,False,False,0.24172953,0.3114798699800736,1.0,1.0,1.0,0.0,2009.2490234375,0.0,0.0,0.0,0.0,0.0,0.0,0.0,0.0,0.0,0.0
1487,A,A,A1487A,Core,NEGATIVE_CONSENSUS,INVARIABLE,False,False,False,1.0132155,0.15706686261615616,1.0,1.0,1.0,0.0,2009.2490234375,0.0,0.0,0.0,0.0,0.0,0.0,0.0,0.0,0.0,0.0
1488,R,R,R1488R,Core,NEGATIVE_CONSENSUS,INVARIABLE,False,False,False,0.026146797,0.43577116494005275,1.0,1.0,1.0,0.0,2009.2490234375,0.0,0.0,0.0,0.0,0.0,0.0,0.0,0.0,0.0,0.0
1489,V,V,V1489V,Core,NEGATIVE_CONSENSUS,INVARIABLE,False,False,False,0.91231257,0.1697507851367119,1.0,1.0,1.0,0.0,2009.2490234375,0.0,0.0,0.0,0.0,0.0,0.0,0.0,0.0,0.0,0.0
1490,D,D,D1490D,Core,NEGATIVE_CONSENSUS,INVARIABLE,False,False,False,2.8818045,0.044792789968923004,1.0,1.0,1.0,0.0,2009.2490234375,0.0,0.0,0.0,0.0,0.0,0.0,0.0,0.0,0.0,0.0
1491,F,S,F1491S,Core,NEGATIVE_CONSENSUS,TEMPORAL_NOISE,False,False,False,0.14620596,0.351093884366265,0.38186705,0.06930693,0.42981946,0.8687595,2009.452214645127,0.09949801119668372,2009.3958,2009.5087,0.11288401,0.017989227704171086,0.012182498962866163,1.5633639,-1.3039848,0.244151,-6.0882187
1492,E,E,E1492E,Core,NEGATIVE_CONSENSUS,INVARIABLE,False,False,False,0.10685592,0.37187620801561705,1.0,1.0,1.0,0.0,2009.2490234375,0.0,0.0,0.0,0.0,0.0,0.0,0.0,0.0,0.0,0.0
1493,S,S,S1493S,Core,NEGATIVE_CONSENSUS,INVARIABLE,False,False,False,0.26384795,0.30374440131695446,1.0,1.0,1.0,0.0,2009.2490234375,0.0,0.0,0.0,0.0,0.0,0.0,0.0,0.0,0.0,0.0
1494,G,G,G1494G,Core,NEGATIVE_CONSENSUS,INVARIABLE,False,False,False,0.08983235,0.38219519767681476,1.0,1.0,1.0,0.0,2009.2490234375,0.0,0.0,0.0,0.0,0.0,0.0,0.0,0.0,0.0,0.0
1495,R,R,R1495R,Core,NEGATIVE_CONSENSUS,INVARIABLE,False,False,False,0.022912845,0.43984196817937904,1.0,1.0,1.0,0.0,2009.2490234375,0.0,0.0,0.0,0.0,0.0,0.0,0.0,0.0,0.0,0.0
1496,I,V,I1496V,Core,NEGATIVE_CONSENSUS,TEMPORAL_NOISE,False,False,False,0.5822776,0.22271047912549596,0.3517909,0.6732673,0.8002829,0.7712912,2009.3393306408898,0.016726400467574988,2009.2828,2009.3732,0.090307206,0.002417108904966529,0.0016064193831251882,2.8309267,-3.6302817,3.427447,3.0425684
1497,K,G,K1497G,Core,RESCUED_SWEEP,CONFIRMED_SWEEP,True,False,True,4.8810596,0.013576472501746994,0.3517909,0.03960396,0.42981946,0.5907922,2009.7570014565679,0.08796726814152861,2009.5651,2009.8021,0.2370564,0.019861881649165393,0.013302231944849993,-3.7444468,1.7753091,-5.3637257,3.128189
1498,K,K,K1498K,Core,NEGATIVE_CONSENSUS,INVARIABLE,False,False,False,2.6197324,0.0527711198340139,1.0,1.0,1.0,0.0,2009.2490234375,0.0,0.0,0.0,0.0,0.0,0.0,0.0,0.0,0.0,0.0
1499,E,E,E1499E,Core,NEGATIVE_CONSENSUS,INVARIABLE,False,False,False,0.1855016,0.33334363286076274,1.0,1.0,1.0,0.0,2009.2490234375,0.0,0.0,0.0,0.0,0.0,0.0,0.0,0.0,0.0,0.0
1500,E,E,E1500E,Core,NEGATIVE_CONSENSUS,INVARIABLE,False,False,False,0.09971498,0.37608596908684694,1.0,1.0,1.0,0.0,2009.2490234375,0.0,0.0,0.0,0.0,0.0,0.0,0.0,0.0,0.0,0.0
1501,F,F,F1501F,Core,NEGATIVE_CONSENSUS,INVARIABLE,False,False,False,0.03677015,0.42396688710899644,1.0,1.0,1.0,0.0,2009.2490234375,0.0,0.0,0.0,0.0,0.0,0.0,0.0,0.0,0.0,0.0
1502,S,S,S1502S,Core,NEGATIVE_CONSENSUS,INVARIABLE,False,False,False,0.26384795,0.30374440131695446,1.0,1.0,1.0,0.0,2009.2490234375,0.0,0.0,0.0,0.0,0.0,0.0,0.0,0.0,0.0,0.0
1503,E,E,E1503E,Core,NEGATIVE_CONSENSUS,INVARIABLE,False,False,False,0.09971498,0.37608596908684694,1.0,1.0,1.0,0.0,2009.2490234375,0.0,0.0,0.0,0.0,0.0,0.0,0.0,0.0,0.0,0.0
1504,I,I,I1504I,Core,NEGATIVE_CONSENSUS,INVARIABLE,False,False,False,0.41026053,0.2609186505464557,1.0,1.0,1.0,0.0,2009.2490234375,0.0,0.0,0.0,0.0,0.0,0.0,0.0,0.0,0.0,0.0
1505,M,M,M1505M,Core,NEGATIVE_CONSENSUS,FLAT_NO_SIGNAL,False,False,False,0.11360453,0.3680385820209524,0.38644052,1.0,1.0,0.0,2009.2490234375,0.0,0.0,0.0,0.0,0.0,0.0,0.0,0.0,0.0,0.0
1506,K,K,K1506K,Core,NEGATIVE_CONSENSUS,INVARIABLE,False,False,False,0.2995089,0.2920952302947697,1.0,1.0,1.0,0.0,2009.2490234375,0.0,0.0,0.0,0.0,0.0,0.0,0.0,0.0,0.0,0.0
1507,I,I,I1507I,Core,NEGATIVE_CONSENSUS,INVARIABLE,False,False,False,0.41026053,0.2609186505464557,1.0,1.0,1.0,0.0,2009.2490234375,0.0,0.0,0.0,0.0,0.0,0.0,0.0,0.0,0.0,0.0
1508,C,C,C1508C,Core,NEGATIVE_CONSENSUS,INVARIABLE,False,False,False,0.029748408,0.4315311653585736,1.0,1.0,1.0,0.0,2009.2490234375,0.0,0.0,0.0,0.0,0.0,0.0,0.0,0.0,0.0,0.0
1509,S,S,S1509S,Core,NEGATIVE_CONSENSUS,INVARIABLE,False,False,False,0.48222643,0.24370778088239314,1.0,1.0,1.0,0.0,2009.2490234375,0.0,0.0,0.0,0.0,0.0,0.0,0.0,0.0,0.0,0.0
1510,T,T,T1510T,Core,NEGATIVE_CONSENSUS,INVARIABLE,False,False,False,0.033261508,0.42764328918344385,1.0,1.0,1.0,0.0,2009.2490234375,0.0,0.0,0.0,0.0,0.0,0.0,0.0,0.0,0.0,0.0
1511,I,I,I1511I,Core,NEGATIVE_CONSENSUS,INVARIABLE,False,False,False,0.7167717,0.19860244442133695,1.0,1.0,1.0,0.0,2009.2490234375,0.0,0.0,0.0,0.0,0.0,0.0,0.0,0.0,0.0,0.0
1512,E,E,E1512E,Core,NEGATIVE_CONSENSUS,INVARIABLE,False,False,False,0.17737707,0.33681854926235366,1.0,1.0,1.0,0.0,2009.2490234375,0.0,0.0,0.0,0.0,0.0,0.0,0.0,0.0,0.0,0.0
1513,E,E,E1513E,Core,NEGATIVE_CONSENSUS,INVARIABLE,False,False,False,0.18880774,0.33195539118407846,1.0,1.0,1.0,0.0,2009.2490234375,0.0,0.0,0.0,0.0,0.0,0.0,0.0,0.0,0.0,0.0
1514,L,F,L1514F,Core,NEGATIVE_CONSENSUS,FLAT_NO_SIGNAL,False,False,False,2.2864227,0.06525520829535433,0.3517909,1.0,1.0,0.0,2009.2490234375,0.0,0.0,0.0,0.0,0.0,0.0,0.0,0.0,0.0,0.0
1515,R,R,R1515R,Core,NEGATIVE_CONSENSUS,INVARIABLE,False,False,False,0.047289148,0.41392467273385114,1.0,1.0,1.0,0.0,2009.2490234375,0.0,0.0,0.0,0.0,0.0,0.0,0.0,0.0,0.0,0.0
1516,R,R,R1516R,Core,NEGATIVE_CONSENSUS,INVARIABLE,False,False,False,0.031301104,0.42978515135323686,1.0,1.0,1.0,0.0,2009.2490234375,0.0,0.0,0.0,0.0,0.0,0.0,0.0,0.0,0.0,0.0
1517,Q,Q,Q1517Q,Core,NEGATIVE_CONSENSUS,INVARIABLE,False,False,False,0.1328033,0.35777149996023005,1.0,1.0,1.0,0.0,2009.2490234375,0.0,0.0,0.0,0.0,0.0,0.0,0.0,0.0,0.0,0.0
1518,K,K,K1518K,Core,NEGATIVE_CONSENSUS,INVARIABLE,False,False,False,1.2671006,0.13015565800770462,1.0,1.0,1.0,0.0,2009.2490234375,0.0,0.0,0.0,0.0,0.0,0.0,0.0,0.0,0.0,0.0
1519,A,A,A1519A,Core,NEGATIVE_CONSENSUS,INVARIABLE,False,False,False,0.07253021,0.3938439016477709,1.0,1.0,1.0,0.0,2009.2490234375,0.0,0.0,0.0,0.0,0.0,0.0,0.0,0.0,0.0,0.0
1520,A,A,A1520A,Core,NEGATIVE_CONSENSUS,INVARIABLE,False,False,False,0.07253021,0.3938439016477709,1.0,1.0,1.0,0.0,2009.2490234375,0.0,0.0,0.0,0.0,0.0,0.0,0.0,0.0,0.0,0.0
1521,M,M,M1521M,Core,NEGATIVE_CONSENSUS,INVARIABLE,False,False,False,0.04345588,0.4174346170740496,1.0,1.0,1.0,0.0,2009.2490234375,0.0,0.0,0.0,0.0,0.0,0.0,0.0,0.0,0.0,0.0
1522,E,E,E1522E,Core,NEGATIVE_CONSENSUS,INVARIABLE,False,False,False,0.17737707,0.33681854926235366,1.0,1.0,1.0,0.0,2009.2490234375,0.0,0.0,0.0,0.0,0.0,0.0,0.0,0.0,0.0,0.0
1523,D,G,D1523G,Core,NEGATIVE_CONSENSUS,TEMPORAL_NOISE,False,False,False,2.4167626,0.060021393548496935,0.3517909,0.9108911,0.93366337,0.044636585,2009.2490234375,0.006307746411835642,2009.249,2009.2603,0.011288401,0.00016405557320329993,7.551331649004246e-05,1.0942587,-1.4791051,1.3849865,1.2817432
1524,F,F,F1524F,Core,NEGATIVE_CONSENSUS,INVARIABLE,False,False,False,0.061055347,0.4024178149016429,1.0,1.0,1.0,0.0,2009.2490234375,0.0,0.0,0.0,0.0,0.0,0.0,0.0,0.0,0.0,0.0
1525,V,V,V1525V,Core,NEGATIVE_CONSENSUS,INVARIABLE,False,False,False,0.15838115,0.3453256737119521,1.0,1.0,1.0,0.0,2009.2490234375,0.0,0.0,0.0,0.0,0.0,0.0,0.0,0.0,0.0,0.0
1526,R,R,R1526R,Core,NEGATIVE_CONSENSUS,INVARIABLE,False,False,False,0.03523141,0.4255557883149065,1.0,1.0,1.0,0.0,2009.2490234375,0.0,0.0,0.0,0.0,0.0,0.0,0.0,0.0,0.0,0.0
1527,Q,Q,Q1527Q,Core,NEGATIVE_CONSENSUS,INVARIABLE,False,False,False,0.1328033,0.35777149996023005,1.0,1.0,1.0,0.0,2009.2490234375,0.0,0.0,0.0,0.0,0.0,0.0,0.0,0.0,0.0,0.0
1528,C,C,C1528C,Core,NEGATIVE_CONSENSUS,INVARIABLE,False,False,False,0.09753704,0.3774027718310303,1.0,1.0,1.0,0.0,2009.2490234375,0.0,0.0,0.0,0.0,0.0,0.0,0.0,0.0,0.0,0.0
1529,F,F,F1529F,Core,NEGATIVE_CONSENSUS,INVARIABLE,False,False,False,0.03677015,0.42396688710899644,1.0,1.0,1.0,0.0,2009.2490234375,0.0,0.0,0.0,0.0,0.0,0.0,0.0,0.0,0.0,0.0
1530,N,N,N1530N,Core,NEGATIVE_CONSENSUS,INVARIABLE,False,False,False,0.14756067,0.3504387265808948,1.0,1.0,1.0,0.0,2009.2490234375,0.0,0.0,0.0,0.0,0.0,0.0,0.0,0.0,0.0,0.0
1531,P,P,P1531P,Core,NEGATIVE_CONSENSUS,INVARIABLE,False,False,False,0.09249291,0.3805157715681833,1.0,1.0,1.0,0.0,2009.2490234375,0.0,0.0,0.0,0.0,0.0,0.0,0.0,0.0,0.0,0.0
1532,M,M,M1532M,Core,NEGATIVE_CONSENSUS,INVARIABLE,False,False,False,0.04345588,0.4174346170740496,1.0,1.0,1.0,0.0,2009.2490234375,0.0,0.0,0.0,0.0,0.0,0.0,0.0,0.0,0.0,0.0
1533,I,V,I1533V,Core,NEGATIVE_CONSENSUS,TEMPORAL_NOISE,False,False,False,0.6043287,0.21846559197340387,0.3517909,0.22772278,0.5809792,0.73944235,2009.6441174523304,0.04818096491799663,2009.599,2009.678,0.0790188,0.0063498390303616935,0.00430077153605448,-1.3342255,-1.2067858,-0.48299325,-0.49772397
1534,V,I,V1534I,Core,NEGATIVE_CONSENSUS,TEMPORAL_NOISE,False,False,False,0.572498,0.22463398620959107,0.3517909,0.31683168,0.63701445,0.56561714,2009.7682898569915,0.07239132645739665,2009.4861,2009.8135,0.3273636,0.02344994657782794,0.01571718936891447,-3.7876077,1.6915958,-4.1131473,-1.127646
1535,E,D,E1535D,Core,NEGATIVE_CONSENSUS,TEMPORAL_NOISE,False,False,False,0.07578117,0.3915491075678986,0.39941788,0.16831683,0.57686293,0.755377,2009.621540651483,0.1218127347944902,2009.5876,2009.6554,0.067730404,0.01563253249332423,0.01058797718529032,-2.4533112,-1.100948,-0.31520945,-0.42125574
1536,L,L,L1536L,Core,NEGATIVE_CONSENSUS,INVARIABLE,False,False,False,0.1403902,0.3539467030420645,1.0,1.0,1.0,0.0,2009.2490234375,0.0,0.0,0.0,0.0,0.0,0.0,0.0,0.0,0.0,0.0
1537,A,T,A1537T,Core,NEGATIVE_CONSENSUS,TEMPORAL_NOISE,False,False,False,0.12135146,0.36378666078722477,0.3852647,0.38613862,0.6669024,0.845471,2009.711847854873,0.05544432524711307,2009.678,2009.7457,0.067730404,0.0070286699137460575,0.004760546425958242,0.574962,-0.99087256,-3.9980516,1.4176289
1538,E,E,E1538E,Core,NEGATIVE_CONSENSUS,INVARIABLE,False,False,False,0.17737707,0.33681854926235366,1.0,1.0,1.0,0.0,2009.2490234375,0.0,0.0,0.0,0.0,0.0,0.0,0.0,0.0,0.0,0.0
1539,K,K,K1539K,Core,NEGATIVE_CONSENSUS,INVARIABLE,False,False,False,0.2995089,0.2920952302947697,1.0,1.0,1.0,0.0,2009.2490234375,0.0,0.0,0.0,0.0,0.0,0.0,0.0,0.0,0.0,0.0
1540,A,A,A1540A,Core,NEGATIVE_CONSENSUS,INVARIABLE,False,False,False,0.50961536,0.23765270523878462,1.0,1.0,1.0,0.0,2009.2490234375,0.0,0.0,0.0,0.0,0.0,0.0,0.0,0.0,0.0,0.0
1541,M,M,M1541M,Core,NEGATIVE_CONSENSUS,INVARIABLE,False,False,False,0.04345588,0.4174346170740496,1.0,1.0,1.0,0.0,2009.2490234375,0.0,0.0,0.0,0.0,0.0,0.0,0.0,0.0,0.0,0.0
1542,K,K,K1542K,Core,NEGATIVE_CONSENSUS,INVARIABLE,False,False,False,1.2671006,0.13015565800770462,1.0,1.0,1.0,0.0,2009.2490234375,0.0,0.0,0.0,0.0,0.0,0.0,0.0,0.0,0.0,0.0
1543,E,E,E1543E,Core,NEGATIVE_CONSENSUS,INVARIABLE,False,False,False,0.17737707,0.33681854926235366,1.0,1.0,1.0,0.0,2009.2490234375,0.0,0.0,0.0,0.0,0.0,0.0,0.0,0.0,0.0,0.0
1544,Y,Y,Y1544Y,Core,NEGATIVE_CONSENSUS,INVARIABLE,False,False,False,0.04160279,0.41918940090001205,1.0,1.0,1.0,0.0,2009.2490234375,0.0,0.0,0.0,0.0,0.0,0.0,0.0,0.0,0.0,0.0
1545,G,G,G1545G,Core,NEGATIVE_CONSENSUS,INVARIABLE,False,False,False,0.10198707,0.37472898848367453,1.0,1.0,1.0,0.0,2009.2490234375,0.0,0.0,0.0,0.0,0.0,0.0,0.0,0.0,0.0,0.0
1546,E,E,E1546E,Core,NEGATIVE_CONSENSUS,INVARIABLE,False,False,False,0.17737707,0.33681854926235366,1.0,1.0,1.0,0.0,2009.2490234375,0.0,0.0,0.0,0.0,0.0,0.0,0.0,0.0,0.0,0.0
1547,D,D,D1547D,Core,NEGATIVE_CONSENSUS,INVARIABLE,False,False,False,0.24172953,0.3114798699800736,1.0,1.0,1.0,0.0,2009.2490234375,0.0,0.0,0.0,0.0,0.0,0.0,0.0,0.0,0.0,0.0
1548,P,P,P1548P,Core,NEGATIVE_CONSENSUS,INVARIABLE,False,False,False,0.057711653,0.40507501047453986,1.0,1.0,1.0,0.0,2009.2490234375,0.0,0.0,0.0,0.0,0.0,0.0,0.0,0.0,0.0,0.0
1549,K,K,K1549K,Core,NEGATIVE_CONSENSUS,INVARIABLE,False,False,False,1.2671006,0.13015565800770462,1.0,1.0,1.0,0.0,2009.2490234375,0.0,0.0,0.0,0.0,0.0,0.0,0.0,0.0,0.0,0.0
1550,I,I,I1550I,Core,NEGATIVE_CONSENSUS,INVARIABLE,False,False,False,0.30209053,0.291287403748816,1.0,1.0,1.0,0.0,2009.2490234375,0.0,0.0,0.0,0.0,0.0,0.0,0.0,0.0,0.0,0.0
1551,E,E,E1551E,Core,NEGATIVE_CONSENSUS,INVARIABLE,False,False,False,0.17737707,0.33681854926235366,1.0,1.0,1.0,0.0,2009.2490234375,0.0,0.0,0.0,0.0,0.0,0.0,0.0,0.0,0.0,0.0
1552,T,T,T1552T,Core,NEGATIVE_CONSENSUS,INVARIABLE,False,False,False,0.026892863,0.434869336287794,1.0,1.0,1.0,0.0,2009.2490234375,0.0,0.0,0.0,0.0,0.0,0.0,0.0,0.0,0.0,0.0
1553,N,N,N1553N,Core,NEGATIVE_CONSENSUS,INVARIABLE,False,False,False,0.2697167,0.3017609345059,1.0,1.0,1.0,0.0,2009.2490234375,0.0,0.0,0.0,0.0,0.0,0.0,0.0,0.0,0.0,0.0
1554,K,K,K1554K,Core,NEGATIVE_CONSENSUS,INVARIABLE,False,False,False,0.2995089,0.2920952302947697,1.0,1.0,1.0,0.0,2009.2490234375,0.0,0.0,0.0,0.0,0.0,0.0,0.0,0.0,0.0,0.0
1555,F,F,F1555F,Core,NEGATIVE_CONSENSUS,INVARIABLE,False,False,False,0.018285854,0.4462169130373613,1.0,1.0,1.0,0.0,2009.2490234375,0.0,0.0,0.0,0.0,0.0,0.0,0.0,0.0,0.0,0.0
1556,A,A,A1556A,Core,NEGATIVE_CONSENSUS,INVARIABLE,False,False,False,0.6177493,0.21594245077438262,1.0,1.0,1.0,0.0,2009.2490234375,0.0,0.0,0.0,0.0,0.0,0.0,0.0,0.0,0.0,0.0
1557,A,A,A1557A,Core,NEGATIVE_CONSENSUS,INVARIABLE,False,False,False,0.50961536,0.23765270523878462,1.0,1.0,1.0,0.0,2009.2490234375,0.0,0.0,0.0,0.0,0.0,0.0,0.0,0.0,0.0,0.0
1558,I,I,I1558I,Core,NEGATIVE_CONSENSUS,INVARIABLE,False,False,False,1.0355865,0.15442508350662135,1.0,1.0,1.0,0.0,2009.2490234375,0.0,0.0,0.0,0.0,0.0,0.0,0.0,0.0,0.0,0.0
1559,C,C,C1559C,Core,NEGATIVE_CONSENSUS,INVARIABLE,False,False,False,0.098847605,0.3766084799559455,1.0,1.0,1.0,0.0,2009.2490234375,0.0,0.0,0.0,0.0,0.0,0.0,0.0,0.0,0.0,0.0
1560,T,T,T1560T,Core,NEGATIVE_CONSENSUS,INVARIABLE,False,False,False,0.03364685,0.427230012532943,1.0,1.0,1.0,0.0,2009.2490234375,0.0,0.0,0.0,0.0,0.0,0.0,0.0,0.0,0.0,0.0
1561,H,H,H1561H,Core,NEGATIVE_CONSENSUS,INVARIABLE,False,False,False,0.18790461,0.3323331716817506,1.0,1.0,1.0,0.0,2009.2490234375,0.0,0.0,0.0,0.0,0.0,0.0,0.0,0.0,0.0,0.0
1562,L,L,L1562L,Core,NEGATIVE_CONSENSUS,INVARIABLE,False,False,False,0.11684559,0.36624060240780854,1.0,1.0,1.0,0.0,2009.2490234375,0.0,0.0,0.0,0.0,0.0,0.0,0.0,0.0,0.0,0.0
1563,E,E,E1563E,Core,NEGATIVE_CONSENSUS,INVARIABLE,False,False,False,0.17737707,0.33681854926235366,1.0,1.0,1.0,0.0,2009.2490234375,0.0,0.0,0.0,0.0,0.0,0.0,0.0,0.0,0.0,0.0
1564,V,V,V1564V,Core,NEGATIVE_CONSENSUS,INVARIABLE,False,False,False,0.27149606,0.3011649827004066,1.0,1.0,1.0,0.0,2009.2490234375,0.0,0.0,0.0,0.0,0.0,0.0,0.0,0.0,0.0,0.0
1565,C,C,C1565C,Core,NEGATIVE_CONSENSUS,INVARIABLE,False,False,False,0.025839863,0.4361460100233292,1.0,1.0,1.0,0.0,2009.2490234375,0.0,0.0,0.0,0.0,0.0,0.0,0.0,0.0,0.0,0.0
1566,F,F,F1566F,Core,NEGATIVE_CONSENSUS,INVARIABLE,False,False,False,0.03677015,0.42396688710899644,1.0,1.0,1.0,0.0,2009.2490234375,0.0,0.0,0.0,0.0,0.0,0.0,0.0,0.0,0.0,0.0
1567,M,M,M1567M,Core,NEGATIVE_CONSENSUS,INVARIABLE,False,False,False,0.04345588,0.4174346170740496,1.0,1.0,1.0,0.0,2009.2490234375,0.0,0.0,0.0,0.0,0.0,0.0,0.0,0.0,0.0,0.0
1568,Y,Y,Y1568Y,Core,NEGATIVE_CONSENSUS,INVARIABLE,False,False,False,0.04160279,0.41918940090001205,1.0,1.0,1.0,0.0,2009.2490234375,0.0,0.0,0.0,0.0,0.0,0.0,0.0,0.0,0.0,0.0
1569,S,S,S1569S,Core,NEGATIVE_CONSENSUS,INVARIABLE,False,False,False,0.28062758,0.29814508717257127,1.0,1.0,1.0,0.0,2009.2490234375,0.0,0.0,0.0,0.0,0.0,0.0,0.0,0.0,0.0,0.0
1570,D,D,D1570D,Core,NEGATIVE_CONSENSUS,INVARIABLE,False,False,False,0.24172953,0.3114798699800736,1.0,1.0,1.0,0.0,2009.2490234375,0.0,0.0,0.0,0.0,0.0,0.0,0.0,0.0,0.0,0.0
1571,F,F,F1571F,Core,NEGATIVE_CONSENSUS,INVARIABLE,False,False,False,0.03677015,0.42396688710899644,1.0,1.0,1.0,0.0,2009.2490234375,0.0,0.0,0.0,0.0,0.0,0.0,0.0,0.0,0.0,0.0
1572,H,H,H1572H,Core,NEGATIVE_CONSENSUS,INVARIABLE,False,False,False,0.18790461,0.3323331716817506,1.0,1.0,1.0,0.0,2009.2490234375,0.0,0.0,0.0,0.0,0.0,0.0,0.0,0.0,0.0,0.0
1573,F,F,F1573F,Core,NEGATIVE_CONSENSUS,INVARIABLE,False,False,False,0.03677015,0.42396688710899644,1.0,1.0,1.0,0.0,2009.2490234375,0.0,0.0,0.0,0.0,0.0,0.0,0.0,0.0,0.0,0.0
1574,I,I,I1574I,Core,NEGATIVE_CONSENSUS,INVARIABLE,False,False,False,0.41026053,0.2609186505464557,1.0,1.0,1.0,0.0,2009.2490234375,0.0,0.0,0.0,0.0,0.0,0.0,0.0,0.0,0.0,0.0
1575,D,D,D1575D,Core,NEGATIVE_CONSENSUS,INVARIABLE,False,False,False,2.8818045,0.044792789968923004,1.0,1.0,1.0,0.0,2009.2490234375,0.0,0.0,0.0,0.0,0.0,0.0,0.0,0.0,0.0,0.0
1576,E,E,E1576E,Core,NEGATIVE_CONSENSUS,INVARIABLE,False,False,False,0.17737707,0.33681854926235366,1.0,1.0,1.0,0.0,2009.2490234375,0.0,0.0,0.0,0.0,0.0,0.0,0.0,0.0,0.0,0.0
1577,R,R,R1577R,Core,NEGATIVE_CONSENSUS,INVARIABLE,False,False,False,0.025990788,0.4359614087691118,1.0,1.0,1.0,0.0,2009.2490234375,0.0,0.0,0.0,0.0,0.0,0.0,0.0,0.0,0.0,0.0
1578,G,G,G1578G,Core,NEGATIVE_CONSENSUS,INVARIABLE,False,False,False,0.15513371,0.3468384480856218,1.0,1.0,1.0,0.0,2009.2490234375,0.0,0.0,0.0,0.0,0.0,0.0,0.0,0.0,0.0,0.0
1579,E,E,E1579E,Core,NEGATIVE_CONSENSUS,INVARIABLE,False,False,False,0.17737707,0.33681854926235366,1.0,1.0,1.0,0.0,2009.2490234375,0.0,0.0,0.0,0.0,0.0,0.0,0.0,0.0,0.0,0.0
1580,S,S,S1580S,Core,NEGATIVE_CONSENSUS,INVARIABLE,False,False,False,0.2075632,0.3243420394483918,1.0,1.0,1.0,0.0,2009.2490234375,0.0,0.0,0.0,0.0,0.0,0.0,0.0,0.0,0.0,0.0
1581,I,I,I1581I,Core,NEGATIVE_CONSENSUS,INVARIABLE,False,False,False,1.0355865,0.15442508350662135,1.0,1.0,1.0,0.0,2009.2490234375,0.0,0.0,0.0,0.0,0.0,0.0,0.0,0.0,0.0,0.0
1582,I,I,I1582I,Core,NEGATIVE_CONSENSUS,INVARIABLE,False,False,False,0.7167717,0.19860244442133695,1.0,1.0,1.0,0.0,2009.2490234375,0.0,0.0,0.0,0.0,0.0,0.0,0.0,0.0,0.0,0.0
1583,V,V,V1583V,Core,NEGATIVE_CONSENSUS,INVARIABLE,False,False,False,0.60705686,0.21794905634298722,1.0,1.0,1.0,0.0,2009.2490234375,0.0,0.0,0.0,0.0,0.0,0.0,0.0,0.0,0.0,0.0
1584,E,E,E1584E,Core,NEGATIVE_CONSENSUS,INVARIABLE,False,False,False,0.17737707,0.33681854926235366,1.0,1.0,1.0,0.0,2009.2490234375,0.0,0.0,0.0,0.0,0.0,0.0,0.0,0.0,0.0,0.0
1585,S,S,S1585S,Core,NEGATIVE_CONSENSUS,INVARIABLE,False,False,False,0.19802098,0.32816150926446375,1.0,1.0,1.0,0.0,2009.2490234375,0.0,0.0,0.0,0.0,0.0,0.0,0.0,0.0,0.0,0.0
1586,G,G,G1586G,Core,NEGATIVE_CONSENSUS,INVARIABLE,False,False,False,0.18019183,0.33560421843203825,1.0,1.0,1.0,0.0,2009.2490234375,0.0,0.0,0.0,0.0,0.0,0.0,0.0,0.0,0.0,0.0
1587,D,D,D1587D,Core,NEGATIVE_CONSENSUS,INVARIABLE,False,False,False,2.8818045,0.044792789968923004,1.0,1.0,1.0,0.0,2009.2490234375,0.0,0.0,0.0,0.0,0.0,0.0,0.0,0.0,0.0,0.0
1588,P,P,P1588P,Core,NEGATIVE_CONSENSUS,INVARIABLE,False,False,False,0.08402328,0.3859587274863713,1.0,1.0,1.0,0.0,2009.2490234375,0.0,0.0,0.0,0.0,0.0,0.0,0.0,0.0,0.0,0.0
1589,N,N,N1589N,Core,NEGATIVE_CONSENSUS,INVARIABLE,False,False,False,0.14756067,0.3504387265808948,1.0,1.0,1.0,0.0,2009.2490234375,0.0,0.0,0.0,0.0,0.0,0.0,0.0,0.0,0.0,0.0
1590,A,A,A1590A,Core,NEGATIVE_CONSENSUS,INVARIABLE,False,False,False,0.50961536,0.23765270523878462,1.0,1.0,1.0,0.0,2009.2490234375,0.0,0.0,0.0,0.0,0.0,0.0,0.0,0.0,0.0,0.0
1591,L,L,L1591L,Core,NEGATIVE_CONSENSUS,INVARIABLE,False,False,False,0.20977953,0.32347013020324433,1.0,1.0,1.0,0.0,2009.2490234375,0.0,0.0,0.0,0.0,0.0,0.0,0.0,0.0,0.0,0.0
1592,L,L,L1592L,Core,NEGATIVE_CONSENSUS,INVARIABLE,False,False,False,0.11684559,0.36624060240780854,1.0,1.0,1.0,0.0,2009.2490234375,0.0,0.0,0.0,0.0,0.0,0.0,0.0,0.0,0.0,0.0
1593,K,K,K1593K,Core,NEGATIVE_CONSENSUS,INVARIABLE,False,False,False,0.2995089,0.2920952302947697,1.0,1.0,1.0,0.0,2009.2490234375,0.0,0.0,0.0,0.0,0.0,0.0,0.0,0.0,0.0,0.0
1594,H,H,H1594H,Core,NEGATIVE_CONSENSUS,INVARIABLE,False,False,False,0.534049,0.23245477158082695,1.0,1.0,1.0,0.0,2009.2490234375,0.0,0.0,0.0,0.0,0.0,0.0,0.0,0.0,0.0,0.0
1595,R,R,R1595R,Core,NEGATIVE_CONSENSUS,INVARIABLE,False,False,False,0.03523141,0.4255557883149065,1.0,1.0,1.0,0.0,2009.2490234375,0.0,0.0,0.0,0.0,0.0,0.0,0.0,0.0,0.0,0.0
1596,F,F,F1596F,Core,NEGATIVE_CONSENSUS,INVARIABLE,False,False,False,0.061055347,0.4024178149016429,1.0,1.0,1.0,0.0,2009.2490234375,0.0,0.0,0.0,0.0,0.0,0.0,0.0,0.0,0.0,0.0
1597,E,E,E1597E,Core,NEGATIVE_CONSENSUS,INVARIABLE,False,False,False,0.09971498,0.37608596908684694,1.0,1.0,1.0,0.0,2009.2490234375,0.0,0.0,0.0,0.0,0.0,0.0,0.0,0.0,0.0,0.0
1598,I,I,I1598I,Core,NEGATIVE_CONSENSUS,INVARIABLE,False,False,False,0.59808403,0.2196549948058628,1.0,1.0,1.0,0.0,2009.2490234375,0.0,0.0,0.0,0.0,0.0,0.0,0.0,0.0,0.0,0.0
1599,I,I,I1599I,Core,NEGATIVE_CONSENSUS,INVARIABLE,False,False,False,0.7167717,0.19860244442133695,1.0,1.0,1.0,0.0,2009.2490234375,0.0,0.0,0.0,0.0,0.0,0.0,0.0,0.0,0.0,0.0
1600,E,E,E1600E,Core,NEGATIVE_CONSENSUS,INVARIABLE,False,False,False,0.17737707,0.33681854926235366,1.0,1.0,1.0,0.0,2009.2490234375,0.0,0.0,0.0,0.0,0.0,0.0,0.0,0.0,0.0,0.0
1601,G,G,G1601G,Core,NEGATIVE_CONSENSUS,INVARIABLE,False,False,False,0.08983235,0.38219519767681476,1.0,1.0,1.0,0.0,2009.2490234375,0.0,0.0,0.0,0.0,0.0,0.0,0.0,0.0,0.0,0.0
1602,R,R,R1602R,Core,NEGATIVE_CONSENSUS,INVARIABLE,False,False,False,0.047289148,0.41392467273385114,1.0,1.0,1.0,0.0,2009.2490234375,0.0,0.0,0.0,0.0,0.0,0.0,0.0,0.0,0.0,0.0
1603,D,D,D1603D,Core,NEGATIVE_CONSENSUS,INVARIABLE,False,False,False,2.8818045,0.044792789968923004,1.0,1.0,1.0,0.0,2009.2490234375,0.0,0.0,0.0,0.0,0.0,0.0,0.0,0.0,0.0,0.0
1604,R,R,R1604R,Core,NEGATIVE_CONSENSUS,INVARIABLE,False,False,False,0.03523141,0.4255557883149065,1.0,1.0,1.0,0.0,2009.2490234375,0.0,0.0,0.0,0.0,0.0,0.0,0.0,0.0,0.0,0.0
1605,I,I,I1605I,Core,NEGATIVE_CONSENSUS,INVARIABLE,False,False,False,0.41026053,0.2609186505464557,1.0,1.0,1.0,0.0,2009.2490234375,0.0,0.0,0.0,0.0,0.0,0.0,0.0,0.0,0.0,0.0
1606,M,M,M1606M,Core,NEGATIVE_CONSENSUS,INVARIABLE,False,False,False,0.04345588,0.4174346170740496,1.0,1.0,1.0,0.0,2009.2490234375,0.0,0.0,0.0,0.0,0.0,0.0,0.0,0.0,0.0,0.0
1607,A,A,A1607A,Core,NEGATIVE_CONSENSUS,INVARIABLE,False,False,False,1.0132155,0.15706686261615616,1.0,1.0,1.0,0.0,2009.2490234375,0.0,0.0,0.0,0.0,0.0,0.0,0.0,0.0,0.0,0.0
1608,W,W,W1608W,Core,NEGATIVE_CONSENSUS,INVARIABLE,False,False,False,0.14326186,0.3525297858631183,1.0,1.0,1.0,0.0,2009.2490234375,0.0,0.0,0.0,0.0,0.0,0.0,0.0,0.0,0.0,0.0
1609,T,T,T1609T,Core,NEGATIVE_CONSENSUS,INVARIABLE,False,False,False,0.03364685,0.427230012532943,1.0,1.0,1.0,0.0,2009.2490234375,0.0,0.0,0.0,0.0,0.0,0.0,0.0,0.0,0.0,0.0
1610,V,M,V1610M,Core,NEGATIVE_CONSENSUS,TEMPORAL_NOISE,False,False,False,1.6752825,0.09777624067446786,0.3517909,0.089108914,0.42981946,0.87445635,2009.7682898569915,0.1118218910528691,2009.7006,2009.8021,0.1015956,0.019003998478999844,0.012871484668973154,0.18659437,0.33836403,-6.9477816,2.8347843
1611,V,V,V1611V,Core,NEGATIVE_CONSENSUS,INVARIABLE,False,False,False,0.15838115,0.3453256737119521,1.0,1.0,1.0,0.0,2009.2490234375,0.0,0.0,0.0,0.0,0.0,0.0,0.0,0.0,0.0,0.0
1612,N,N,N1612N,Core,NEGATIVE_CONSENSUS,INVARIABLE,False,False,False,0.2697167,0.3017609345059,1.0,1.0,1.0,0.0,2009.2490234375,0.0,0.0,0.0,0.0,0.0,0.0,0.0,0.0,0.0,0.0
1613,S,S,S1613S,Core,NEGATIVE_CONSENSUS,INVARIABLE,False,False,False,0.5161936,0.23623495187969223,1.0,1.0,1.0,0.0,2009.2490234375,0.0,0.0,0.0,0.0,0.0,0.0,0.0,0.0,0.0,0.0
1614,I,I,I1614I,Core,NEGATIVE_CONSENSUS,INVARIABLE,False,False,False,1.0355865,0.15442508350662135,1.0,1.0,1.0,0.0,2009.2490234375,0.0,0.0,0.0,0.0,0.0,0.0,0.0,0.0,0.0,0.0
1615,C,C,C1615C,Core,NEGATIVE_CONSENSUS,INVARIABLE,False,False,False,0.025839863,0.4361460100233292,1.0,1.0,1.0,0.0,2009.2490234375,0.0,0.0,0.0,0.0,0.0,0.0,0.0,0.0,0.0,0.0
1616,N,N,N1616N,Core,NEGATIVE_CONSENSUS,INVARIABLE,False,False,False,0.2697167,0.3017609345059,1.0,1.0,1.0,0.0,2009.2490234375,0.0,0.0,0.0,0.0,0.0,0.0,0.0,0.0,0.0,0.0
1617,T,T,T1617T,Core,NEGATIVE_CONSENSUS,INVARIABLE,False,False,False,0.03364685,0.427230012532943,1.0,1.0,1.0,0.0,2009.2490234375,0.0,0.0,0.0,0.0,0.0,0.0,0.0,0.0,0.0,0.0
1618,T,T,T1618T,Core,NEGATIVE_CONSENSUS,INVARIABLE,False,False,False,0.03364685,0.427230012532943,1.0,1.0,1.0,0.0,2009.2490234375,0.0,0.0,0.0,0.0,0.0,0.0,0.0,0.0,0.0,0.0
1619,G,G,G1619G,Core,NEGATIVE_CONSENSUS,INVARIABLE,False,False,False,0.08134721,0.387739972422338,1.0,1.0,1.0,0.0,2009.2490234375,0.0,0.0,0.0,0.0,0.0,0.0,0.0,0.0,0.0,0.0
1620,V,V,V1620V,Core,NEGATIVE_CONSENSUS,INVARIABLE,False,False,False,0.60705686,0.21794905634298722,1.0,1.0,1.0,0.0,2009.2490234375,0.0,0.0,0.0,0.0,0.0,0.0,0.0,0.0,0.0,0.0
1621,E,E,E1621E,Core,NEGATIVE_CONSENSUS,INVARIABLE,False,False,False,0.09971498,0.37608596908684694,1.0,1.0,1.0,0.0,2009.2490234375,0.0,0.0,0.0,0.0,0.0,0.0,0.0,0.0,0.0,0.0
1622,K,K,K1622K,Core,NEGATIVE_CONSENSUS,INVARIABLE,False,False,False,0.2995089,0.2920952302947697,1.0,1.0,1.0,0.0,2009.2490234375,0.0,0.0,0.0,0.0,0.0,0.0,0.0,0.0,0.0,0.0
1623,P,P,P1623P,Core,NEGATIVE_CONSENSUS,INVARIABLE,False,False,False,0.18130763,0.33512594256133826,1.0,1.0,1.0,0.0,2009.2490234375,0.0,0.0,0.0,0.0,0.0,0.0,0.0,0.0,0.0,0.0
1624,K,K,K1624K,Core,NEGATIVE_CONSENSUS,INVARIABLE,False,False,False,1.2671006,0.13015565800770462,1.0,1.0,1.0,0.0,2009.2490234375,0.0,0.0,0.0,0.0,0.0,0.0,0.0,0.0,0.0,0.0
1625,F,F,F1625F,Core,NEGATIVE_CONSENSUS,INVARIABLE,False,False,False,0.061055347,0.4024178149016429,1.0,1.0,1.0,0.0,2009.2490234375,0.0,0.0,0.0,0.0,0.0,0.0,0.0,0.0,0.0,0.0
1626,L,L,L1626L,Core,NEGATIVE_CONSENSUS,INVARIABLE,False,False,False,0.1403902,0.3539467030420645,1.0,1.0,1.0,0.0,2009.2490234375,0.0,0.0,0.0,0.0,0.0,0.0,0.0,0.0,0.0,0.0
1627,P,P,P1627P,Core,NEGATIVE_CONSENSUS,INVARIABLE,False,False,False,0.18130763,0.33512594256133826,1.0,1.0,1.0,0.0,2009.2490234375,0.0,0.0,0.0,0.0,0.0,0.0,0.0,0.0,0.0,0.0
1628,D,D,D1628D,Core,NEGATIVE_CONSENSUS,INVARIABLE,False,False,False,0.24172953,0.3114798699800736,1.0,1.0,1.0,0.0,2009.2490234375,0.0,0.0,0.0,0.0,0.0,0.0,0.0,0.0,0.0,0.0
1629,L,L,L1629L,Core,NEGATIVE_CONSENSUS,INVARIABLE,False,False,False,0.06447868,0.3997761608323172,1.0,1.0,1.0,0.0,2009.2490234375,0.0,0.0,0.0,0.0,0.0,0.0,0.0,0.0,0.0,0.0
1630,Y,Y,Y1630Y,Core,NEGATIVE_CONSENSUS,INVARIABLE,False,False,False,0.04160279,0.41918940090001205,1.0,1.0,1.0,0.0,2009.2490234375,0.0,0.0,0.0,0.0,0.0,0.0,0.0,0.0,0.0,0.0
1631,D,D,D1631D,Core,NEGATIVE_CONSENSUS,INVARIABLE,False,False,False,0.24172953,0.3114798699800736,1.0,1.0,1.0,0.0,2009.2490234375,0.0,0.0,0.0,0.0,0.0,0.0,0.0,0.0,0.0,0.0
1632,Y,Y,Y1632Y,Core,NEGATIVE_CONSENSUS,INVARIABLE,False,False,False,0.08357149,0.38625726840274144,1.0,1.0,1.0,0.0,2009.2490234375,0.0,0.0,0.0,0.0,0.0,0.0,0.0,0.0,0.0,0.0
1633,K,K,K1633K,Core,NEGATIVE_CONSENSUS,INVARIABLE,False,False,False,1.2671006,0.13015565800770462,1.0,1.0,1.0,0.0,2009.2490234375,0.0,0.0,0.0,0.0,0.0,0.0,0.0,0.0,0.0,0.0
1634,E,E,E1634E,Core,NEGATIVE_CONSENSUS,INVARIABLE,False,False,False,0.09971498,0.37608596908684694,1.0,1.0,1.0,0.0,2009.2490234375,0.0,0.0,0.0,0.0,0.0,0.0,0.0,0.0,0.0,0.0
1635,N,N,N1635N,Core,NEGATIVE_CONSENSUS,FLAT_NO_SIGNAL,False,False,False,1.3088416,0.1263022498156371,0.3517909,1.0,1.0,0.0,2009.2490234375,0.0,0.0,0.0,0.0,0.0,0.0,0.0,0.0,0.0,0.0
1636,R,R,R1636R,Core,NEGATIVE_CONSENSUS,INVARIABLE,False,False,False,0.017937995,0.44672785579261504,1.0,1.0,1.0,0.0,2009.2490234375,0.0,0.0,0.0,0.0,0.0,0.0,0.0,0.0,0.0,0.0
1637,F,F,F1637F,Core,NEGATIVE_CONSENSUS,INVARIABLE,False,False,False,0.03677015,0.42396688710899644,1.0,1.0,1.0,0.0,2009.2490234375,0.0,0.0,0.0,0.0,0.0,0.0,0.0,0.0,0.0,0.0
1638,I,I,I1638I,Core,NEGATIVE_CONSENSUS,INVARIABLE,False,False,False,0.4075925,0.26159699538222314,1.0,1.0,1.0,0.0,2009.2490234375,0.0,0.0,0.0,0.0,0.0,0.0,0.0,0.0,0.0,0.0
1639,E,E,E1639E,Core,NEGATIVE_CONSENSUS,INVARIABLE,False,False,False,0.17737707,0.33681854926235366,1.0,1.0,1.0,0.0,2009.2490234375,0.0,0.0,0.0,0.0,0.0,0.0,0.0,0.0,0.0,0.0
1640,I,I,I1640I,Core,NEGATIVE_CONSENSUS,INVARIABLE,False,False,False,0.7167717,0.19860244442133695,1.0,1.0,1.0,0.0,2009.2490234375,0.0,0.0,0.0,0.0,0.0,0.0,0.0,0.0,0.0,0.0
1641,G,G,G1641G,Core,NEGATIVE_CONSENSUS,INVARIABLE,False,False,False,0.08983235,0.38219519767681476,1.0,1.0,1.0,0.0,2009.2490234375,0.0,0.0,0.0,0.0,0.0,0.0,0.0,0.0,0.0,0.0
1642,V,V,V1642V,Core,NEGATIVE_CONSENSUS,INVARIABLE,False,False,False,0.60705686,0.21794905634298722,1.0,1.0,1.0,0.0,2009.2490234375,0.0,0.0,0.0,0.0,0.0,0.0,0.0,0.0,0.0,0.0
1643,T,T,T1643T,Core,NEGATIVE_CONSENSUS,INVARIABLE,False,False,False,0.03364685,0.427230012532943,1.0,1.0,1.0,0.0,2009.2490234375,0.0,0.0,0.0,0.0,0.0,0.0,0.0,0.0,0.0,0.0
1644,R,R,R1644R,Core,NEGATIVE_CONSENSUS,INVARIABLE,False,False,False,0.031301104,0.42978515135323686,1.0,1.0,1.0,0.0,2009.2490234375,0.0,0.0,0.0,0.0,0.0,0.0,0.0,0.0,0.0,0.0
1645,R,R,R1645R,Core,NEGATIVE_CONSENSUS,INVARIABLE,False,False,False,0.026146797,0.43577116494005275,1.0,1.0,1.0,0.0,2009.2490234375,0.0,0.0,0.0,0.0,0.0,0.0,0.0,0.0,0.0,0.0
1646,E,G,E1646G,Core,NEGATIVE_CONSENSUS,TEMPORAL_NOISE,False,False,False,0.7538433,0.19263106911727584,0.3517909,0.62376237,0.7710831,0.7534784,2009.373195842161,0.03554243945664619,2009.328,2009.4071,0.0790188,0.004968070397128568,0.003354096370703612,2.5270052,-2.8304036,2.4821353,1.3680949
1647,V,V,V1647V,Core,NEGATIVE_CONSENSUS,INVARIABLE,False,False,False,0.91231257,0.1697507851367119,1.0,1.0,1.0,0.0,2009.2490234375,0.0,0.0,0.0,0.0,0.0,0.0,0.0,0.0,0.0,0.0
1648,H,H,H1648H,Core,NEGATIVE_CONSENSUS,INVARIABLE,False,False,False,0.534049,0.23245477158082695,1.0,1.0,1.0,0.0,2009.2490234375,0.0,0.0,0.0,0.0,0.0,0.0,0.0,0.0,0.0,0.0
1649,I,I,I1649I,Core,NEGATIVE_CONSENSUS,INVARIABLE,False,False,False,1.0355865,0.15442508350662135,1.0,1.0,1.0,0.0,2009.2490234375,0.0,0.0,0.0,0.0,0.0,0.0,0.0,0.0,0.0,0.0
1650,Y,Y,Y1650Y,Core,NEGATIVE_CONSENSUS,INVARIABLE,False,False,False,0.04160279,0.41918940090001205,1.0,1.0,1.0,0.0,2009.2490234375,0.0,0.0,0.0,0.0,0.0,0.0,0.0,0.0,0.0,0.0
1651,Y,Y,Y1651Y,Core,NEGATIVE_CONSENSUS,INVARIABLE,False,False,False,0.08357149,0.38625726840274144,1.0,1.0,1.0,0.0,2009.2490234375,0.0,0.0,0.0,0.0,0.0,0.0,0.0,0.0,0.0,0.0
1652,L,L,L1652L,Core,NEGATIVE_CONSENSUS,INVARIABLE,False,False,False,0.20977953,0.32347013020324433,1.0,1.0,1.0,0.0,2009.2490234375,0.0,0.0,0.0,0.0,0.0,0.0,0.0,0.0,0.0,0.0
1653,E,E,E1653E,Core,NEGATIVE_CONSENSUS,INVARIABLE,False,False,False,0.09971498,0.37608596908684694,1.0,1.0,1.0,0.0,2009.2490234375,0.0,0.0,0.0,0.0,0.0,0.0,0.0,0.0,0.0,0.0
1654,K,K,K1654K,Core,NEGATIVE_CONSENSUS,INVARIABLE,False,False,False,1.2671006,0.13015565800770462,1.0,1.0,1.0,0.0,2009.2490234375,0.0,0.0,0.0,0.0,0.0,0.0,0.0,0.0,0.0,0.0
1655,A,A,A1655A,Core,NEGATIVE_CONSENSUS,INVARIABLE,False,False,False,0.49626175,0.2405736500602026,1.0,1.0,1.0,0.0,2009.2490234375,0.0,0.0,0.0,0.0,0.0,0.0,0.0,0.0,0.0,0.0
1656,N,N,N1656N,Core,NEGATIVE_CONSENSUS,INVARIABLE,False,False,False,0.2697167,0.3017609345059,1.0,1.0,1.0,0.0,2009.2490234375,0.0,0.0,0.0,0.0,0.0,0.0,0.0,0.0,0.0,0.0
1657,K,K,K1657K,Core,NEGATIVE_CONSENSUS,INVARIABLE,False,False,False,1.7299048,0.09421152982608198,1.0,1.0,1.0,0.0,2009.2490234375,0.0,0.0,0.0,0.0,0.0,0.0,0.0,0.0,0.0,0.0
1658,I,I,I1658I,Core,NEGATIVE_CONSENSUS,INVARIABLE,False,False,False,1.0355865,0.15442508350662135,1.0,1.0,1.0,0.0,2009.2490234375,0.0,0.0,0.0,0.0,0.0,0.0,0.0,0.0,0.0,0.0
1659,K,K,K1659K,Core,NEGATIVE_CONSENSUS,INVARIABLE,False,False,False,1.2671006,0.13015565800770462,1.0,1.0,1.0,0.0,2009.2490234375,0.0,0.0,0.0,0.0,0.0,0.0,0.0,0.0,0.0,0.0
1660,S,S,S1660S,Core,NEGATIVE_CONSENSUS,INVARIABLE,False,False,False,0.26384795,0.30374440131695446,1.0,1.0,1.0,0.0,2009.2490234375,0.0,0.0,0.0,0.0,0.0,0.0,0.0,0.0,0.0,0.0
1661,E,E,E1661E,Core,NEGATIVE_CONSENSUS,INVARIABLE,False,False,False,0.09971498,0.37608596908684694,1.0,1.0,1.0,0.0,2009.2490234375,0.0,0.0,0.0,0.0,0.0,0.0,0.0,0.0,0.0,0.0
1662,K,K,K1662K,Core,NEGATIVE_CONSENSUS,INVARIABLE,False,False,False,0.2995089,0.2920952302947697,1.0,1.0,1.0,0.0,2009.2490234375,0.0,0.0,0.0,0.0,0.0,0.0,0.0,0.0,0.0,0.0
1663,T,T,T1663T,Core,NEGATIVE_CONSENSUS,INVARIABLE,False,False,False,0.03364685,0.427230012532943,1.0,1.0,1.0,0.0,2009.2490234375,0.0,0.0,0.0,0.0,0.0,0.0,0.0,0.0,0.0,0.0
1664,H,H,H1664H,Core,NEGATIVE_CONSENSUS,INVARIABLE,False,False,False,0.1691236,0.3404459325088748,1.0,1.0,1.0,0.0,2009.2490234375,0.0,0.0,0.0,0.0,0.0,0.0,0.0,0.0,0.0,0.0
1665,I,I,I1665I,Core,NEGATIVE_CONSENSUS,INVARIABLE,False,False,False,0.40213874,0.26299339229487934,1.0,1.0,1.0,0.0,2009.2490234375,0.0,0.0,0.0,0.0,0.0,0.0,0.0,0.0,0.0,0.0
1666,H,H,H1666H,Core,NEGATIVE_CONSENSUS,INVARIABLE,False,False,False,0.534049,0.23245477158082695,1.0,1.0,1.0,0.0,2009.2490234375,0.0,0.0,0.0,0.0,0.0,0.0,0.0,0.0,0.0,0.0
1667,I,I,I1667I,Core,NEGATIVE_CONSENSUS,INVARIABLE,False,False,False,0.41026053,0.2609186505464557,1.0,1.0,1.0,0.0,2009.2490234375,0.0,0.0,0.0,0.0,0.0,0.0,0.0,0.0,0.0,0.0
1668,F,F,F1668F,Core,NEGATIVE_CONSENSUS,INVARIABLE,False,False,False,0.061055347,0.4024178149016429,1.0,1.0,1.0,0.0,2009.2490234375,0.0,0.0,0.0,0.0,0.0,0.0,0.0,0.0,0.0,0.0
1669,S,S,S1669S,Core,NEGATIVE_CONSENSUS,INVARIABLE,False,False,False,0.2075632,0.3243420394483918,1.0,1.0,1.0,0.0,2009.2490234375,0.0,0.0,0.0,0.0,0.0,0.0,0.0,0.0,0.0,0.0
1670,F,F,F1670F,Core,NEGATIVE_CONSENSUS,INVARIABLE,False,False,False,0.03677015,0.42396688710899644,1.0,1.0,1.0,0.0,2009.2490234375,0.0,0.0,0.0,0.0,0.0,0.0,0.0,0.0,0.0,0.0
1671,T,T,T1671T,Core,NEGATIVE_CONSENSUS,INVARIABLE,False,False,False,0.026892863,0.434869336287794,1.0,1.0,1.0,0.0,2009.2490234375,0.0,0.0,0.0,0.0,0.0,0.0,0.0,0.0,0.0,0.0
1672,G,G,G1672G,Core,NEGATIVE_CONSENSUS,INVARIABLE,False,False,False,0.0541713,0.4079788223125854,1.0,1.0,1.0,0.0,2009.2490234375,0.0,0.0,0.0,0.0,0.0,0.0,0.0,0.0,0.0,0.0
1673,E,E,E1673E,Core,NEGATIVE_CONSENSUS,INVARIABLE,False,False,False,0.09971498,0.37608596908684694,1.0,1.0,1.0,0.0,2009.2490234375,0.0,0.0,0.0,0.0,0.0,0.0,0.0,0.0,0.0,0.0
1674,E,E,E1674E,Core,NEGATIVE_CONSENSUS,INVARIABLE,False,False,False,0.09971498,0.37608596908684694,1.0,1.0,1.0,0.0,2009.2490234375,0.0,0.0,0.0,0.0,0.0,0.0,0.0,0.0,0.0,0.0
1675,M,M,M1675M,Core,NEGATIVE_CONSENSUS,INVARIABLE,False,False,False,0.04345588,0.4174346170740496,1.0,1.0,1.0,0.0,2009.2490234375,0.0,0.0,0.0,0.0,0.0,0.0,0.0,0.0,0.0,0.0
1676,A,A,A1676A,Core,NEGATIVE_CONSENSUS,INVARIABLE,False,False,False,1.0132155,0.15706686261615616,1.0,1.0,1.0,0.0,2009.2490234375,0.0,0.0,0.0,0.0,0.0,0.0,0.0,0.0,0.0,0.0
1677,T,T,T1677T,Core,NEGATIVE_CONSENSUS,INVARIABLE,False,False,False,0.033261508,0.42764328918344385,1.0,1.0,1.0,0.0,2009.2490234375,0.0,0.0,0.0,0.0,0.0,0.0,0.0,0.0,0.0,0.0
1678,K,K,K1678K,Core,NEGATIVE_CONSENSUS,INVARIABLE,False,False,False,1.2671006,0.13015565800770462,1.0,1.0,1.0,0.0,2009.2490234375,0.0,0.0,0.0,0.0,0.0,0.0,0.0,0.0,0.0,0.0
1679,A,A,A1679A,Core,NEGATIVE_CONSENSUS,INVARIABLE,False,False,False,0.112414464,0.36870593513800987,1.0,1.0,1.0,0.0,2009.2490234375,0.0,0.0,0.0,0.0,0.0,0.0,0.0,0.0,0.0,0.0
1680,D,D,D1680D,Core,NEGATIVE_CONSENSUS,INVARIABLE,False,False,False,1.377084,0.12029923522268092,1.0,1.0,1.0,0.0,2009.2490234375,0.0,0.0,0.0,0.0,0.0,0.0,0.0,0.0,0.0,0.0
1681,Y,Y,Y1681Y,Core,NEGATIVE_CONSENSUS,INVARIABLE,False,False,False,0.08357149,0.38625726840274144,1.0,1.0,1.0,0.0,2009.2490234375,0.0,0.0,0.0,0.0,0.0,0.0,0.0,0.0,0.0,0.0
1682,T,T,T1682T,Core,NEGATIVE_CONSENSUS,INVARIABLE,False,False,False,0.033261508,0.42764328918344385,1.0,1.0,1.0,0.0,2009.2490234375,0.0,0.0,0.0,0.0,0.0,0.0,0.0,0.0,0.0,0.0
1683,L,L,L1683L,Core,NEGATIVE_CONSENSUS,INVARIABLE,False,False,False,0.1403902,0.3539467030420645,1.0,1.0,1.0,0.0,2009.2490234375,0.0,0.0,0.0,0.0,0.0,0.0,0.0,0.0,0.0,0.0
1684,D,D,D1684D,Core,NEGATIVE_CONSENSUS,INVARIABLE,False,False,False,2.8818045,0.044792789968923004,1.0,1.0,1.0,0.0,2009.2490234375,0.0,0.0,0.0,0.0,0.0,0.0,0.0,0.0,0.0,0.0
1685,E,E,E1685E,Core,NEGATIVE_CONSENSUS,INVARIABLE,False,False,False,0.18808824,0.33225627299092697,1.0,1.0,1.0,0.0,2009.2490234375,0.0,0.0,0.0,0.0,0.0,0.0,0.0,0.0,0.0,0.0
1686,E,E,E1686E,Core,NEGATIVE_CONSENSUS,INVARIABLE,False,False,False,0.11708163,0.36611075546982824,1.0,1.0,1.0,0.0,2009.2490234375,0.0,0.0,0.0,0.0,0.0,0.0,0.0,0.0,0.0,0.0
1687,S,S,S1687S,Core,NEGATIVE_CONSENSUS,INVARIABLE,False,False,False,0.49796218,0.2401984475468799,1.0,1.0,1.0,0.0,2009.2490234375,0.0,0.0,0.0,0.0,0.0,0.0,0.0,0.0,0.0,0.0
1688,R,R,R1688R,Core,NEGATIVE_CONSENSUS,INVARIABLE,False,False,False,0.029794596,0.4314785582784173,1.0,1.0,1.0,0.0,2009.2490234375,0.0,0.0,0.0,0.0,0.0,0.0,0.0,0.0,0.0,0.0
1689,A,A,A1689A,Core,NEGATIVE_CONSENSUS,INVARIABLE,False,False,False,0.50961536,0.23765270523878462,1.0,1.0,1.0,0.0,2009.2490234375,0.0,0.0,0.0,0.0,0.0,0.0,0.0,0.0,0.0,0.0
1690,R,R,R1690R,Core,NEGATIVE_CONSENSUS,INVARIABLE,False,False,False,0.047289148,0.41392467273385114,1.0,1.0,1.0,0.0,2009.2490234375,0.0,0.0,0.0,0.0,0.0,0.0,0.0,0.0,0.0,0.0
1691,I,I,I1691I,Core,NEGATIVE_CONSENSUS,INVARIABLE,False,False,False,0.41026053,0.2609186505464557,1.0,1.0,1.0,0.0,2009.2490234375,0.0,0.0,0.0,0.0,0.0,0.0,0.0,0.0,0.0,0.0
1692,K,K,K1692K,Core,NEGATIVE_CONSENSUS,INVARIABLE,False,False,False,1.2671006,0.13015565800770462,1.0,1.0,1.0,0.0,2009.2490234375,0.0,0.0,0.0,0.0,0.0,0.0,0.0,0.0,0.0,0.0
1693,T,T,T1693T,Core,NEGATIVE_CONSENSUS,INVARIABLE,False,False,False,0.026892863,0.434869336287794,1.0,1.0,1.0,0.0,2009.2490234375,0.0,0.0,0.0,0.0,0.0,0.0,0.0,0.0,0.0,0.0
1694,R,R,R1694R,Core,NEGATIVE_CONSENSUS,INVARIABLE,False,False,False,0.026146797,0.43577116494005275,1.0,1.0,1.0,0.0,2009.2490234375,0.0,0.0,0.0,0.0,0.0,0.0,0.0,0.0,0.0,0.0
1695,L,L,L1695L,Core,NEGATIVE_CONSENSUS,INVARIABLE,False,False,False,0.1403902,0.3539467030420645,1.0,1.0,1.0,0.0,2009.2490234375,0.0,0.0,0.0,0.0,0.0,0.0,0.0,0.0,0.0,0.0
1696,F,F,F1696F,Core,NEGATIVE_CONSENSUS,INVARIABLE,False,False,False,0.019456891,0.44453228422212465,1.0,1.0,1.0,0.0,2009.2490234375,0.0,0.0,0.0,0.0,0.0,0.0,0.0,0.0,0.0,0.0
1697,T,T,T1697T,Core,NEGATIVE_CONSENSUS,INVARIABLE,False,False,False,0.026892863,0.434869336287794,1.0,1.0,1.0,0.0,2009.2490234375,0.0,0.0,0.0,0.0,0.0,0.0,0.0,0.0,0.0,0.0
1698,I,I,I1698I,Core,NEGATIVE_CONSENSUS,INVARIABLE,False,False,False,1.0355865,0.15442508350662135,1.0,1.0,1.0,0.0,2009.2490234375,0.0,0.0,0.0,0.0,0.0,0.0,0.0,0.0,0.0,0.0
1699,R,R,R1699R,Core,NEGATIVE_CONSENSUS,INVARIABLE,False,False,False,0.047289148,0.41392467273385114,1.0,1.0,1.0,0.0,2009.2490234375,0.0,0.0,0.0,0.0,0.0,0.0,0.0,0.0,0.0,0.0
1700,Q,Q,Q1700Q,Core,NEGATIVE_CONSENSUS,INVARIABLE,False,False,False,0.1328033,0.35777149996023005,1.0,1.0,1.0,0.0,2009.2490234375,0.0,0.0,0.0,0.0,0.0,0.0,0.0,0.0,0.0,0.0
1701,E,E,E1701E,Core,NEGATIVE_CONSENSUS,INVARIABLE,False,False,False,0.17737707,0.33681854926235366,1.0,1.0,1.0,0.0,2009.2490234375,0.0,0.0,0.0,0.0,0.0,0.0,0.0,0.0,0.0,0.0
1702,M,M,M1702M,Core,NEGATIVE_CONSENSUS,INVARIABLE,False,False,False,0.04345588,0.4174346170740496,1.0,1.0,1.0,0.0,2009.2490234375,0.0,0.0,0.0,0.0,0.0,0.0,0.0,0.0,0.0,0.0
1703,A,A,A1703A,Core,NEGATIVE_CONSENSUS,INVARIABLE,False,False,False,1.0132155,0.15706686261615616,1.0,1.0,1.0,0.0,2009.2490234375,0.0,0.0,0.0,0.0,0.0,0.0,0.0,0.0,0.0,0.0
1704,S,N,S1704N,Core,NEGATIVE_CONSENSUS,TEMPORAL_NOISE,False,False,False,3.2853198,0.03495100455353562,0.3517909,0.0990099,0.44284427,0.6311197,2009.8811738612287,0.2011394306205075,2009.8247,2009.915,0.090307206,0.030600762308294675,0.01977211279805858,0.7812599,7.384777,1.6869617,1.2570695
1705,R,R,R1705R,Core,NEGATIVE_CONSENSUS,INVARIABLE,False,False,False,0.026146797,0.43577116494005275,1.0,1.0,1.0,0.0,2009.2490234375,0.0,0.0,0.0,0.0,0.0,0.0,0.0,0.0,0.0,0.0
1706,S,S,S1706S,Core,NEGATIVE_CONSENSUS,INVARIABLE,False,False,False,0.5161936,0.23623495187969223,1.0,1.0,1.0,0.0,2009.2490234375,0.0,0.0,0.0,0.0,0.0,0.0,0.0,0.0,0.0,0.0
1707,L,L,L1707L,Core,NEGATIVE_CONSENSUS,INVARIABLE,False,False,False,0.20977953,0.32347013020324433,1.0,1.0,1.0,0.0,2009.2490234375,0.0,0.0,0.0,0.0,0.0,0.0,0.0,0.0,0.0,0.0
1708,W,W,W1708W,Core,NEGATIVE_CONSENSUS,INVARIABLE,False,False,False,0.14326186,0.3525297858631183,1.0,1.0,1.0,0.0,2009.2490234375,0.0,0.0,0.0,0.0,0.0,0.0,0.0,0.0,0.0,0.0
1709,D,D,D1709D,Core,NEGATIVE_CONSENSUS,INVARIABLE,False,False,False,0.24172953,0.3114798699800736,1.0,1.0,1.0,0.0,2009.2490234375,0.0,0.0,0.0,0.0,0.0,0.0,0.0,0.0,0.0,0.0
1710,S,S,S1710S,Core,NEGATIVE_CONSENSUS,INVARIABLE,False,False,False,0.48222643,0.24370778088239314,1.0,1.0,1.0,0.0,2009.2490234375,0.0,0.0,0.0,0.0,0.0,0.0,0.0,0.0,0.0,0.0
1711,F,F,F1711F,Core,NEGATIVE_CONSENSUS,INVARIABLE,False,False,False,0.061055347,0.4024178149016429,1.0,1.0,1.0,0.0,2009.2490234375,0.0,0.0,0.0,0.0,0.0,0.0,0.0,0.0,0.0,0.0
1712,R,R,R1712R,Core,NEGATIVE_CONSENSUS,INVARIABLE,False,False,False,0.06321867,0.40073959023730843,1.0,1.0,1.0,0.0,2009.2490234375,0.0,0.0,0.0,0.0,0.0,0.0,0.0,0.0,0.0,0.0
1713,Q,Q,Q1713Q,Core,NEGATIVE_CONSENSUS,INVARIABLE,False,False,False,0.10196939,0.374739483180495,1.0,1.0,1.0,0.0,2009.2490234375,0.0,0.0,0.0,0.0,0.0,0.0,0.0,0.0,0.0,0.0
1714,S,S,S1714S,Core,NEGATIVE_CONSENSUS,INVARIABLE,False,False,False,3.8622296,0.024692330657496472,1.0,1.0,1.0,0.0,2009.2490234375,0.0,0.0,0.0,0.0,0.0,0.0,0.0,0.0,0.0,0.0
1715,E,E,E1715E,Core,NEGATIVE_CONSENSUS,INVARIABLE,False,False,False,0.17737707,0.33681854926235366,1.0,1.0,1.0,0.0,2009.2490234375,0.0,0.0,0.0,0.0,0.0,0.0,0.0,0.0,0.0,0.0
1716,R,R,R1716R,Core,NEGATIVE_CONSENSUS,INVARIABLE,False,False,False,0.047971677,0.4133155299385372,1.0,1.0,1.0,0.0,2009.2490234375,0.0,0.0,0.0,0.0,0.0,0.0,0.0,0.0,0.0,0.0
1717,G,G,G1717G,Core,NEGATIVE_CONSENSUS,INVARIABLE,False,False,False,0.31973153,0.28588451406953874,1.0,1.0,1.0,0.0,2009.2490234375,0.0,0.0,0.0,0.0,0.0,0.0,0.0,0.0,0.0,0.0
1718,E,E,E1718E,Core,NEGATIVE_CONSENSUS,INVARIABLE,False,False,False,0.17737707,0.33681854926235366,1.0,1.0,1.0,0.0,2009.2490234375,0.0,0.0,0.0,0.0,0.0,0.0,0.0,0.0,0.0,0.0
1719,E,E,E1719E,Core,NEGATIVE_CONSENSUS,INVARIABLE,False,False,False,0.11771934,0.3657606687278735,1.0,1.0,1.0,0.0,2009.2490234375,0.0,0.0,0.0,0.0,0.0,0.0,0.0,0.0,0.0,0.0
1720,T,T,T1720T,Core,NEGATIVE_CONSENSUS,INVARIABLE,False,False,False,0.03364685,0.427230012532943,1.0,1.0,1.0,0.0,2009.2490234375,0.0,0.0,0.0,0.0,0.0,0.0,0.0,0.0,0.0,0.0
1721,I,I,I1721I,Core,NEGATIVE_CONSENSUS,INVARIABLE,False,False,False,0.7167717,0.19860244442133695,1.0,1.0,1.0,0.0,2009.2490234375,0.0,0.0,0.0,0.0,0.0,0.0,0.0,0.0,0.0,0.0
1722,E,E,E1722E,Core,NEGATIVE_CONSENSUS,INVARIABLE,False,False,False,0.17737707,0.33681854926235366,1.0,1.0,1.0,0.0,2009.2490234375,0.0,0.0,0.0,0.0,0.0,0.0,0.0,0.0,0.0,0.0
1723,E,E,E1723E,Core,NEGATIVE_CONSENSUS,INVARIABLE,False,False,False,0.17737707,0.33681854926235366,1.0,1.0,1.0,0.0,2009.2490234375,0.0,0.0,0.0,0.0,0.0,0.0,0.0,0.0,0.0,0.0
1724,K,K,K1724K,Core,NEGATIVE_CONSENSUS,INVARIABLE,False,False,False,1.2671006,0.13015565800770462,1.0,1.0,1.0,0.0,2009.2490234375,0.0,0.0,0.0,0.0,0.0,0.0,0.0,0.0,0.0,0.0
1725,F,F,F1725F,Core,NEGATIVE_CONSENSUS,INVARIABLE,False,False,False,0.061055347,0.4024178149016429,1.0,1.0,1.0,0.0,2009.2490234375,0.0,0.0,0.0,0.0,0.0,0.0,0.0,0.0,0.0,0.0
1726,E,E,E1726E,Core,NEGATIVE_CONSENSUS,INVARIABLE,False,False,False,0.11751498,0.3658727385767022,1.0,1.0,1.0,0.0,2009.2490234375,0.0,0.0,0.0,0.0,0.0,0.0,0.0,0.0,0.0,0.0
1727,I,I,I1727I,Core,NEGATIVE_CONSENSUS,INVARIABLE,False,False,False,0.41846898,0.2588509913596747,1.0,1.0,1.0,0.0,2009.2490234375,0.0,0.0,0.0,0.0,0.0,0.0,0.0,0.0,0.0,0.0
1728,T,T,T1728T,Core,NEGATIVE_CONSENSUS,INVARIABLE,False,False,False,0.03364685,0.427230012532943,1.0,1.0,1.0,0.0,2009.2490234375,0.0,0.0,0.0,0.0,0.0,0.0,0.0,0.0,0.0,0.0
1729,G,G,G1729G,Core,NEGATIVE_CONSENSUS,INVARIABLE,False,False,False,0.057778835,0.4050208309806529,1.0,1.0,1.0,0.0,2009.2490234375,0.0,0.0,0.0,0.0,0.0,0.0,0.0,0.0,0.0,0.0
1730,T,T,T1730T,Core,NEGATIVE_CONSENSUS,INVARIABLE,False,False,False,0.026892863,0.434869336287794,1.0,1.0,1.0,0.0,2009.2490234375,0.0,0.0,0.0,0.0,0.0,0.0,0.0,0.0,0.0,0.0
1731,M,M,M1731M,Core,NEGATIVE_CONSENSUS,INVARIABLE,False,False,False,0.04345588,0.4174346170740496,1.0,1.0,1.0,0.0,2009.2490234375,0.0,0.0,0.0,0.0,0.0,0.0,0.0,0.0,0.0,0.0
1732,R,R,R1732R,Core,NEGATIVE_CONSENSUS,INVARIABLE,False,False,False,0.100597985,0.37555660265095264,1.0,1.0,1.0,0.0,2009.2490234375,0.0,0.0,0.0,0.0,0.0,0.0,0.0,0.0,0.0,0.0
1733,K,K,K1733K,Core,NEGATIVE_CONSENSUS,INVARIABLE,False,False,False,0.2995089,0.2920952302947697,1.0,1.0,1.0,0.0,2009.2490234375,0.0,0.0,0.0,0.0,0.0,0.0,0.0,0.0,0.0,0.0
1734,L,L,L1734L,Core,NEGATIVE_CONSENSUS,INVARIABLE,False,False,False,0.1403902,0.3539467030420645,1.0,1.0,1.0,0.0,2009.2490234375,0.0,0.0,0.0,0.0,0.0,0.0,0.0,0.0,0.0,0.0
1735,A,A,A1735A,Core,NEGATIVE_CONSENSUS,INVARIABLE,False,False,False,1.0132155,0.15706686261615616,1.0,1.0,1.0,0.0,2009.2490234375,0.0,0.0,0.0,0.0,0.0,0.0,0.0,0.0,0.0,0.0
1736,D,D,D1736D,Core,NEGATIVE_CONSENSUS,INVARIABLE,False,False,False,2.8818045,0.044792789968923004,1.0,1.0,1.0,0.0,2009.2490234375,0.0,0.0,0.0,0.0,0.0,0.0,0.0,0.0,0.0,0.0
1737,Q,Q,Q1737Q,Core,NEGATIVE_CONSENSUS,INVARIABLE,False,False,False,0.1328033,0.35777149996023005,1.0,1.0,1.0,0.0,2009.2490234375,0.0,0.0,0.0,0.0,0.0,0.0,0.0,0.0,0.0,0.0
1738,S,S,S1738S,Core,NEGATIVE_CONSENSUS,INVARIABLE,False,False,False,0.5161936,0.23623495187969223,1.0,1.0,1.0,0.0,2009.2490234375,0.0,0.0,0.0,0.0,0.0,0.0,0.0,0.0,0.0,0.0
1739,L,L,L1739L,Core,NEGATIVE_CONSENSUS,INVARIABLE,False,False,False,0.17319994,0.3386417205269501,1.0,1.0,1.0,0.0,2009.2490234375,0.0,0.0,0.0,0.0,0.0,0.0,0.0,0.0,0.0,0.0
1740,P,P,P1740P,Core,NEGATIVE_CONSENSUS,INVARIABLE,False,False,False,0.09249291,0.3805157715681833,1.0,1.0,1.0,0.0,2009.2490234375,0.0,0.0,0.0,0.0,0.0,0.0,0.0,0.0,0.0,0.0
1741,P,P,P1741P,Core,NEGATIVE_CONSENSUS,INVARIABLE,False,False,False,0.084023274,0.3859587324025193,1.0,1.0,1.0,0.0,2009.2490234375,0.0,0.0,0.0,0.0,0.0,0.0,0.0,0.0,0.0,0.0
1742,N,N,N1742N,Core,NEGATIVE_CONSENSUS,INVARIABLE,False,False,False,0.2697167,0.3017609345059,1.0,1.0,1.0,0.0,2009.2490234375,0.0,0.0,0.0,0.0,0.0,0.0,0.0,0.0,0.0,0.0
1743,F,F,F1743F,Core,NEGATIVE_CONSENSUS,INVARIABLE,False,False,False,0.03677015,0.42396688710899644,1.0,1.0,1.0,0.0,2009.2490234375,0.0,0.0,0.0,0.0,0.0,0.0,0.0,0.0,0.0,0.0
1744,S,P,S1744P,Core,NEGATIVE_CONSENSUS,FLAT_NO_SIGNAL,False,False,False,0.35966468,0.27434626170931076,0.3564026,1.0,1.0,0.0,2009.2490234375,0.0,0.0,0.0,0.0,0.0,0.0,0.0,0.0,0.0,0.0
1745,S,S,S1745S,Core,NEGATIVE_CONSENSUS,INVARIABLE,False,False,False,0.4571029,0.24949053035828844,1.0,1.0,1.0,0.0,2009.2490234375,0.0,0.0,0.0,0.0,0.0,0.0,0.0,0.0,0.0,0.0
1746,L,L,L1746L,Core,NEGATIVE_CONSENSUS,INVARIABLE,False,False,False,0.1403902,0.3539467030420645,1.0,1.0,1.0,0.0,2009.2490234375,0.0,0.0,0.0,0.0,0.0,0.0,0.0,0.0,0.0,0.0
1747,E,E,E1747E,Core,NEGATIVE_CONSENSUS,INVARIABLE,False,False,False,0.17737707,0.33681854926235366,1.0,1.0,1.0,0.0,2009.2490234375,0.0,0.0,0.0,0.0,0.0,0.0,0.0,0.0,0.0,0.0
1748,N,N,N1748N,Core,NEGATIVE_CONSENSUS,INVARIABLE,False,False,False,0.2697167,0.3017609345059,1.0,1.0,1.0,0.0,2009.2490234375,0.0,0.0,0.0,0.0,0.0,0.0,0.0,0.0,0.0,0.0
1749,F,F,F1749F,Core,NEGATIVE_CONSENSUS,INVARIABLE,False,False,False,0.061055347,0.4024178149016429,1.0,1.0,1.0,0.0,2009.2490234375,0.0,0.0,0.0,0.0,0.0,0.0,0.0,0.0,0.0,0.0
1750,R,R,R1750R,Core,NEGATIVE_CONSENSUS,INVARIABLE,False,False,False,0.046212148,0.4148953115068987,1.0,1.0,1.0,0.0,2009.2490234375,0.0,0.0,0.0,0.0,0.0,0.0,0.0,0.0,0.0,0.0
1751,A,V,A1751V,Core,NEGATIVE_CONSENSUS,TEMPORAL_NOISE,False,False,False,1.9138064,0.08327052282849817,0.3517909,0.57425743,0.7281821,0.72098076,2009.3844842425847,0.039068232682640064,2009.3394,2009.4183,0.0790188,0.005410740294004446,0.003655021291569719,2.487237,-2.7302082,2.3658342,1.132444
1752,Y,Y,Y1752Y,Core,NEGATIVE_CONSENSUS,INVARIABLE,False,False,False,0.04160279,0.41918940090001205,1.0,1.0,1.0,0.0,2009.2490234375,0.0,0.0,0.0,0.0,0.0,0.0,0.0,0.0,0.0,0.0
1753,V,V,V1753V,Core,NEGATIVE_CONSENSUS,INVARIABLE,False,False,False,0.60705686,0.21794905634298722,1.0,1.0,1.0,0.0,2009.2490234375,0.0,0.0,0.0,0.0,0.0,0.0,0.0,0.0,0.0,0.0
1754,D,D,D1754D,Core,NEGATIVE_CONSENSUS,INVARIABLE,False,False,False,0.24172953,0.3114798699800736,1.0,1.0,1.0,0.0,2009.2490234375,0.0,0.0,0.0,0.0,0.0,0.0,0.0,0.0,0.0,0.0
1755,G,G,G1755G,Core,NEGATIVE_CONSENSUS,INVARIABLE,False,False,False,0.08983235,0.38219519767681476,1.0,1.0,1.0,0.0,2009.2490234375,0.0,0.0,0.0,0.0,0.0,0.0,0.0,0.0,0.0,0.0
1756,F,F,F1756F,Core,NEGATIVE_CONSENSUS,INVARIABLE,False,False,False,0.021769308,0.4413512252505298,1.0,1.0,1.0,0.0,2009.2490234375,0.0,0.0,0.0,0.0,0.0,0.0,0.0,0.0,0.0,0.0
1757,E,E,E1757E,Core,NEGATIVE_CONSENSUS,INVARIABLE,False,False,False,0.09971498,0.37608596908684694,1.0,1.0,1.0,0.0,2009.2490234375,0.0,0.0,0.0,0.0,0.0,0.0,0.0,0.0,0.0,0.0
1758,P,P,P1758P,Core,NEGATIVE_CONSENSUS,INVARIABLE,False,False,False,0.058552135,0.40439957993266973,1.0,1.0,1.0,0.0,2009.2490234375,0.0,0.0,0.0,0.0,0.0,0.0,0.0,0.0,0.0,0.0
1759,N,N,N1759N,Core,NEGATIVE_CONSENSUS,INVARIABLE,False,False,False,0.2697167,0.3017609345059,1.0,1.0,1.0,0.0,2009.2490234375,0.0,0.0,0.0,0.0,0.0,0.0,0.0,0.0,0.0,0.0
1760,G,G,G1760G,Core,NEGATIVE_CONSENSUS,INVARIABLE,False,False,False,0.31973153,0.28588451406953874,1.0,1.0,1.0,0.0,2009.2490234375,0.0,0.0,0.0,0.0,0.0,0.0,0.0,0.0,0.0,0.0
1761,C,C,C1761C,Core,NEGATIVE_CONSENSUS,FLAT_NO_SIGNAL,False,False,False,0.32860932,0.28323956099141334,0.36132896,1.0,1.0,0.0,2009.2490234375,0.0,0.0,0.0,0.0,0.0,0.0,0.0,0.0,0.0,0.0
1762,I,I,I1762I,Core,NEGATIVE_CONSENSUS,INVARIABLE,False,False,False,0.7167717,0.19860244442133695,1.0,1.0,1.0,0.0,2009.2490234375,0.0,0.0,0.0,0.0,0.0,0.0,0.0,0.0,0.0,0.0
1763,E,E,E1763E,Core,NEGATIVE_CONSENSUS,INVARIABLE,False,False,False,0.09827164,0.3769568387699023,1.0,1.0,1.0,0.0,2009.2490234375,0.0,0.0,0.0,0.0,0.0,0.0,0.0,0.0,0.0,0.0
1764,G,G,G1764G,Core,NEGATIVE_CONSENSUS,INVARIABLE,False,False,False,0.31973153,0.28588451406953874,1.0,1.0,1.0,0.0,2009.2490234375,0.0,0.0,0.0,0.0,0.0,0.0,0.0,0.0,0.0,0.0
1765,K,K,K1765K,Core,NEGATIVE_CONSENSUS,INVARIABLE,False,False,False,0.2995089,0.2920952302947697,1.0,1.0,1.0,0.0,2009.2490234375,0.0,0.0,0.0,0.0,0.0,0.0,0.0,0.0,0.0,0.0
1766,L,L,L1766L,Core,NEGATIVE_CONSENSUS,INVARIABLE,False,False,False,0.1403902,0.3539467030420645,1.0,1.0,1.0,0.0,2009.2490234375,0.0,0.0,0.0,0.0,0.0,0.0,0.0,0.0,0.0,0.0
1767,S,S,S1767S,Core,NEGATIVE_CONSENSUS,INVARIABLE,False,False,False,0.15900141,0.3450387815020251,1.0,1.0,1.0,0.0,2009.2490234375,0.0,0.0,0.0,0.0,0.0,0.0,0.0,0.0,0.0,0.0
1768,Q,Q,Q1768Q,Core,NEGATIVE_CONSENSUS,INVARIABLE,False,False,False,0.1328033,0.35777149996023005,1.0,1.0,1.0,0.0,2009.2490234375,0.0,0.0,0.0,0.0,0.0,0.0,0.0,0.0,0.0,0.0
1769,M,M,M1769M,Core,NEGATIVE_CONSENSUS,INVARIABLE,False,False,False,0.04345588,0.4174346170740496,1.0,1.0,1.0,0.0,2009.2490234375,0.0,0.0,0.0,0.0,0.0,0.0,0.0,0.0,0.0,0.0
1770,S,S,S1770S,Core,NEGATIVE_CONSENSUS,INVARIABLE,False,False,False,0.2075632,0.3243420394483918,1.0,1.0,1.0,0.0,2009.2490234375,0.0,0.0,0.0,0.0,0.0,0.0,0.0,0.0,0.0,0.0
1771,K,K,K1771K,Core,NEGATIVE_CONSENSUS,INVARIABLE,False,False,False,1.6481466,0.09960568628108363,1.0,1.0,1.0,0.0,2009.2490234375,0.0,0.0,0.0,0.0,0.0,0.0,0.0,0.0,0.0,0.0
1772,E,E,E1772E,Core,NEGATIVE_CONSENSUS,INVARIABLE,False,False,False,0.17737707,0.33681854926235366,1.0,1.0,1.0,0.0,2009.2490234375,0.0,0.0,0.0,0.0,0.0,0.0,0.0,0.0,0.0,0.0
1773,V,V,V1773V,Core,NEGATIVE_CONSENSUS,INVARIABLE,False,False,False,0.15838115,0.3453256737119521,1.0,1.0,1.0,0.0,2009.2490234375,0.0,0.0,0.0,0.0,0.0,0.0,0.0,0.0,0.0,0.0
1774,N,N,N1774N,Core,NEGATIVE_CONSENSUS,INVARIABLE,False,False,False,0.15134373,0.34862726605007177,1.0,1.0,1.0,0.0,2009.2490234375,0.0,0.0,0.0,0.0,0.0,0.0,0.0,0.0,0.0,0.0
1775,A,A,A1775A,Core,NEGATIVE_CONSENSUS,INVARIABLE,False,False,False,1.0132155,0.15706686261615616,1.0,1.0,1.0,0.0,2009.2490234375,0.0,0.0,0.0,0.0,0.0,0.0,0.0,0.0,0.0,0.0
1776,K,Q,K1776Q,Core,NEGATIVE_CONSENSUS,TEMPORAL_NOISE,False,False,False,1.5941461,0.10336738296727613,0.3517909,0.18811882,0.57846534,0.73718977,2009.8473086599577,0.04784124883006223,2009.8021,2009.8812,0.0790188,0.007210709562391726,0.00484661304629581,0.63137406,6.2637033,-0.20132925,1.4960972
1777,I,I,I1777I,Core,NEGATIVE_CONSENSUS,INVARIABLE,False,False,False,0.7167717,0.19860244442133695,1.0,1.0,1.0,0.0,2009.2490234375,0.0,0.0,0.0,0.0,0.0,0.0,0.0,0.0,0.0,0.0
1778,E,E,E1778E,Core,NEGATIVE_CONSENSUS,INVARIABLE,False,False,False,0.17737707,0.33681854926235366,1.0,1.0,1.0,0.0,2009.2490234375,0.0,0.0,0.0,0.0,0.0,0.0,0.0,0.0,0.0,0.0
1779,P,P,P1779P,Core,NEGATIVE_CONSENSUS,INVARIABLE,False,False,False,0.09249291,0.3805157715681833,1.0,1.0,1.0,0.0,2009.2490234375,0.0,0.0,0.0,0.0,0.0,0.0,0.0,0.0,0.0,0.0
1780,F,F,F1780F,Core,NEGATIVE_CONSENSUS,INVARIABLE,False,False,False,0.03677015,0.42396688710899644,1.0,1.0,1.0,0.0,2009.2490234375,0.0,0.0,0.0,0.0,0.0,0.0,0.0,0.0,0.0,0.0
1781,L,L,L1781L,Core,NEGATIVE_CONSENSUS,INVARIABLE,False,False,False,0.12189288,0.3634952555188614,1.0,1.0,1.0,0.0,2009.2490234375,0.0,0.0,0.0,0.0,0.0,0.0,0.0,0.0,0.0,0.0
1782,R,R,R1782R,Core,NEGATIVE_CONSENSUS,INVARIABLE,False,False,False,0.026146797,0.43577116494005275,1.0,1.0,1.0,0.0,2009.2490234375,0.0,0.0,0.0,0.0,0.0,0.0,0.0,0.0,0.0,0.0
1783,T,T,T1783T,Core,NEGATIVE_CONSENSUS,INVARIABLE,False,False,False,0.047369536,0.41385268991035695,1.0,1.0,1.0,0.0,2009.2490234375,0.0,0.0,0.0,0.0,0.0,0.0,0.0,0.0,0.0,0.0
1784,T,T,T1784T,Core,NEGATIVE_CONSENSUS,INVARIABLE,False,False,False,0.03364685,0.427230012532943,1.0,1.0,1.0,0.0,2009.2490234375,0.0,0.0,0.0,0.0,0.0,0.0,0.0,0.0,0.0,0.0
1785,P,P,P1785P,Core,NEGATIVE_CONSENSUS,INVARIABLE,False,False,False,0.09249291,0.3805157715681833,1.0,1.0,1.0,0.0,2009.2490234375,0.0,0.0,0.0,0.0,0.0,0.0,0.0,0.0,0.0,0.0
1786,R,R,R1786R,Core,NEGATIVE_CONSENSUS,INVARIABLE,False,False,False,0.100597985,0.37555660265095264,1.0,1.0,1.0,0.0,2009.2490234375,0.0,0.0,0.0,0.0,0.0,0.0,0.0,0.0,0.0,0.0
1787,P,P,P1787P,Core,NEGATIVE_CONSENSUS,INVARIABLE,False,False,False,0.099258035,0.37636092188579556,1.0,1.0,1.0,0.0,2009.2490234375,0.0,0.0,0.0,0.0,0.0,0.0,0.0,0.0,0.0,0.0
1788,L,L,L1788L,Core,NEGATIVE_CONSENSUS,INVARIABLE,False,False,False,0.17319994,0.3386417205269501,1.0,1.0,1.0,0.0,2009.2490234375,0.0,0.0,0.0,0.0,0.0,0.0,0.0,0.0,0.0,0.0
1789,R,K,R1789K,Core,RESCUED_SWEEP,CONFIRMED_SWEEP,True,False,True,0.63880575,0.2120717922828641,0.3517909,0.04950495,0.42981946,0.68933034,2009.869885460805,0.14937884920976552,2009.8135,2009.915,0.1015956,0.02356566808061021,0.015388475411769194,0.7685518,7.333335,1.3055478,1.3395783
1790,L,L,L1790L,Core,NEGATIVE_CONSENSUS,INVARIABLE,False,False,False,0.12278332,0.3630175724206798,1.0,1.0,1.0,0.0,2009.2490234375,0.0,0.0,0.0,0.0,0.0,0.0,0.0,0.0,0.0,0.0
1791,P,P,P1791P,Core,NEGATIVE_CONSENSUS,INVARIABLE,False,False,False,0.18130763,0.33512594256133826,1.0,1.0,1.0,0.0,2009.2490234375,0.0,0.0,0.0,0.0,0.0,0.0,0.0,0.0,0.0,0.0
1792,D,D,D1792D,Core,NEGATIVE_CONSENSUS,INVARIABLE,False,False,False,0.24172953,0.3114798699800736,1.0,1.0,1.0,0.0,2009.2490234375,0.0,0.0,0.0,0.0,0.0,0.0,0.0,0.0,0.0,0.0
1793,G,G,G1793G,Core,NEGATIVE_CONSENSUS,INVARIABLE,False,False,False,0.07366775,0.3930347662476188,1.0,1.0,1.0,0.0,2009.2490234375,0.0,0.0,0.0,0.0,0.0,0.0,0.0,0.0,0.0,0.0
1794,P,L,P1794L,Core,NEGATIVE_CONSENSUS,TEMPORAL_NOISE,False,False,False,0.6149336,0.21646812148133454,0.3517909,0.63366336,0.77227724,0.7808707,2009.373195842161,0.0529110510416973,2009.328,2009.4071,0.0790188,0.007364248226584228,0.004968654659763091,2.562544,-2.9228525,2.5901263,1.5844961
1795,L,L,L1795L,Core,NEGATIVE_CONSENSUS,INVARIABLE,False,False,False,0.1403902,0.3539467030420645,1.0,1.0,1.0,0.0,2009.2490234375,0.0,0.0,0.0,0.0,0.0,0.0,0.0,0.0,0.0,0.0
1796,C,C,C1796C,Core,NEGATIVE_CONSENSUS,INVARIABLE,False,False,False,0.098847605,0.3766084799559455,1.0,1.0,1.0,0.0,2009.2490234375,0.0,0.0,0.0,0.0,0.0,0.0,0.0,0.0,0.0,0.0
1797,H,H,H1797H,Core,NEGATIVE_CONSENSUS,INVARIABLE,False,False,False,0.18790461,0.3323331716817506,1.0,1.0,1.0,0.0,2009.2490234375,0.0,0.0,0.0,0.0,0.0,0.0,0.0,0.0,0.0,0.0
1798,Q,Q,Q1798Q,Core,NEGATIVE_CONSENSUS,INVARIABLE,False,False,False,0.14861211,0.3499326088640236,1.0,1.0,1.0,0.0,2009.2490234375,0.0,0.0,0.0,0.0,0.0,0.0,0.0,0.0,0.0,0.0
1799,R,R,R1799R,Core,NEGATIVE_CONSENSUS,INVARIABLE,False,False,False,0.031301104,0.42978515135323686,1.0,1.0,1.0,0.0,2009.2490234375,0.0,0.0,0.0,0.0,0.0,0.0,0.0,0.0,0.0,0.0
1800,S,S,S1800S,Core,NEGATIVE_CONSENSUS,INVARIABLE,False,False,False,0.2075632,0.3243420394483918,1.0,1.0,1.0,0.0,2009.2490234375,0.0,0.0,0.0,0.0,0.0,0.0,0.0,0.0,0.0,0.0
1801,K,K,K1801K,Core,NEGATIVE_CONSENSUS,INVARIABLE,False,False,False,2.7268827,0.049335854274869154,1.0,1.0,1.0,0.0,2009.2490234375,0.0,0.0,0.0,0.0,0.0,0.0,0.0,0.0,0.0,0.0
1802,F,F,F1802F,Core,NEGATIVE_CONSENSUS,INVARIABLE,False,False,False,5.4307084,0.009892825709151554,1.0,1.0,1.0,0.0,2009.2490234375,0.0,0.0,0.0,0.0,0.0,0.0,0.0,0.0,0.0,0.0
1803,L,L,L1803L,Core,NEGATIVE_CONSENSUS,INVARIABLE,False,False,False,5.0231433,0.012505363666854058,1.0,1.0,1.0,0.0,2009.2490234375,0.0,0.0,0.0,0.0,0.0,0.0,0.0,0.0,0.0,0.0
1804,L,L,L1804L,Core,NEGATIVE_CONSENSUS,INVARIABLE,False,False,False,5.0231433,0.012505363666854058,1.0,1.0,1.0,0.0,2009.2490234375,0.0,0.0,0.0,0.0,0.0,0.0,0.0,0.0,0.0,0.0
1805,M,M,M1805M,Core,NEGATIVE_CONSENSUS,INVARIABLE,False,False,False,3.009942,0.0413776246781494,1.0,1.0,1.0,0.0,2009.2490234375,0.0,0.0,0.0,0.0,0.0,0.0,0.0,0.0,0.0,0.0
1806,D,D,D1806D,Core,NEGATIVE_CONSENSUS,INVARIABLE,False,False,False,0.24172953,0.3114798699800736,1.0,1.0,1.0,0.0,2009.2490234375,0.0,0.0,0.0,0.0,0.0,0.0,0.0,0.0,0.0,0.0
1807,A,A,A1807A,Core,NEGATIVE_CONSENSUS,INVARIABLE,False,False,False,0.6177493,0.21594245077438262,1.0,1.0,1.0,0.0,2009.2490234375,0.0,0.0,0.0,0.0,0.0,0.0,0.0,0.0,0.0,0.0
1808,L,L,L1808L,Core,NEGATIVE_CONSENSUS,INVARIABLE,False,False,False,0.15878537,0.3451386324350256,1.0,1.0,1.0,0.0,2009.2490234375,0.0,0.0,0.0,0.0,0.0,0.0,0.0,0.0,0.0,0.0
1809,K,K,K1809K,Core,NEGATIVE_CONSENSUS,INVARIABLE,False,False,False,1.2671006,0.13015565800770462,1.0,1.0,1.0,0.0,2009.2490234375,0.0,0.0,0.0,0.0,0.0,0.0,0.0,0.0,0.0,0.0
1810,L,L,L1810L,Core,NEGATIVE_CONSENSUS,INVARIABLE,False,False,False,0.28021458,0.2982803046346809,1.0,1.0,1.0,0.0,2009.2490234375,0.0,0.0,0.0,0.0,0.0,0.0,0.0,0.0,0.0,0.0
1811,S,S,S1811S,Core,NEGATIVE_CONSENSUS,INVARIABLE,False,False,False,0.5161936,0.23623495187969223,1.0,1.0,1.0,0.0,2009.2490234375,0.0,0.0,0.0,0.0,0.0,0.0,0.0,0.0,0.0,0.0
1812,I,I,I1812I,Core,NEGATIVE_CONSENSUS,INVARIABLE,False,False,False,0.7167717,0.19860244442133695,1.0,1.0,1.0,0.0,2009.2490234375,0.0,0.0,0.0,0.0,0.0,0.0,0.0,0.0,0.0,0.0
1813,E,E,E1813E,Core,NEGATIVE_CONSENSUS,INVARIABLE,False,False,False,0.17737707,0.33681854926235366,1.0,1.0,1.0,0.0,2009.2490234375,0.0,0.0,0.0,0.0,0.0,0.0,0.0,0.0,0.0,0.0
1814,D,N,D1814N,Core,NEGATIVE_CONSENSUS,TEMPORAL_NOISE,False,False,False,5.9828014,0.007223019170371622,0.3517909,0.43564355,0.6669024,0.4723344,2009.4070610434321,0.04831581562071141,2009.3619,2009.4409,0.0790188,0.0064225665023262025,0.004347493714386004,2.1555293,-1.9746941,1.4894259,-0.7884893
1815,P,P,P1815P,Core,NEGATIVE_CONSENSUS,INVARIABLE,False,False,False,0.084023274,0.3859587324025193,1.0,1.0,1.0,0.0,2009.2490234375,0.0,0.0,0.0,0.0,0.0,0.0,0.0,0.0,0.0,0.0
1816,S,N,S1816N,Core,NEGATIVE_CONSENSUS,TEMPORAL_NOISE,False,False,False,3.1822472,0.037221143443787096,0.3517909,0.33663365,0.63701445,0.85016704,2009.7005594544491,0.15228735715657948,2009.6554,2009.7344,0.0790188,0.01910303504402524,0.01293856253313954,0.735627,-1.2265166,-2.7302055,0.79325104
1817,H,H,H1817H,Core,NEGATIVE_CONSENSUS,INVARIABLE,False,False,False,0.534049,0.23245477158082695,1.0,1.0,1.0,0.0,2009.2490234375,0.0,0.0,0.0,0.0,0.0,0.0,0.0,0.0,0.0,0.0
1818,E,E,E1818E,Core,NEGATIVE_CONSENSUS,INVARIABLE,False,False,False,0.09971498,0.37608596908684694,1.0,1.0,1.0,0.0,2009.2490234375,0.0,0.0,0.0,0.0,0.0,0.0,0.0,0.0,0.0,0.0
1819,G,G,G1819G,Core,NEGATIVE_CONSENSUS,INVARIABLE,False,False,False,0.10198707,0.37472898848367453,1.0,1.0,1.0,0.0,2009.2490234375,0.0,0.0,0.0,0.0,0.0,0.0,0.0,0.0,0.0,0.0
1820,E,E,E1820E,Core,NEGATIVE_CONSENSUS,INVARIABLE,False,False,False,0.09971498,0.37608596908684694,1.0,1.0,1.0,0.0,2009.2490234375,0.0,0.0,0.0,0.0,0.0,0.0,0.0,0.0,0.0,0.0
1821,G,G,G1821G,Core,NEGATIVE_CONSENSUS,INVARIABLE,False,False,False,0.08983235,0.38219519767681476,1.0,1.0,1.0,0.0,2009.2490234375,0.0,0.0,0.0,0.0,0.0,0.0,0.0,0.0,0.0,0.0
1822,I,I,I1822I,Core,NEGATIVE_CONSENSUS,INVARIABLE,False,False,False,1.0355865,0.15442508350662135,1.0,1.0,1.0,0.0,2009.2490234375,0.0,0.0,0.0,0.0,0.0,0.0,0.0,0.0,0.0,0.0
1823,P,P,P1823P,Core,NEGATIVE_CONSENSUS,INVARIABLE,False,False,False,0.09249291,0.3805157715681833,1.0,1.0,1.0,0.0,2009.2490234375,0.0,0.0,0.0,0.0,0.0,0.0,0.0,0.0,0.0,0.0
1824,L,L,L1824L,Core,NEGATIVE_CONSENSUS,INVARIABLE,False,False,False,0.20977953,0.32347013020324433,1.0,1.0,1.0,0.0,2009.2490234375,0.0,0.0,0.0,0.0,0.0,0.0,0.0,0.0,0.0,0.0
1825,Y,Y,Y1825Y,Core,NEGATIVE_CONSENSUS,INVARIABLE,False,False,False,0.04160279,0.41918940090001205,1.0,1.0,1.0,0.0,2009.2490234375,0.0,0.0,0.0,0.0,0.0,0.0,0.0,0.0,0.0,0.0
1826,D,D,D1826D,Core,NEGATIVE_CONSENSUS,INVARIABLE,False,False,False,0.24172953,0.3114798699800736,1.0,1.0,1.0,0.0,2009.2490234375,0.0,0.0,0.0,0.0,0.0,0.0,0.0,0.0,0.0,0.0
1827,A,A,A1827A,Core,NEGATIVE_CONSENSUS,INVARIABLE,False,False,False,0.50961536,0.23765270523878462,1.0,1.0,1.0,0.0,2009.2490234375,0.0,0.0,0.0,0.0,0.0,0.0,0.0,0.0,0.0,0.0
1828,I,I,I1828I,Core,NEGATIVE_CONSENSUS,INVARIABLE,False,False,False,0.41026053,0.2609186505464557,1.0,1.0,1.0,0.0,2009.2490234375,0.0,0.0,0.0,0.0,0.0,0.0,0.0,0.0,0.0,0.0
1829,K,K,K1829K,Core,NEGATIVE_CONSENSUS,INVARIABLE,False,False,False,1.2671006,0.13015565800770462,1.0,1.0,1.0,0.0,2009.2490234375,0.0,0.0,0.0,0.0,0.0,0.0,0.0,0.0,0.0,0.0
1830,C,C,C1830C,Core,NEGATIVE_CONSENSUS,INVARIABLE,False,False,False,0.098847605,0.3766084799559455,1.0,1.0,1.0,0.0,2009.2490234375,0.0,0.0,0.0,0.0,0.0,0.0,0.0,0.0,0.0,0.0
1831,M,I,M1831I,Core,NEGATIVE_CONSENSUS,TEMPORAL_NOISE,False,False,False,0.07088171,0.39502865602087023,0.39941788,0.44554454,0.6669024,0.7516659,2009.7795782574153,0.03901399101476723,2009.7344,2009.8135,0.0790188,0.005145373529688868,0.0034849822039661185,0.010017693,0.8124242,-6.655941,2.8008537
1832,K,K,K1832K,Core,NEGATIVE_CONSENSUS,INVARIABLE,False,False,False,0.2995089,0.2920952302947697,1.0,1.0,1.0,0.0,2009.2490234375,0.0,0.0,0.0,0.0,0.0,0.0,0.0,0.0,0.0,0.0
1833,T,T,T1833T,Core,NEGATIVE_CONSENSUS,INVARIABLE,False,False,False,0.03364685,0.427230012532943,1.0,1.0,1.0,0.0,2009.2490234375,0.0,0.0,0.0,0.0,0.0,0.0,0.0,0.0,0.0,0.0
1834,F,F,F1834F,Core,NEGATIVE_CONSENSUS,INVARIABLE,False,False,False,0.03677015,0.42396688710899644,1.0,1.0,1.0,0.0,2009.2490234375,0.0,0.0,0.0,0.0,0.0,0.0,0.0,0.0,0.0,0.0
1835,F,F,F1835F,Core,NEGATIVE_CONSENSUS,INVARIABLE,False,False,False,0.061055347,0.4024178149016429,1.0,1.0,1.0,0.0,2009.2490234375,0.0,0.0,0.0,0.0,0.0,0.0,0.0,0.0,0.0,0.0
1836,G,G,G1836G,Core,NEGATIVE_CONSENSUS,INVARIABLE,False,False,False,0.31973153,0.28588451406953874,1.0,1.0,1.0,0.0,2009.2490234375,0.0,0.0,0.0,0.0,0.0,0.0,0.0,0.0,0.0,0.0
1837,W,W,W1837W,Core,NEGATIVE_CONSENSUS,INVARIABLE,False,False,False,0.14326186,0.3525297858631183,1.0,1.0,1.0,0.0,2009.2490234375,0.0,0.0,0.0,0.0,0.0,0.0,0.0,0.0,0.0,0.0
1838,K,K,K1838K,Core,NEGATIVE_CONSENSUS,INVARIABLE,False,False,False,1.2671006,0.13015565800770462,1.0,1.0,1.0,0.0,2009.2490234375,0.0,0.0,0.0,0.0,0.0,0.0,0.0,0.0,0.0,0.0
1839,E,E,E1839E,Core,NEGATIVE_CONSENSUS,INVARIABLE,False,False,False,0.09971498,0.37608596908684694,1.0,1.0,1.0,0.0,2009.2490234375,0.0,0.0,0.0,0.0,0.0,0.0,0.0,0.0,0.0,0.0
1840,P,P,P1840P,Core,NEGATIVE_CONSENSUS,INVARIABLE,False,False,False,0.18130763,0.33512594256133826,1.0,1.0,1.0,0.0,2009.2490234375,0.0,0.0,0.0,0.0,0.0,0.0,0.0,0.0,0.0,0.0
1841,N,T,N1841T,Core,NEGATIVE_CONSENSUS,TEMPORAL_NOISE,False,False,False,0.8541286,0.17769349739039442,0.3517909,0.28712872,0.61959356,0.6853037,2009.8021550582628,0.040536002890396994,2009.757,2009.836,0.0790188,0.005420685379565988,0.0036714520281340493,0.16249311,2.3714898,-4.885444,2.3157797
1842,I,I,I1842I,Core,NEGATIVE_CONSENSUS,INVARIABLE,False,False,False,1.0355865,0.15442508350662135,1.0,1.0,1.0,0.0,2009.2490234375,0.0,0.0,0.0,0.0,0.0,0.0,0.0,0.0,0.0,0.0
1843,V,V,V1843V,Core,NEGATIVE_CONSENSUS,INVARIABLE,False,False,False,0.91231257,0.1697507851367119,1.0,1.0,1.0,0.0,2009.2490234375,0.0,0.0,0.0,0.0,0.0,0.0,0.0,0.0,0.0,0.0
1844,K,K,K1844K,Core,NEGATIVE_CONSENSUS,INVARIABLE,False,False,False,1.6517164,0.09936274369414483,1.0,1.0,1.0,0.0,2009.2490234375,0.0,0.0,0.0,0.0,0.0,0.0,0.0,0.0,0.0,0.0
1845,P,P,P1845P,Core,NEGATIVE_CONSENSUS,INVARIABLE,False,False,False,0.09249291,0.3805157715681833,1.0,1.0,1.0,0.0,2009.2490234375,0.0,0.0,0.0,0.0,0.0,0.0,0.0,0.0,0.0,0.0
1846,H,H,H1846H,Core,NEGATIVE_CONSENSUS,INVARIABLE,False,False,False,0.18790461,0.3323331716817506,1.0,1.0,1.0,0.0,2009.2490234375,0.0,0.0,0.0,0.0,0.0,0.0,0.0,0.0,0.0,0.0
1847,E,E,E1847E,Core,NEGATIVE_CONSENSUS,INVARIABLE,False,False,False,0.09971498,0.37608596908684694,1.0,1.0,1.0,0.0,2009.2490234375,0.0,0.0,0.0,0.0,0.0,0.0,0.0,0.0,0.0,0.0
1848,K,K,K1848K,Core,NEGATIVE_CONSENSUS,INVARIABLE,False,False,False,1.2671006,0.13015565800770462,1.0,1.0,1.0,0.0,2009.2490234375,0.0,0.0,0.0,0.0,0.0,0.0,0.0,0.0,0.0,0.0
1849,G,G,G1849G,Core,NEGATIVE_CONSENSUS,INVARIABLE,False,False,False,0.31973153,0.28588451406953874,1.0,1.0,1.0,0.0,2009.2490234375,0.0,0.0,0.0,0.0,0.0,0.0,0.0,0.0,0.0,0.0
1850,I,V,I1850V,Core,NEGATIVE_CONSENSUS,TEMPORAL_NOISE,False,False,False,0.6610366,0.20809710957606947,0.3517909,0.77227724,0.83691716,0.24107337,2009.2603118379238,0.025727728654354035,2009.249,2009.3054,0.056442004,0.0025763163712332394,0.001600607020486172,2.2471194,-3.0232089,2.9087927,2.734398
1851,N,N,N1851N,Core,NEGATIVE_CONSENSUS,INVARIABLE,False,False,False,0.14756067,0.3504387265808948,1.0,1.0,1.0,0.0,2009.2490234375,0.0,0.0,0.0,0.0,0.0,0.0,0.0,0.0,0.0,0.0
1852,P,P,P1852P,Core,NEGATIVE_CONSENSUS,INVARIABLE,False,False,False,0.13949645,0.35439106371219375,1.0,1.0,1.0,0.0,2009.2490234375,0.0,0.0,0.0,0.0,0.0,0.0,0.0,0.0,0.0,0.0
1853,N,N,N1853N,Core,NEGATIVE_CONSENSUS,INVARIABLE,False,False,False,0.14756067,0.3504387265808948,1.0,1.0,1.0,0.0,2009.2490234375,0.0,0.0,0.0,0.0,0.0,0.0,0.0,0.0,0.0,0.0
1854,Y,Y,Y1854Y,Core,NEGATIVE_CONSENSUS,INVARIABLE,False,False,False,0.08357149,0.38625726840274144,1.0,1.0,1.0,0.0,2009.2490234375,0.0,0.0,0.0,0.0,0.0,0.0,0.0,0.0,0.0,0.0
1855,L,L,L1855L,Core,NEGATIVE_CONSENSUS,INVARIABLE,False,False,False,0.17319994,0.3386417205269501,1.0,1.0,1.0,0.0,2009.2490234375,0.0,0.0,0.0,0.0,0.0,0.0,0.0,0.0,0.0,0.0
1856,M,T,M1856T,Core,NEGATIVE_CONSENSUS,TEMPORAL_NOISE,False,False,False,0.29339734,0.29402580849990545,0.36189717,0.47524753,0.6680622,0.528539,2009.3957726430085,0.03774788900609104,2009.3506,2009.4297,0.0790188,0.005098510514252943,0.003450119291337866,2.2401888,-2.1752799,1.7303882,-0.19600034
1857,A,A,A1857A,Core,NEGATIVE_CONSENSUS,INVARIABLE,False,False,False,0.6177493,0.21594245077438262,1.0,1.0,1.0,0.0,2009.2490234375,0.0,0.0,0.0,0.0,0.0,0.0,0.0,0.0,0.0,0.0
1858,W,W,W1858W,Core,NEGATIVE_CONSENSUS,INVARIABLE,False,False,False,0.14326186,0.3525297858631183,1.0,1.0,1.0,0.0,2009.2490234375,0.0,0.0,0.0,0.0,0.0,0.0,0.0,0.0,0.0,0.0
1859,K,K,K1859K,Core,NEGATIVE_CONSENSUS,INVARIABLE,False,False,False,0.2995089,0.2920952302947697,1.0,1.0,1.0,0.0,2009.2490234375,0.0,0.0,0.0,0.0,0.0,0.0,0.0,0.0,0.0,0.0
1860,Q,Q,Q1860Q,Core,NEGATIVE_CONSENSUS,INVARIABLE,False,False,False,0.14861211,0.3499326088640236,1.0,1.0,1.0,0.0,2009.2490234375,0.0,0.0,0.0,0.0,0.0,0.0,0.0,0.0,0.0,0.0
1861,V,V,V1861V,Core,NEGATIVE_CONSENSUS,INVARIABLE,False,False,False,0.15838115,0.3453256737119521,1.0,1.0,1.0,0.0,2009.2490234375,0.0,0.0,0.0,0.0,0.0,0.0,0.0,0.0,0.0,0.0
1862,L,L,L1862L,Core,NEGATIVE_CONSENSUS,INVARIABLE,False,False,False,0.20977953,0.32347013020324433,1.0,1.0,1.0,0.0,2009.2490234375,0.0,0.0,0.0,0.0,0.0,0.0,0.0,0.0,0.0,0.0
1863,A,A,A1863A,Core,NEGATIVE_CONSENSUS,INVARIABLE,False,False,False,0.50961536,0.23765270523878462,1.0,1.0,1.0,0.0,2009.2490234375,0.0,0.0,0.0,0.0,0.0,0.0,0.0,0.0,0.0,0.0
1864,E,E,E1864E,Core,NEGATIVE_CONSENSUS,INVARIABLE,False,False,False,0.09971498,0.37608596908684694,1.0,1.0,1.0,0.0,2009.2490234375,0.0,0.0,0.0,0.0,0.0,0.0,0.0,0.0,0.0,0.0
1865,L,L,L1865L,Core,NEGATIVE_CONSENSUS,INVARIABLE,False,False,False,0.20977953,0.32347013020324433,1.0,1.0,1.0,0.0,2009.2490234375,0.0,0.0,0.0,0.0,0.0,0.0,0.0,0.0,0.0,0.0
1866,Q,K,Q1866K,Core,NEGATIVE_CONSENSUS,TEMPORAL_NOISE,False,False,False,0.58108026,0.2229446027942058,0.3517909,0.7227723,0.8267781,0.74940133,2009.3280422404662,0.02421652299351843,2009.2716,2009.3619,0.090307206,0.003489087787106341,0.0023147747863878076,2.8313076,-3.647192,3.451743,3.0883071
1867,D,D,D1867D,Core,NEGATIVE_CONSENSUS,INVARIABLE,False,False,False,2.8818045,0.044792789968923004,1.0,1.0,1.0,0.0,2009.2490234375,0.0,0.0,0.0,0.0,0.0,0.0,0.0,0.0,0.0,0.0
1868,I,I,I1868I,Core,NEGATIVE_CONSENSUS,INVARIABLE,False,False,False,0.7167717,0.19860244442133695,1.0,1.0,1.0,0.0,2009.2490234375,0.0,0.0,0.0,0.0,0.0,0.0,0.0,0.0,0.0,0.0
1869,E,E,E1869E,Core,NEGATIVE_CONSENSUS,INVARIABLE,False,False,False,0.17737707,0.33681854926235366,1.0,1.0,1.0,0.0,2009.2490234375,0.0,0.0,0.0,0.0,0.0,0.0,0.0,0.0,0.0,0.0
1870,N,S,N1870S,Core,RESCUED_SWEEP,CONFIRMED_SWEEP,True,False,True,0.64297,0.21131867490968492,0.3517909,0.01980198,0.42981946,0.42554462,2009.576387049788,0.1316367365078593,2009.5425,2009.599,0.056442004,0.012452026662999428,0.008433807783523406,-7.494128,-1.1210557,1.5623591,0.087140344
1871,E,G,E1871G,Core,NEGATIVE_CONSENSUS,TEMPORAL_NOISE,False,False,False,0.7269212,0.19694148557248187,0.3517909,0.07920792,0.42981946,0.5983266,2009.8811738612287,0.10641395090830913,2009.8247,2009.915,0.090307206,0.015687692266303285,0.010076878342376508,0.7819444,7.3611445,1.8339287,1.219769
1872,E,E,E1872E,Core,NEGATIVE_CONSENSUS,INVARIABLE,False,False,False,0.09971498,0.37608596908684694,1.0,1.0,1.0,0.0,2009.2490234375,0.0,0.0,0.0,0.0,0.0,0.0,0.0,0.0,0.0,0.0
1873,K,K,K1873K,Core,NEGATIVE_CONSENSUS,INVARIABLE,False,False,False,0.2995089,0.2920952302947697,1.0,1.0,1.0,0.0,2009.2490234375,0.0,0.0,0.0,0.0,0.0,0.0,0.0,0.0,0.0,0.0
1874,I,I,I1874I,Core,NEGATIVE_CONSENSUS,INVARIABLE,False,False,False,0.41026053,0.2609186505464557,1.0,1.0,1.0,0.0,2009.2490234375,0.0,0.0,0.0,0.0,0.0,0.0,0.0,0.0,0.0,0.0
1875,P,P,P1875P,Core,NEGATIVE_CONSENSUS,INVARIABLE,False,False,False,0.09249291,0.3805157715681833,1.0,1.0,1.0,0.0,2009.2490234375,0.0,0.0,0.0,0.0,0.0,0.0,0.0,0.0,0.0,0.0
1876,R,R,R1876R,Core,NEGATIVE_CONSENSUS,INVARIABLE,False,False,False,0.026146797,0.43577116494005275,1.0,1.0,1.0,0.0,2009.2490234375,0.0,0.0,0.0,0.0,0.0,0.0,0.0,0.0,0.0,0.0
1877,T,T,T1877T,Core,NEGATIVE_CONSENSUS,INVARIABLE,False,False,False,0.03364685,0.427230012532943,1.0,1.0,1.0,0.0,2009.2490234375,0.0,0.0,0.0,0.0,0.0,0.0,0.0,0.0,0.0,0.0
1878,K,K,K1878K,Core,NEGATIVE_CONSENSUS,INVARIABLE,False,False,False,0.2995089,0.2920952302947697,1.0,1.0,1.0,0.0,2009.2490234375,0.0,0.0,0.0,0.0,0.0,0.0,0.0,0.0,0.0,0.0
1879,N,Y,N1879Y,Core,NEGATIVE_CONSENSUS,TEMPORAL_NOISE,False,False,False,0.77672446,0.1890723964076072,0.3517909,0.17821783,0.57686293,0.7671765,2009.5086566472457,0.1203698361603763,2009.4635,2009.5425,0.0790188,0.015777123526870454,0.010685908190174221,-0.8508173,-0.864924,-0.12212584,-6.5362577
1880,M,M,M1880M,Core,NEGATIVE_CONSENSUS,INVARIABLE,False,False,False,0.04345588,0.4174346170740496,1.0,1.0,1.0,0.0,2009.2490234375,0.0,0.0,0.0,0.0,0.0,0.0,0.0,0.0,0.0,0.0
1881,K,K,K1881K,Core,NEGATIVE_CONSENSUS,INVARIABLE,False,False,False,0.2995089,0.2920952302947697,1.0,1.0,1.0,0.0,2009.2490234375,0.0,0.0,0.0,0.0,0.0,0.0,0.0,0.0,0.0,0.0
1882,R,K,R1882K,Core,NEGATIVE_CONSENSUS,TEMPORAL_NOISE,False,False,False,0.25985593,0.3051095764000158,0.36189717,0.17821783,0.57686293,0.72942203,2009.6554058527543,0.15249734524187658,2009.6102,2009.6893,0.0790188,0.019979449643115425,0.013532161669029862,-0.43244347,-1.3109663,-0.624457,-0.46037978
1883,T,T,T1883T,Core,NEGATIVE_CONSENSUS,INVARIABLE,False,False,False,0.03364685,0.427230012532943,1.0,1.0,1.0,0.0,2009.2490234375,0.0,0.0,0.0,0.0,0.0,0.0,0.0,0.0,0.0,0.0
1884,S,S,S1884S,Core,NEGATIVE_CONSENSUS,INVARIABLE,False,False,False,0.49796218,0.2401984475468799,1.0,1.0,1.0,0.0,2009.2490234375,0.0,0.0,0.0,0.0,0.0,0.0,0.0,0.0,0.0,0.0
1885,Q,Q,Q1885Q,Core,NEGATIVE_CONSENSUS,INVARIABLE,False,False,False,0.1328033,0.35777149996023005,1.0,1.0,1.0,0.0,2009.2490234375,0.0,0.0,0.0,0.0,0.0,0.0,0.0,0.0,0.0,0.0
1886,L,L,L1886L,Core,NEGATIVE_CONSENSUS,INVARIABLE,False,False,False,0.06444201,0.39980405851330125,1.0,1.0,1.0,0.0,2009.2490234375,0.0,0.0,0.0,0.0,0.0,0.0,0.0,0.0,0.0,0.0
1887,K,K,K1887K,Core,NEGATIVE_CONSENSUS,INVARIABLE,False,False,False,0.2995089,0.2920952302947697,1.0,1.0,1.0,0.0,2009.2490234375,0.0,0.0,0.0,0.0,0.0,0.0,0.0,0.0,0.0,0.0
1888,W,W,W1888W,Core,NEGATIVE_CONSENSUS,INVARIABLE,False,False,False,0.14326186,0.3525297858631183,1.0,1.0,1.0,0.0,2009.2490234375,0.0,0.0,0.0,0.0,0.0,0.0,0.0,0.0,0.0,0.0
1889,A,A,A1889A,Core,NEGATIVE_CONSENSUS,INVARIABLE,False,False,False,0.50961536,0.23765270523878462,1.0,1.0,1.0,0.0,2009.2490234375,0.0,0.0,0.0,0.0,0.0,0.0,0.0,0.0,0.0,0.0
1890,L,L,L1890L,Core,NEGATIVE_CONSENSUS,INVARIABLE,False,False,False,0.17182766,0.3392462956047205,1.0,1.0,1.0,0.0,2009.2490234375,0.0,0.0,0.0,0.0,0.0,0.0,0.0,0.0,0.0,0.0
1891,G,G,G1891G,Core,NEGATIVE_CONSENSUS,INVARIABLE,False,False,False,0.15513371,0.3468384480856218,1.0,1.0,1.0,0.0,2009.2490234375,0.0,0.0,0.0,0.0,0.0,0.0,0.0,0.0,0.0,0.0
1892,E,E,E1892E,Core,NEGATIVE_CONSENSUS,INVARIABLE,False,False,False,0.17737707,0.33681854926235366,1.0,1.0,1.0,0.0,2009.2490234375,0.0,0.0,0.0,0.0,0.0,0.0,0.0,0.0,0.0,0.0
1893,N,N,N1893N,Core,NEGATIVE_CONSENSUS,INVARIABLE,False,False,False,0.14756067,0.3504387265808948,1.0,1.0,1.0,0.0,2009.2490234375,0.0,0.0,0.0,0.0,0.0,0.0,0.0,0.0,0.0,0.0
1894,M,M,M1894M,Core,NEGATIVE_CONSENSUS,INVARIABLE,False,False,False,0.04345588,0.4174346170740496,1.0,1.0,1.0,0.0,2009.2490234375,0.0,0.0,0.0,0.0,0.0,0.0,0.0,0.0,0.0,0.0
1895,A,A,A1895A,Core,NEGATIVE_CONSENSUS,INVARIABLE,False,False,False,0.50961536,0.23765270523878462,1.0,1.0,1.0,0.0,2009.2490234375,0.0,0.0,0.0,0.0,0.0,0.0,0.0,0.0,0.0,0.0
1896,P,P,P1896P,Core,NEGATIVE_CONSENSUS,INVARIABLE,False,False,False,0.09249291,0.3805157715681833,1.0,1.0,1.0,0.0,2009.2490234375,0.0,0.0,0.0,0.0,0.0,0.0,0.0,0.0,0.0,0.0
1897,E,E,E1897E,Core,NEGATIVE_CONSENSUS,INVARIABLE,False,False,False,0.17737707,0.33681854926235366,1.0,1.0,1.0,0.0,2009.2490234375,0.0,0.0,0.0,0.0,0.0,0.0,0.0,0.0,0.0,0.0
1898,K,K,K1898K,Core,NEGATIVE_CONSENSUS,INVARIABLE,False,False,False,1.2671006,0.13015565800770462,1.0,1.0,1.0,0.0,2009.2490234375,0.0,0.0,0.0,0.0,0.0,0.0,0.0,0.0,0.0,0.0
1899,V,I,V1899I,Core,NEGATIVE_CONSENSUS,TEMPORAL_NOISE,False,False,False,1.6927774,0.09661762582580889,0.3517909,0.4950495,0.6765677,0.84601873,2009.4635030455509,0.11392017623805187,2009.4297,2009.4973,0.067730404,0.0148699034777848,0.010071398127106848,1.198586,-0.75306803,-0.23551956,-6.365145
1900,D,D,D1900D,Core,NEGATIVE_CONSENSUS,INVARIABLE,False,False,False,2.8818045,0.044792789968923004,1.0,1.0,1.0,0.0,2009.2490234375,0.0,0.0,0.0,0.0,0.0,0.0,0.0,0.0,0.0,0.0
1901,F,F,F1901F,Core,NEGATIVE_CONSENSUS,INVARIABLE,False,False,False,0.061055347,0.4024178149016429,1.0,1.0,1.0,0.0,2009.2490234375,0.0,0.0,0.0,0.0,0.0,0.0,0.0,0.0,0.0,0.0
1902,D,D,D1902D,Core,NEGATIVE_CONSENSUS,INVARIABLE,False,False,False,0.24172953,0.3114798699800736,1.0,1.0,1.0,0.0,2009.2490234375,0.0,0.0,0.0,0.0,0.0,0.0,0.0,0.0,0.0,0.0
1903,D,D,D1903D,Core,NEGATIVE_CONSENSUS,INVARIABLE,False,False,False,2.8818045,0.044792789968923004,1.0,1.0,1.0,0.0,2009.2490234375,0.0,0.0,0.0,0.0,0.0,0.0,0.0,0.0,0.0,0.0
1904,C,C,C1904C,Core,NEGATIVE_CONSENSUS,INVARIABLE,False,False,False,0.098847605,0.3766084799559455,1.0,1.0,1.0,0.0,2009.2490234375,0.0,0.0,0.0,0.0,0.0,0.0,0.0,0.0,0.0,0.0
1905,K,K,K1905K,Core,NEGATIVE_CONSENSUS,INVARIABLE,False,False,False,1.2671006,0.13015565800770462,1.0,1.0,1.0,0.0,2009.2490234375,0.0,0.0,0.0,0.0,0.0,0.0,0.0,0.0,0.0,0.0
1906,D,D,D1906D,Core,NEGATIVE_CONSENSUS,INVARIABLE,False,False,False,0.24172953,0.3114798699800736,1.0,1.0,1.0,0.0,2009.2490234375,0.0,0.0,0.0,0.0,0.0,0.0,0.0,0.0,0.0,0.0
1907,V,V,V1907V,Core,NEGATIVE_CONSENSUS,INVARIABLE,False,False,False,0.27149606,0.3011649827004066,1.0,1.0,1.0,0.0,2009.2490234375,0.0,0.0,0.0,0.0,0.0,0.0,0.0,0.0,0.0,0.0
1908,G,G,G1908G,Core,NEGATIVE_CONSENSUS,INVARIABLE,False,False,False,0.08983235,0.38219519767681476,1.0,1.0,1.0,0.0,2009.2490234375,0.0,0.0,0.0,0.0,0.0,0.0,0.0,0.0,0.0,0.0
1909,D,D,D1909D,Core,NEGATIVE_CONSENSUS,INVARIABLE,False,False,False,2.8818045,0.044792789968923004,1.0,1.0,1.0,0.0,2009.2490234375,0.0,0.0,0.0,0.0,0.0,0.0,0.0,0.0,0.0,0.0
1910,L,L,L1910L,Core,NEGATIVE_CONSENSUS,INVARIABLE,False,False,False,0.1403902,0.3539467030420645,1.0,1.0,1.0,0.0,2009.2490234375,0.0,0.0,0.0,0.0,0.0,0.0,0.0,0.0,0.0,0.0
1911,K,K,K1911K,Core,NEGATIVE_CONSENSUS,INVARIABLE,False,False,False,1.2671006,0.13015565800770462,1.0,1.0,1.0,0.0,2009.2490234375,0.0,0.0,0.0,0.0,0.0,0.0,0.0,0.0,0.0,0.0
1912,Q,Q,Q1912Q,Core,NEGATIVE_CONSENSUS,INVARIABLE,False,False,False,0.14861211,0.3499326088640236,1.0,1.0,1.0,0.0,2009.2490234375,0.0,0.0,0.0,0.0,0.0,0.0,0.0,0.0,0.0,0.0
1913,Y,Y,Y1913Y,Core,NEGATIVE_CONSENSUS,INVARIABLE,False,False,False,0.04160279,0.41918940090001205,1.0,1.0,1.0,0.0,2009.2490234375,0.0,0.0,0.0,0.0,0.0,0.0,0.0,0.0,0.0,0.0
1914,D,D,D1914D,Core,NEGATIVE_CONSENSUS,FLAT_NO_SIGNAL,False,False,False,5.842942,0.007819826406501987,0.3517909,1.0,1.0,0.0,2009.2490234375,0.0,0.0,0.0,0.0,0.0,0.0,0.0,0.0,0.0,0.0
1915,S,S,S1915S,Core,NEGATIVE_CONSENSUS,INVARIABLE,False,False,False,0.5161936,0.23623495187969223,1.0,1.0,1.0,0.0,2009.2490234375,0.0,0.0,0.0,0.0,0.0,0.0,0.0,0.0,0.0,0.0
1916,D,D,D1916D,Core,NEGATIVE_CONSENSUS,INVARIABLE,False,False,False,0.24172953,0.3114798699800736,1.0,1.0,1.0,0.0,2009.2490234375,0.0,0.0,0.0,0.0,0.0,0.0,0.0,0.0,0.0,0.0
1917,E,E,E1917E,Core,NEGATIVE_CONSENSUS,INVARIABLE,False,False,False,0.09971498,0.37608596908684694,1.0,1.0,1.0,0.0,2009.2490234375,0.0,0.0,0.0,0.0,0.0,0.0,0.0,0.0,0.0,0.0
1918,P,P,P1918P,Core,NEGATIVE_CONSENSUS,INVARIABLE,False,False,False,0.09249291,0.3805157715681833,1.0,1.0,1.0,0.0,2009.2490234375,0.0,0.0,0.0,0.0,0.0,0.0,0.0,0.0,0.0,0.0
1919,E,E,E1919E,Core,NEGATIVE_CONSENSUS,INVARIABLE,False,False,False,0.09971498,0.37608596908684694,1.0,1.0,1.0,0.0,2009.2490234375,0.0,0.0,0.0,0.0,0.0,0.0,0.0,0.0,0.0,0.0
1920,P,P,P1920P,Core,NEGATIVE_CONSENSUS,INVARIABLE,False,False,False,0.13949645,0.35439106371219375,1.0,1.0,1.0,0.0,2009.2490234375,0.0,0.0,0.0,0.0,0.0,0.0,0.0,0.0,0.0,0.0
1921,R,R,R1921R,Core,NEGATIVE_CONSENSUS,INVARIABLE,False,False,False,0.047289148,0.41392467273385114,1.0,1.0,1.0,0.0,2009.2490234375,0.0,0.0,0.0,0.0,0.0,0.0,0.0,0.0,0.0,0.0
1922,S,A,S1922A,Core,RESCUED_SWEEP,CONFIRMED_SWEEP,True,False,True,0.22702093,0.3168708066126103,0.36189717,0.02970297,0.42981946,0.4868767,2009.9150390625,0.2239316789662635,2009.8473,2009.915,0.067730404,0.02642266780830701,0.016632264039139998,0.762585,7.0985413,2.1424093,1.10593
1923,L,L,L1923L,Core,NEGATIVE_CONSENSUS,INVARIABLE,False,False,False,0.20977953,0.32347013020324433,1.0,1.0,1.0,0.0,2009.2490234375,0.0,0.0,0.0,0.0,0.0,0.0,0.0,0.0,0.0,0.0
1924,A,A,A1924A,Core,NEGATIVE_CONSENSUS,INVARIABLE,False,False,False,0.50961536,0.23765270523878462,1.0,1.0,1.0,0.0,2009.2490234375,0.0,0.0,0.0,0.0,0.0,0.0,0.0,0.0,0.0,0.0
1925,S,S,S1925S,Core,NEGATIVE_CONSENSUS,INVARIABLE,False,False,False,0.49796218,0.2401984475468799,1.0,1.0,1.0,0.0,2009.2490234375,0.0,0.0,0.0,0.0,0.0,0.0,0.0,0.0,0.0,0.0
1926,W,W,W1926W,Core,NEGATIVE_CONSENSUS,INVARIABLE,False,False,False,0.14326186,0.3525297858631183,1.0,1.0,1.0,0.0,2009.2490234375,0.0,0.0,0.0,0.0,0.0,0.0,0.0,0.0,0.0,0.0
1927,V,V,V1927V,Core,NEGATIVE_CONSENSUS,INVARIABLE,False,False,False,0.91231257,0.1697507851367119,1.0,1.0,1.0,0.0,2009.2490234375,0.0,0.0,0.0,0.0,0.0,0.0,0.0,0.0,0.0,0.0
1928,Q,Q,Q1928Q,Core,NEGATIVE_CONSENSUS,INVARIABLE,False,False,False,0.1328033,0.35777149996023005,1.0,1.0,1.0,0.0,2009.2490234375,0.0,0.0,0.0,0.0,0.0,0.0,0.0,0.0,0.0,0.0
1929,N,N,N1929N,Core,NEGATIVE_CONSENSUS,INVARIABLE,False,False,False,0.14756067,0.3504387265808948,1.0,1.0,1.0,0.0,2009.2490234375,0.0,0.0,0.0,0.0,0.0,0.0,0.0,0.0,0.0,0.0
1930,E,E,E1930E,Core,NEGATIVE_CONSENSUS,INVARIABLE,False,False,False,0.18861866,0.3320343949702764,1.0,1.0,1.0,0.0,2009.2490234375,0.0,0.0,0.0,0.0,0.0,0.0,0.0,0.0,0.0,0.0
1931,F,F,F1931F,Core,NEGATIVE_CONSENSUS,INVARIABLE,False,False,False,0.03677015,0.42396688710899644,1.0,1.0,1.0,0.0,2009.2490234375,0.0,0.0,0.0,0.0,0.0,0.0,0.0,0.0,0.0,0.0
1932,N,N,N1932N,Core,NEGATIVE_CONSENSUS,INVARIABLE,False,False,False,0.09133882,0.3812409862096349,1.0,1.0,1.0,0.0,2009.2490234375,0.0,0.0,0.0,0.0,0.0,0.0,0.0,0.0,0.0,0.0
1933,K,K,K1933K,Core,NEGATIVE_CONSENSUS,INVARIABLE,False,False,False,0.2995089,0.2920952302947697,1.0,1.0,1.0,0.0,2009.2490234375,0.0,0.0,0.0,0.0,0.0,0.0,0.0,0.0,0.0,0.0
1934,A,A,A1934A,Core,NEGATIVE_CONSENSUS,INVARIABLE,False,False,False,0.50961536,0.23765270523878462,1.0,1.0,1.0,0.0,2009.2490234375,0.0,0.0,0.0,0.0,0.0,0.0,0.0,0.0,0.0,0.0
1935,C,C,C1935C,Core,NEGATIVE_CONSENSUS,INVARIABLE,False,False,False,0.025839863,0.4361460100233292,1.0,1.0,1.0,0.0,2009.2490234375,0.0,0.0,0.0,0.0,0.0,0.0,0.0,0.0,0.0,0.0
1936,E,E,E1936E,Core,NEGATIVE_CONSENSUS,INVARIABLE,False,False,False,0.17737707,0.33681854926235366,1.0,1.0,1.0,0.0,2009.2490234375,0.0,0.0,0.0,0.0,0.0,0.0,0.0,0.0,0.0,0.0
1937,L,L,L1937L,Core,NEGATIVE_CONSENSUS,INVARIABLE,False,False,False,0.11684559,0.36624060240780854,1.0,1.0,1.0,0.0,2009.2490234375,0.0,0.0,0.0,0.0,0.0,0.0,0.0,0.0,0.0,0.0
1938,T,T,T1938T,Core,NEGATIVE_CONSENSUS,INVARIABLE,False,False,False,0.026892863,0.434869336287794,1.0,1.0,1.0,0.0,2009.2490234375,0.0,0.0,0.0,0.0,0.0,0.0,0.0,0.0,0.0,0.0
1939,D,D,D1939D,Core,NEGATIVE_CONSENSUS,INVARIABLE,False,False,False,0.24172953,0.3114798699800736,1.0,1.0,1.0,0.0,2009.2490234375,0.0,0.0,0.0,0.0,0.0,0.0,0.0,0.0,0.0,0.0
1940,S,S,S1940S,Core,NEGATIVE_CONSENSUS,INVARIABLE,False,False,False,0.2075632,0.3243420394483918,1.0,1.0,1.0,0.0,2009.2490234375,0.0,0.0,0.0,0.0,0.0,0.0,0.0,0.0,0.0,0.0
1941,S,S,S1941S,Core,NEGATIVE_CONSENSUS,INVARIABLE,False,False,False,2.4917326,0.05722283657088554,1.0,1.0,1.0,0.0,2009.2490234375,0.0,0.0,0.0,0.0,0.0,0.0,0.0,0.0,0.0,0.0
1942,W,W,W1942W,Core,NEGATIVE_CONSENSUS,INVARIABLE,False,False,False,0.14326186,0.3525297858631183,1.0,1.0,1.0,0.0,2009.2490234375,0.0,0.0,0.0,0.0,0.0,0.0,0.0,0.0,0.0,0.0
1943,I,I,I1943I,Core,NEGATIVE_CONSENSUS,INVARIABLE,False,False,False,1.0355865,0.15442508350662135,1.0,1.0,1.0,0.0,2009.2490234375,0.0,0.0,0.0,0.0,0.0,0.0,0.0,0.0,0.0,0.0
1944,E,E,E1944E,Core,NEGATIVE_CONSENSUS,INVARIABLE,False,False,False,0.17737707,0.33681854926235366,1.0,1.0,1.0,0.0,2009.2490234375,0.0,0.0,0.0,0.0,0.0,0.0,0.0,0.0,0.0,0.0
1945,L,L,L1945L,Core,NEGATIVE_CONSENSUS,INVARIABLE,False,False,False,0.1403902,0.3539467030420645,1.0,1.0,1.0,0.0,2009.2490234375,0.0,0.0,0.0,0.0,0.0,0.0,0.0,0.0,0.0,0.0
1946,D,D,D1946D,Core,NEGATIVE_CONSENSUS,INVARIABLE,False,False,False,0.24172953,0.3114798699800736,1.0,1.0,1.0,0.0,2009.2490234375,0.0,0.0,0.0,0.0,0.0,0.0,0.0,0.0,0.0,0.0
1947,E,E,E1947E,Core,NEGATIVE_CONSENSUS,INVARIABLE,False,False,False,0.17737707,0.33681854926235366,1.0,1.0,1.0,0.0,2009.2490234375,0.0,0.0,0.0,0.0,0.0,0.0,0.0,0.0,0.0,0.0
1948,I,I,I1948I,Core,NEGATIVE_CONSENSUS,INVARIABLE,False,False,False,1.0355865,0.15442508350662135,1.0,1.0,1.0,0.0,2009.2490234375,0.0,0.0,0.0,0.0,0.0,0.0,0.0,0.0,0.0,0.0
1949,G,G,G1949G,Core,NEGATIVE_CONSENSUS,INVARIABLE,False,False,False,0.052704815,0.4092109040056465,1.0,1.0,1.0,0.0,2009.2490234375,0.0,0.0,0.0,0.0,0.0,0.0,0.0,0.0,0.0,0.0
1950,E,E,E1950E,Core,NEGATIVE_CONSENSUS,INVARIABLE,False,False,False,0.17737707,0.33681854926235366,1.0,1.0,1.0,0.0,2009.2490234375,0.0,0.0,0.0,0.0,0.0,0.0,0.0,0.0,0.0,0.0
1951,D,D,D1951D,Core,NEGATIVE_CONSENSUS,INVARIABLE,False,False,False,0.24172953,0.3114798699800736,1.0,1.0,1.0,0.0,2009.2490234375,0.0,0.0,0.0,0.0,0.0,0.0,0.0,0.0,0.0,0.0
1952,V,V,V1952V,Core,NEGATIVE_CONSENSUS,INVARIABLE,False,False,False,0.27149606,0.3011649827004066,1.0,1.0,1.0,0.0,2009.2490234375,0.0,0.0,0.0,0.0,0.0,0.0,0.0,0.0,0.0,0.0
1953,A,A,A1953A,Core,NEGATIVE_CONSENSUS,INVARIABLE,False,False,False,1.0132155,0.15706686261615616,1.0,1.0,1.0,0.0,2009.2490234375,0.0,0.0,0.0,0.0,0.0,0.0,0.0,0.0,0.0,0.0
1954,P,P,P1954P,Core,NEGATIVE_CONSENSUS,INVARIABLE,False,False,False,0.084023274,0.3859587324025193,1.0,1.0,1.0,0.0,2009.2490234375,0.0,0.0,0.0,0.0,0.0,0.0,0.0,0.0,0.0,0.0
1955,I,I,I1955I,Core,NEGATIVE_CONSENSUS,INVARIABLE,False,False,False,0.36607155,0.2725767173970526,1.0,1.0,1.0,0.0,2009.2490234375,0.0,0.0,0.0,0.0,0.0,0.0,0.0,0.0,0.0,0.0
1956,E,E,E1956E,Core,NEGATIVE_CONSENSUS,INVARIABLE,False,False,False,0.17737707,0.33681854926235366,1.0,1.0,1.0,0.0,2009.2490234375,0.0,0.0,0.0,0.0,0.0,0.0,0.0,0.0,0.0,0.0
1957,H,H,H1957H,Core,NEGATIVE_CONSENSUS,INVARIABLE,False,False,False,0.18790461,0.3323331716817506,1.0,1.0,1.0,0.0,2009.2490234375,0.0,0.0,0.0,0.0,0.0,0.0,0.0,0.0,0.0,0.0
1958,I,I,I1958I,Core,NEGATIVE_CONSENSUS,INVARIABLE,False,False,False,0.24206534,0.31135919032599213,1.0,1.0,1.0,0.0,2009.2490234375,0.0,0.0,0.0,0.0,0.0,0.0,0.0,0.0,0.0,0.0
1959,A,A,A1959A,Core,NEGATIVE_CONSENSUS,INVARIABLE,False,False,False,0.50961536,0.23765270523878462,1.0,1.0,1.0,0.0,2009.2490234375,0.0,0.0,0.0,0.0,0.0,0.0,0.0,0.0,0.0,0.0
1960,S,S,S1960S,Core,NEGATIVE_CONSENSUS,INVARIABLE,False,False,False,0.49796218,0.2401984475468799,1.0,1.0,1.0,0.0,2009.2490234375,0.0,0.0,0.0,0.0,0.0,0.0,0.0,0.0,0.0,0.0
1961,M,M,M1961M,Core,NEGATIVE_CONSENSUS,INVARIABLE,False,False,False,0.04345588,0.4174346170740496,1.0,1.0,1.0,0.0,2009.2490234375,0.0,0.0,0.0,0.0,0.0,0.0,0.0,0.0,0.0,0.0
1962,R,R,R1962R,Core,NEGATIVE_CONSENSUS,INVARIABLE,False,False,False,0.026146797,0.43577116494005275,1.0,1.0,1.0,0.0,2009.2490234375,0.0,0.0,0.0,0.0,0.0,0.0,0.0,0.0,0.0,0.0
1963,R,R,R1963R,Core,NEGATIVE_CONSENSUS,INVARIABLE,False,False,False,0.026146797,0.43577116494005275,1.0,1.0,1.0,0.0,2009.2490234375,0.0,0.0,0.0,0.0,0.0,0.0,0.0,0.0,0.0,0.0
1964,N,N,N1964N,Core,NEGATIVE_CONSENSUS,INVARIABLE,False,False,False,0.2697167,0.3017609345059,1.0,1.0,1.0,0.0,2009.2490234375,0.0,0.0,0.0,0.0,0.0,0.0,0.0,0.0,0.0,0.0
1965,Y,Y,Y1965Y,Core,NEGATIVE_CONSENSUS,INVARIABLE,False,False,False,0.04160279,0.41918940090001205,1.0,1.0,1.0,0.0,2009.2490234375,0.0,0.0,0.0,0.0,0.0,0.0,0.0,0.0,0.0,0.0
1966,F,F,F1966F,Core,NEGATIVE_CONSENSUS,INVARIABLE,False,False,False,0.061055347,0.4024178149016429,1.0,1.0,1.0,0.0,2009.2490234375,0.0,0.0,0.0,0.0,0.0,0.0,0.0,0.0,0.0,0.0
1967,T,T,T1967T,Core,NEGATIVE_CONSENSUS,INVARIABLE,False,False,False,0.03364685,0.427230012532943,1.0,1.0,1.0,0.0,2009.2490234375,0.0,0.0,0.0,0.0,0.0,0.0,0.0,0.0,0.0,0.0
1968,A,A,A1968A,Core,NEGATIVE_CONSENSUS,INVARIABLE,False,False,False,0.50961536,0.23765270523878462,1.0,1.0,1.0,0.0,2009.2490234375,0.0,0.0,0.0,0.0,0.0,0.0,0.0,0.0,0.0,0.0
1969,E,E,E1969E,Core,NEGATIVE_CONSENSUS,INVARIABLE,False,False,False,0.17737707,0.33681854926235366,1.0,1.0,1.0,0.0,2009.2490234375,0.0,0.0,0.0,0.0,0.0,0.0,0.0,0.0,0.0,0.0
1970,V,V,V1970V,Core,NEGATIVE_CONSENSUS,INVARIABLE,False,False,False,0.15838115,0.3453256737119521,1.0,1.0,1.0,0.0,2009.2490234375,0.0,0.0,0.0,0.0,0.0,0.0,0.0,0.0,0.0,0.0
1971,S,S,S1971S,Core,NEGATIVE_CONSENSUS,INVARIABLE,False,False,False,0.48222643,0.24370778088239314,1.0,1.0,1.0,0.0,2009.2490234375,0.0,0.0,0.0,0.0,0.0,0.0,0.0,0.0,0.0,0.0
1972,H,H,H1972H,Core,NEGATIVE_CONSENSUS,INVARIABLE,False,False,False,0.17599551,0.3374187309621388,1.0,1.0,1.0,0.0,2009.2490234375,0.0,0.0,0.0,0.0,0.0,0.0,0.0,0.0,0.0,0.0
1973,C,C,C1973C,Core,NEGATIVE_CONSENSUS,INVARIABLE,False,False,False,0.098847605,0.3766084799559455,1.0,1.0,1.0,0.0,2009.2490234375,0.0,0.0,0.0,0.0,0.0,0.0,0.0,0.0,0.0,0.0
1974,R,R,R1974R,Core,NEGATIVE_CONSENSUS,INVARIABLE,False,False,False,0.026146797,0.43577116494005275,1.0,1.0,1.0,0.0,2009.2490234375,0.0,0.0,0.0,0.0,0.0,0.0,0.0,0.0,0.0,0.0
1975,A,A,A1975A,Core,NEGATIVE_CONSENSUS,INVARIABLE,False,False,False,0.6177493,0.21594245077438262,1.0,1.0,1.0,0.0,2009.2490234375,0.0,0.0,0.0,0.0,0.0,0.0,0.0,0.0,0.0,0.0
1976,T,T,T1976T,Core,NEGATIVE_CONSENSUS,INVARIABLE,False,False,False,0.026892863,0.434869336287794,1.0,1.0,1.0,0.0,2009.2490234375,0.0,0.0,0.0,0.0,0.0,0.0,0.0,0.0,0.0,0.0
1977,E,E,E1977E,Core,NEGATIVE_CONSENSUS,INVARIABLE,False,False,False,0.17737707,0.33681854926235366,1.0,1.0,1.0,0.0,2009.2490234375,0.0,0.0,0.0,0.0,0.0,0.0,0.0,0.0,0.0,0.0
1978,Y,Y,Y1978Y,Core,NEGATIVE_CONSENSUS,INVARIABLE,False,False,False,0.08357149,0.38625726840274144,1.0,1.0,1.0,0.0,2009.2490234375,0.0,0.0,0.0,0.0,0.0,0.0,0.0,0.0,0.0,0.0
1979,I,I,I1979I,Core,NEGATIVE_CONSENSUS,INVARIABLE,False,False,False,1.0355865,0.15442508350662135,1.0,1.0,1.0,0.0,2009.2490234375,0.0,0.0,0.0,0.0,0.0,0.0,0.0,0.0,0.0,0.0
1980,M,M,M1980M,Core,NEGATIVE_CONSENSUS,INVARIABLE,False,False,False,0.04345588,0.4174346170740496,1.0,1.0,1.0,0.0,2009.2490234375,0.0,0.0,0.0,0.0,0.0,0.0,0.0,0.0,0.0,0.0
1981,K,K,K1981K,Core,NEGATIVE_CONSENSUS,INVARIABLE,False,False,False,0.2995089,0.2920952302947697,1.0,1.0,1.0,0.0,2009.2490234375,0.0,0.0,0.0,0.0,0.0,0.0,0.0,0.0,0.0,0.0
1982,G,G,G1982G,Core,NEGATIVE_CONSENSUS,INVARIABLE,False,False,False,0.08983235,0.38219519767681476,1.0,1.0,1.0,0.0,2009.2490234375,0.0,0.0,0.0,0.0,0.0,0.0,0.0,0.0,0.0,0.0
1983,V,V,V1983V,Core,NEGATIVE_CONSENSUS,INVARIABLE,False,False,False,0.15838115,0.3453256737119521,1.0,1.0,1.0,0.0,2009.2490234375,0.0,0.0,0.0,0.0,0.0,0.0,0.0,0.0,0.0,0.0
1984,Y,Y,Y1984Y,Core,NEGATIVE_CONSENSUS,INVARIABLE,False,False,False,0.08357149,0.38625726840274144,1.0,1.0,1.0,0.0,2009.2490234375,0.0,0.0,0.0,0.0,0.0,0.0,0.0,0.0,0.0,0.0
1985,I,M,I1985M,Core,NEGATIVE_CONSENSUS,TEMPORAL_NOISE,False,False,False,1.5962301,0.10321913638373516,0.3517909,0.24752475,0.5809792,0.7553893,2009.6102522510594,0.06699324616811252,2009.5764,2009.6554,0.0790188,0.00824613223740874,0.005585138558570461,-3.338925,-1.036566,-0.13262606,-0.3110979
1986,N,N,N1986N,Core,NEGATIVE_CONSENSUS,INVARIABLE,False,False,False,0.14756067,0.3504387265808948,1.0,1.0,1.0,0.0,2009.2490234375,0.0,0.0,0.0,0.0,0.0,0.0,0.0,0.0,0.0,0.0
1987,T,T,T1987T,Core,NEGATIVE_CONSENSUS,INVARIABLE,False,False,False,0.056168757,0.40632859367590546,1.0,1.0,1.0,0.0,2009.2490234375,0.0,0.0,0.0,0.0,0.0,0.0,0.0,0.0,0.0,0.0
1988,A,A,A1988A,Core,NEGATIVE_CONSENSUS,INVARIABLE,False,False,False,1.0132155,0.15706686261615616,1.0,1.0,1.0,0.0,2009.2490234375,0.0,0.0,0.0,0.0,0.0,0.0,0.0,0.0,0.0,0.0
1989,L,L,L1989L,Core,NEGATIVE_CONSENSUS,INVARIABLE,False,False,False,0.11684559,0.36624060240780854,1.0,1.0,1.0,0.0,2009.2490234375,0.0,0.0,0.0,0.0,0.0,0.0,0.0,0.0,0.0,0.0
1990,L,L,L1990L,Core,NEGATIVE_CONSENSUS,INVARIABLE,False,False,False,0.17319994,0.3386417205269501,1.0,1.0,1.0,0.0,2009.2490234375,0.0,0.0,0.0,0.0,0.0,0.0,0.0,0.0,0.0,0.0
1991,N,N,N1991N,Core,NEGATIVE_CONSENSUS,INVARIABLE,False,False,False,0.14756067,0.3504387265808948,1.0,1.0,1.0,0.0,2009.2490234375,0.0,0.0,0.0,0.0,0.0,0.0,0.0,0.0,0.0,0.0
1992,A,A,A1992A,Core,NEGATIVE_CONSENSUS,INVARIABLE,False,False,False,0.50961536,0.23765270523878462,1.0,1.0,1.0,0.0,2009.2490234375,0.0,0.0,0.0,0.0,0.0,0.0,0.0,0.0,0.0,0.0
1993,S,S,S1993S,Core,NEGATIVE_CONSENSUS,INVARIABLE,False,False,False,0.48222643,0.24370778088239314,1.0,1.0,1.0,0.0,2009.2490234375,0.0,0.0,0.0,0.0,0.0,0.0,0.0,0.0,0.0,0.0
1994,C,C,C1994C,Core,NEGATIVE_CONSENSUS,INVARIABLE,False,False,False,0.025839863,0.4361460100233292,1.0,1.0,1.0,0.0,2009.2490234375,0.0,0.0,0.0,0.0,0.0,0.0,0.0,0.0,0.0,0.0
1995,A,A,A1995A,Core,NEGATIVE_CONSENSUS,INVARIABLE,False,False,False,0.50961536,0.23765270523878462,1.0,1.0,1.0,0.0,2009.2490234375,0.0,0.0,0.0,0.0,0.0,0.0,0.0,0.0,0.0,0.0
1996,A,A,A1996A,Core,NEGATIVE_CONSENSUS,INVARIABLE,False,False,False,1.0132155,0.15706686261615616,1.0,1.0,1.0,0.0,2009.2490234375,0.0,0.0,0.0,0.0,0.0,0.0,0.0,0.0,0.0,0.0
1997,M,M,M1997M,Core,NEGATIVE_CONSENSUS,INVARIABLE,False,False,False,0.043455873,0.4174346240501,1.0,1.0,1.0,0.0,2009.2490234375,0.0,0.0,0.0,0.0,0.0,0.0,0.0,0.0,0.0,0.0
1998,D,D,D1998D,Core,NEGATIVE_CONSENSUS,INVARIABLE,False,False,False,0.24172953,0.3114798699800736,1.0,1.0,1.0,0.0,2009.2490234375,0.0,0.0,0.0,0.0,0.0,0.0,0.0,0.0,0.0,0.0
1999,D,D,D1999D,Core,NEGATIVE_CONSENSUS,INVARIABLE,False,False,False,2.8818045,0.044792789968923004,1.0,1.0,1.0,0.0,2009.2490234375,0.0,0.0,0.0,0.0,0.0,0.0,0.0,0.0,0.0,0.0
2000,F,F,F2000F,Core,NEGATIVE_CONSENSUS,INVARIABLE,False,False,False,0.061055347,0.4024178149016429,1.0,1.0,1.0,0.0,2009.2490234375,0.0,0.0,0.0,0.0,0.0,0.0,0.0,0.0,0.0,0.0
2001,Q,Q,Q2001Q,Core,NEGATIVE_CONSENSUS,INVARIABLE,False,False,False,0.14861211,0.3499326088640236,1.0,1.0,1.0,0.0,2009.2490234375,0.0,0.0,0.0,0.0,0.0,0.0,0.0,0.0,0.0,0.0
2002,L,L,L2002L,Core,NEGATIVE_CONSENSUS,INVARIABLE,False,False,False,0.15878537,0.3451386324350256,1.0,1.0,1.0,0.0,2009.2490234375,0.0,0.0,0.0,0.0,0.0,0.0,0.0,0.0,0.0,0.0
2003,I,I,I2003I,Core,NEGATIVE_CONSENSUS,INVARIABLE,False,False,False,0.41026053,0.2609186505464557,1.0,1.0,1.0,0.0,2009.2490234375,0.0,0.0,0.0,0.0,0.0,0.0,0.0,0.0,0.0,0.0
2004,P,P,P2004P,Core,NEGATIVE_CONSENSUS,INVARIABLE,False,False,False,0.09249291,0.3805157715681833,1.0,1.0,1.0,0.0,2009.2490234375,0.0,0.0,0.0,0.0,0.0,0.0,0.0,0.0,0.0,0.0
2005,M,M,M2005M,Core,NEGATIVE_CONSENSUS,INVARIABLE,False,False,False,0.04345588,0.4174346170740496,1.0,1.0,1.0,0.0,2009.2490234375,0.0,0.0,0.0,0.0,0.0,0.0,0.0,0.0,0.0,0.0
2006,I,I,I2006I,Core,NEGATIVE_CONSENSUS,INVARIABLE,False,False,False,1.0355865,0.15442508350662135,1.0,1.0,1.0,0.0,2009.2490234375,0.0,0.0,0.0,0.0,0.0,0.0,0.0,0.0,0.0,0.0
2007,S,S,S2007S,Core,NEGATIVE_CONSENSUS,INVARIABLE,False,False,False,0.49796218,0.2401984475468799,1.0,1.0,1.0,0.0,2009.2490234375,0.0,0.0,0.0,0.0,0.0,0.0,0.0,0.0,0.0,0.0
2008,K,K,K2008K,Core,NEGATIVE_CONSENSUS,INVARIABLE,False,False,False,1.2671006,0.13015565800770462,1.0,1.0,1.0,0.0,2009.2490234375,0.0,0.0,0.0,0.0,0.0,0.0,0.0,0.0,0.0,0.0
2009,C,C,C2009C,Core,NEGATIVE_CONSENSUS,INVARIABLE,False,False,False,0.025839863,0.4361460100233292,1.0,1.0,1.0,0.0,2009.2490234375,0.0,0.0,0.0,0.0,0.0,0.0,0.0,0.0,0.0,0.0
2010,R,R,R2010R,Core,NEGATIVE_CONSENSUS,INVARIABLE,False,False,False,0.026146797,0.43577116494005275,1.0,1.0,1.0,0.0,2009.2490234375,0.0,0.0,0.0,0.0,0.0,0.0,0.0,0.0,0.0,0.0
2011,T,T,T2011T,Core,NEGATIVE_CONSENSUS,INVARIABLE,False,False,False,0.033261508,0.42764328918344385,1.0,1.0,1.0,0.0,2009.2490234375,0.0,0.0,0.0,0.0,0.0,0.0,0.0,0.0,0.0,0.0
2012,K,K,K2012K,Core,NEGATIVE_CONSENSUS,INVARIABLE,False,False,False,1.2671006,0.13015565800770462,1.0,1.0,1.0,0.0,2009.2490234375,0.0,0.0,0.0,0.0,0.0,0.0,0.0,0.0,0.0,0.0
2013,E,E,E2013E,Core,NEGATIVE_CONSENSUS,INVARIABLE,False,False,False,0.17737707,0.33681854926235366,1.0,1.0,1.0,0.0,2009.2490234375,0.0,0.0,0.0,0.0,0.0,0.0,0.0,0.0,0.0,0.0
2014,G,G,G2014G,Core,NEGATIVE_CONSENSUS,INVARIABLE,False,False,False,0.08983235,0.38219519767681476,1.0,1.0,1.0,0.0,2009.2490234375,0.0,0.0,0.0,0.0,0.0,0.0,0.0,0.0,0.0,0.0
2015,R,R,R2015R,Core,NEGATIVE_CONSENSUS,INVARIABLE,False,False,False,0.047289148,0.41392467273385114,1.0,1.0,1.0,0.0,2009.2490234375,0.0,0.0,0.0,0.0,0.0,0.0,0.0,0.0,0.0,0.0
2016,R,R,R2016R,Core,NEGATIVE_CONSENSUS,INVARIABLE,False,False,False,0.033414323,0.42747910237132974,1.0,1.0,1.0,0.0,2009.2490234375,0.0,0.0,0.0,0.0,0.0,0.0,0.0,0.0,0.0,0.0
2017,K,K,K2017K,Core,NEGATIVE_CONSENSUS,INVARIABLE,False,False,False,1.2671006,0.13015565800770462,1.0,1.0,1.0,0.0,2009.2490234375,0.0,0.0,0.0,0.0,0.0,0.0,0.0,0.0,0.0,0.0
2018,T,T,T2018T,Core,NEGATIVE_CONSENSUS,INVARIABLE,False,False,False,0.03364685,0.427230012532943,1.0,1.0,1.0,0.0,2009.2490234375,0.0,0.0,0.0,0.0,0.0,0.0,0.0,0.0,0.0,0.0
2019,N,N,N2019N,Core,NEGATIVE_CONSENSUS,INVARIABLE,False,False,False,0.15193802,0.3483450765818237,1.0,1.0,1.0,0.0,2009.2490234375,0.0,0.0,0.0,0.0,0.0,0.0,0.0,0.0,0.0,0.0
2020,L,L,L2020L,Core,NEGATIVE_CONSENSUS,INVARIABLE,False,False,False,0.15878537,0.3451386324350256,1.0,1.0,1.0,0.0,2009.2490234375,0.0,0.0,0.0,0.0,0.0,0.0,0.0,0.0,0.0,0.0
2021,Y,Y,Y2021Y,Core,NEGATIVE_CONSENSUS,INVARIABLE,False,False,False,0.04160279,0.41918940090001205,1.0,1.0,1.0,0.0,2009.2490234375,0.0,0.0,0.0,0.0,0.0,0.0,0.0,0.0,0.0,0.0
2022,G,G,G2022G,Core,NEGATIVE_CONSENSUS,INVARIABLE,False,False,False,0.10198707,0.37472898848367453,1.0,1.0,1.0,0.0,2009.2490234375,0.0,0.0,0.0,0.0,0.0,0.0,0.0,0.0,0.0,0.0
2023,F,F,F2023F,Core,NEGATIVE_CONSENSUS,INVARIABLE,False,False,False,0.03677015,0.42396688710899644,1.0,1.0,1.0,0.0,2009.2490234375,0.0,0.0,0.0,0.0,0.0,0.0,0.0,0.0,0.0,0.0
2024,I,I,I2024I,Core,NEGATIVE_CONSENSUS,INVARIABLE,False,False,False,0.7167717,0.19860244442133695,1.0,1.0,1.0,0.0,2009.2490234375,0.0,0.0,0.0,0.0,0.0,0.0,0.0,0.0,0.0,0.0
2025,I,I,I2025I,Core,NEGATIVE_CONSENSUS,INVARIABLE,False,False,False,1.0355865,0.15442508350662135,1.0,1.0,1.0,0.0,2009.2490234375,0.0,0.0,0.0,0.0,0.0,0.0,0.0,0.0,0.0,0.0
2026,K,K,K2026K,Core,NEGATIVE_CONSENSUS,INVARIABLE,False,False,False,1.2671006,0.13015565800770462,1.0,1.0,1.0,0.0,2009.2490234375,0.0,0.0,0.0,0.0,0.0,0.0,0.0,0.0,0.0,0.0
2027,G,G,G2027G,Core,NEGATIVE_CONSENSUS,INVARIABLE,False,False,False,0.08983235,0.38219519767681476,1.0,1.0,1.0,0.0,2009.2490234375,0.0,0.0,0.0,0.0,0.0,0.0,0.0,0.0,0.0,0.0
2028,R,R,R2028R,Core,NEGATIVE_CONSENSUS,INVARIABLE,False,False,False,0.026146797,0.43577116494005275,1.0,1.0,1.0,0.0,2009.2490234375,0.0,0.0,0.0,0.0,0.0,0.0,0.0,0.0,0.0,0.0
2029,S,S,S2029S,Core,NEGATIVE_CONSENSUS,INVARIABLE,False,False,False,0.26384795,0.30374440131695446,1.0,1.0,1.0,0.0,2009.2490234375,0.0,0.0,0.0,0.0,0.0,0.0,0.0,0.0,0.0,0.0
2030,H,H,H2030H,Core,NEGATIVE_CONSENSUS,INVARIABLE,False,False,False,0.18790461,0.3323331716817506,1.0,1.0,1.0,0.0,2009.2490234375,0.0,0.0,0.0,0.0,0.0,0.0,0.0,0.0,0.0,0.0
2031,L,L,L2031L,Core,NEGATIVE_CONSENSUS,INVARIABLE,False,False,False,0.11684559,0.36624060240780854,1.0,1.0,1.0,0.0,2009.2490234375,0.0,0.0,0.0,0.0,0.0,0.0,0.0,0.0,0.0,0.0
2032,R,R,R2032R,Core,NEGATIVE_CONSENSUS,INVARIABLE,False,False,False,0.047289148,0.41392467273385114,1.0,1.0,1.0,0.0,2009.2490234375,0.0,0.0,0.0,0.0,0.0,0.0,0.0,0.0,0.0,0.0
2033,N,N,N2033N,Core,NEGATIVE_CONSENSUS,INVARIABLE,False,False,False,0.14756067,0.3504387265808948,1.0,1.0,1.0,0.0,2009.2490234375,0.0,0.0,0.0,0.0,0.0,0.0,0.0,0.0,0.0,0.0
2034,D,D,D2034D,Core,NEGATIVE_CONSENSUS,INVARIABLE,False,False,False,0.24172953,0.3114798699800736,1.0,1.0,1.0,0.0,2009.2490234375,0.0,0.0,0.0,0.0,0.0,0.0,0.0,0.0,0.0,0.0
2035,T,T,T2035T,Core,NEGATIVE_CONSENSUS,INVARIABLE,False,False,False,0.026892863,0.434869336287794,1.0,1.0,1.0,0.0,2009.2490234375,0.0,0.0,0.0,0.0,0.0,0.0,0.0,0.0,0.0,0.0
2036,D,D,D2036D,Core,NEGATIVE_CONSENSUS,INVARIABLE,False,False,False,0.24172953,0.3114798699800736,1.0,1.0,1.0,0.0,2009.2490234375,0.0,0.0,0.0,0.0,0.0,0.0,0.0,0.0,0.0,0.0
2037,V,V,V2037V,Core,NEGATIVE_CONSENSUS,INVARIABLE,False,False,False,0.15838115,0.3453256737119521,1.0,1.0,1.0,0.0,2009.2490234375,0.0,0.0,0.0,0.0,0.0,0.0,0.0,0.0,0.0,0.0
2038,V,V,V2038V,Core,NEGATIVE_CONSENSUS,INVARIABLE,False,False,False,0.15838115,0.3453256737119521,1.0,1.0,1.0,0.0,2009.2490234375,0.0,0.0,0.0,0.0,0.0,0.0,0.0,0.0,0.0,0.0
2039,N,N,N2039N,Core,NEGATIVE_CONSENSUS,INVARIABLE,False,False,False,0.15614705,0.3463644492627359,1.0,1.0,1.0,0.0,2009.2490234375,0.0,0.0,0.0,0.0,0.0,0.0,0.0,0.0,0.0,0.0
2040,F,F,F2040F,Core,NEGATIVE_CONSENSUS,INVARIABLE,False,False,False,0.061055347,0.4024178149016429,1.0,1.0,1.0,0.0,2009.2490234375,0.0,0.0,0.0,0.0,0.0,0.0,0.0,0.0,0.0,0.0
2041,V,V,V2041V,Core,NEGATIVE_CONSENSUS,INVARIABLE,False,False,False,0.60705686,0.21794905634298722,1.0,1.0,1.0,0.0,2009.2490234375,0.0,0.0,0.0,0.0,0.0,0.0,0.0,0.0,0.0,0.0
2042,S,S,S2042S,Core,NEGATIVE_CONSENSUS,INVARIABLE,False,False,False,0.5161936,0.23623495187969223,1.0,1.0,1.0,0.0,2009.2490234375,0.0,0.0,0.0,0.0,0.0,0.0,0.0,0.0,0.0,0.0
2043,M,M,M2043M,Core,NEGATIVE_CONSENSUS,INVARIABLE,False,False,False,0.04345588,0.4174346170740496,1.0,1.0,1.0,0.0,2009.2490234375,0.0,0.0,0.0,0.0,0.0,0.0,0.0,0.0,0.0,0.0
2044,E,E,E2044E,Core,NEGATIVE_CONSENSUS,INVARIABLE,False,False,False,0.09971498,0.37608596908684694,1.0,1.0,1.0,0.0,2009.2490234375,0.0,0.0,0.0,0.0,0.0,0.0,0.0,0.0,0.0,0.0
2045,F,F,F2045F,Core,NEGATIVE_CONSENSUS,INVARIABLE,False,False,False,0.03677015,0.42396688710899644,1.0,1.0,1.0,0.0,2009.2490234375,0.0,0.0,0.0,0.0,0.0,0.0,0.0,0.0,0.0,0.0
2046,S,S,S2046S,Core,NEGATIVE_CONSENSUS,INVARIABLE,False,False,False,0.2075632,0.3243420394483918,1.0,1.0,1.0,0.0,2009.2490234375,0.0,0.0,0.0,0.0,0.0,0.0,0.0,0.0,0.0,0.0
2047,L,L,L2047L,Core,NEGATIVE_CONSENSUS,INVARIABLE,False,False,False,0.17319994,0.3386417205269501,1.0,1.0,1.0,0.0,2009.2490234375,0.0,0.0,0.0,0.0,0.0,0.0,0.0,0.0,0.0,0.0
2048,T,T,T2048T,Core,NEGATIVE_CONSENSUS,INVARIABLE,False,False,False,0.026892863,0.434869336287794,1.0,1.0,1.0,0.0,2009.2490234375,0.0,0.0,0.0,0.0,0.0,0.0,0.0,0.0,0.0,0.0
2049,D,D,D2049D,Core,NEGATIVE_CONSENSUS,INVARIABLE,False,False,False,2.8818045,0.044792789968923004,1.0,1.0,1.0,0.0,2009.2490234375,0.0,0.0,0.0,0.0,0.0,0.0,0.0,0.0,0.0,0.0
2050,P,P,P2050P,Core,NEGATIVE_CONSENSUS,INVARIABLE,False,False,False,0.084023274,0.3859587324025193,1.0,1.0,1.0,0.0,2009.2490234375,0.0,0.0,0.0,0.0,0.0,0.0,0.0,0.0,0.0,0.0
2051,R,R,R2051R,Core,NEGATIVE_CONSENSUS,INVARIABLE,False,False,False,0.047289148,0.41392467273385114,1.0,1.0,1.0,0.0,2009.2490234375,0.0,0.0,0.0,0.0,0.0,0.0,0.0,0.0,0.0,0.0
2052,L,L,L2052L,Core,NEGATIVE_CONSENSUS,INVARIABLE,False,False,False,6.2896876,0.006072122618336433,1.0,1.0,1.0,0.0,2009.2490234375,0.0,0.0,0.0,0.0,0.0,0.0,0.0,0.0,0.0,0.0
2053,E,E,E2053E,Core,NEGATIVE_CONSENSUS,INVARIABLE,False,False,False,0.119156346,0.3649756539296143,1.0,1.0,1.0,0.0,2009.2490234375,0.0,0.0,0.0,0.0,0.0,0.0,0.0,0.0,0.0,0.0
2054,P,P,P2054P,Core,NEGATIVE_CONSENSUS,INVARIABLE,False,False,False,0.09249291,0.3805157715681833,1.0,1.0,1.0,0.0,2009.2490234375,0.0,0.0,0.0,0.0,0.0,0.0,0.0,0.0,0.0,0.0
2055,H,H,H2055H,Core,NEGATIVE_CONSENSUS,INVARIABLE,False,False,False,0.534049,0.23245477158082695,1.0,1.0,1.0,0.0,2009.2490234375,0.0,0.0,0.0,0.0,0.0,0.0,0.0,0.0,0.0,0.0
2056,K,K,K2056K,Core,NEGATIVE_CONSENSUS,INVARIABLE,False,False,False,1.2671006,0.13015565800770462,1.0,1.0,1.0,0.0,2009.2490234375,0.0,0.0,0.0,0.0,0.0,0.0,0.0,0.0,0.0,0.0
2057,W,W,W2057W,Core,NEGATIVE_CONSENSUS,INVARIABLE,False,False,False,0.14326186,0.3525297858631183,1.0,1.0,1.0,0.0,2009.2490234375,0.0,0.0,0.0,0.0,0.0,0.0,0.0,0.0,0.0,0.0
2058,E,K,E2058K,Core,NEGATIVE_CONSENSUS,TEMPORAL_NOISE,False,False,False,0.69973844,0.20143579758806313,0.3517909,0.44554454,0.6669024,0.7839902,2009.7570014565679,0.07268955140782027,2009.7231,2009.7909,0.067730404,0.009560386414640961,0.006475288203242252,0.028194185,0.18511502,-6.8268447,2.8018978
2059,K,K,K2059K,Core,NEGATIVE_CONSENSUS,INVARIABLE,False,False,False,1.2671006,0.13015565800770462,1.0,1.0,1.0,0.0,2009.2490234375,0.0,0.0,0.0,0.0,0.0,0.0,0.0,0.0,0.0,0.0
2060,Y,Y,Y2060Y,Core,NEGATIVE_CONSENSUS,INVARIABLE,False,False,False,0.08357149,0.38625726840274144,1.0,1.0,1.0,0.0,2009.2490234375,0.0,0.0,0.0,0.0,0.0,0.0,0.0,0.0,0.0,0.0
2061,C,C,C2061C,Core,NEGATIVE_CONSENSUS,INVARIABLE,False,False,False,0.025839863,0.4361460100233292,1.0,1.0,1.0,0.0,2009.2490234375,0.0,0.0,0.0,0.0,0.0,0.0,0.0,0.0,0.0,0.0
2062,V,V,V2062V,Core,NEGATIVE_CONSENSUS,INVARIABLE,False,False,False,0.27149606,0.3011649827004066,1.0,1.0,1.0,0.0,2009.2490234375,0.0,0.0,0.0,0.0,0.0,0.0,0.0,0.0,0.0,0.0
2063,L,L,L2063L,Core,NEGATIVE_CONSENSUS,INVARIABLE,False,False,False,0.1403902,0.3539467030420645,1.0,1.0,1.0,0.0,2009.2490234375,0.0,0.0,0.0,0.0,0.0,0.0,0.0,0.0,0.0,0.0
2064,E,E,E2064E,Core,NEGATIVE_CONSENSUS,INVARIABLE,False,False,False,0.17737707,0.33681854926235366,1.0,1.0,1.0,0.0,2009.2490234375,0.0,0.0,0.0,0.0,0.0,0.0,0.0,0.0,0.0,0.0
2065,I,I,I2065I,Core,NEGATIVE_CONSENSUS,INVARIABLE,False,False,False,1.0355865,0.15442508350662135,1.0,1.0,1.0,0.0,2009.2490234375,0.0,0.0,0.0,0.0,0.0,0.0,0.0,0.0,0.0,0.0
2066,G,G,G2066G,Core,NEGATIVE_CONSENSUS,INVARIABLE,False,False,False,0.08983235,0.38219519767681476,1.0,1.0,1.0,0.0,2009.2490234375,0.0,0.0,0.0,0.0,0.0,0.0,0.0,0.0,0.0,0.0
2067,D,D,D2067D,Core,NEGATIVE_CONSENSUS,INVARIABLE,False,False,False,2.8818045,0.044792789968923004,1.0,1.0,1.0,0.0,2009.2490234375,0.0,0.0,0.0,0.0,0.0,0.0,0.0,0.0,0.0,0.0
2068,M,M,M2068M,Core,NEGATIVE_CONSENSUS,INVARIABLE,False,False,False,0.04345588,0.4174346170740496,1.0,1.0,1.0,0.0,2009.2490234375,0.0,0.0,0.0,0.0,0.0,0.0,0.0,0.0,0.0,0.0
2069,L,L,L2069L,Core,NEGATIVE_CONSENSUS,INVARIABLE,False,False,False,0.17319994,0.3386417205269501,1.0,1.0,1.0,0.0,2009.2490234375,0.0,0.0,0.0,0.0,0.0,0.0,0.0,0.0,0.0,0.0
2070,L,L,L2070L,Core,NEGATIVE_CONSENSUS,INVARIABLE,False,False,False,0.11684559,0.36624060240780854,1.0,1.0,1.0,0.0,2009.2490234375,0.0,0.0,0.0,0.0,0.0,0.0,0.0,0.0,0.0,0.0
2071,R,R,R2071R,Core,NEGATIVE_CONSENSUS,INVARIABLE,False,False,False,0.026146797,0.43577116494005275,1.0,1.0,1.0,0.0,2009.2490234375,0.0,0.0,0.0,0.0,0.0,0.0,0.0,0.0,0.0,0.0
2072,T,T,T2072T,Core,NEGATIVE_CONSENSUS,INVARIABLE,False,False,False,0.026892863,0.434869336287794,1.0,1.0,1.0,0.0,2009.2490234375,0.0,0.0,0.0,0.0,0.0,0.0,0.0,0.0,0.0,0.0
2073,A,A,A2073A,Core,NEGATIVE_CONSENSUS,INVARIABLE,False,False,False,0.112414464,0.36870593513800987,1.0,1.0,1.0,0.0,2009.2490234375,0.0,0.0,0.0,0.0,0.0,0.0,0.0,0.0,0.0,0.0
2074,I,I,I2074I,Core,NEGATIVE_CONSENSUS,INVARIABLE,False,False,False,1.0355865,0.15442508350662135,1.0,1.0,1.0,0.0,2009.2490234375,0.0,0.0,0.0,0.0,0.0,0.0,0.0,0.0,0.0,0.0
2075,G,G,G2075G,Core,NEGATIVE_CONSENSUS,INVARIABLE,False,False,False,0.31973153,0.28588451406953874,1.0,1.0,1.0,0.0,2009.2490234375,0.0,0.0,0.0,0.0,0.0,0.0,0.0,0.0,0.0,0.0
2076,Q,Q,Q2076Q,Core,NEGATIVE_CONSENSUS,INVARIABLE,False,False,False,0.1328033,0.35777149996023005,1.0,1.0,1.0,0.0,2009.2490234375,0.0,0.0,0.0,0.0,0.0,0.0,0.0,0.0,0.0,0.0
2077,V,M,V2077M,Core,NEGATIVE_CONSENSUS,TEMPORAL_NOISE,False,False,False,0.6739118,0.20584554374213915,0.3517909,0.62376237,0.7710831,0.7534784,2009.373195842161,0.05698748257517461,2009.328,2009.4071,0.0790188,0.007965627275920253,0.005377838758481343,2.5270061,-2.8304048,2.4821362,1.3680954
2078,S,S,S2078S,Core,NEGATIVE_CONSENSUS,INVARIABLE,False,False,False,0.15448575,0.3471424765910984,1.0,1.0,1.0,0.0,2009.2490234375,0.0,0.0,0.0,0.0,0.0,0.0,0.0,0.0,0.0,0.0
2079,R,R,R2079R,Core,NEGATIVE_CONSENSUS,INVARIABLE,False,False,False,0.026146797,0.43577116494005275,1.0,1.0,1.0,0.0,2009.2490234375,0.0,0.0,0.0,0.0,0.0,0.0,0.0,0.0,0.0,0.0
2080,P,S,P2080S,Core,NEGATIVE_CONSENSUS,TEMPORAL_NOISE,False,False,False,0.49151427,0.24162630089600706,0.35271603,0.43564355,0.6669024,0.8121201,2009.745713056144,0.11862081501118307,2009.7006,2009.7683,0.067730404,0.015451057393681165,0.0104650633697964,0.21736485,-0.4559632,-5.9847155,2.3703678
2081,M,L,M2081L,Core,NEGATIVE_CONSENSUS,TEMPORAL_NOISE,False,False,False,0.12505476,0.36180778436771127,0.3852647,0.22772278,0.5809792,0.73944235,2009.6441174523304,0.03706077175141413,2009.599,2009.678,0.0790188,0.004884292694490118,0.003308151103324175,-1.3342252,-1.2067856,-0.48299313,-0.49772388
2082,F,F,F2082F,Core,NEGATIVE_CONSENSUS,INVARIABLE,False,False,False,0.03677015,0.42396688710899644,1.0,1.0,1.0,0.0,2009.2490234375,0.0,0.0,0.0,0.0,0.0,0.0,0.0,0.0,0.0,0.0
2083,L,L,L2083L,Core,NEGATIVE_CONSENSUS,INVARIABLE,False,False,False,0.20977953,0.32347013020324433,1.0,1.0,1.0,0.0,2009.2490234375,0.0,0.0,0.0,0.0,0.0,0.0,0.0,0.0,0.0,0.0
2084,Y,Y,Y2084Y,Core,NEGATIVE_CONSENSUS,INVARIABLE,False,False,False,0.04160279,0.41918940090001205,1.0,1.0,1.0,0.0,2009.2490234375,0.0,0.0,0.0,0.0,0.0,0.0,0.0,0.0,0.0,0.0
2085,V,V,V2085V,Core,NEGATIVE_CONSENSUS,INVARIABLE,False,False,False,0.15838115,0.3453256737119521,1.0,1.0,1.0,0.0,2009.2490234375,0.0,0.0,0.0,0.0,0.0,0.0,0.0,0.0,0.0,0.0
2086,R,R,R2086R,Core,NEGATIVE_CONSENSUS,INVARIABLE,False,False,False,0.047289148,0.41392467273385114,1.0,1.0,1.0,0.0,2009.2490234375,0.0,0.0,0.0,0.0,0.0,0.0,0.0,0.0,0.0,0.0
2087,T,T,T2087T,Core,NEGATIVE_CONSENSUS,INVARIABLE,False,False,False,0.033261508,0.42764328918344385,1.0,1.0,1.0,0.0,2009.2490234375,0.0,0.0,0.0,0.0,0.0,0.0,0.0,0.0,0.0,0.0
2088,N,N,N2088N,Core,NEGATIVE_CONSENSUS,INVARIABLE,False,False,False,0.14756067,0.3504387265808948,1.0,1.0,1.0,0.0,2009.2490234375,0.0,0.0,0.0,0.0,0.0,0.0,0.0,0.0,0.0,0.0
2089,G,G,G2089G,Core,NEGATIVE_CONSENSUS,INVARIABLE,False,False,False,0.08983235,0.38219519767681476,1.0,1.0,1.0,0.0,2009.2490234375,0.0,0.0,0.0,0.0,0.0,0.0,0.0,0.0,0.0,0.0
2090,T,T,T2090T,Core,NEGATIVE_CONSENSUS,INVARIABLE,False,False,False,0.033261508,0.42764328918344385,1.0,1.0,1.0,0.0,2009.2490234375,0.0,0.0,0.0,0.0,0.0,0.0,0.0,0.0,0.0,0.0
2091,S,S,S2091S,Core,NEGATIVE_CONSENSUS,INVARIABLE,False,False,False,0.48222643,0.24370778088239314,1.0,1.0,1.0,0.0,2009.2490234375,0.0,0.0,0.0,0.0,0.0,0.0,0.0,0.0,0.0,0.0
2092,K,K,K2092K,Core,NEGATIVE_CONSENSUS,INVARIABLE,False,False,False,0.2995089,0.2920952302947697,1.0,1.0,1.0,0.0,2009.2490234375,0.0,0.0,0.0,0.0,0.0,0.0,0.0,0.0,0.0,0.0
2093,I,I,I2093I,Core,NEGATIVE_CONSENSUS,INVARIABLE,False,False,False,0.41026053,0.2609186505464557,1.0,1.0,1.0,0.0,2009.2490234375,0.0,0.0,0.0,0.0,0.0,0.0,0.0,0.0,0.0,0.0
2094,K,K,K2094K,Core,NEGATIVE_CONSENSUS,INVARIABLE,False,False,False,0.2995089,0.2920952302947697,1.0,1.0,1.0,0.0,2009.2490234375,0.0,0.0,0.0,0.0,0.0,0.0,0.0,0.0,0.0,0.0
2095,M,M,M2095M,Core,NEGATIVE_CONSENSUS,INVARIABLE,False,False,False,0.04345588,0.4174346170740496,1.0,1.0,1.0,0.0,2009.2490234375,0.0,0.0,0.0,0.0,0.0,0.0,0.0,0.0,0.0,0.0
2096,K,K,K2096K,Core,NEGATIVE_CONSENSUS,INVARIABLE,False,False,False,1.2671006,0.13015565800770462,1.0,1.0,1.0,0.0,2009.2490234375,0.0,0.0,0.0,0.0,0.0,0.0,0.0,0.0,0.0,0.0
2097,W,W,W2097W,Core,NEGATIVE_CONSENSUS,INVARIABLE,False,False,False,0.14326186,0.3525297858631183,1.0,1.0,1.0,0.0,2009.2490234375,0.0,0.0,0.0,0.0,0.0,0.0,0.0,0.0,0.0,0.0
2098,G,G,G2098G,Core,NEGATIVE_CONSENSUS,INVARIABLE,False,False,False,0.31973153,0.28588451406953874,1.0,1.0,1.0,0.0,2009.2490234375,0.0,0.0,0.0,0.0,0.0,0.0,0.0,0.0,0.0,0.0
2099,M,M,M2099M,Core,NEGATIVE_CONSENSUS,INVARIABLE,False,False,False,0.04345588,0.4174346170740496,1.0,1.0,1.0,0.0,2009.2490234375,0.0,0.0,0.0,0.0,0.0,0.0,0.0,0.0,0.0,0.0
2100,E,E,E2100E,Core,NEGATIVE_CONSENSUS,INVARIABLE,False,False,False,0.17737707,0.33681854926235366,1.0,1.0,1.0,0.0,2009.2490234375,0.0,0.0,0.0,0.0,0.0,0.0,0.0,0.0,0.0,0.0
2101,L,M,L2101M,Core,RESCUED_SWEEP,CONFIRMED_SWEEP,True,False,True,0.7367818,0.19534687215637386,0.3517909,0.01980198,0.42981946,0.9516864,2009.3280422404662,0.020321825622722056,2009.249,2009.3958,0.1467492,0.0047636214329012895,0.0031586556803929874,3.4919784,-4.39524,3.7922065,2.8704088
2102,R,R,R2102R,Core,NEGATIVE_CONSENSUS,INVARIABLE,False,False,False,0.026146797,0.43577116494005275,1.0,1.0,1.0,0.0,2009.2490234375,0.0,0.0,0.0,0.0,0.0,0.0,0.0,0.0,0.0,0.0
2103,R,R,R2103R,Core,NEGATIVE_CONSENSUS,INVARIABLE,False,False,False,0.100597985,0.37555660265095264,1.0,1.0,1.0,0.0,2009.2490234375,0.0,0.0,0.0,0.0,0.0,0.0,0.0,0.0,0.0,0.0
2104,C,C,C2104C,Core,NEGATIVE_CONSENSUS,INVARIABLE,False,False,False,0.098847605,0.3766084799559455,1.0,1.0,1.0,0.0,2009.2490234375,0.0,0.0,0.0,0.0,0.0,0.0,0.0,0.0,0.0,0.0
2105,L,L,L2105L,Core,NEGATIVE_CONSENSUS,INVARIABLE,False,False,False,0.1403902,0.3539467030420645,1.0,1.0,1.0,0.0,2009.2490234375,0.0,0.0,0.0,0.0,0.0,0.0,0.0,0.0,0.0,0.0
2106,L,L,L2106L,Core,NEGATIVE_CONSENSUS,INVARIABLE,False,False,False,0.1403902,0.3539467030420645,1.0,1.0,1.0,0.0,2009.2490234375,0.0,0.0,0.0,0.0,0.0,0.0,0.0,0.0,0.0,0.0
2107,Q,Q,Q2107Q,Core,NEGATIVE_CONSENSUS,INVARIABLE,False,False,False,0.10673809,0.37194438992941425,1.0,1.0,1.0,0.0,2009.2490234375,0.0,0.0,0.0,0.0,0.0,0.0,0.0,0.0,0.0,0.0
2108,S,S,S2108S,Core,NEGATIVE_CONSENSUS,INVARIABLE,False,False,False,0.26384795,0.30374440131695446,1.0,1.0,1.0,0.0,2009.2490234375,0.0,0.0,0.0,0.0,0.0,0.0,0.0,0.0,0.0,0.0
2109,L,L,L2109L,Core,NEGATIVE_CONSENSUS,INVARIABLE,False,False,False,0.1403902,0.3539467030420645,1.0,1.0,1.0,0.0,2009.2490234375,0.0,0.0,0.0,0.0,0.0,0.0,0.0,0.0,0.0,0.0
2110,Q,Q,Q2110Q,Core,NEGATIVE_CONSENSUS,INVARIABLE,False,False,False,0.14861211,0.3499326088640236,1.0,1.0,1.0,0.0,2009.2490234375,0.0,0.0,0.0,0.0,0.0,0.0,0.0,0.0,0.0,0.0
2111,Q,Q,Q2111Q,Core,NEGATIVE_CONSENSUS,INVARIABLE,False,False,False,0.14861211,0.3499326088640236,1.0,1.0,1.0,0.0,2009.2490234375,0.0,0.0,0.0,0.0,0.0,0.0,0.0,0.0,0.0,0.0
2112,I,I,I2112I,Core,NEGATIVE_CONSENSUS,INVARIABLE,False,False,False,0.7167717,0.19860244442133695,1.0,1.0,1.0,0.0,2009.2490234375,0.0,0.0,0.0,0.0,0.0,0.0,0.0,0.0,0.0,0.0
2113,E,E,E2113E,Core,NEGATIVE_CONSENSUS,INVARIABLE,False,False,False,0.09971498,0.37608596908684694,1.0,1.0,1.0,0.0,2009.2490234375,0.0,0.0,0.0,0.0,0.0,0.0,0.0,0.0,0.0,0.0
2114,S,S,S2114S,Core,NEGATIVE_CONSENSUS,INVARIABLE,False,False,False,0.49796218,0.2401984475468799,1.0,1.0,1.0,0.0,2009.2490234375,0.0,0.0,0.0,0.0,0.0,0.0,0.0,0.0,0.0,0.0
2115,M,M,M2115M,Core,NEGATIVE_CONSENSUS,INVARIABLE,False,False,False,0.04345588,0.4174346170740496,1.0,1.0,1.0,0.0,2009.2490234375,0.0,0.0,0.0,0.0,0.0,0.0,0.0,0.0,0.0,0.0
2116,I,I,I2116I,Core,NEGATIVE_CONSENSUS,INVARIABLE,False,False,False,0.7167717,0.19860244442133695,1.0,1.0,1.0,0.0,2009.2490234375,0.0,0.0,0.0,0.0,0.0,0.0,0.0,0.0,0.0,0.0
2117,E,E,E2117E,Core,NEGATIVE_CONSENSUS,INVARIABLE,False,False,False,0.1071889,0.3716837557050685,1.0,1.0,1.0,0.0,2009.2490234375,0.0,0.0,0.0,0.0,0.0,0.0,0.0,0.0,0.0,0.0
2118,A,A,A2118A,Core,NEGATIVE_CONSENSUS,INVARIABLE,False,False,False,1.0132155,0.15706686261615616,1.0,1.0,1.0,0.0,2009.2490234375,0.0,0.0,0.0,0.0,0.0,0.0,0.0,0.0,0.0,0.0
2119,E,E,E2119E,Core,NEGATIVE_CONSENSUS,INVARIABLE,False,False,False,0.09971498,0.37608596908684694,1.0,1.0,1.0,0.0,2009.2490234375,0.0,0.0,0.0,0.0,0.0,0.0,0.0,0.0,0.0,0.0
2120,S,S,S2120S,Core,NEGATIVE_CONSENSUS,INVARIABLE,False,False,False,0.26384795,0.30374440131695446,1.0,1.0,1.0,0.0,2009.2490234375,0.0,0.0,0.0,0.0,0.0,0.0,0.0,0.0,0.0,0.0
2121,S,S,S2121S,Core,NEGATIVE_CONSENSUS,INVARIABLE,False,False,False,0.26384795,0.30374440131695446,1.0,1.0,1.0,0.0,2009.2490234375,0.0,0.0,0.0,0.0,0.0,0.0,0.0,0.0,0.0,0.0
2122,V,V,V2122V,Core,NEGATIVE_CONSENSUS,INVARIABLE,False,False,False,0.91231257,0.1697507851367119,1.0,1.0,1.0,0.0,2009.2490234375,0.0,0.0,0.0,0.0,0.0,0.0,0.0,0.0,0.0,0.0
2123,K,K,K2123K,Core,NEGATIVE_CONSENSUS,INVARIABLE,False,False,False,1.2671006,0.13015565800770462,1.0,1.0,1.0,0.0,2009.2490234375,0.0,0.0,0.0,0.0,0.0,0.0,0.0,0.0,0.0,0.0
2124,E,E,E2124E,Core,NEGATIVE_CONSENSUS,INVARIABLE,False,False,False,0.09971498,0.37608596908684694,1.0,1.0,1.0,0.0,2009.2490234375,0.0,0.0,0.0,0.0,0.0,0.0,0.0,0.0,0.0,0.0
2125,K,K,K2125K,Core,NEGATIVE_CONSENSUS,INVARIABLE,False,False,False,1.2671006,0.13015565800770462,1.0,1.0,1.0,0.0,2009.2490234375,0.0,0.0,0.0,0.0,0.0,0.0,0.0,0.0,0.0,0.0
2126,D,D,D2126D,Core,NEGATIVE_CONSENSUS,INVARIABLE,False,False,False,2.8818045,0.044792789968923004,1.0,1.0,1.0,0.0,2009.2490234375,0.0,0.0,0.0,0.0,0.0,0.0,0.0,0.0,0.0,0.0
2127,M,M,M2127M,Core,NEGATIVE_CONSENSUS,INVARIABLE,False,False,False,0.04345588,0.4174346170740496,1.0,1.0,1.0,0.0,2009.2490234375,0.0,0.0,0.0,0.0,0.0,0.0,0.0,0.0,0.0,0.0
2128,T,T,T2128T,Core,NEGATIVE_CONSENSUS,INVARIABLE,False,False,False,0.033261508,0.42764328918344385,1.0,1.0,1.0,0.0,2009.2490234375,0.0,0.0,0.0,0.0,0.0,0.0,0.0,0.0,0.0,0.0
2129,K,K,K2129K,Core,NEGATIVE_CONSENSUS,INVARIABLE,False,False,False,0.2995089,0.2920952302947697,1.0,1.0,1.0,0.0,2009.2490234375,0.0,0.0,0.0,0.0,0.0,0.0,0.0,0.0,0.0,0.0
2130,E,E,E2130E,Core,NEGATIVE_CONSENSUS,INVARIABLE,False,False,False,0.17737707,0.33681854926235366,1.0,1.0,1.0,0.0,2009.2490234375,0.0,0.0,0.0,0.0,0.0,0.0,0.0,0.0,0.0,0.0
2131,F,F,F2131F,Core,NEGATIVE_CONSENSUS,INVARIABLE,False,False,False,0.020291954,0.44336235221078135,1.0,1.0,1.0,0.0,2009.2490234375,0.0,0.0,0.0,0.0,0.0,0.0,0.0,0.0,0.0,0.0
2132,F,F,F2132F,Core,NEGATIVE_CONSENSUS,INVARIABLE,False,False,False,0.061055347,0.4024178149016429,1.0,1.0,1.0,0.0,2009.2490234375,0.0,0.0,0.0,0.0,0.0,0.0,0.0,0.0,0.0,0.0
2133,E,E,E2133E,Core,NEGATIVE_CONSENSUS,INVARIABLE,False,False,False,0.17737707,0.33681854926235366,1.0,1.0,1.0,0.0,2009.2490234375,0.0,0.0,0.0,0.0,0.0,0.0,0.0,0.0,0.0,0.0
2134,N,N,N2134N,Core,NEGATIVE_CONSENSUS,INVARIABLE,False,False,False,0.1597511,0.34469288709273227,1.0,1.0,1.0,0.0,2009.2490234375,0.0,0.0,0.0,0.0,0.0,0.0,0.0,0.0,0.0,0.0
2135,K,K,K2135K,Core,NEGATIVE_CONSENSUS,INVARIABLE,False,False,False,1.2671006,0.13015565800770462,1.0,1.0,1.0,0.0,2009.2490234375,0.0,0.0,0.0,0.0,0.0,0.0,0.0,0.0,0.0,0.0
2136,S,S,S2136S,Core,NEGATIVE_CONSENSUS,INVARIABLE,False,False,False,0.28062758,0.29814508717257127,1.0,1.0,1.0,0.0,2009.2490234375,0.0,0.0,0.0,0.0,0.0,0.0,0.0,0.0,0.0,0.0
2137,E,E,E2137E,Core,NEGATIVE_CONSENSUS,INVARIABLE,False,False,False,0.17737707,0.33681854926235366,1.0,1.0,1.0,0.0,2009.2490234375,0.0,0.0,0.0,0.0,0.0,0.0,0.0,0.0,0.0,0.0
2138,T,T,T2138T,Core,NEGATIVE_CONSENSUS,INVARIABLE,False,False,False,0.03364685,0.427230012532943,1.0,1.0,1.0,0.0,2009.2490234375,0.0,0.0,0.0,0.0,0.0,0.0,0.0,0.0,0.0,0.0
2139,W,W,W2139W,Core,NEGATIVE_CONSENSUS,INVARIABLE,False,False,False,0.14326186,0.3525297858631183,1.0,1.0,1.0,0.0,2009.2490234375,0.0,0.0,0.0,0.0,0.0,0.0,0.0,0.0,0.0,0.0
2140,P,P,P2140P,Core,NEGATIVE_CONSENSUS,INVARIABLE,False,False,False,0.09249291,0.3805157715681833,1.0,1.0,1.0,0.0,2009.2490234375,0.0,0.0,0.0,0.0,0.0,0.0,0.0,0.0,0.0,0.0
2141,I,I,I2141I,Core,NEGATIVE_CONSENSUS,INVARIABLE,False,False,False,0.41026053,0.2609186505464557,1.0,1.0,1.0,0.0,2009.2490234375,0.0,0.0,0.0,0.0,0.0,0.0,0.0,0.0,0.0,0.0
2142,G,G,G2142G,Core,NEGATIVE_CONSENSUS,INVARIABLE,False,False,False,0.08983235,0.38219519767681476,1.0,1.0,1.0,0.0,2009.2490234375,0.0,0.0,0.0,0.0,0.0,0.0,0.0,0.0,0.0,0.0
2143,E,E,E2143E,Core,NEGATIVE_CONSENSUS,INVARIABLE,False,False,False,0.11768096,0.36578170723749986,1.0,1.0,1.0,0.0,2009.2490234375,0.0,0.0,0.0,0.0,0.0,0.0,0.0,0.0,0.0,0.0
2144,S,S,S2144S,Core,NEGATIVE_CONSENSUS,INVARIABLE,False,False,False,0.2075632,0.3243420394483918,1.0,1.0,1.0,0.0,2009.2490234375,0.0,0.0,0.0,0.0,0.0,0.0,0.0,0.0,0.0,0.0
2145,P,P,P2145P,Core,NEGATIVE_CONSENSUS,INVARIABLE,False,False,False,0.13949645,0.35439106371219375,1.0,1.0,1.0,0.0,2009.2490234375,0.0,0.0,0.0,0.0,0.0,0.0,0.0,0.0,0.0,0.0
2146,R,R,R2146R,Core,NEGATIVE_CONSENSUS,INVARIABLE,False,False,False,0.026146797,0.43577116494005275,1.0,1.0,1.0,0.0,2009.2490234375,0.0,0.0,0.0,0.0,0.0,0.0,0.0,0.0,0.0,0.0
2147,G,G,G2147G,Core,NEGATIVE_CONSENSUS,FLAT_NO_SIGNAL,False,False,False,0.5313589,0.2330180551881515,0.35271603,1.0,1.0,0.0,2009.2490234375,0.0,0.0,0.0,0.0,0.0,0.0,0.0,0.0,0.0,0.0
2148,V,V,V2148V,Core,NEGATIVE_CONSENSUS,INVARIABLE,False,False,False,0.078970894,0.38934844850772754,1.0,1.0,1.0,0.0,2009.2490234375,0.0,0.0,0.0,0.0,0.0,0.0,0.0,0.0,0.0,0.0
2149,E,E,E2149E,Core,NEGATIVE_CONSENSUS,INVARIABLE,False,False,False,0.09971498,0.37608596908684694,1.0,1.0,1.0,0.0,2009.2490234375,0.0,0.0,0.0,0.0,0.0,0.0,0.0,0.0,0.0,0.0
2150,E,E,E2150E,Core,NEGATIVE_CONSENSUS,INVARIABLE,False,False,False,0.17737707,0.33681854926235366,1.0,1.0,1.0,0.0,2009.2490234375,0.0,0.0,0.0,0.0,0.0,0.0,0.0,0.0,0.0,0.0
2151,G,G,G2151G,Core,NEGATIVE_CONSENSUS,INVARIABLE,False,False,False,0.3373035,0.28069492483728786,1.0,1.0,1.0,0.0,2009.2490234375,0.0,0.0,0.0,0.0,0.0,0.0,0.0,0.0,0.0,0.0
2152,S,S,S2152S,Core,NEGATIVE_CONSENSUS,INVARIABLE,False,False,False,0.26384795,0.30374440131695446,1.0,1.0,1.0,0.0,2009.2490234375,0.0,0.0,0.0,0.0,0.0,0.0,0.0,0.0,0.0,0.0
2153,I,I,I2153I,Core,NEGATIVE_CONSENSUS,INVARIABLE,False,False,False,0.7167717,0.19860244442133695,1.0,1.0,1.0,0.0,2009.2490234375,0.0,0.0,0.0,0.0,0.0,0.0,0.0,0.0,0.0,0.0
2154,G,G,G2154G,Core,NEGATIVE_CONSENSUS,INVARIABLE,False,False,False,0.10198707,0.37472898848367453,1.0,1.0,1.0,0.0,2009.2490234375,0.0,0.0,0.0,0.0,0.0,0.0,0.0,0.0,0.0,0.0
2155,K,K,K2155K,Core,NEGATIVE_CONSENSUS,INVARIABLE,False,False,False,1.2671006,0.13015565800770462,1.0,1.0,1.0,0.0,2009.2490234375,0.0,0.0,0.0,0.0,0.0,0.0,0.0,0.0,0.0,0.0
2156,V,V,V2156V,Core,NEGATIVE_CONSENSUS,INVARIABLE,False,False,False,0.15838115,0.3453256737119521,1.0,1.0,1.0,0.0,2009.2490234375,0.0,0.0,0.0,0.0,0.0,0.0,0.0,0.0,0.0,0.0
2157,C,C,C2157C,Core,NEGATIVE_CONSENSUS,INVARIABLE,False,False,False,0.098847605,0.3766084799559455,1.0,1.0,1.0,0.0,2009.2490234375,0.0,0.0,0.0,0.0,0.0,0.0,0.0,0.0,0.0,0.0
2158,R,R,R2158R,Core,NEGATIVE_CONSENSUS,INVARIABLE,False,False,False,0.026146797,0.43577116494005275,1.0,1.0,1.0,0.0,2009.2490234375,0.0,0.0,0.0,0.0,0.0,0.0,0.0,0.0,0.0,0.0
2159,T,T,T2159T,Core,NEGATIVE_CONSENSUS,INVARIABLE,False,False,False,0.033261508,0.42764328918344385,1.0,1.0,1.0,0.0,2009.2490234375,0.0,0.0,0.0,0.0,0.0,0.0,0.0,0.0,0.0,0.0
2160,L,L,L2160L,Core,NEGATIVE_CONSENSUS,INVARIABLE,False,False,False,0.28021458,0.2982803046346809,1.0,1.0,1.0,0.0,2009.2490234375,0.0,0.0,0.0,0.0,0.0,0.0,0.0,0.0,0.0,0.0
2161,L,L,L2161L,Core,NEGATIVE_CONSENSUS,INVARIABLE,False,False,False,0.15878537,0.3451386324350256,1.0,1.0,1.0,0.0,2009.2490234375,0.0,0.0,0.0,0.0,0.0,0.0,0.0,0.0,0.0,0.0
2162,A,A,A2162A,Core,NEGATIVE_CONSENSUS,INVARIABLE,False,False,False,0.43472844,0.2548389236862151,1.0,1.0,1.0,0.0,2009.2490234375,0.0,0.0,0.0,0.0,0.0,0.0,0.0,0.0,0.0,0.0
2163,K,K,K2163K,Core,NEGATIVE_CONSENSUS,INVARIABLE,False,False,False,1.2671006,0.13015565800770462,1.0,1.0,1.0,0.0,2009.2490234375,0.0,0.0,0.0,0.0,0.0,0.0,0.0,0.0,0.0,0.0
2164,S,S,S2164S,Core,NEGATIVE_CONSENSUS,INVARIABLE,False,False,False,0.26384795,0.30374440131695446,1.0,1.0,1.0,0.0,2009.2490234375,0.0,0.0,0.0,0.0,0.0,0.0,0.0,0.0,0.0,0.0
2165,V,V,V2165V,Core,NEGATIVE_CONSENSUS,INVARIABLE,False,False,False,0.60705686,0.21794905634298722,1.0,1.0,1.0,0.0,2009.2490234375,0.0,0.0,0.0,0.0,0.0,0.0,0.0,0.0,0.0,0.0
2166,F,F,F2166F,Core,NEGATIVE_CONSENSUS,INVARIABLE,False,False,False,0.03677015,0.42396688710899644,1.0,1.0,1.0,0.0,2009.2490234375,0.0,0.0,0.0,0.0,0.0,0.0,0.0,0.0,0.0,0.0
2167,N,N,N2167N,Core,NEGATIVE_CONSENSUS,INVARIABLE,False,False,False,0.2697167,0.3017609345059,1.0,1.0,1.0,0.0,2009.2490234375,0.0,0.0,0.0,0.0,0.0,0.0,0.0,0.0,0.0,0.0
2168,S,S,S2168S,Core,NEGATIVE_CONSENSUS,INVARIABLE,False,False,False,0.5161936,0.23623495187969223,1.0,1.0,1.0,0.0,2009.2490234375,0.0,0.0,0.0,0.0,0.0,0.0,0.0,0.0,0.0,0.0
2169,L,L,L2169L,Core,NEGATIVE_CONSENSUS,INVARIABLE,False,False,False,0.20977953,0.32347013020324433,1.0,1.0,1.0,0.0,2009.2490234375,0.0,0.0,0.0,0.0,0.0,0.0,0.0,0.0,0.0,0.0
2170,Y,Y,Y2170Y,Core,NEGATIVE_CONSENSUS,INVARIABLE,False,False,False,0.04160279,0.41918940090001205,1.0,1.0,1.0,0.0,2009.2490234375,0.0,0.0,0.0,0.0,0.0,0.0,0.0,0.0,0.0,0.0
2171,A,A,A2171A,Core,NEGATIVE_CONSENSUS,INVARIABLE,False,False,False,0.112414464,0.36870593513800987,1.0,1.0,1.0,0.0,2009.2490234375,0.0,0.0,0.0,0.0,0.0,0.0,0.0,0.0,0.0,0.0
2172,S,S,S2172S,Core,NEGATIVE_CONSENSUS,INVARIABLE,False,False,False,0.26384795,0.30374440131695446,1.0,1.0,1.0,0.0,2009.2490234375,0.0,0.0,0.0,0.0,0.0,0.0,0.0,0.0,0.0,0.0
2173,P,P,P2173P,Core,NEGATIVE_CONSENSUS,INVARIABLE,False,False,False,0.09249291,0.3805157715681833,1.0,1.0,1.0,0.0,2009.2490234375,0.0,0.0,0.0,0.0,0.0,0.0,0.0,0.0,0.0,0.0
2174,Q,Q,Q2174Q,Core,NEGATIVE_CONSENSUS,INVARIABLE,False,False,False,0.1328033,0.35777149996023005,1.0,1.0,1.0,0.0,2009.2490234375,0.0,0.0,0.0,0.0,0.0,0.0,0.0,0.0,0.0,0.0
2175,L,L,L2175L,Core,NEGATIVE_CONSENSUS,INVARIABLE,False,False,False,0.1403902,0.3539467030420645,1.0,1.0,1.0,0.0,2009.2490234375,0.0,0.0,0.0,0.0,0.0,0.0,0.0,0.0,0.0,0.0
2176,E,E,E2176E,Core,NEGATIVE_CONSENSUS,INVARIABLE,False,False,False,0.09971498,0.37608596908684694,1.0,1.0,1.0,0.0,2009.2490234375,0.0,0.0,0.0,0.0,0.0,0.0,0.0,0.0,0.0,0.0
2177,G,G,G2177G,Core,NEGATIVE_CONSENSUS,INVARIABLE,False,False,False,0.10198707,0.37472898848367453,1.0,1.0,1.0,0.0,2009.2490234375,0.0,0.0,0.0,0.0,0.0,0.0,0.0,0.0,0.0,0.0
2178,F,F,F2178F,Core,NEGATIVE_CONSENSUS,INVARIABLE,False,False,False,0.061055347,0.4024178149016429,1.0,1.0,1.0,0.0,2009.2490234375,0.0,0.0,0.0,0.0,0.0,0.0,0.0,0.0,0.0,0.0
2179,S,S,S2179S,Core,NEGATIVE_CONSENSUS,INVARIABLE,False,False,False,0.15051281,0.34902288767295075,1.0,1.0,1.0,0.0,2009.2490234375,0.0,0.0,0.0,0.0,0.0,0.0,0.0,0.0,0.0,0.0
2180,A,A,A2180A,Core,NEGATIVE_CONSENSUS,INVARIABLE,False,False,False,0.6177493,0.21594245077438262,1.0,1.0,1.0,0.0,2009.2490234375,0.0,0.0,0.0,0.0,0.0,0.0,0.0,0.0,0.0,0.0
2181,E,E,E2181E,Core,NEGATIVE_CONSENSUS,INVARIABLE,False,False,False,0.17737707,0.33681854926235366,1.0,1.0,1.0,0.0,2009.2490234375,0.0,0.0,0.0,0.0,0.0,0.0,0.0,0.0,0.0,0.0
2182,S,S,S2182S,Core,NEGATIVE_CONSENSUS,INVARIABLE,False,False,False,0.18057652,0.3354391286997044,1.0,1.0,1.0,0.0,2009.2490234375,0.0,0.0,0.0,0.0,0.0,0.0,0.0,0.0,0.0,0.0
2183,R,R,R2183R,Core,NEGATIVE_CONSENSUS,INVARIABLE,False,False,False,0.047289148,0.41392467273385114,1.0,1.0,1.0,0.0,2009.2490234375,0.0,0.0,0.0,0.0,0.0,0.0,0.0,0.0,0.0,0.0
2184,K,K,K2184K,Core,NEGATIVE_CONSENSUS,INVARIABLE,False,False,False,1.2671006,0.13015565800770462,1.0,1.0,1.0,0.0,2009.2490234375,0.0,0.0,0.0,0.0,0.0,0.0,0.0,0.0,0.0,0.0
2185,L,L,L2185L,Core,NEGATIVE_CONSENSUS,INVARIABLE,False,False,False,0.11684559,0.36624060240780854,1.0,1.0,1.0,0.0,2009.2490234375,0.0,0.0,0.0,0.0,0.0,0.0,0.0,0.0,0.0,0.0
2186,L,L,L2186L,Core,NEGATIVE_CONSENSUS,INVARIABLE,False,False,False,0.1403902,0.3539467030420645,1.0,1.0,1.0,0.0,2009.2490234375,0.0,0.0,0.0,0.0,0.0,0.0,0.0,0.0,0.0,0.0
2187,L,L,L2187L,Core,NEGATIVE_CONSENSUS,INVARIABLE,False,False,False,0.17319994,0.3386417205269501,1.0,1.0,1.0,0.0,2009.2490234375,0.0,0.0,0.0,0.0,0.0,0.0,0.0,0.0,0.0,0.0
2188,I,I,I2188I,Core,NEGATIVE_CONSENSUS,INVARIABLE,False,False,False,0.7167717,0.19860244442133695,1.0,1.0,1.0,0.0,2009.2490234375,0.0,0.0,0.0,0.0,0.0,0.0,0.0,0.0,0.0,0.0
2189,V,V,V2189V,Core,NEGATIVE_CONSENSUS,INVARIABLE,False,False,False,0.27149606,0.3011649827004066,1.0,1.0,1.0,0.0,2009.2490234375,0.0,0.0,0.0,0.0,0.0,0.0,0.0,0.0,0.0,0.0
2190,Q,Q,Q2190Q,Core,NEGATIVE_CONSENSUS,INVARIABLE,False,False,False,0.10546945,0.37268113130545455,1.0,1.0,1.0,0.0,2009.2490234375,0.0,0.0,0.0,0.0,0.0,0.0,0.0,0.0,0.0,0.0
2191,A,A,A2191A,Core,NEGATIVE_CONSENSUS,INVARIABLE,False,False,False,0.50961536,0.23765270523878462,1.0,1.0,1.0,0.0,2009.2490234375,0.0,0.0,0.0,0.0,0.0,0.0,0.0,0.0,0.0,0.0
2192,L,L,L2192L,Core,NEGATIVE_CONSENSUS,INVARIABLE,False,False,False,0.1403902,0.3539467030420645,1.0,1.0,1.0,0.0,2009.2490234375,0.0,0.0,0.0,0.0,0.0,0.0,0.0,0.0,0.0,0.0
2193,R,R,R2193R,Core,NEGATIVE_CONSENSUS,INVARIABLE,False,False,False,0.026146797,0.43577116494005275,1.0,1.0,1.0,0.0,2009.2490234375,0.0,0.0,0.0,0.0,0.0,0.0,0.0,0.0,0.0,0.0
2194,D,D,D2194D,Core,NEGATIVE_CONSENSUS,INVARIABLE,False,False,False,2.8818045,0.044792789968923004,1.0,1.0,1.0,0.0,2009.2490234375,0.0,0.0,0.0,0.0,0.0,0.0,0.0,0.0,0.0,0.0
2195,N,N,N2195N,Core,NEGATIVE_CONSENSUS,INVARIABLE,False,False,False,0.2697167,0.3017609345059,1.0,1.0,1.0,0.0,2009.2490234375,0.0,0.0,0.0,0.0,0.0,0.0,0.0,0.0,0.0,0.0
2196,L,L,L2196L,Core,NEGATIVE_CONSENSUS,INVARIABLE,False,False,False,0.15878537,0.3451386324350256,1.0,1.0,1.0,0.0,2009.2490234375,0.0,0.0,0.0,0.0,0.0,0.0,0.0,0.0,0.0,0.0
2197,E,E,E2197E,Core,NEGATIVE_CONSENSUS,INVARIABLE,False,False,False,0.17737707,0.33681854926235366,1.0,1.0,1.0,0.0,2009.2490234375,0.0,0.0,0.0,0.0,0.0,0.0,0.0,0.0,0.0,0.0
2198,P,P,P2198P,Core,NEGATIVE_CONSENSUS,INVARIABLE,False,False,False,0.18130763,0.33512594256133826,1.0,1.0,1.0,0.0,2009.2490234375,0.0,0.0,0.0,0.0,0.0,0.0,0.0,0.0,0.0,0.0
2199,G,G,G2199G,Core,NEGATIVE_CONSENSUS,INVARIABLE,False,False,False,0.08983235,0.38219519767681476,1.0,1.0,1.0,0.0,2009.2490234375,0.0,0.0,0.0,0.0,0.0,0.0,0.0,0.0,0.0,0.0
2200,T,T,T2200T,Core,NEGATIVE_CONSENSUS,INVARIABLE,False,False,False,0.033261508,0.42764328918344385,1.0,1.0,1.0,0.0,2009.2490234375,0.0,0.0,0.0,0.0,0.0,0.0,0.0,0.0,0.0,0.0
2201,F,F,F2201F,Core,NEGATIVE_CONSENSUS,INVARIABLE,False,False,False,0.03677015,0.42396688710899644,1.0,1.0,1.0,0.0,2009.2490234375,0.0,0.0,0.0,0.0,0.0,0.0,0.0,0.0,0.0,0.0
2202,D,D,D2202D,Core,NEGATIVE_CONSENSUS,INVARIABLE,False,False,False,0.24172953,0.3114798699800736,1.0,1.0,1.0,0.0,2009.2490234375,0.0,0.0,0.0,0.0,0.0,0.0,0.0,0.0,0.0,0.0
2203,L,L,L2203L,Core,NEGATIVE_CONSENSUS,INVARIABLE,False,False,False,0.1403902,0.3539467030420645,1.0,1.0,1.0,0.0,2009.2490234375,0.0,0.0,0.0,0.0,0.0,0.0,0.0,0.0,0.0,0.0
2204,G,G,G2204G,Core,NEGATIVE_CONSENSUS,INVARIABLE,False,False,False,0.10198707,0.37472898848367453,1.0,1.0,1.0,0.0,2009.2490234375,0.0,0.0,0.0,0.0,0.0,0.0,0.0,0.0,0.0,0.0
2205,G,G,G2205G,Core,NEGATIVE_CONSENSUS,INVARIABLE,False,False,False,0.10198707,0.37472898848367453,1.0,1.0,1.0,0.0,2009.2490234375,0.0,0.0,0.0,0.0,0.0,0.0,0.0,0.0,0.0,0.0
2206,L,L,L2206L,Core,NEGATIVE_CONSENSUS,INVARIABLE,False,False,False,0.20977953,0.32347013020324433,1.0,1.0,1.0,0.0,2009.2490234375,0.0,0.0,0.0,0.0,0.0,0.0,0.0,0.0,0.0,0.0
2207,Y,Y,Y2207Y,Core,NEGATIVE_CONSENSUS,INVARIABLE,False,False,False,0.04160279,0.41918940090001205,1.0,1.0,1.0,0.0,2009.2490234375,0.0,0.0,0.0,0.0,0.0,0.0,0.0,0.0,0.0,0.0
2208,E,E,E2208E,Core,NEGATIVE_CONSENSUS,INVARIABLE,False,False,False,0.17737707,0.33681854926235366,1.0,1.0,1.0,0.0,2009.2490234375,0.0,0.0,0.0,0.0,0.0,0.0,0.0,0.0,0.0,0.0
2209,A,S,A2209S,Core,NEGATIVE_CONSENSUS,TEMPORAL_NOISE,False,False,False,0.9885709,0.16004595151286607,0.3517909,0.38613862,0.6669024,0.845471,2009.711847854873,0.051462707489103074,2009.678,2009.7457,0.067730404,0.006523920747460205,0.0044186777838033185,0.574962,-0.9908725,-3.9980514,1.4176288
2210,I,I,I2210I,Core,NEGATIVE_CONSENSUS,INVARIABLE,False,False,False,0.41026053,0.2609186505464557,1.0,1.0,1.0,0.0,2009.2490234375,0.0,0.0,0.0,0.0,0.0,0.0,0.0,0.0,0.0,0.0
2211,E,E,E2211E,Core,NEGATIVE_CONSENSUS,INVARIABLE,False,False,False,0.09971498,0.37608596908684694,1.0,1.0,1.0,0.0,2009.2490234375,0.0,0.0,0.0,0.0,0.0,0.0,0.0,0.0,0.0,0.0
2212,E,E,E2212E,Core,NEGATIVE_CONSENSUS,INVARIABLE,False,False,False,0.09971498,0.37608596908684694,1.0,1.0,1.0,0.0,2009.2490234375,0.0,0.0,0.0,0.0,0.0,0.0,0.0,0.0,0.0,0.0
2213,C,C,C2213C,Core,NEGATIVE_CONSENSUS,INVARIABLE,False,False,False,0.098847605,0.3766084799559455,1.0,1.0,1.0,0.0,2009.2490234375,0.0,0.0,0.0,0.0,0.0,0.0,0.0,0.0,0.0,0.0
2214,L,L,L2214L,Core,NEGATIVE_CONSENSUS,INVARIABLE,False,False,False,0.15878537,0.3451386324350256,1.0,1.0,1.0,0.0,2009.2490234375,0.0,0.0,0.0,0.0,0.0,0.0,0.0,0.0,0.0,0.0
2215,I,I,I2215I,Core,NEGATIVE_CONSENSUS,INVARIABLE,False,False,False,0.7167717,0.19860244442133695,1.0,1.0,1.0,0.0,2009.2490234375,0.0,0.0,0.0,0.0,0.0,0.0,0.0,0.0,0.0,0.0
2216,N,N,N2216N,Core,NEGATIVE_CONSENSUS,INVARIABLE,False,False,False,0.14756067,0.3504387265808948,1.0,1.0,1.0,0.0,2009.2490234375,0.0,0.0,0.0,0.0,0.0,0.0,0.0,0.0,0.0,0.0
2217,D,D,D2217D,Core,NEGATIVE_CONSENSUS,INVARIABLE,False,False,False,0.25614178,0.30639163998792607,1.0,1.0,1.0,0.0,2009.2490234375,0.0,0.0,0.0,0.0,0.0,0.0,0.0,0.0,0.0,0.0
2218,P,P,P2218P,Core,NEGATIVE_CONSENSUS,INVARIABLE,False,False,False,0.13949645,0.35439106371219375,1.0,1.0,1.0,0.0,2009.2490234375,0.0,0.0,0.0,0.0,0.0,0.0,0.0,0.0,0.0,0.0
2219,W,W,W2219W,Core,NEGATIVE_CONSENSUS,INVARIABLE,False,False,False,0.14326186,0.3525297858631183,1.0,1.0,1.0,0.0,2009.2490234375,0.0,0.0,0.0,0.0,0.0,0.0,0.0,0.0,0.0,0.0
2220,V,V,V2220V,Core,NEGATIVE_CONSENSUS,INVARIABLE,False,False,False,0.27149606,0.3011649827004066,1.0,1.0,1.0,0.0,2009.2490234375,0.0,0.0,0.0,0.0,0.0,0.0,0.0,0.0,0.0,0.0
2221,L,L,L2221L,Core,NEGATIVE_CONSENSUS,INVARIABLE,False,False,False,0.11684559,0.36624060240780854,1.0,1.0,1.0,0.0,2009.2490234375,0.0,0.0,0.0,0.0,0.0,0.0,0.0,0.0,0.0,0.0
2222,L,L,L2222L,Core,NEGATIVE_CONSENSUS,INVARIABLE,False,False,False,0.1403902,0.3539467030420645,1.0,1.0,1.0,0.0,2009.2490234375,0.0,0.0,0.0,0.0,0.0,0.0,0.0,0.0,0.0,0.0
2223,N,N,N2223N,Core,NEGATIVE_CONSENSUS,INVARIABLE,False,False,False,0.14756067,0.3504387265808948,1.0,1.0,1.0,0.0,2009.2490234375,0.0,0.0,0.0,0.0,0.0,0.0,0.0,0.0,0.0,0.0
2224,A,A,A2224A,Core,NEGATIVE_CONSENSUS,INVARIABLE,False,False,False,0.50961536,0.23765270523878462,1.0,1.0,1.0,0.0,2009.2490234375,0.0,0.0,0.0,0.0,0.0,0.0,0.0,0.0,0.0,0.0
2225,S,S,S2225S,Core,NEGATIVE_CONSENSUS,INVARIABLE,False,False,False,0.26384795,0.30374440131695446,1.0,1.0,1.0,0.0,2009.2490234375,0.0,0.0,0.0,0.0,0.0,0.0,0.0,0.0,0.0,0.0
2226,W,W,W2226W,Core,NEGATIVE_CONSENSUS,INVARIABLE,False,False,False,0.14326186,0.3525297858631183,1.0,1.0,1.0,0.0,2009.2490234375,0.0,0.0,0.0,0.0,0.0,0.0,0.0,0.0,0.0,0.0
2227,F,F,F2227F,Core,NEGATIVE_CONSENSUS,INVARIABLE,False,False,False,0.03677015,0.42396688710899644,1.0,1.0,1.0,0.0,2009.2490234375,0.0,0.0,0.0,0.0,0.0,0.0,0.0,0.0,0.0,0.0
2228,N,N,N2228N,Core,NEGATIVE_CONSENSUS,INVARIABLE,False,False,False,0.2697167,0.3017609345059,1.0,1.0,1.0,0.0,2009.2490234375,0.0,0.0,0.0,0.0,0.0,0.0,0.0,0.0,0.0,0.0
2229,S,S,S2229S,Core,NEGATIVE_CONSENSUS,INVARIABLE,False,False,False,0.48222643,0.24370778088239314,1.0,1.0,1.0,0.0,2009.2490234375,0.0,0.0,0.0,0.0,0.0,0.0,0.0,0.0,0.0,0.0
2230,F,F,F2230F,Core,NEGATIVE_CONSENSUS,INVARIABLE,False,False,False,0.03677015,0.42396688710899644,1.0,1.0,1.0,0.0,2009.2490234375,0.0,0.0,0.0,0.0,0.0,0.0,0.0,0.0,0.0,0.0
2231,L,L,L2231L,Core,NEGATIVE_CONSENSUS,INVARIABLE,False,False,False,0.17319994,0.3386417205269501,1.0,1.0,1.0,0.0,2009.2490234375,0.0,0.0,0.0,0.0,0.0,0.0,0.0,0.0,0.0,0.0
2232,T,T,T2232T,Core,NEGATIVE_CONSENSUS,INVARIABLE,False,False,False,0.024249049,0.43812644762304276,1.0,1.0,1.0,0.0,2009.2490234375,0.0,0.0,0.0,0.0,0.0,0.0,0.0,0.0,0.0,0.0
2233,H,H,H2233H,Core,NEGATIVE_CONSENSUS,INVARIABLE,False,False,False,0.18790461,0.3323331716817506,1.0,1.0,1.0,0.0,2009.2490234375,0.0,0.0,0.0,0.0,0.0,0.0,0.0,0.0,0.0,0.0
2234,A,A,A2234A,Core,NEGATIVE_CONSENSUS,INVARIABLE,False,False,False,0.50961536,0.23765270523878462,1.0,1.0,1.0,0.0,2009.2490234375,0.0,0.0,0.0,0.0,0.0,0.0,0.0,0.0,0.0,0.0
2235,L,L,L2235L,Core,NEGATIVE_CONSENSUS,INVARIABLE,False,False,False,0.15878537,0.3451386324350256,1.0,1.0,1.0,0.0,2009.2490234375,0.0,0.0,0.0,0.0,0.0,0.0,0.0,0.0,0.0,0.0
2236,K,Q,K2236Q,Core,NEGATIVE_CONSENSUS,TEMPORAL_NOISE,False,False,False,1.4457529,0.1146053333443057,0.3517909,0.4059406,0.6669024,0.568427,2009.7231362552966,0.06157849701209228,2009.5312,2009.757,0.22576801,0.015276888458579151,0.010266528602033137,-2.8072896,-1.2057039,-3.7082763,-1.0083214
2237,A,A,A2237A,Core,NEGATIVE_CONSENSUS,INVARIABLE,False,False,False,0.07253021,0.3938439016477709,1.0,1.0,1.0,0.0,2009.2490234375,0.0,0.0,0.0,0.0,0.0,0.0,0.0,0.0,0.0,0.0
2238,A,A,A2238A,Core,NEGATIVE_CONSENSUS,INVARIABLE,False,False,False,0.07253021,0.3938439016477709,1.0,1.0,1.0,0.0,2009.2490234375,0.0,0.0,0.0,0.0,0.0,0.0,0.0,0.0,0.0,0.0
2239,M,M,M2239M,Core,NEGATIVE_CONSENSUS,INVARIABLE,False,False,False,0.04345588,0.4174346170740496,1.0,1.0,1.0,0.0,2009.2490234375,0.0,0.0,0.0,0.0,0.0,0.0,0.0,0.0,0.0,0.0
2240,K,E,K2240E,Core,NEGATIVE_CONSENSUS,TEMPORAL_NOISE,False,False,False,3.2241073,0.03628067552375461,0.3517909,0.05940594,0.42981946,0.47130543,2009.587675450212,0.07484041641487832,2009.5538,2009.6102,0.056442004,0.010671311749941336,0.007202570798450195,-5.527394,-2.4215312,2.5739887,1.6489557
2241,A,A,A2241A,Core,NEGATIVE_CONSENSUS,INVARIABLE,False,False,False,0.50961536,0.23765270523878462,1.0,1.0,1.0,0.0,2009.2490234375,0.0,0.0,0.0,0.0,0.0,0.0,0.0,0.0,0.0,0.0
2242,I,I,I2242I,Core,NEGATIVE_CONSENSUS,INVARIABLE,False,False,False,1.0355865,0.15442508350662135,1.0,1.0,1.0,0.0,2009.2490234375,0.0,0.0,0.0,0.0,0.0,0.0,0.0,0.0,0.0,0.0
2243,L,L,L2243L,Core,NEGATIVE_CONSENSUS,INVARIABLE,False,False,False,0.20977953,0.32347013020324433,1.0,1.0,1.0,0.0,2009.2490234375,0.0,0.0,0.0,0.0,0.0,0.0,0.0,0.0,0.0,0.0
2244,V,V,V2244V,Core,NEGATIVE_CONSENSUS,INVARIABLE,False,False,False,0.60705686,0.21794905634298722,1.0,1.0,1.0,0.0,2009.2490234375,0.0,0.0,0.0,0.0,0.0,0.0,0.0,0.0,0.0,0.0
2245,V,I,V2245I,Core,NEGATIVE_CONSENSUS,TEMPORAL_NOISE,False,False,False,1.3058364,0.12657493829682087,0.3517909,0.8613861,0.904374,0.109153315,2009.2490234375,0.04129998565521056,2009.249,2009.2716,0.022576801,0.0022729612064061526,0.0013063803869474042,1.6938176,-2.289029,2.180731,2.0384803
2246,L,M,L2246M,Core,NEGATIVE_CONSENSUS,FLAT_NO_SIGNAL,False,False,False,2.9974403,0.0416980894066528,0.3517909,1.0,1.0,0.0,2009.2490234375,0.000616760156266973,2009.249,2009.249,0.0,1.0279335937782884e-05,3.48111780470485e-06,0.79503757,-1.0743626,1.0006118,0.9233538
2247,L,L,L2247L,Core,NEGATIVE_CONSENSUS,INVARIABLE,False,False,False,0.20977953,0.32347013020324433,1.0,1.0,1.0,0.0,2009.2490234375,0.0,0.0,0.0,0.0,0.0,0.0,0.0,0.0,0.0,0.0
2248,Y,Y,Y2248Y,Core,NEGATIVE_CONSENSUS,INVARIABLE,False,False,False,0.04160279,0.41918940090001205,1.0,1.0,1.0,0.0,2009.2490234375,0.0,0.0,0.0,0.0,0.0,0.0,0.0,0.0,0.0,0.0
2249,T,T,T2249T,Core,NEGATIVE_CONSENSUS,INVARIABLE,False,False,False,0.03364685,0.427230012532943,1.0,1.0,1.0,0.0,2009.2490234375,0.0,0.0,0.0,0.0,0.0,0.0,0.0,0.0,0.0,0.0
2250,F,F,F2250F,Core,NEGATIVE_CONSENSUS,INVARIABLE,False,False,False,0.061055347,0.4024178149016429,1.0,1.0,1.0,0.0,2009.2490234375,0.0,0.0,0.0,0.0,0.0,0.0,0.0,0.0,0.0,0.0
2251,A,T,A2251T,Core,NEGATIVE_CONSENSUS,TEMPORAL_NOISE,False,False,False,0.6730543,0.20599438458996422,0.3517909,0.76237625,0.83691716,0.70345646,2009.3280422404662,0.026757079943820233,2009.2716,2009.3619,0.090307206,0.00380996007804989,0.0025197739229033825,2.8119473,-3.6489918,3.46686,3.14061
2252,T,T,T2252T,Core,NEGATIVE_CONSENSUS,INVARIABLE,False,False,False,0.033261508,0.42764328918344385,1.0,1.0,1.0,0.0,2009.2490234375,0.0,0.0,0.0,0.0,0.0,0.0,0.0,0.0,0.0,0.0
2253,A,A,A2253A,Core,NEGATIVE_CONSENSUS,INVARIABLE,False,False,False,0.24342485,0.31087168933358755,1.0,1.0,1.0,0.0,2009.2490234375,0.0,0.0,0.0,0.0,0.0,0.0,0.0,0.0,0.0,0.0
2254,N,N,N2254N,Core,NEGATIVE_CONSENSUS,INVARIABLE,False,False,False,0.14756067,0.3504387265808948,1.0,1.0,1.0,0.0,2009.2490234375,0.0,0.0,0.0,0.0,0.0,0.0,0.0,0.0,0.0,0.0
2255,A,A,A2255A,Core,NEGATIVE_CONSENSUS,INVARIABLE,False,False,False,0.32861704,0.28323728206652754,1.0,1.0,1.0,0.0,2009.2490234375,0.0,0.0,0.0,0.0,0.0,0.0,0.0,0.0,0.0,0.0
2256,D,D,D2256D,Core,NEGATIVE_CONSENSUS,INVARIABLE,False,False,False,2.8818045,0.044792789968923004,1.0,1.0,1.0,0.0,2009.2490234375,0.0,0.0,0.0,0.0,0.0,0.0,0.0,0.0,0.0,0.0
2257,T,T,T2257T,Core,NEGATIVE_CONSENSUS,INVARIABLE,False,False,False,0.03364685,0.427230012532943,1.0,1.0,1.0,0.0,2009.2490234375,0.0,0.0,0.0,0.0,0.0,0.0,0.0,0.0,0.0,0.0
2258,L,L,L2258L,Core,NEGATIVE_CONSENSUS,INVARIABLE,False,False,False,0.28021458,0.2982803046346809,1.0,1.0,1.0,0.0,2009.2490234375,0.0,0.0,0.0,0.0,0.0,0.0,0.0,0.0,0.0,0.0
2259,C,C,C2259C,Core,NEGATIVE_CONSENSUS,INVARIABLE,False,False,False,0.025839863,0.4361460100233292,1.0,1.0,1.0,0.0,2009.2490234375,0.0,0.0,0.0,0.0,0.0,0.0,0.0,0.0,0.0,0.0
2260,I,I,I2260I,Core,NEGATIVE_CONSENSUS,INVARIABLE,False,False,False,1.0355865,0.15442508350662135,1.0,1.0,1.0,0.0,2009.2490234375,0.0,0.0,0.0,0.0,0.0,0.0,0.0,0.0,0.0,0.0
2261,G,G,G2261G,Core,NEGATIVE_CONSENSUS,INVARIABLE,False,False,False,0.15513371,0.3468384480856218,1.0,1.0,1.0,0.0,2009.2490234375,0.0,0.0,0.0,0.0,0.0,0.0,0.0,0.0,0.0,0.0
2262,Y,Y,Y2262Y,Core,NEGATIVE_CONSENSUS,INVARIABLE,False,False,False,0.04160279,0.41918940090001205,1.0,1.0,1.0,0.0,2009.2490234375,0.0,0.0,0.0,0.0,0.0,0.0,0.0,0.0,0.0,0.0
2263,H,H,H2263H,Core,NEGATIVE_CONSENSUS,INVARIABLE,False,False,False,0.18790461,0.3323331716817506,1.0,1.0,1.0,0.0,2009.2490234375,0.0,0.0,0.0,0.0,0.0,0.0,0.0,0.0,0.0,0.0
2264,A,A,A2264A,Core,NEGATIVE_CONSENSUS,INVARIABLE,False,False,False,0.13287908,0.3577326957664806,1.0,1.0,1.0,0.0,2009.2490234375,0.0,0.0,0.0,0.0,0.0,0.0,0.0,0.0,0.0,0.0
2265,N,N,N2265N,Core,NEGATIVE_CONSENSUS,INVARIABLE,False,False,False,0.2697167,0.3017609345059,1.0,1.0,1.0,0.0,2009.2490234375,0.0,0.0,0.0,0.0,0.0,0.0,0.0,0.0,0.0,0.0
2266,N,N,N2266N,Core,NEGATIVE_CONSENSUS,INVARIABLE,False,False,False,0.14756067,0.3504387265808948,1.0,1.0,1.0,0.0,2009.2490234375,0.0,0.0,0.0,0.0,0.0,0.0,0.0,0.0,0.0,0.0
2267,S,S,S2267S,Core,NEGATIVE_CONSENSUS,INVARIABLE,False,False,False,0.2075632,0.3243420394483918,1.0,1.0,1.0,0.0,2009.2490234375,0.0,0.0,0.0,0.0,0.0,0.0,0.0,0.0,0.0,0.0
2268,T,T,T2268T,Core,NEGATIVE_CONSENSUS,INVARIABLE,False,False,False,0.03364685,0.427230012532943,1.0,1.0,1.0,0.0,2009.2490234375,0.0,0.0,0.0,0.0,0.0,0.0,0.0,0.0,0.0,0.0
2269,D,D,D2269D,Core,NEGATIVE_CONSENSUS,INVARIABLE,False,False,False,2.8818045,0.044792789968923004,1.0,1.0,1.0,0.0,2009.2490234375,0.0,0.0,0.0,0.0,0.0,0.0,0.0,0.0,0.0,0.0
2270,T,T,T2270T,Core,NEGATIVE_CONSENSUS,INVARIABLE,False,False,False,0.026892863,0.434869336287794,1.0,1.0,1.0,0.0,2009.2490234375,0.0,0.0,0.0,0.0,0.0,0.0,0.0,0.0,0.0,0.0
2271,V,V,V2271V,Core,NEGATIVE_CONSENSUS,INVARIABLE,False,False,False,0.60705686,0.21794905634298722,1.0,1.0,1.0,0.0,2009.2490234375,0.0,0.0,0.0,0.0,0.0,0.0,0.0,0.0,0.0,0.0
2272,D,D,D2272D,Core,NEGATIVE_CONSENSUS,INVARIABLE,False,False,False,2.8818045,0.044792789968923004,1.0,1.0,1.0,0.0,2009.2490234375,0.0,0.0,0.0,0.0,0.0,0.0,0.0,0.0,0.0,0.0
2273,T,T,T2273T,Core,NEGATIVE_CONSENSUS,INVARIABLE,False,False,False,0.03364685,0.427230012532943,1.0,1.0,1.0,0.0,2009.2490234375,0.0,0.0,0.0,0.0,0.0,0.0,0.0,0.0,0.0,0.0
2274,V,I,V2274I,Core,NEGATIVE_CONSENSUS,TEMPORAL_NOISE,False,False,False,1.3736687,0.12059127704916489,0.3517909,0.05940594,0.42981946,0.83771217,2009.6779826536017,0.1599556969969883,2009.6216,2009.7118,0.090307206,0.023648434059717786,0.016017179583621102,0.055416305,-1.4671803,-1.2604362,-0.04418971
2275,L,L,L2275L,Core,NEGATIVE_CONSENSUS,INVARIABLE,False,False,False,0.20977953,0.32347013020324433,1.0,1.0,1.0,0.0,2009.2490234375,0.0,0.0,0.0,0.0,0.0,0.0,0.0,0.0,0.0,0.0
2276,E,E,E2276E,Core,NEGATIVE_CONSENSUS,INVARIABLE,False,False,False,0.17737707,0.33681854926235366,1.0,1.0,1.0,0.0,2009.2490234375,0.0,0.0,0.0,0.0,0.0,0.0,0.0,0.0,0.0,0.0
2277,K,K,K2277K,Core,NEGATIVE_CONSENSUS,INVARIABLE,False,False,False,0.2995089,0.2920952302947697,1.0,1.0,1.0,0.0,2009.2490234375,0.0,0.0,0.0,0.0,0.0,0.0,0.0,0.0,0.0,0.0
2278,N,N,N2278N,Core,NEGATIVE_CONSENSUS,INVARIABLE,False,False,False,0.14756067,0.3504387265808948,1.0,1.0,1.0,0.0,2009.2490234375,0.0,0.0,0.0,0.0,0.0,0.0,0.0,0.0,0.0,0.0
2279,V,V,V2279V,Core,NEGATIVE_CONSENSUS,INVARIABLE,False,False,False,0.60705686,0.21794905634298722,1.0,1.0,1.0,0.0,2009.2490234375,0.0,0.0,0.0,0.0,0.0,0.0,0.0,0.0,0.0,0.0
2280,T,T,T2280T,Core,NEGATIVE_CONSENSUS,INVARIABLE,False,False,False,0.03364685,0.427230012532943,1.0,1.0,1.0,0.0,2009.2490234375,0.0,0.0,0.0,0.0,0.0,0.0,0.0,0.0,0.0,0.0
2281,V,V,V2281V,Core,NEGATIVE_CONSENSUS,INVARIABLE,False,False,False,0.60705686,0.21794905634298722,1.0,1.0,1.0,0.0,2009.2490234375,0.0,0.0,0.0,0.0,0.0,0.0,0.0,0.0,0.0,0.0
2282,T,T,T2282T,Core,NEGATIVE_CONSENSUS,INVARIABLE,False,False,False,0.03364685,0.427230012532943,1.0,1.0,1.0,0.0,2009.2490234375,0.0,0.0,0.0,0.0,0.0,0.0,0.0,0.0,0.0,0.0
2283,H,H,H2283H,Core,NEGATIVE_CONSENSUS,INVARIABLE,False,False,False,0.534049,0.23245477158082695,1.0,1.0,1.0,0.0,2009.2490234375,0.0,0.0,0.0,0.0,0.0,0.0,0.0,0.0,0.0,0.0
2284,S,S,S2284S,Core,NEGATIVE_CONSENSUS,INVARIABLE,False,False,False,0.26384795,0.30374440131695446,1.0,1.0,1.0,0.0,2009.2490234375,0.0,0.0,0.0,0.0,0.0,0.0,0.0,0.0,0.0,0.0
2285,V,V,V2285V,Core,NEGATIVE_CONSENSUS,INVARIABLE,False,False,False,0.27149606,0.3011649827004066,1.0,1.0,1.0,0.0,2009.2490234375,0.0,0.0,0.0,0.0,0.0,0.0,0.0,0.0,0.0,0.0
2286,N,N,N2286N,Core,NEGATIVE_CONSENSUS,INVARIABLE,False,False,False,0.2697167,0.3017609345059,1.0,1.0,1.0,0.0,2009.2490234375,0.0,0.0,0.0,0.0,0.0,0.0,0.0,0.0,0.0,0.0
2287,L,I,L2287I,Core,NEGATIVE_CONSENSUS,TEMPORAL_NOISE,False,False,False,3.2505674,0.035699368071529264,0.3517909,0.97029704,0.97029704,0.49172786,2009.5989638506355,0.01852427808186191,2009.5764,2009.6102,0.033865202,0.0011883997560732018,0.0008049079386005448,-4.6374264,-0.6826451,0.49218124,0.39135134
2288,L,L,L2288L,Core,NEGATIVE_CONSENSUS,INVARIABLE,False,False,False,0.20977953,0.32347013020324433,1.0,1.0,1.0,0.0,2009.2490234375,0.0,0.0,0.0,0.0,0.0,0.0,0.0,0.0,0.0,0.0
2289,E,E,E2289E,Core,NEGATIVE_CONSENSUS,INVARIABLE,False,False,False,0.17737707,0.33681854926235366,1.0,1.0,1.0,0.0,2009.2490234375,0.0,0.0,0.0,0.0,0.0,0.0,0.0,0.0,0.0,0.0
2290,D,D,D2290D,Core,NEGATIVE_CONSENSUS,INVARIABLE,False,False,False,2.8818045,0.044792789968923004,1.0,1.0,1.0,0.0,2009.2490234375,0.0,0.0,0.0,0.0,0.0,0.0,0.0,0.0,0.0,0.0
2291,K,K,K2291K,Core,NEGATIVE_CONSENSUS,INVARIABLE,False,False,False,0.5493076,0.2293003763472118,1.0,1.0,1.0,0.0,2009.2490234375,0.0,0.0,0.0,0.0,0.0,0.0,0.0,0.0,0.0,0.0
2292,H,H,H2292H,Core,NEGATIVE_CONSENSUS,INVARIABLE,False,False,False,0.18790461,0.3323331716817506,1.0,1.0,1.0,0.0,2009.2490234375,0.0,0.0,0.0,0.0,0.0,0.0,0.0,0.0,0.0,0.0
2293,N,N,N2293N,Core,NEGATIVE_CONSENSUS,INVARIABLE,False,False,False,0.2697167,0.3017609345059,1.0,1.0,1.0,0.0,2009.2490234375,0.0,0.0,0.0,0.0,0.0,0.0,0.0,0.0,0.0,0.0
2294,G,E,G2294E,Core,NEGATIVE_CONSENSUS,TEMPORAL_NOISE,False,False,False,1.2768714,0.12924077448210836,0.3517909,0.22772278,0.5809792,0.73944235,2009.6441174523304,0.09625122958375737,2009.599,2009.678,0.0790188,0.012685088714422114,0.008591661649130812,-1.334226,-1.2067863,-0.48299342,-0.49772415
2295,K,K,K2295K,Core,NEGATIVE_CONSENSUS,INVARIABLE,False,False,False,1.6467465,0.09970116334889335,1.0,1.0,1.0,0.0,2009.2490234375,0.0,0.0,0.0,0.0,0.0,0.0,0.0,0.0,0.0,0.0
2296,L,L,L2296L,Core,NEGATIVE_CONSENSUS,INVARIABLE,False,False,False,0.20739992,0.3244064990599591,1.0,1.0,1.0,0.0,2009.2490234375,0.0,0.0,0.0,0.0,0.0,0.0,0.0,0.0,0.0,0.0
2297,C,C,C2297C,Core,NEGATIVE_CONSENSUS,INVARIABLE,False,False,False,0.098847605,0.3766084799559455,1.0,1.0,1.0,0.0,2009.2490234375,0.0,0.0,0.0,0.0,0.0,0.0,0.0,0.0,0.0,0.0
2298,K,K,K2298K,Core,NEGATIVE_CONSENSUS,INVARIABLE,False,False,False,1.2671006,0.13015565800770462,1.0,1.0,1.0,0.0,2009.2490234375,0.0,0.0,0.0,0.0,0.0,0.0,0.0,0.0,0.0,0.0
2299,L,L,L2299L,Core,NEGATIVE_CONSENSUS,INVARIABLE,False,False,False,0.20977953,0.32347013020324433,1.0,1.0,1.0,0.0,2009.2490234375,0.0,0.0,0.0,0.0,0.0,0.0,0.0,0.0,0.0,0.0
2300,R,R,R2300R,Core,NEGATIVE_CONSENSUS,INVARIABLE,False,False,False,0.047289148,0.41392467273385114,1.0,1.0,1.0,0.0,2009.2490234375,0.0,0.0,0.0,0.0,0.0,0.0,0.0,0.0,0.0,0.0
2301,G,G,G2301G,Core,NEGATIVE_CONSENSUS,INVARIABLE,False,False,False,0.08064474,0.38821278550808475,1.0,1.0,1.0,0.0,2009.2490234375,0.0,0.0,0.0,0.0,0.0,0.0,0.0,0.0,0.0,0.0
2302,V,V,V2302V,Core,NEGATIVE_CONSENSUS,INVARIABLE,False,False,False,0.60705686,0.21794905634298722,1.0,1.0,1.0,0.0,2009.2490234375,0.0,0.0,0.0,0.0,0.0,0.0,0.0,0.0,0.0,0.0
2303,A,T,A2303T,Core,NEGATIVE_CONSENSUS,TEMPORAL_NOISE,False,False,False,1.4423939,0.11487617404957896,0.3517909,0.25742576,0.5809792,0.7429007,2009.6666942531779,0.06242479357013041,2009.6216,2009.7006,0.0790188,0.008056417273018495,0.005456643849509942,0.20469634,-1.3833964,-0.8484715,-0.29866287
2304,P,P,P2304P,Core,NEGATIVE_CONSENSUS,INVARIABLE,False,False,False,0.09249291,0.3805157715681833,1.0,1.0,1.0,0.0,2009.2490234375,0.0,0.0,0.0,0.0,0.0,0.0,0.0,0.0,0.0,0.0
2305,L,L,L2305L,Core,NEGATIVE_CONSENSUS,INVARIABLE,False,False,False,0.11684559,0.36624060240780854,1.0,1.0,1.0,0.0,2009.2490234375,0.0,0.0,0.0,0.0,0.0,0.0,0.0,0.0,0.0,0.0
2306,H,H,H2306H,Core,NEGATIVE_CONSENSUS,INVARIABLE,False,False,False,0.18790461,0.3323331716817506,1.0,1.0,1.0,0.0,2009.2490234375,0.0,0.0,0.0,0.0,0.0,0.0,0.0,0.0,0.0,0.0
2307,L,L,L2307L,Core,NEGATIVE_CONSENSUS,INVARIABLE,False,False,False,0.11684559,0.36624060240780854,1.0,1.0,1.0,0.0,2009.2490234375,0.0,0.0,0.0,0.0,0.0,0.0,0.0,0.0,0.0,0.0
2308,G,G,G2308G,Core,NEGATIVE_CONSENSUS,INVARIABLE,False,False,False,0.15513371,0.3468384480856218,1.0,1.0,1.0,0.0,2009.2490234375,0.0,0.0,0.0,0.0,0.0,0.0,0.0,0.0,0.0,0.0
2309,K,K,K2309K,Core,NEGATIVE_CONSENSUS,INVARIABLE,False,False,False,1.2671006,0.13015565800770462,1.0,1.0,1.0,0.0,2009.2490234375,0.0,0.0,0.0,0.0,0.0,0.0,0.0,0.0,0.0,0.0
2310,C,C,C2310C,Core,NEGATIVE_CONSENSUS,INVARIABLE,False,False,False,0.025839863,0.4361460100233292,1.0,1.0,1.0,0.0,2009.2490234375,0.0,0.0,0.0,0.0,0.0,0.0,0.0,0.0,0.0,0.0
2311,N,D,N2311D,Core,NEGATIVE_CONSENSUS,TEMPORAL_NOISE,False,False,False,1.2467171,0.13209021089684111,0.3517909,0.55445546,0.72686744,0.528539,2009.3957726430085,0.04477217448829218,2009.3506,2009.4297,0.0790188,0.006047262731372633,0.004092131957161276,2.240189,-2.1752803,1.7303885,-0.19600037
2312,I,I,I2312I,Core,NEGATIVE_CONSENSUS,INVARIABLE,False,False,False,0.7167717,0.19860244442133695,1.0,1.0,1.0,0.0,2009.2490234375,0.0,0.0,0.0,0.0,0.0,0.0,0.0,0.0,0.0,0.0
2313,A,A,A2313A,Core,NEGATIVE_CONSENSUS,INVARIABLE,False,False,False,0.6177493,0.21594245077438262,1.0,1.0,1.0,0.0,2009.2490234375,0.0,0.0,0.0,0.0,0.0,0.0,0.0,0.0,0.0,0.0
2314,G,G,G2314G,Core,NEGATIVE_CONSENSUS,INVARIABLE,False,False,False,0.31973153,0.28588451406953874,1.0,1.0,1.0,0.0,2009.2490234375,0.0,0.0,0.0,0.0,0.0,0.0,0.0,0.0,0.0,0.0
2315,W,W,W2315W,Core,NEGATIVE_CONSENSUS,INVARIABLE,False,False,False,0.14326186,0.3525297858631183,1.0,1.0,1.0,0.0,2009.2490234375,0.0,0.0,0.0,0.0,0.0,0.0,0.0,0.0,0.0,0.0
2316,I,I,I2316I,Core,NEGATIVE_CONSENSUS,INVARIABLE,False,False,False,0.41026053,0.2609186505464557,1.0,1.0,1.0,0.0,2009.2490234375,0.0,0.0,0.0,0.0,0.0,0.0,0.0,0.0,0.0,0.0
2317,L,L,L2317L,Core,NEGATIVE_CONSENSUS,INVARIABLE,False,False,False,0.31630346,0.2869188218844204,1.0,1.0,1.0,0.0,2009.2490234375,0.0,0.0,0.0,0.0,0.0,0.0,0.0,0.0,0.0,0.0
2318,G,G,G2318G,Core,NEGATIVE_CONSENSUS,INVARIABLE,False,False,False,0.08983235,0.38219519767681476,1.0,1.0,1.0,0.0,2009.2490234375,0.0,0.0,0.0,0.0,0.0,0.0,0.0,0.0,0.0,0.0
2319,N,N,N2319N,Core,NEGATIVE_CONSENSUS,FLAT_NO_SIGNAL,False,False,False,0.6349212,0.21277795648156705,0.3517909,1.0,1.0,0.0,2009.2490234375,0.0,0.0,0.0,0.0,0.0,0.0,0.0,0.0,0.0,0.0
2320,P,P,P2320P,Core,NEGATIVE_CONSENSUS,INVARIABLE,False,False,False,0.09249291,0.3805157715681833,1.0,1.0,1.0,0.0,2009.2490234375,0.0,0.0,0.0,0.0,0.0,0.0,0.0,0.0,0.0,0.0
2321,E,E,E2321E,Core,NEGATIVE_CONSENSUS,INVARIABLE,False,False,False,0.09971498,0.37608596908684694,1.0,1.0,1.0,0.0,2009.2490234375,0.0,0.0,0.0,0.0,0.0,0.0,0.0,0.0,0.0,0.0
2322,C,C,C2322C,Core,NEGATIVE_CONSENSUS,INVARIABLE,False,False,False,0.026869673,0.43489717297100156,1.0,1.0,1.0,0.0,2009.2490234375,0.0,0.0,0.0,0.0,0.0,0.0,0.0,0.0,0.0,0.0
2323,E,E,E2323E,Core,NEGATIVE_CONSENSUS,INVARIABLE,False,False,False,0.18907599,0.33184338843919314,1.0,1.0,1.0,0.0,2009.2490234375,0.0,0.0,0.0,0.0,0.0,0.0,0.0,0.0,0.0,0.0
2324,S,S,S2324S,Core,NEGATIVE_CONSENSUS,INVARIABLE,False,False,False,0.2075632,0.3243420394483918,1.0,1.0,1.0,0.0,2009.2490234375,0.0,0.0,0.0,0.0,0.0,0.0,0.0,0.0,0.0,0.0
2325,L,L,L2325L,Core,NEGATIVE_CONSENSUS,INVARIABLE,False,False,False,0.17319994,0.3386417205269501,1.0,1.0,1.0,0.0,2009.2490234375,0.0,0.0,0.0,0.0,0.0,0.0,0.0,0.0,0.0,0.0
2326,S,S,S2326S,Core,NEGATIVE_CONSENSUS,INVARIABLE,False,False,False,0.48222643,0.24370778088239314,1.0,1.0,1.0,0.0,2009.2490234375,0.0,0.0,0.0,0.0,0.0,0.0,0.0,0.0,0.0,0.0
2327,T,K,T2327K,Core,NEGATIVE_CONSENSUS,TEMPORAL_NOISE,False,False,False,0.2616057,0.3045095753363195,0.36189717,0.22772278,0.5809792,0.73944235,2009.6441174523304,0.11592128551729597,2009.599,2009.678,0.0790188,0.015277433826413158,0.010347467428768974,-1.3342261,-1.2067864,-0.48299345,-0.49772418
2328,A,A,A2328A,Core,NEGATIVE_CONSENSUS,INVARIABLE,False,False,False,0.50961536,0.23765270523878462,1.0,1.0,1.0,0.0,2009.2490234375,0.0,0.0,0.0,0.0,0.0,0.0,0.0,0.0,0.0,0.0
2329,S,I,S2329I,Core,NEGATIVE_CONSENSUS,TEMPORAL_NOISE,False,False,False,3.625578,0.028448903698362914,0.3517909,0.47524753,0.6680622,0.7582673,2009.7795782574153,0.16807921660279024,2009.7344,2009.8021,0.067730404,0.022292290266043655,0.015098657933102257,0.0070049246,0.70206255,-6.729554,2.8184357
2330,S,S,S2330S,Core,NEGATIVE_CONSENSUS,INVARIABLE,False,False,False,0.2075632,0.3243420394483918,1.0,1.0,1.0,0.0,2009.2490234375,0.0,0.0,0.0,0.0,0.0,0.0,0.0,0.0,0.0,0.0
2331,W,W,W2331W,Core,NEGATIVE_CONSENSUS,INVARIABLE,False,False,False,0.14326186,0.3525297858631183,1.0,1.0,1.0,0.0,2009.2490234375,0.0,0.0,0.0,0.0,0.0,0.0,0.0,0.0,0.0,0.0
2332,S,S,S2332S,Core,NEGATIVE_CONSENSUS,INVARIABLE,False,False,False,0.48222643,0.24370778088239314,1.0,1.0,1.0,0.0,2009.2490234375,0.0,0.0,0.0,0.0,0.0,0.0,0.0,0.0,0.0,0.0
2333,Y,Y,Y2333Y,Core,NEGATIVE_CONSENSUS,INVARIABLE,False,False,False,0.08357149,0.38625726840274144,1.0,1.0,1.0,0.0,2009.2490234375,0.0,0.0,0.0,0.0,0.0,0.0,0.0,0.0,0.0,0.0
2334,I,I,I2334I,Core,NEGATIVE_CONSENSUS,INVARIABLE,False,False,False,0.7167717,0.19860244442133695,1.0,1.0,1.0,0.0,2009.2490234375,0.0,0.0,0.0,0.0,0.0,0.0,0.0,0.0,0.0,0.0
2335,V,V,V2335V,Core,NEGATIVE_CONSENSUS,INVARIABLE,False,False,False,0.15838115,0.3453256737119521,1.0,1.0,1.0,0.0,2009.2490234375,0.0,0.0,0.0,0.0,0.0,0.0,0.0,0.0,0.0,0.0
2336,E,E,E2336E,Core,NEGATIVE_CONSENSUS,INVARIABLE,False,False,False,0.17737707,0.33681854926235366,1.0,1.0,1.0,0.0,2009.2490234375,0.0,0.0,0.0,0.0,0.0,0.0,0.0,0.0,0.0,0.0
2337,T,T,T2337T,Core,NEGATIVE_CONSENSUS,INVARIABLE,False,False,False,0.03364685,0.427230012532943,1.0,1.0,1.0,0.0,2009.2490234375,0.0,0.0,0.0,0.0,0.0,0.0,0.0,0.0,0.0,0.0
2338,S,P,S2338P,Core,NEGATIVE_CONSENSUS,FLAT_NO_SIGNAL,False,False,False,0.24216752,0.3113224919124019,0.36189717,1.0,1.0,0.0,2009.2490234375,0.0,0.0,0.0,0.0,0.0,0.0,0.0,0.0,0.0,0.0
2339,S,S,S2339S,Core,NEGATIVE_CONSENSUS,INVARIABLE,False,False,False,0.5161936,0.23623495187969223,1.0,1.0,1.0,0.0,2009.2490234375,0.0,0.0,0.0,0.0,0.0,0.0,0.0,0.0,0.0,0.0
2340,S,S,S2340S,Core,NEGATIVE_CONSENSUS,INVARIABLE,False,False,False,0.2075632,0.3243420394483918,1.0,1.0,1.0,0.0,2009.2490234375,0.0,0.0,0.0,0.0,0.0,0.0,0.0,0.0,0.0,0.0
2341,D,D,D2341D,Core,NEGATIVE_CONSENSUS,INVARIABLE,False,False,False,2.8818045,0.044792789968923004,1.0,1.0,1.0,0.0,2009.2490234375,0.0,0.0,0.0,0.0,0.0,0.0,0.0,0.0,0.0,0.0
2342,N,N,N2342N,Core,NEGATIVE_CONSENSUS,INVARIABLE,False,False,False,0.14756067,0.3504387265808948,1.0,1.0,1.0,0.0,2009.2490234375,0.0,0.0,0.0,0.0,0.0,0.0,0.0,0.0,0.0,0.0
2343,G,G,G2343G,Core,NEGATIVE_CONSENSUS,INVARIABLE,False,False,False,0.08983235,0.38219519767681476,1.0,1.0,1.0,0.0,2009.2490234375,0.0,0.0,0.0,0.0,0.0,0.0,0.0,0.0,0.0,0.0
2344,T,T,T2344T,Core,NEGATIVE_CONSENSUS,INVARIABLE,False,False,False,0.082995705,0.3866390184146743,1.0,1.0,1.0,0.0,2009.2490234375,0.0,0.0,0.0,0.0,0.0,0.0,0.0,0.0,0.0,0.0
2345,C,C,C2345C,Core,NEGATIVE_CONSENSUS,INVARIABLE,False,False,False,0.025839863,0.4361460100233292,1.0,1.0,1.0,0.0,2009.2490234375,0.0,0.0,0.0,0.0,0.0,0.0,0.0,0.0,0.0,0.0
2346,Y,Y,Y2346Y,Core,NEGATIVE_CONSENSUS,INVARIABLE,False,False,False,0.08357149,0.38625726840274144,1.0,1.0,1.0,0.0,2009.2490234375,0.0,0.0,0.0,0.0,0.0,0.0,0.0,0.0,0.0,0.0
2347,P,P,P2347P,Core,NEGATIVE_CONSENSUS,INVARIABLE,False,False,False,0.09249291,0.3805157715681833,1.0,1.0,1.0,0.0,2009.2490234375,0.0,0.0,0.0,0.0,0.0,0.0,0.0,0.0,0.0,0.0
2348,G,G,G2348G,Core,NEGATIVE_CONSENSUS,INVARIABLE,False,False,False,0.08983235,0.38219519767681476,1.0,1.0,1.0,0.0,2009.2490234375,0.0,0.0,0.0,0.0,0.0,0.0,0.0,0.0,0.0,0.0
2349,D,D,D2349D,Core,NEGATIVE_CONSENSUS,INVARIABLE,False,False,False,0.24172953,0.3114798699800736,1.0,1.0,1.0,0.0,2009.2490234375,0.0,0.0,0.0,0.0,0.0,0.0,0.0,0.0,0.0,0.0
2350,F,F,F2350F,Core,NEGATIVE_CONSENSUS,INVARIABLE,False,False,False,0.03677015,0.42396688710899644,1.0,1.0,1.0,0.0,2009.2490234375,0.0,0.0,0.0,0.0,0.0,0.0,0.0,0.0,0.0,0.0
2351,I,T,I2351T,Core,NEGATIVE_CONSENSUS,TEMPORAL_NOISE,False,False,False,0.54309905,0.23057560582137737,0.35271603,0.33663365,0.63701445,0.85016704,2009.7005594544491,0.05513137556777964,2009.6554,2009.7344,0.0790188,0.006915719197974865,0.004684044451492407,0.73562664,-1.226516,-2.7302043,0.7932507
2352,D,N,D2352N,Core,NEGATIVE_CONSENSUS,TEMPORAL_NOISE,False,False,False,0.7977296,0.1858865232211721,0.3517909,0.32673267,0.63701445,0.6890736,2009.8021550582628,0.09109337584546343,2009.757,2009.836,0.0790188,0.012163918650740133,0.008238671067069676,0.1413177,2.1976082,-5.108182,2.3736203
2353,Y,Y,Y2353Y,Core,NEGATIVE_CONSENSUS,INVARIABLE,False,False,False,0.04160279,0.41918940090001205,1.0,1.0,1.0,0.0,2009.2490234375,0.0,0.0,0.0,0.0,0.0,0.0,0.0,0.0,0.0,0.0
2354,E,E,E2354E,Core,NEGATIVE_CONSENSUS,INVARIABLE,False,False,False,0.09971498,0.37608596908684694,1.0,1.0,1.0,0.0,2009.2490234375,0.0,0.0,0.0,0.0,0.0,0.0,0.0,0.0,0.0,0.0
2355,E,E,E2355E,Core,NEGATIVE_CONSENSUS,INVARIABLE,False,False,False,0.09971498,0.37608596908684694,1.0,1.0,1.0,0.0,2009.2490234375,0.0,0.0,0.0,0.0,0.0,0.0,0.0,0.0,0.0,0.0
2356,L,L,L2356L,Core,NEGATIVE_CONSENSUS,INVARIABLE,False,False,False,0.075334094,0.3918615081477615,1.0,1.0,1.0,0.0,2009.2490234375,0.0,0.0,0.0,0.0,0.0,0.0,0.0,0.0,0.0,0.0
2357,R,R,R2357R,Core,NEGATIVE_CONSENSUS,INVARIABLE,False,False,False,0.04659382,0.41454999222742583,1.0,1.0,1.0,0.0,2009.2490234375,0.0,0.0,0.0,0.0,0.0,0.0,0.0,0.0,0.0,0.0
2358,E,E,E2358E,Core,NEGATIVE_CONSENSUS,INVARIABLE,False,False,False,0.09971498,0.37608596908684694,1.0,1.0,1.0,0.0,2009.2490234375,0.0,0.0,0.0,0.0,0.0,0.0,0.0,0.0,0.0,0.0
2359,Q,Q,Q2359Q,Core,NEGATIVE_CONSENSUS,INVARIABLE,False,False,False,0.1328033,0.35777149996023005,1.0,1.0,1.0,0.0,2009.2490234375,0.0,0.0,0.0,0.0,0.0,0.0,0.0,0.0,0.0,0.0
2360,L,L,L2360L,Core,NEGATIVE_CONSENSUS,INVARIABLE,False,False,False,0.11684559,0.36624060240780854,1.0,1.0,1.0,0.0,2009.2490234375,0.0,0.0,0.0,0.0,0.0,0.0,0.0,0.0,0.0,0.0
2361,S,S,S2361S,Core,NEGATIVE_CONSENSUS,INVARIABLE,False,False,False,0.49796218,0.2401984475468799,1.0,1.0,1.0,0.0,2009.2490234375,0.0,0.0,0.0,0.0,0.0,0.0,0.0,0.0,0.0,0.0
2362,S,S,S2362S,Core,NEGATIVE_CONSENSUS,INVARIABLE,False,False,False,0.2075632,0.3243420394483918,1.0,1.0,1.0,0.0,2009.2490234375,0.0,0.0,0.0,0.0,0.0,0.0,0.0,0.0,0.0,0.0
2363,V,V,V2363V,Core,NEGATIVE_CONSENSUS,INVARIABLE,False,False,False,0.15838115,0.3453256737119521,1.0,1.0,1.0,0.0,2009.2490234375,0.0,0.0,0.0,0.0,0.0,0.0,0.0,0.0,0.0,0.0
2364,S,S,S2364S,Core,NEGATIVE_CONSENSUS,INVARIABLE,False,False,False,0.2075632,0.3243420394483918,1.0,1.0,1.0,0.0,2009.2490234375,0.0,0.0,0.0,0.0,0.0,0.0,0.0,0.0,0.0,0.0
2365,S,L,S2365L,Core,NEGATIVE_CONSENSUS,TEMPORAL_NOISE,False,False,False,1.6414436,0.10006375705024215,0.3517909,0.32673267,0.63701445,0.6890736,2009.8021550582628,0.12586185900193095,2009.757,2009.836,0.0790188,0.01680663824258366,0.011383203735537615,0.14131771,2.1976085,-5.1081824,2.3736205
2366,F,F,F2366F,Core,NEGATIVE_CONSENSUS,INVARIABLE,False,False,False,0.061055347,0.4024178149016429,1.0,1.0,1.0,0.0,2009.2490234375,0.0,0.0,0.0,0.0,0.0,0.0,0.0,0.0,0.0,0.0
2367,E,E,E2367E,Core,NEGATIVE_CONSENSUS,INVARIABLE,False,False,False,0.17737707,0.33681854926235366,1.0,1.0,1.0,0.0,2009.2490234375,0.0,0.0,0.0,0.0,0.0,0.0,0.0,0.0,0.0,0.0
2368,R,R,R2368R,Core,NEGATIVE_CONSENSUS,INVARIABLE,False,False,False,0.026146797,0.43577116494005275,1.0,1.0,1.0,0.0,2009.2490234375,0.0,0.0,0.0,0.0,0.0,0.0,0.0,0.0,0.0,0.0
2369,F,F,F2369F,Core,NEGATIVE_CONSENSUS,INVARIABLE,False,False,False,0.061055347,0.4024178149016429,1.0,1.0,1.0,0.0,2009.2490234375,0.0,0.0,0.0,0.0,0.0,0.0,0.0,0.0,0.0,0.0
2370,E,E,E2370E,Core,NEGATIVE_CONSENSUS,INVARIABLE,False,False,False,0.09971498,0.37608596908684694,1.0,1.0,1.0,0.0,2009.2490234375,0.0,0.0,0.0,0.0,0.0,0.0,0.0,0.0,0.0,0.0
2371,I,I,I2371I,Core,NEGATIVE_CONSENSUS,INVARIABLE,False,False,False,1.0355865,0.15442508350662135,1.0,1.0,1.0,0.0,2009.2490234375,0.0,0.0,0.0,0.0,0.0,0.0,0.0,0.0,0.0,0.0
2372,F,F,F2372F,Core,NEGATIVE_CONSENSUS,INVARIABLE,False,False,False,0.03677015,0.42396688710899644,1.0,1.0,1.0,0.0,2009.2490234375,0.0,0.0,0.0,0.0,0.0,0.0,0.0,0.0,0.0,0.0
2373,P,P,P2373P,Core,NEGATIVE_CONSENSUS,INVARIABLE,False,False,False,0.13949645,0.35439106371219375,1.0,1.0,1.0,0.0,2009.2490234375,0.0,0.0,0.0,0.0,0.0,0.0,0.0,0.0,0.0,0.0
2374,K,K,K2374K,Core,NEGATIVE_CONSENSUS,INVARIABLE,False,False,False,0.2995089,0.2920952302947697,1.0,1.0,1.0,0.0,2009.2490234375,0.0,0.0,0.0,0.0,0.0,0.0,0.0,0.0,0.0,0.0
2375,T,T,T2375T,Core,NEGATIVE_CONSENSUS,INVARIABLE,False,False,False,0.03364685,0.427230012532943,1.0,1.0,1.0,0.0,2009.2490234375,0.0,0.0,0.0,0.0,0.0,0.0,0.0,0.0,0.0,0.0
2376,S,S,S2376S,Core,NEGATIVE_CONSENSUS,INVARIABLE,False,False,False,0.5161936,0.23623495187969223,1.0,1.0,1.0,0.0,2009.2490234375,0.0,0.0,0.0,0.0,0.0,0.0,0.0,0.0,0.0,0.0
2377,S,S,S2377S,Core,NEGATIVE_CONSENSUS,INVARIABLE,False,False,False,0.2075632,0.3243420394483918,1.0,1.0,1.0,0.0,2009.2490234375,0.0,0.0,0.0,0.0,0.0,0.0,0.0,0.0,0.0,0.0
2378,W,W,W2378W,Core,NEGATIVE_CONSENSUS,INVARIABLE,False,False,False,0.14326186,0.3525297858631183,1.0,1.0,1.0,0.0,2009.2490234375,0.0,0.0,0.0,0.0,0.0,0.0,0.0,0.0,0.0,0.0
2379,P,P,P2379P,Core,NEGATIVE_CONSENSUS,INVARIABLE,False,False,False,0.13949645,0.35439106371219375,1.0,1.0,1.0,0.0,2009.2490234375,0.0,0.0,0.0,0.0,0.0,0.0,0.0,0.0,0.0,0.0
2380,N,D,N2380D,Core,NEGATIVE_CONSENSUS,TEMPORAL_NOISE,False,False,False,0.6631126,0.2077316155712885,0.3517909,0.44554454,0.6669024,0.7839902,2009.7570014565679,0.07291207355584167,2009.7231,2009.7909,0.067730404,0.009589653313111207,0.006495110791387815,0.028194185,0.18511502,-6.8268447,2.8018978
2381,H,H,H2381H,Core,NEGATIVE_CONSENSUS,INVARIABLE,False,False,False,0.18790461,0.3323331716817506,1.0,1.0,1.0,0.0,2009.2490234375,0.0,0.0,0.0,0.0,0.0,0.0,0.0,0.0,0.0,0.0
2382,D,D,D2382D,Core,NEGATIVE_CONSENSUS,INVARIABLE,False,False,False,1.3550495,0.12219864704104512,1.0,1.0,1.0,0.0,2009.2490234375,0.0,0.0,0.0,0.0,0.0,0.0,0.0,0.0,0.0,0.0
2383,S,S,S2383S,Core,NEGATIVE_CONSENSUS,INVARIABLE,False,False,False,0.16063248,0.34428743889513225,1.0,1.0,1.0,0.0,2009.2490234375,0.0,0.0,0.0,0.0,0.0,0.0,0.0,0.0,0.0,0.0
2384,N,N,N2384N,Core,NEGATIVE_CONSENSUS,INVARIABLE,False,False,False,0.2697167,0.3017609345059,1.0,1.0,1.0,0.0,2009.2490234375,0.0,0.0,0.0,0.0,0.0,0.0,0.0,0.0,0.0,0.0
2385,K,K,K2385K,Core,NEGATIVE_CONSENSUS,INVARIABLE,False,False,False,1.2671006,0.13015565800770462,1.0,1.0,1.0,0.0,2009.2490234375,0.0,0.0,0.0,0.0,0.0,0.0,0.0,0.0,0.0,0.0
2386,G,G,G2386G,Core,NEGATIVE_CONSENSUS,INVARIABLE,False,False,False,0.15513371,0.3468384480856218,1.0,1.0,1.0,0.0,2009.2490234375,0.0,0.0,0.0,0.0,0.0,0.0,0.0,0.0,0.0,0.0
2387,V,V,V2387V,Core,NEGATIVE_CONSENSUS,INVARIABLE,False,False,False,0.6668461,0.2070766835379521,1.0,1.0,1.0,0.0,2009.2490234375,0.0,0.0,0.0,0.0,0.0,0.0,0.0,0.0,0.0,0.0
2388,T,T,T2388T,Core,NEGATIVE_CONSENSUS,INVARIABLE,False,False,False,0.082995705,0.3866390184146743,1.0,1.0,1.0,0.0,2009.2490234375,0.0,0.0,0.0,0.0,0.0,0.0,0.0,0.0,0.0,0.0
2389,A,T,A2389T,Core,NEGATIVE_CONSENSUS,TEMPORAL_NOISE,False,False,False,0.5757664,0.22398828205548305,0.3517909,0.7128713,0.82331616,0.8410483,2009.3506190413136,0.03135752158567409,2009.2942,2009.3845,0.090307206,0.004509258032219328,0.0030169108310569856,2.796509,-3.4963539,3.2565114,2.7446182
2390,A,A,A2390A,Core,NEGATIVE_CONSENSUS,INVARIABLE,False,False,False,0.50961536,0.23765270523878462,1.0,1.0,1.0,0.0,2009.2490234375,0.0,0.0,0.0,0.0,0.0,0.0,0.0,0.0,0.0,0.0
2391,C,C,C2391C,Core,NEGATIVE_CONSENSUS,INVARIABLE,False,False,False,0.026390823,0.4354747559067704,1.0,1.0,1.0,0.0,2009.2490234375,0.0,0.0,0.0,0.0,0.0,0.0,0.0,0.0,0.0,0.0
2392,P,P,P2392P,Core,NEGATIVE_CONSENSUS,FLAT_NO_SIGNAL,False,False,False,0.49646604,0.2405285212898829,0.35271603,1.0,1.0,0.0,2009.2490234375,0.0,0.0,0.0,0.0,0.0,0.0,0.0,0.0,0.0,0.0
2393,H,Q,H2393Q,Core,NEGATIVE_CONSENSUS,TEMPORAL_NOISE,False,False,False,0.22561055,0.31739890592864417,0.36189717,0.15841584,0.57686293,0.72880465,2009.8585970603813,0.07646439977521965,2009.8135,2009.9038,0.090307206,0.011970237802608122,0.007907666812135533,0.7342638,7.088097,0.82510716,1.4026173
2394,A,A,A2394A,Core,NEGATIVE_CONSENSUS,INVARIABLE,False,False,False,0.6177493,0.21594245077438262,1.0,1.0,1.0,0.0,2009.2490234375,0.0,0.0,0.0,0.0,0.0,0.0,0.0,0.0,0.0,0.0
2395,G,G,G2395G,Core,NEGATIVE_CONSENSUS,INVARIABLE,False,False,False,0.08983235,0.38219519767681476,1.0,1.0,1.0,0.0,2009.2490234375,0.0,0.0,0.0,0.0,0.0,0.0,0.0,0.0,0.0,0.0
2396,A,A,A2396A,Core,NEGATIVE_CONSENSUS,INVARIABLE,False,False,False,0.50961536,0.23765270523878462,1.0,1.0,1.0,0.0,2009.2490234375,0.0,0.0,0.0,0.0,0.0,0.0,0.0,0.0,0.0,0.0
2397,K,K,K2397K,Core,NEGATIVE_CONSENSUS,INVARIABLE,False,False,False,1.651311,0.09939029272701289,1.0,1.0,1.0,0.0,2009.2490234375,0.0,0.0,0.0,0.0,0.0,0.0,0.0,0.0,0.0,0.0
2398,S,S,S2398S,Core,NEGATIVE_CONSENSUS,INVARIABLE,False,False,False,0.49796218,0.2401984475468799,1.0,1.0,1.0,0.0,2009.2490234375,0.0,0.0,0.0,0.0,0.0,0.0,0.0,0.0,0.0,0.0
2399,F,F,F2399F,Core,NEGATIVE_CONSENSUS,INVARIABLE,False,False,False,0.03677015,0.42396688710899644,1.0,1.0,1.0,0.0,2009.2490234375,0.0,0.0,0.0,0.0,0.0,0.0,0.0,0.0,0.0,0.0
2400,Y,Y,Y2400Y,Core,NEGATIVE_CONSENSUS,INVARIABLE,False,False,False,0.03161958,0.4294325827058245,1.0,1.0,1.0,0.0,2009.2490234375,0.0,0.0,0.0,0.0,0.0,0.0,0.0,0.0,0.0,0.0
2401,K,K,K2401K,Core,NEGATIVE_CONSENSUS,INVARIABLE,False,False,False,1.2671006,0.13015565800770462,1.0,1.0,1.0,0.0,2009.2490234375,0.0,0.0,0.0,0.0,0.0,0.0,0.0,0.0,0.0,0.0
2402,N,N,N2402N,Core,NEGATIVE_CONSENSUS,INVARIABLE,False,False,False,0.14756067,0.3504387265808948,1.0,1.0,1.0,0.0,2009.2490234375,0.0,0.0,0.0,0.0,0.0,0.0,0.0,0.0,0.0,0.0
2403,L,L,L2403L,Core,NEGATIVE_CONSENSUS,INVARIABLE,False,False,False,0.28021458,0.2982803046346809,1.0,1.0,1.0,0.0,2009.2490234375,0.0,0.0,0.0,0.0,0.0,0.0,0.0,0.0,0.0,0.0
2404,I,I,I2404I,Core,NEGATIVE_CONSENSUS,INVARIABLE,False,False,False,0.54680234,0.22981360350802466,1.0,1.0,1.0,0.0,2009.2490234375,0.0,0.0,0.0,0.0,0.0,0.0,0.0,0.0,0.0,0.0
2405,W,W,W2405W,Core,NEGATIVE_CONSENSUS,INVARIABLE,False,False,False,0.14326186,0.3525297858631183,1.0,1.0,1.0,0.0,2009.2490234375,0.0,0.0,0.0,0.0,0.0,0.0,0.0,0.0,0.0,0.0
2406,L,L,L2406L,Core,NEGATIVE_CONSENSUS,INVARIABLE,False,False,False,0.20977953,0.32347013020324433,1.0,1.0,1.0,0.0,2009.2490234375,0.0,0.0,0.0,0.0,0.0,0.0,0.0,0.0,0.0,0.0
2407,V,V,V2407V,Core,NEGATIVE_CONSENSUS,INVARIABLE,False,False,False,0.27149606,0.3011649827004066,1.0,1.0,1.0,0.0,2009.2490234375,0.0,0.0,0.0,0.0,0.0,0.0,0.0,0.0,0.0,0.0
2408,K,K,K2408K,Core,NEGATIVE_CONSENSUS,INVARIABLE,False,False,False,1.2671006,0.13015565800770462,1.0,1.0,1.0,0.0,2009.2490234375,0.0,0.0,0.0,0.0,0.0,0.0,0.0,0.0,0.0,0.0
2409,K,K,K2409K,Core,NEGATIVE_CONSENSUS,INVARIABLE,False,False,False,2.00176,0.07855833980854288,1.0,1.0,1.0,0.0,2009.2490234375,0.0,0.0,0.0,0.0,0.0,0.0,0.0,0.0,0.0,0.0
2410,G,G,G2410G,Core,NEGATIVE_CONSENSUS,INVARIABLE,False,False,False,0.060144283,0.40313402036902146,1.0,1.0,1.0,0.0,2009.2490234375,0.0,0.0,0.0,0.0,0.0,0.0,0.0,0.0,0.0,0.0
2411,N,N,N2411N,Core,NEGATIVE_CONSENSUS,INVARIABLE,False,False,False,0.14756067,0.3504387265808948,1.0,1.0,1.0,0.0,2009.2490234375,0.0,0.0,0.0,0.0,0.0,0.0,0.0,0.0,0.0,0.0
2412,S,S,S2412S,Core,NEGATIVE_CONSENSUS,INVARIABLE,False,False,False,0.07795091,0.39004686073983846,1.0,1.0,1.0,0.0,2009.2490234375,0.0,0.0,0.0,0.0,0.0,0.0,0.0,0.0,0.0,0.0
2413,Y,Y,Y2413Y,Core,NEGATIVE_CONSENSUS,INVARIABLE,False,False,False,0.08357149,0.38625726840274144,1.0,1.0,1.0,0.0,2009.2490234375,0.0,0.0,0.0,0.0,0.0,0.0,0.0,0.0,0.0,0.0
2414,P,P,P2414P,Core,NEGATIVE_CONSENSUS,INVARIABLE,False,False,False,0.09249291,0.3805157715681833,1.0,1.0,1.0,0.0,2009.2490234375,0.0,0.0,0.0,0.0,0.0,0.0,0.0,0.0,0.0,0.0
2415,K,K,K2415K,Core,NEGATIVE_CONSENSUS,INVARIABLE,False,False,False,0.2995089,0.2920952302947697,1.0,1.0,1.0,0.0,2009.2490234375,0.0,0.0,0.0,0.0,0.0,0.0,0.0,0.0,0.0,0.0
2416,L,L,L2416L,Core,NEGATIVE_CONSENSUS,INVARIABLE,False,False,False,0.17319994,0.3386417205269501,1.0,1.0,1.0,0.0,2009.2490234375,0.0,0.0,0.0,0.0,0.0,0.0,0.0,0.0,0.0,0.0
2417,S,S,S2417S,Core,NEGATIVE_CONSENSUS,INVARIABLE,False,False,False,0.49796218,0.2401984475468799,1.0,1.0,1.0,0.0,2009.2490234375,0.0,0.0,0.0,0.0,0.0,0.0,0.0,0.0,0.0,0.0
2418,K,K,K2418K,Core,NEGATIVE_CONSENSUS,INVARIABLE,False,False,False,1.2671006,0.13015565800770462,1.0,1.0,1.0,0.0,2009.2490234375,0.0,0.0,0.0,0.0,0.0,0.0,0.0,0.0,0.0,0.0
2419,S,S,S2419S,Core,NEGATIVE_CONSENSUS,INVARIABLE,False,False,False,0.48222643,0.24370778088239314,1.0,1.0,1.0,0.0,2009.2490234375,0.0,0.0,0.0,0.0,0.0,0.0,0.0,0.0,0.0,0.0
2420,Y,Y,Y2420Y,Core,NEGATIVE_CONSENSUS,INVARIABLE,False,False,False,0.08357149,0.38625726840274144,1.0,1.0,1.0,0.0,2009.2490234375,0.0,0.0,0.0,0.0,0.0,0.0,0.0,0.0,0.0,0.0
2421,I,I,I2421I,Core,NEGATIVE_CONSENSUS,INVARIABLE,False,False,False,0.38125083,0.26846728660982677,1.0,1.0,1.0,0.0,2009.2490234375,0.0,0.0,0.0,0.0,0.0,0.0,0.0,0.0,0.0,0.0
2422,N,N,N2422N,Core,NEGATIVE_CONSENSUS,INVARIABLE,False,False,False,0.14756067,0.3504387265808948,1.0,1.0,1.0,0.0,2009.2490234375,0.0,0.0,0.0,0.0,0.0,0.0,0.0,0.0,0.0,0.0
2423,D,D,D2423D,Core,NEGATIVE_CONSENSUS,INVARIABLE,False,False,False,0.24172953,0.3114798699800736,1.0,1.0,1.0,0.0,2009.2490234375,0.0,0.0,0.0,0.0,0.0,0.0,0.0,0.0,0.0,0.0
2424,K,K,K2424K,Core,NEGATIVE_CONSENSUS,INVARIABLE,False,False,False,1.2671006,0.13015565800770462,1.0,1.0,1.0,0.0,2009.2490234375,0.0,0.0,0.0,0.0,0.0,0.0,0.0,0.0,0.0,0.0
2425,G,R,G2425R,Core,NEGATIVE_CONSENSUS,TEMPORAL_NOISE,False,False,False,0.45860657,0.24913795752600582,0.35272044,0.05940594,0.42981946,0.58577424,2009.587675450212,0.16453230613481215,2009.5538,2009.6102,0.056442004,0.016160916251091843,0.01094585363139441,-6.754018,-1.0309973,1.103052,0.27865568
2426,K,K,K2426K,Core,NEGATIVE_CONSENSUS,INVARIABLE,False,False,False,1.2671006,0.13015565800770462,1.0,1.0,1.0,0.0,2009.2490234375,0.0,0.0,0.0,0.0,0.0,0.0,0.0,0.0,0.0,0.0
2427,E,E,E2427E,Core,NEGATIVE_CONSENSUS,INVARIABLE,False,False,False,0.17737707,0.33681854926235366,1.0,1.0,1.0,0.0,2009.2490234375,0.0,0.0,0.0,0.0,0.0,0.0,0.0,0.0,0.0,0.0
2428,V,I,V2428I,Core,NEGATIVE_CONSENSUS,TEMPORAL_NOISE,False,False,False,0.66099405,0.20810461223085824,0.3517909,0.089108914,0.42981946,0.84295225,2009.7005594544491,0.2210235467903599,2009.6554,2009.7231,0.067730404,0.02781774442748134,0.01884107027895709,0.7554488,-1.2846469,-2.3586066,0.60280395
2429,L,L,L2429L,Core,NEGATIVE_CONSENSUS,INVARIABLE,False,False,False,0.17319994,0.3386417205269501,1.0,1.0,1.0,0.0,2009.2490234375,0.0,0.0,0.0,0.0,0.0,0.0,0.0,0.0,0.0,0.0
2430,V,V,V2430V,Core,NEGATIVE_CONSENSUS,INVARIABLE,False,False,False,0.15838115,0.3453256737119521,1.0,1.0,1.0,0.0,2009.2490234375,0.0,0.0,0.0,0.0,0.0,0.0,0.0,0.0,0.0,0.0
2431,L,L,L2431L,Core,NEGATIVE_CONSENSUS,INVARIABLE,False,False,False,0.20977953,0.32347013020324433,1.0,1.0,1.0,0.0,2009.2490234375,0.0,0.0,0.0,0.0,0.0,0.0,0.0,0.0,0.0,0.0
2432,W,W,W2432W,Core,NEGATIVE_CONSENSUS,INVARIABLE,False,False,False,0.14326186,0.3525297858631183,1.0,1.0,1.0,0.0,2009.2490234375,0.0,0.0,0.0,0.0,0.0,0.0,0.0,0.0,0.0,0.0
2433,G,G,G2433G,Core,NEGATIVE_CONSENSUS,INVARIABLE,False,False,False,0.31973153,0.28588451406953874,1.0,1.0,1.0,0.0,2009.2490234375,0.0,0.0,0.0,0.0,0.0,0.0,0.0,0.0,0.0,0.0
2434,I,I,I2434I,Core,NEGATIVE_CONSENSUS,INVARIABLE,False,False,False,0.7167717,0.19860244442133695,1.0,1.0,1.0,0.0,2009.2490234375,0.0,0.0,0.0,0.0,0.0,0.0,0.0,0.0,0.0,0.0
2435,H,H,H2435H,Core,NEGATIVE_CONSENSUS,INVARIABLE,False,False,False,0.534049,0.23245477158082695,1.0,1.0,1.0,0.0,2009.2490234375,0.0,0.0,0.0,0.0,0.0,0.0,0.0,0.0,0.0,0.0
2436,H,H,H2436H,Core,NEGATIVE_CONSENSUS,INVARIABLE,False,False,False,0.18790461,0.3323331716817506,1.0,1.0,1.0,0.0,2009.2490234375,0.0,0.0,0.0,0.0,0.0,0.0,0.0,0.0,0.0,0.0
2437,P,S,P2437S,Core,NEGATIVE_CONSENSUS,TEMPORAL_NOISE,False,False,False,0.28846765,0.2956020881848941,0.36189717,0.7326733,0.8267781,0.7712912,2009.3393306408898,0.04971783012840511,2009.2828,2009.3732,0.090307206,0.00718465459271669,0.004774947614104016,2.8309305,-3.6302865,3.4274516,3.0425725
2438,S,S,S2438S,Core,NEGATIVE_CONSENSUS,INVARIABLE,False,False,False,0.26384795,0.30374440131695446,1.0,1.0,1.0,0.0,2009.2490234375,0.0,0.0,0.0,0.0,0.0,0.0,0.0,0.0,0.0,0.0
2439,T,T,T2439T,Core,NEGATIVE_CONSENSUS,INVARIABLE,False,False,False,0.013386176,0.4539456909214876,1.0,1.0,1.0,0.0,2009.2490234375,0.0,0.0,0.0,0.0,0.0,0.0,0.0,0.0,0.0,0.0
2440,S,I,S2440I,Core,NEGATIVE_CONSENSUS,TEMPORAL_NOISE,False,False,False,5.2841463,0.010760220155130567,0.3517909,0.089108914,0.42981946,0.8429519,2009.7005594544491,0.1927245804478931,2009.6554,2009.7231,0.067730404,0.02425607633540327,0.01642873814296738,0.75544906,-1.284648,-2.3585975,0.6027993
2441,A,D,A2441D,Core,NEGATIVE_CONSENSUS,TEMPORAL_NOISE,False,False,False,2.3054981,0.06445847324061994,0.3517909,0.41584158,0.6669024,0.82905227,2009.6892710540253,0.09223847031053259,2009.6554,2009.7231,0.067730404,0.011629390622262996,0.007876633081690051,0.7569571,-1.3206034,-2.0523221,0.44683522
2442,D,G,D2442G,Core,NEGATIVE_CONSENSUS,TEMPORAL_NOISE,False,False,False,5.2192492,0.01116909644842493,0.3517909,0.41584158,0.6669024,0.82905227,2009.6892710540253,0.07234741702132357,2009.6554,2009.7231,0.067730404,0.009121534325322141,0.006178051916586394,0.75695705,-1.3206031,-2.052322,0.4468352
2443,Q,Q,Q2443Q,Core,NEGATIVE_CONSENSUS,INVARIABLE,False,False,False,0.12545806,0.3615942787531241,1.0,1.0,1.0,0.0,2009.2490234375,0.0,0.0,0.0,0.0,0.0,0.0,0.0,0.0,0.0,0.0
2444,Q,Q,Q2444Q,Core,NEGATIVE_CONSENSUS,INVARIABLE,False,False,False,0.1328033,0.35777149996023005,1.0,1.0,1.0,0.0,2009.2490234375,0.0,0.0,0.0,0.0,0.0,0.0,0.0,0.0,0.0,0.0
2445,S,N,S2445N,Core,NEGATIVE_CONSENSUS,TEMPORAL_NOISE,False,False,False,2.9660275,0.04251521064579216,0.3517909,0.56435645,0.72686744,0.6839188,2009.3844842425847,0.0711270991927532,2009.3394,2009.4183,0.0790188,0.009761792509352388,0.006597288478327315,2.43709,-2.622772,2.245492,0.9063677
2446,L,L,L2446L,Core,NEGATIVE_CONSENSUS,INVARIABLE,False,False,False,0.14416164,0.3520891673898854,1.0,1.0,1.0,0.0,2009.2490234375,0.0,0.0,0.0,0.0,0.0,0.0,0.0,0.0,0.0,0.0
2447,Y,Y,Y2447Y,Core,NEGATIVE_CONSENSUS,INVARIABLE,False,False,False,0.04160279,0.41918940090001205,1.0,1.0,1.0,0.0,2009.2490234375,0.0,0.0,0.0,0.0,0.0,0.0,0.0,0.0,0.0,0.0
2448,Q,Q,Q2448Q,Core,NEGATIVE_CONSENSUS,INVARIABLE,False,False,False,0.14861211,0.3499326088640236,1.0,1.0,1.0,0.0,2009.2490234375,0.0,0.0,0.0,0.0,0.0,0.0,0.0,0.0,0.0,0.0
2449,N,N,N2449N,Core,NEGATIVE_CONSENSUS,INVARIABLE,False,False,False,0.14756067,0.3504387265808948,1.0,1.0,1.0,0.0,2009.2490234375,0.0,0.0,0.0,0.0,0.0,0.0,0.0,0.0,0.0,0.0
2450,A,A,A2450A,Core,NEGATIVE_CONSENSUS,INVARIABLE,False,False,False,0.50961536,0.23765270523878462,1.0,1.0,1.0,0.0,2009.2490234375,0.0,0.0,0.0,0.0,0.0,0.0,0.0,0.0,0.0,0.0
2451,D,D,D2451D,Core,NEGATIVE_CONSENSUS,INVARIABLE,False,False,False,0.24172953,0.3114798699800736,1.0,1.0,1.0,0.0,2009.2490234375,0.0,0.0,0.0,0.0,0.0,0.0,0.0,0.0,0.0,0.0
2452,A,T,A2452T,Core,NEGATIVE_CONSENSUS,FLAT_NO_SIGNAL,False,False,False,0.6546829,0.20922169422554998,0.3517909,1.0,1.0,0.0,2009.2490234375,0.0,0.0,0.0,0.0,0.0,0.0,0.0,0.0,0.0,0.0
2453,Y,Y,Y2453Y,Core,NEGATIVE_CONSENSUS,INVARIABLE,False,False,False,0.04160279,0.41918940090001205,1.0,1.0,1.0,0.0,2009.2490234375,0.0,0.0,0.0,0.0,0.0,0.0,0.0,0.0,0.0,0.0
2454,V,V,V2454V,Core,NEGATIVE_CONSENSUS,INVARIABLE,False,False,False,0.27149606,0.3011649827004066,1.0,1.0,1.0,0.0,2009.2490234375,0.0,0.0,0.0,0.0,0.0,0.0,0.0,0.0,0.0,0.0
2455,F,F,F2455F,Core,NEGATIVE_CONSENSUS,INVARIABLE,False,False,False,0.061055347,0.4024178149016429,1.0,1.0,1.0,0.0,2009.2490234375,0.0,0.0,0.0,0.0,0.0,0.0,0.0,0.0,0.0,0.0
2456,V,V,V2456V,Core,NEGATIVE_CONSENSUS,INVARIABLE,False,False,False,0.07943011,0.38903559867307874,1.0,1.0,1.0,0.0,2009.2490234375,0.0,0.0,0.0,0.0,0.0,0.0,0.0,0.0,0.0,0.0
2457,G,G,G2457G,Core,NEGATIVE_CONSENSUS,INVARIABLE,False,False,False,0.07168451,0.39444987134561393,1.0,1.0,1.0,0.0,2009.2490234375,0.0,0.0,0.0,0.0,0.0,0.0,0.0,0.0,0.0,0.0
2458,S,T,S2458T,Core,NEGATIVE_CONSENSUS,TEMPORAL_NOISE,False,False,False,0.4796501,0.24429042257960876,0.35272044,0.14851485,0.57686293,0.95469093,2009.4747914459747,0.028576861585992153,2009.3958,2009.7344,0.338652,0.010079404097270176,0.00677548717804924,2.0852191,-3.1315765,-1.425158,-5.090185
2459,S,S,S2459S,Core,NEGATIVE_CONSENSUS,INVARIABLE,False,False,False,0.2075632,0.3243420394483918,1.0,1.0,1.0,0.0,2009.2490234375,0.0,0.0,0.0,0.0,0.0,0.0,0.0,0.0,0.0,0.0
2460,R,K,R2460K,Core,NEGATIVE_CONSENSUS,TEMPORAL_NOISE,False,False,False,0.4388389,0.25384170115029625,0.35272044,0.1980198,0.5809792,0.4235462,2009.576387049788,0.16519363208530333,2009.5425,2009.599,0.056442004,0.01604052229811429,0.010762135421763769,-7.426834,-1.2394437,1.684903,0.26507708
2461,Y,Y,Y2461Y,Core,NEGATIVE_CONSENSUS,INVARIABLE,False,False,False,0.029169455,0.43219418022762496,1.0,1.0,1.0,0.0,2009.2490234375,0.0,0.0,0.0,0.0,0.0,0.0,0.0,0.0,0.0,0.0
2462,S,S,S2462S,Core,NEGATIVE_CONSENSUS,INVARIABLE,False,False,False,0.49796218,0.2401984475468799,1.0,1.0,1.0,0.0,2009.2490234375,0.0,0.0,0.0,0.0,0.0,0.0,0.0,0.0,0.0,0.0
2463,K,K,K2463K,Core,NEGATIVE_CONSENSUS,INVARIABLE,False,False,False,0.2995089,0.2920952302947697,1.0,1.0,1.0,0.0,2009.2490234375,0.0,0.0,0.0,0.0,0.0,0.0,0.0,0.0,0.0,0.0
2464,K,K,K2464K,Core,NEGATIVE_CONSENSUS,INVARIABLE,False,False,False,0.2995089,0.2920952302947697,1.0,1.0,1.0,0.0,2009.2490234375,0.0,0.0,0.0,0.0,0.0,0.0,0.0,0.0,0.0,0.0
2465,F,F,F2465F,Core,NEGATIVE_CONSENSUS,INVARIABLE,False,False,False,0.03677015,0.42396688710899644,1.0,1.0,1.0,0.0,2009.2490234375,0.0,0.0,0.0,0.0,0.0,0.0,0.0,0.0,0.0,0.0
2466,K,K,K2466K,Core,NEGATIVE_CONSENSUS,INVARIABLE,False,False,False,0.2995089,0.2920952302947697,1.0,1.0,1.0,0.0,2009.2490234375,0.0,0.0,0.0,0.0,0.0,0.0,0.0,0.0,0.0,0.0
2467,P,P,P2467P,Core,NEGATIVE_CONSENSUS,INVARIABLE,False,False,False,0.084023274,0.3859587324025193,1.0,1.0,1.0,0.0,2009.2490234375,0.0,0.0,0.0,0.0,0.0,0.0,0.0,0.0,0.0,0.0
2468,E,E,E2468E,Core,NEGATIVE_CONSENSUS,INVARIABLE,False,False,False,0.17737707,0.33681854926235366,1.0,1.0,1.0,0.0,2009.2490234375,0.0,0.0,0.0,0.0,0.0,0.0,0.0,0.0,0.0,0.0
2469,I,I,I2469I,Core,NEGATIVE_CONSENSUS,INVARIABLE,False,False,False,1.0355865,0.15442508350662135,1.0,1.0,1.0,0.0,2009.2490234375,0.0,0.0,0.0,0.0,0.0,0.0,0.0,0.0,0.0,0.0
2470,A,A,A2470A,Core,NEGATIVE_CONSENSUS,INVARIABLE,False,False,False,0.50961536,0.23765270523878462,1.0,1.0,1.0,0.0,2009.2490234375,0.0,0.0,0.0,0.0,0.0,0.0,0.0,0.0,0.0,0.0
2471,I,I,I2471I,Core,NEGATIVE_CONSENSUS,INVARIABLE,False,False,False,3.6024387,0.028847439134328884,1.0,1.0,1.0,0.0,2009.2490234375,0.0,0.0,0.0,0.0,0.0,0.0,0.0,0.0,0.0,0.0
2472,R,R,R2472R,Core,NEGATIVE_CONSENSUS,INVARIABLE,False,False,False,0.047289148,0.41392467273385114,1.0,1.0,1.0,0.0,2009.2490234375,0.0,0.0,0.0,0.0,0.0,0.0,0.0,0.0,0.0,0.0
2473,P,P,P2473P,Core,NEGATIVE_CONSENSUS,INVARIABLE,False,False,False,0.13949645,0.35439106371219375,1.0,1.0,1.0,0.0,2009.2490234375,0.0,0.0,0.0,0.0,0.0,0.0,0.0,0.0,0.0,0.0
2474,K,K,K2474K,Core,NEGATIVE_CONSENSUS,INVARIABLE,False,False,False,1.2671006,0.13015565800770462,1.0,1.0,1.0,0.0,2009.2490234375,0.0,0.0,0.0,0.0,0.0,0.0,0.0,0.0,0.0,0.0
2475,V,V,V2475V,Core,NEGATIVE_CONSENSUS,INVARIABLE,False,False,False,0.15838115,0.3453256737119521,1.0,1.0,1.0,0.0,2009.2490234375,0.0,0.0,0.0,0.0,0.0,0.0,0.0,0.0,0.0,0.0
2476,R,R,R2476R,Core,NEGATIVE_CONSENSUS,INVARIABLE,False,False,False,0.026146797,0.43577116494005275,1.0,1.0,1.0,0.0,2009.2490234375,0.0,0.0,0.0,0.0,0.0,0.0,0.0,0.0,0.0,0.0
2477,D,E,D2477E,Core,NEGATIVE_CONSENSUS,TEMPORAL_NOISE,False,False,False,0.28731284,0.2959738483918579,0.36189717,0.20792079,0.5809792,0.86961603,2009.4635030455509,0.08791701350357628,2009.4071,2009.7795,0.37251723,0.023726656415198676,0.01606884955844151,1.3873225,-1.0417645,-3.7365458,-4.8853307
2478,Q,Q,Q2478Q,Core,NEGATIVE_CONSENSUS,INVARIABLE,False,False,False,0.1328033,0.35777149996023005,1.0,1.0,1.0,0.0,2009.2490234375,0.0,0.0,0.0,0.0,0.0,0.0,0.0,0.0,0.0,0.0
2479,E,E,E2479E,Core,NEGATIVE_CONSENSUS,INVARIABLE,False,False,False,0.18841438,0.33211980235594296,1.0,1.0,1.0,0.0,2009.2490234375,0.0,0.0,0.0,0.0,0.0,0.0,0.0,0.0,0.0,0.0
2480,G,G,G2480G,Core,NEGATIVE_CONSENSUS,INVARIABLE,False,False,False,0.10198707,0.37472898848367453,1.0,1.0,1.0,0.0,2009.2490234375,0.0,0.0,0.0,0.0,0.0,0.0,0.0,0.0,0.0,0.0
2481,R,R,R2481R,Core,NEGATIVE_CONSENSUS,INVARIABLE,False,False,False,0.047289148,0.41392467273385114,1.0,1.0,1.0,0.0,2009.2490234375,0.0,0.0,0.0,0.0,0.0,0.0,0.0,0.0,0.0,0.0
2482,M,M,M2482M,Core,NEGATIVE_CONSENSUS,INVARIABLE,False,False,False,0.04345588,0.4174346170740496,1.0,1.0,1.0,0.0,2009.2490234375,0.0,0.0,0.0,0.0,0.0,0.0,0.0,0.0,0.0,0.0
2483,N,K,N2483K,Core,NEGATIVE_CONSENSUS,TEMPORAL_NOISE,False,False,False,0.4201262,0.25843703988963385,0.35276657,0.0990099,0.44284427,0.80625695,2009.7005594544491,0.10535842237888518,2009.6554,2009.7231,0.067730404,0.014275973583500223,0.00966209738973902,0.8141052,-0.71929455,-2.2347264,0.71667135
2484,Y,Y,Y2484Y,Core,NEGATIVE_CONSENSUS,INVARIABLE,False,False,False,0.04160279,0.41918940090001205,1.0,1.0,1.0,0.0,2009.2490234375,0.0,0.0,0.0,0.0,0.0,0.0,0.0,0.0,0.0,0.0
2485,Y,Y,Y2485Y,Core,NEGATIVE_CONSENSUS,INVARIABLE,False,False,False,0.08357149,0.38625726840274144,1.0,1.0,1.0,0.0,2009.2490234375,0.0,0.0,0.0,0.0,0.0,0.0,0.0,0.0,0.0,0.0
2486,W,W,W2486W,Core,NEGATIVE_CONSENSUS,INVARIABLE,False,False,False,0.14326186,0.3525297858631183,1.0,1.0,1.0,0.0,2009.2490234375,0.0,0.0,0.0,0.0,0.0,0.0,0.0,0.0,0.0,0.0
2487,T,T,T2487T,Core,NEGATIVE_CONSENSUS,INVARIABLE,False,False,False,0.03364685,0.427230012532943,1.0,1.0,1.0,0.0,2009.2490234375,0.0,0.0,0.0,0.0,0.0,0.0,0.0,0.0,0.0,0.0
2488,L,L,L2488L,Core,NEGATIVE_CONSENSUS,INVARIABLE,False,False,False,0.20977953,0.32347013020324433,1.0,1.0,1.0,0.0,2009.2490234375,0.0,0.0,0.0,0.0,0.0,0.0,0.0,0.0,0.0,0.0
2489,V,V,V2489V,Core,NEGATIVE_CONSENSUS,INVARIABLE,False,False,False,0.60705686,0.21794905634298722,1.0,1.0,1.0,0.0,2009.2490234375,0.0,0.0,0.0,0.0,0.0,0.0,0.0,0.0,0.0,0.0
2490,E,E,E2490E,Core,NEGATIVE_CONSENSUS,INVARIABLE,False,False,False,0.09971498,0.37608596908684694,1.0,1.0,1.0,0.0,2009.2490234375,0.0,0.0,0.0,0.0,0.0,0.0,0.0,0.0,0.0,0.0
2491,P,P,P2491P,Core,NEGATIVE_CONSENSUS,INVARIABLE,False,False,False,0.084023274,0.3859587324025193,1.0,1.0,1.0,0.0,2009.2490234375,0.0,0.0,0.0,0.0,0.0,0.0,0.0,0.0,0.0,0.0
2492,G,G,G2492G,Core,NEGATIVE_CONSENSUS,INVARIABLE,False,False,False,0.06380665,0.40028874683369137,1.0,1.0,1.0,0.0,2009.2490234375,0.0,0.0,0.0,0.0,0.0,0.0,0.0,0.0,0.0,0.0
2493,D,D,D2493D,Core,NEGATIVE_CONSENSUS,INVARIABLE,False,False,False,2.8818045,0.044792789968923004,1.0,1.0,1.0,0.0,2009.2490234375,0.0,0.0,0.0,0.0,0.0,0.0,0.0,0.0,0.0,0.0
2494,K,K,K2494K,Core,NEGATIVE_CONSENSUS,INVARIABLE,False,False,False,1.2671006,0.13015565800770462,1.0,1.0,1.0,0.0,2009.2490234375,0.0,0.0,0.0,0.0,0.0,0.0,0.0,0.0,0.0,0.0
2495,I,I,I2495I,Core,NEGATIVE_CONSENSUS,INVARIABLE,False,False,False,1.0355865,0.15442508350662135,1.0,1.0,1.0,0.0,2009.2490234375,0.0,0.0,0.0,0.0,0.0,0.0,0.0,0.0,0.0,0.0
2496,T,T,T2496T,Core,NEGATIVE_CONSENSUS,INVARIABLE,False,False,False,0.03364685,0.427230012532943,1.0,1.0,1.0,0.0,2009.2490234375,0.0,0.0,0.0,0.0,0.0,0.0,0.0,0.0,0.0,0.0
2497,F,F,F2497F,Core,NEGATIVE_CONSENSUS,INVARIABLE,False,False,False,0.03677015,0.42396688710899644,1.0,1.0,1.0,0.0,2009.2490234375,0.0,0.0,0.0,0.0,0.0,0.0,0.0,0.0,0.0,0.0
2498,E,E,E2498E,Core,NEGATIVE_CONSENSUS,INVARIABLE,False,False,False,0.18543,0.3333738593887767,1.0,1.0,1.0,0.0,2009.2490234375,0.0,0.0,0.0,0.0,0.0,0.0,0.0,0.0,0.0,0.0
2499,A,A,A2499A,Core,NEGATIVE_CONSENSUS,INVARIABLE,False,False,False,0.50961536,0.23765270523878462,1.0,1.0,1.0,0.0,2009.2490234375,0.0,0.0,0.0,0.0,0.0,0.0,0.0,0.0,0.0,0.0
2500,T,T,T2500T,Core,NEGATIVE_CONSENSUS,INVARIABLE,False,False,False,0.026892863,0.434869336287794,1.0,1.0,1.0,0.0,2009.2490234375,0.0,0.0,0.0,0.0,0.0,0.0,0.0,0.0,0.0,0.0
2501,G,G,G2501G,Core,NEGATIVE_CONSENSUS,INVARIABLE,False,False,False,0.06043919,0.4029015609348925,1.0,1.0,1.0,0.0,2009.2490234375,0.0,0.0,0.0,0.0,0.0,0.0,0.0,0.0,0.0,0.0
2502,N,N,N2502N,Core,NEGATIVE_CONSENSUS,INVARIABLE,False,False,False,0.14756067,0.3504387265808948,1.0,1.0,1.0,0.0,2009.2490234375,0.0,0.0,0.0,0.0,0.0,0.0,0.0,0.0,0.0,0.0
2503,L,L,L2503L,Core,NEGATIVE_CONSENSUS,INVARIABLE,False,False,False,0.20977953,0.32347013020324433,1.0,1.0,1.0,0.0,2009.2490234375,0.0,0.0,0.0,0.0,0.0,0.0,0.0,0.0,0.0,0.0
2504,V,L,V2504L,Core,NEGATIVE_CONSENSUS,TEMPORAL_NOISE,False,False,False,0.25766653,0.305863916201601,0.36189717,0.77227724,0.83691716,0.43369415,2009.4635030455509,0.029413395456671876,2009.249,2009.4861,0.2370564,0.004461135960233222,0.0029288645957797157,2.2377884,-2.238681,1.4467889,-3.3000815
2505,V,V,V2505V,Core,NEGATIVE_CONSENSUS,INVARIABLE,False,False,False,0.60705686,0.21794905634298722,1.0,1.0,1.0,0.0,2009.2490234375,0.0,0.0,0.0,0.0,0.0,0.0,0.0,0.0,0.0,0.0
2506,P,P,P2506P,Core,NEGATIVE_CONSENSUS,INVARIABLE,False,False,False,0.084023274,0.3859587324025193,1.0,1.0,1.0,0.0,2009.2490234375,0.0,0.0,0.0,0.0,0.0,0.0,0.0,0.0,0.0,0.0
2507,R,R,R2507R,Core,NEGATIVE_CONSENSUS,INVARIABLE,False,False,False,0.047289148,0.41392467273385114,1.0,1.0,1.0,0.0,2009.2490234375,0.0,0.0,0.0,0.0,0.0,0.0,0.0,0.0,0.0,0.0
2508,Y,Y,Y2508Y,Core,NEGATIVE_CONSENSUS,INVARIABLE,False,False,False,0.04160279,0.41918940090001205,1.0,1.0,1.0,0.0,2009.2490234375,0.0,0.0,0.0,0.0,0.0,0.0,0.0,0.0,0.0,0.0
2509,A,A,A2509A,Core,NEGATIVE_CONSENSUS,INVARIABLE,False,False,False,0.50961536,0.23765270523878462,1.0,1.0,1.0,0.0,2009.2490234375,0.0,0.0,0.0,0.0,0.0,0.0,0.0,0.0,0.0,0.0
2510,F,F,F2510F,Core,NEGATIVE_CONSENSUS,INVARIABLE,False,False,False,0.03677015,0.42396688710899644,1.0,1.0,1.0,0.0,2009.2490234375,0.0,0.0,0.0,0.0,0.0,0.0,0.0,0.0,0.0,0.0
2511,A,T,A2511T,Core,NEGATIVE_CONSENSUS,TEMPORAL_NOISE,False,False,False,0.5681023,0.22550699932336693,0.3517909,0.0990099,0.44284427,0.6311197,2009.8811738612287,0.09318400924243159,2009.8247,2009.915,0.090307206,0.014176741521862752,0.009160037572110138,0.7812598,7.3847756,1.6869613,1.2570692
2512,M,M,M2512M,Core,NEGATIVE_CONSENSUS,INVARIABLE,False,False,False,0.04345588,0.4174346170740496,1.0,1.0,1.0,0.0,2009.2490234375,0.0,0.0,0.0,0.0,0.0,0.0,0.0,0.0,0.0,0.0
2513,E,E,E2513E,Core,NEGATIVE_CONSENSUS,INVARIABLE,False,False,False,0.17737707,0.33681854926235366,1.0,1.0,1.0,0.0,2009.2490234375,0.0,0.0,0.0,0.0,0.0,0.0,0.0,0.0,0.0,0.0
2514,R,R,R2514R,Core,NEGATIVE_CONSENSUS,INVARIABLE,False,False,False,0.047289148,0.41392467273385114,1.0,1.0,1.0,0.0,2009.2490234375,0.0,0.0,0.0,0.0,0.0,0.0,0.0,0.0,0.0,0.0
2515,N,N,N2515N,Core,NEGATIVE_CONSENSUS,INVARIABLE,False,False,False,0.10178847,0.37484693348661774,1.0,1.0,1.0,0.0,2009.2490234375,0.0,0.0,0.0,0.0,0.0,0.0,0.0,0.0,0.0,0.0
2516,A,A,A2516A,Core,NEGATIVE_CONSENSUS,INVARIABLE,False,False,False,0.6177493,0.21594245077438262,1.0,1.0,1.0,0.0,2009.2490234375,0.0,0.0,0.0,0.0,0.0,0.0,0.0,0.0,0.0,0.0
2517,G,G,G2517G,Core,NEGATIVE_CONSENSUS,INVARIABLE,False,False,False,0.052974485,0.4089829962074773,1.0,1.0,1.0,0.0,2009.2490234375,0.0,0.0,0.0,0.0,0.0,0.0,0.0,0.0,0.0,0.0
2518,S,S,S2518S,Core,NEGATIVE_CONSENSUS,INVARIABLE,False,False,False,0.26384795,0.30374440131695446,1.0,1.0,1.0,0.0,2009.2490234375,0.0,0.0,0.0,0.0,0.0,0.0,0.0,0.0,0.0,0.0
2519,G,G,G2519G,Core,NEGATIVE_CONSENSUS,INVARIABLE,False,False,False,0.15513371,0.3468384480856218,1.0,1.0,1.0,0.0,2009.2490234375,0.0,0.0,0.0,0.0,0.0,0.0,0.0,0.0,0.0,0.0
2520,I,I,I2520I,Core,NEGATIVE_CONSENSUS,INVARIABLE,False,False,False,0.7167717,0.19860244442133695,1.0,1.0,1.0,0.0,2009.2490234375,0.0,0.0,0.0,0.0,0.0,0.0,0.0,0.0,0.0,0.0
2521,I,I,I2521I,Core,NEGATIVE_CONSENSUS,INVARIABLE,False,False,False,0.41026053,0.2609186505464557,1.0,1.0,1.0,0.0,2009.2490234375,0.0,0.0,0.0,0.0,0.0,0.0,0.0,0.0,0.0,0.0
2522,I,I,I2522I,Core,NEGATIVE_CONSENSUS,INVARIABLE,False,False,False,0.3956561,0.2646705967461359,1.0,1.0,1.0,0.0,2009.2490234375,0.0,0.0,0.0,0.0,0.0,0.0,0.0,0.0,0.0,0.0
2523,S,S,S2523S,Core,NEGATIVE_CONSENSUS,INVARIABLE,False,False,False,0.2075632,0.3243420394483918,1.0,1.0,1.0,0.0,2009.2490234375,0.0,0.0,0.0,0.0,0.0,0.0,0.0,0.0,0.0,0.0
2524,D,D,D2524D,Core,NEGATIVE_CONSENSUS,INVARIABLE,False,False,False,0.24172953,0.3114798699800736,1.0,1.0,1.0,0.0,2009.2490234375,0.0,0.0,0.0,0.0,0.0,0.0,0.0,0.0,0.0,0.0
2525,T,T,T2525T,Core,NEGATIVE_CONSENSUS,INVARIABLE,False,False,False,0.03364685,0.427230012532943,1.0,1.0,1.0,0.0,2009.2490234375,0.0,0.0,0.0,0.0,0.0,0.0,0.0,0.0,0.0,0.0
2526,P,P,P2526P,Core,NEGATIVE_CONSENSUS,INVARIABLE,False,False,False,0.09249291,0.3805157715681833,1.0,1.0,1.0,0.0,2009.2490234375,0.0,0.0,0.0,0.0,0.0,0.0,0.0,0.0,0.0,0.0
2527,V,V,V2527V,Core,NEGATIVE_CONSENSUS,INVARIABLE,False,False,False,0.91231257,0.1697507851367119,1.0,1.0,1.0,0.0,2009.2490234375,0.0,0.0,0.0,0.0,0.0,0.0,0.0,0.0,0.0,0.0
2528,H,H,H2528H,Core,NEGATIVE_CONSENSUS,INVARIABLE,False,False,False,0.1597232,0.3447057404498142,1.0,1.0,1.0,0.0,2009.2490234375,0.0,0.0,0.0,0.0,0.0,0.0,0.0,0.0,0.0,0.0
2529,D,N,D2529N,Core,NEGATIVE_CONSENSUS,TEMPORAL_NOISE,False,False,False,1.2292546,0.1337760244722786,0.3517909,0.089108914,0.42981946,0.8429523,2009.7005594544491,0.13384075834222203,2009.6554,2009.7231,0.067730404,0.016845028008006132,0.011409205278207381,0.75544864,-1.2846464,-2.358609,0.60280514
2530,C,C,C2530C,Core,NEGATIVE_CONSENSUS,INVARIABLE,False,False,False,0.098847605,0.3766084799559455,1.0,1.0,1.0,0.0,2009.2490234375,0.0,0.0,0.0,0.0,0.0,0.0,0.0,0.0,0.0,0.0
2531,N,N,N2531N,Core,NEGATIVE_CONSENSUS,INVARIABLE,False,False,False,0.14756067,0.3504387265808948,1.0,1.0,1.0,0.0,2009.2490234375,0.0,0.0,0.0,0.0,0.0,0.0,0.0,0.0,0.0,0.0
2532,T,T,T2532T,Core,NEGATIVE_CONSENSUS,INVARIABLE,False,False,False,0.03364685,0.427230012532943,1.0,1.0,1.0,0.0,2009.2490234375,0.0,0.0,0.0,0.0,0.0,0.0,0.0,0.0,0.0,0.0
2533,T,T,T2533T,Core,NEGATIVE_CONSENSUS,INVARIABLE,False,False,False,0.026892863,0.434869336287794,1.0,1.0,1.0,0.0,2009.2490234375,0.0,0.0,0.0,0.0,0.0,0.0,0.0,0.0,0.0,0.0
2534,C,C,C2534C,Core,NEGATIVE_CONSENSUS,INVARIABLE,False,False,False,0.025839863,0.4361460100233292,1.0,1.0,1.0,0.0,2009.2490234375,0.0,0.0,0.0,0.0,0.0,0.0,0.0,0.0,0.0,0.0
2535,Q,Q,Q2535Q,Core,NEGATIVE_CONSENSUS,INVARIABLE,False,False,False,0.10237609,0.37449832742003963,1.0,1.0,1.0,0.0,2009.2490234375,0.0,0.0,0.0,0.0,0.0,0.0,0.0,0.0,0.0,0.0
2536,T,T,T2536T,Core,NEGATIVE_CONSENSUS,INVARIABLE,False,False,False,0.03364685,0.427230012532943,1.0,1.0,1.0,0.0,2009.2490234375,0.0,0.0,0.0,0.0,0.0,0.0,0.0,0.0,0.0,0.0
2537,P,S,P2537S,Core,NEGATIVE_CONSENSUS,TEMPORAL_NOISE,False,False,False,0.59721756,0.21982081332614634,0.3517909,0.7920792,0.85461175,0.76082677,2009.4635030455509,0.054372141631912424,2009.328,2009.7231,0.395094,0.017119299939773163,0.01153780912779878,3.097211,-3.2792964,-0.3600275,-3.0455234
2538,K,K,K2538K,Core,NEGATIVE_CONSENSUS,INVARIABLE,False,False,False,0.2995089,0.2920952302947697,1.0,1.0,1.0,0.0,2009.2490234375,0.0,0.0,0.0,0.0,0.0,0.0,0.0,0.0,0.0,0.0
2539,G,G,G2539G,Core,NEGATIVE_CONSENSUS,INVARIABLE,False,False,False,0.15513371,0.3468384480856218,1.0,1.0,1.0,0.0,2009.2490234375,0.0,0.0,0.0,0.0,0.0,0.0,0.0,0.0,0.0,0.0
2540,A,A,A2540A,Core,NEGATIVE_CONSENSUS,INVARIABLE,False,False,False,0.6177493,0.21594245077438262,1.0,1.0,1.0,0.0,2009.2490234375,0.0,0.0,0.0,0.0,0.0,0.0,0.0,0.0,0.0,0.0
2541,I,I,I2541I,Core,NEGATIVE_CONSENSUS,INVARIABLE,False,False,False,1.0355865,0.15442508350662135,1.0,1.0,1.0,0.0,2009.2490234375,0.0,0.0,0.0,0.0,0.0,0.0,0.0,0.0,0.0,0.0
2542,N,N,N2542N,Core,NEGATIVE_CONSENSUS,INVARIABLE,False,False,False,0.2697167,0.3017609345059,1.0,1.0,1.0,0.0,2009.2490234375,0.0,0.0,0.0,0.0,0.0,0.0,0.0,0.0,0.0,0.0
2543,T,T,T2543T,Core,NEGATIVE_CONSENSUS,INVARIABLE,False,False,False,0.020570166,0.4429780466389716,1.0,1.0,1.0,0.0,2009.2490234375,0.0,0.0,0.0,0.0,0.0,0.0,0.0,0.0,0.0,0.0
2544,S,S,S2544S,Core,NEGATIVE_CONSENSUS,INVARIABLE,False,False,False,0.49796218,0.2401984475468799,1.0,1.0,1.0,0.0,2009.2490234375,0.0,0.0,0.0,0.0,0.0,0.0,0.0,0.0,0.0,0.0
2545,L,L,L2545L,Core,NEGATIVE_CONSENSUS,INVARIABLE,False,False,False,0.17319994,0.3386417205269501,1.0,1.0,1.0,0.0,2009.2490234375,0.0,0.0,0.0,0.0,0.0,0.0,0.0,0.0,0.0,0.0
2546,P,P,P2546P,Core,NEGATIVE_CONSENSUS,INVARIABLE,False,False,False,0.09249291,0.3805157715681833,1.0,1.0,1.0,0.0,2009.2490234375,0.0,0.0,0.0,0.0,0.0,0.0,0.0,0.0,0.0,0.0
2547,F,F,F2547F,Core,NEGATIVE_CONSENSUS,INVARIABLE,False,False,False,0.061055347,0.4024178149016429,1.0,1.0,1.0,0.0,2009.2490234375,0.0,0.0,0.0,0.0,0.0,0.0,0.0,0.0,0.0,0.0
2548,Q,H,Q2548H,Core,NEGATIVE_CONSENSUS,TEMPORAL_NOISE,False,False,False,2.5056014,0.05672108541930892,0.3517909,0.06930693,0.42981946,0.4735031,2009.587675450212,0.07806514976182494,2009.5538,2009.6102,0.056442004,0.009910421397432685,0.006691699405456821,-6.182708,-2.036681,2.2451277,1.3659244
2549,N,N,N2549N,Core,NEGATIVE_CONSENSUS,INVARIABLE,False,False,False,0.14756067,0.3504387265808948,1.0,1.0,1.0,0.0,2009.2490234375,0.0,0.0,0.0,0.0,0.0,0.0,0.0,0.0,0.0,0.0
2550,I,I,I2550I,Core,NEGATIVE_CONSENSUS,INVARIABLE,False,False,False,1.0355865,0.15442508350662135,1.0,1.0,1.0,0.0,2009.2490234375,0.0,0.0,0.0,0.0,0.0,0.0,0.0,0.0,0.0,0.0
2551,H,H,H2551H,Core,NEGATIVE_CONSENSUS,INVARIABLE,False,False,False,0.18790461,0.3323331716817506,1.0,1.0,1.0,0.0,2009.2490234375,0.0,0.0,0.0,0.0,0.0,0.0,0.0,0.0,0.0,0.0
2552,P,S,P2552S,Core,RESCUED_SWEEP,CONFIRMED_SWEEP,True,False,True,0.39280382,0.2654146329220844,0.3564026,0.02970297,0.42981946,0.9113982,2009.4973682468221,0.22753393809550948,2009.4523,2009.5312,0.0790188,0.030561841110144896,0.020699649623363167,0.09439272,-0.77493507,-0.31160265,-7.0891666
2553,I,I,I2553I,Core,NEGATIVE_CONSENSUS,INVARIABLE,False,False,False,0.27949008,0.29851781448290593,1.0,1.0,1.0,0.0,2009.2490234375,0.0,0.0,0.0,0.0,0.0,0.0,0.0,0.0,0.0,0.0
2554,T,T,T2554T,Core,NEGATIVE_CONSENSUS,INVARIABLE,False,False,False,0.03364685,0.427230012532943,1.0,1.0,1.0,0.0,2009.2490234375,0.0,0.0,0.0,0.0,0.0,0.0,0.0,0.0,0.0,0.0
2555,I,I,I2555I,Core,NEGATIVE_CONSENSUS,INVARIABLE,False,False,False,0.7167717,0.19860244442133695,1.0,1.0,1.0,0.0,2009.2490234375,0.0,0.0,0.0,0.0,0.0,0.0,0.0,0.0,0.0,0.0
2556,G,G,G2556G,Core,NEGATIVE_CONSENSUS,INVARIABLE,False,False,False,0.08983235,0.38219519767681476,1.0,1.0,1.0,0.0,2009.2490234375,0.0,0.0,0.0,0.0,0.0,0.0,0.0,0.0,0.0,0.0
2557,K,K,K2557K,Core,NEGATIVE_CONSENSUS,INVARIABLE,False,False,False,1.2671006,0.13015565800770462,1.0,1.0,1.0,0.0,2009.2490234375,0.0,0.0,0.0,0.0,0.0,0.0,0.0,0.0,0.0,0.0
2558,C,C,C2558C,Core,NEGATIVE_CONSENSUS,INVARIABLE,False,False,False,0.025839863,0.4361460100233292,1.0,1.0,1.0,0.0,2009.2490234375,0.0,0.0,0.0,0.0,0.0,0.0,0.0,0.0,0.0,0.0
2559,P,P,P2559P,Core,NEGATIVE_CONSENSUS,INVARIABLE,False,False,False,0.06403877,0.40011137855243506,1.0,1.0,1.0,0.0,2009.2490234375,0.0,0.0,0.0,0.0,0.0,0.0,0.0,0.0,0.0,0.0
2560,K,K,K2560K,Core,NEGATIVE_CONSENSUS,INVARIABLE,False,False,False,1.2671006,0.13015565800770462,1.0,1.0,1.0,0.0,2009.2490234375,0.0,0.0,0.0,0.0,0.0,0.0,0.0,0.0,0.0,0.0
2561,Y,Y,Y2561Y,Core,NEGATIVE_CONSENSUS,INVARIABLE,False,False,False,0.04160279,0.41918940090001205,1.0,1.0,1.0,0.0,2009.2490234375,0.0,0.0,0.0,0.0,0.0,0.0,0.0,0.0,0.0,0.0
2562,V,V,V2562V,Core,NEGATIVE_CONSENSUS,INVARIABLE,False,False,False,0.60705686,0.21794905634298722,1.0,1.0,1.0,0.0,2009.2490234375,0.0,0.0,0.0,0.0,0.0,0.0,0.0,0.0,0.0,0.0
2563,K,K,K2563K,Core,NEGATIVE_CONSENSUS,INVARIABLE,False,False,False,1.2671006,0.13015565800770462,1.0,1.0,1.0,0.0,2009.2490234375,0.0,0.0,0.0,0.0,0.0,0.0,0.0,0.0,0.0,0.0
2564,S,S,S2564S,Core,NEGATIVE_CONSENSUS,INVARIABLE,False,False,False,0.49796218,0.2401984475468799,1.0,1.0,1.0,0.0,2009.2490234375,0.0,0.0,0.0,0.0,0.0,0.0,0.0,0.0,0.0,0.0
2565,T,T,T2565T,Core,NEGATIVE_CONSENSUS,INVARIABLE,False,False,False,0.03364685,0.427230012532943,1.0,1.0,1.0,0.0,2009.2490234375,0.0,0.0,0.0,0.0,0.0,0.0,0.0,0.0,0.0,0.0
2566,K,K,K2566K,Core,NEGATIVE_CONSENSUS,INVARIABLE,False,False,False,1.2671006,0.13015565800770462,1.0,1.0,1.0,0.0,2009.2490234375,0.0,0.0,0.0,0.0,0.0,0.0,0.0,0.0,0.0,0.0
2567,L,L,L2567L,Core,NEGATIVE_CONSENSUS,INVARIABLE,False,False,False,0.11684559,0.36624060240780854,1.0,1.0,1.0,0.0,2009.2490234375,0.0,0.0,0.0,0.0,0.0,0.0,0.0,0.0,0.0,0.0
2568,R,R,R2568R,Core,NEGATIVE_CONSENSUS,INVARIABLE,False,False,False,0.047289148,0.41392467273385114,1.0,1.0,1.0,0.0,2009.2490234375,0.0,0.0,0.0,0.0,0.0,0.0,0.0,0.0,0.0,0.0
2569,L,L,L2569L,Core,NEGATIVE_CONSENSUS,INVARIABLE,False,False,False,0.15878537,0.3451386324350256,1.0,1.0,1.0,0.0,2009.2490234375,0.0,0.0,0.0,0.0,0.0,0.0,0.0,0.0,0.0,0.0
2570,A,A,A2570A,Core,NEGATIVE_CONSENSUS,INVARIABLE,False,False,False,1.0132155,0.15706686261615616,1.0,1.0,1.0,0.0,2009.2490234375,0.0,0.0,0.0,0.0,0.0,0.0,0.0,0.0,0.0,0.0
2571,T,T,T2571T,Core,NEGATIVE_CONSENSUS,INVARIABLE,False,False,False,0.03364685,0.427230012532943,1.0,1.0,1.0,0.0,2009.2490234375,0.0,0.0,0.0,0.0,0.0,0.0,0.0,0.0,0.0,0.0
2572,G,G,G2572G,Core,NEGATIVE_CONSENSUS,INVARIABLE,False,False,False,0.08983235,0.38219519767681476,1.0,1.0,1.0,0.0,2009.2490234375,0.0,0.0,0.0,0.0,0.0,0.0,0.0,0.0,0.0,0.0
2573,L,L,L2573L,Core,NEGATIVE_CONSENSUS,INVARIABLE,False,False,False,0.056377064,0.4061582935183054,1.0,1.0,1.0,0.0,2009.2490234375,0.0,0.0,0.0,0.0,0.0,0.0,0.0,0.0,0.0,0.0
2574,R,R,R2574R,Core,NEGATIVE_CONSENSUS,INVARIABLE,False,False,False,0.026146797,0.43577116494005275,1.0,1.0,1.0,0.0,2009.2490234375,0.0,0.0,0.0,0.0,0.0,0.0,0.0,0.0,0.0,0.0
2575,N,N,N2575N,Core,NEGATIVE_CONSENSUS,INVARIABLE,False,False,False,0.14756067,0.3504387265808948,1.0,1.0,1.0,0.0,2009.2490234375,0.0,0.0,0.0,0.0,0.0,0.0,0.0,0.0,0.0,0.0
2576,V,I,V2576I,Core,NEGATIVE_CONSENSUS,TEMPORAL_NOISE,False,False,False,1.2187098,0.13480699887852046,0.3517909,0.05940594,0.42981946,0.6034149,2009.6441174523304,0.12064984962502617,2009.599,2009.915,0.3160752,0.025840460535419035,0.01694801936506629,-0.7912029,2.9529603,1.175895,0.1393001
2577,P,P,P2577P,Core,NEGATIVE_CONSENSUS,INVARIABLE,False,False,False,0.084023274,0.3859587324025193,1.0,1.0,1.0,0.0,2009.2490234375,0.0,0.0,0.0,0.0,0.0,0.0,0.0,0.0,0.0,0.0
2578,S,S,S2578S,Core,NEGATIVE_CONSENSUS,INVARIABLE,False,False,False,0.26384795,0.30374440131695446,1.0,1.0,1.0,0.0,2009.2490234375,0.0,0.0,0.0,0.0,0.0,0.0,0.0,0.0,0.0,0.0
2579,I,I,I2579I,Core,NEGATIVE_CONSENSUS,INVARIABLE,False,False,False,0.44647732,0.25200629084866377,1.0,1.0,1.0,0.0,2009.2490234375,0.0,0.0,0.0,0.0,0.0,0.0,0.0,0.0,0.0,0.0
2580,Q,H,Q2580H,Core,NEGATIVE_CONSENSUS,TEMPORAL_NOISE,False,False,False,0.22466703,0.3177533282587727,0.36189717,0.45544556,0.6669024,0.7839902,2009.7570014565679,0.06074889199143446,2009.7231,2009.7909,0.067730404,0.007989908734488594,0.005411597348637,0.028194182,0.185115,-6.8268437,2.8018975
2581,S,P,S2581P,Core,NEGATIVE_CONSENSUS,TEMPORAL_NOISE,False,False,False,0.10022931,0.37577731441860035,0.39155424,0.07920792,0.42981946,0.5354279,2009.9037506620762,0.12686080540181582,2009.836,2009.915,0.0790188,0.016954331669102037,0.010769230810177586,0.77448064,7.242443,2.0375648,1.1537356
2582,R,R,R2582R,Core,NEGATIVE_CONSENSUS,INVARIABLE,False,False,False,0.047289148,0.41392467273385114,1.0,1.0,1.0,0.0,2009.2490234375,0.0,0.0,0.0,0.0,0.0,0.0,0.0,0.0,0.0,0.0
2583,G,G,G2583G,Core,NEGATIVE_CONSENSUS,INVARIABLE,False,False,False,0.31973153,0.28588451406953874,1.0,1.0,1.0,0.0,2009.2490234375,0.0,0.0,0.0,0.0,0.0,0.0,0.0,0.0,0.0,0.0
2584,L,L,L2584L,Core,NEGATIVE_CONSENSUS,INVARIABLE,False,False,False,0.063565314,0.40047352769584543,1.0,1.0,1.0,0.0,2009.2490234375,0.0,0.0,0.0,0.0,0.0,0.0,0.0,0.0,0.0,0.0
2585,F,F,F2585F,Core,NEGATIVE_CONSENSUS,INVARIABLE,False,False,False,0.061055347,0.4024178149016429,1.0,1.0,1.0,0.0,2009.2490234375,0.0,0.0,0.0,0.0,0.0,0.0,0.0,0.0,0.0,0.0
2586,G,G,G2586G,Core,NEGATIVE_CONSENSUS,INVARIABLE,False,False,False,0.10198707,0.37472898848367453,1.0,1.0,1.0,0.0,2009.2490234375,0.0,0.0,0.0,0.0,0.0,0.0,0.0,0.0,0.0,0.0
2587,A,A,A2587A,Core,NEGATIVE_CONSENSUS,INVARIABLE,False,False,False,1.0132155,0.15706686261615616,1.0,1.0,1.0,0.0,2009.2490234375,0.0,0.0,0.0,0.0,0.0,0.0,0.0,0.0,0.0,0.0
2588,I,I,I2588I,Core,NEGATIVE_CONSENSUS,INVARIABLE,False,False,False,0.7167717,0.19860244442133695,1.0,1.0,1.0,0.0,2009.2490234375,0.0,0.0,0.0,0.0,0.0,0.0,0.0,0.0,0.0,0.0
2589,A,A,A2589A,Core,NEGATIVE_CONSENSUS,INVARIABLE,False,False,False,1.0132155,0.15706686261615616,1.0,1.0,1.0,0.0,2009.2490234375,0.0,0.0,0.0,0.0,0.0,0.0,0.0,0.0,0.0,0.0
2590,G,G,G2590G,Core,NEGATIVE_CONSENSUS,INVARIABLE,False,False,False,0.15513371,0.3468384480856218,1.0,1.0,1.0,0.0,2009.2490234375,0.0,0.0,0.0,0.0,0.0,0.0,0.0,0.0,0.0,0.0
2591,F,F,F2591F,Core,NEGATIVE_CONSENSUS,INVARIABLE,False,False,False,0.03677015,0.42396688710899644,1.0,1.0,1.0,0.0,2009.2490234375,0.0,0.0,0.0,0.0,0.0,0.0,0.0,0.0,0.0,0.0
2592,I,I,I2592I,Core,NEGATIVE_CONSENSUS,INVARIABLE,False,False,False,0.7167717,0.19860244442133695,1.0,1.0,1.0,0.0,2009.2490234375,0.0,0.0,0.0,0.0,0.0,0.0,0.0,0.0,0.0,0.0
2593,E,E,E2593E,Core,NEGATIVE_CONSENSUS,INVARIABLE,False,False,False,0.17737707,0.33681854926235366,1.0,1.0,1.0,0.0,2009.2490234375,0.0,0.0,0.0,0.0,0.0,0.0,0.0,0.0,0.0,0.0
2594,G,G,G2594G,Core,NEGATIVE_CONSENSUS,INVARIABLE,False,False,False,0.10198707,0.37472898848367453,1.0,1.0,1.0,0.0,2009.2490234375,0.0,0.0,0.0,0.0,0.0,0.0,0.0,0.0,0.0,0.0
2595,G,G,G2595G,Core,NEGATIVE_CONSENSUS,INVARIABLE,False,False,False,0.10198707,0.37472898848367453,1.0,1.0,1.0,0.0,2009.2490234375,0.0,0.0,0.0,0.0,0.0,0.0,0.0,0.0,0.0,0.0
2596,W,W,W2596W,Core,NEGATIVE_CONSENSUS,INVARIABLE,False,False,False,0.14326186,0.3525297858631183,1.0,1.0,1.0,0.0,2009.2490234375,0.0,0.0,0.0,0.0,0.0,0.0,0.0,0.0,0.0,0.0
2597,T,T,T2597T,Core,NEGATIVE_CONSENSUS,INVARIABLE,False,False,False,0.03364685,0.427230012532943,1.0,1.0,1.0,0.0,2009.2490234375,0.0,0.0,0.0,0.0,0.0,0.0,0.0,0.0,0.0,0.0
2598,G,G,G2598G,Core,NEGATIVE_CONSENSUS,INVARIABLE,False,False,False,0.10198707,0.37472898848367453,1.0,1.0,1.0,0.0,2009.2490234375,0.0,0.0,0.0,0.0,0.0,0.0,0.0,0.0,0.0,0.0
2599,M,L,M2599L,Core,NEGATIVE_CONSENSUS,TEMPORAL_NOISE,False,False,False,0.12584704,0.361388719692552,0.3852647,0.4950495,0.6765677,0.84601873,2009.4635030455509,0.02972933373273822,2009.4297,2009.4973,0.067730404,0.003880544585367372,0.002628296110167205,1.1985849,-0.7530674,-0.23551935,-6.3651395
2600,V,V,V2600V,Core,NEGATIVE_CONSENSUS,INVARIABLE,False,False,False,0.60705686,0.21794905634298722,1.0,1.0,1.0,0.0,2009.2490234375,0.0,0.0,0.0,0.0,0.0,0.0,0.0,0.0,0.0,0.0
2601,D,D,D2601D,Core,NEGATIVE_CONSENSUS,INVARIABLE,False,False,False,0.24172953,0.3114798699800736,1.0,1.0,1.0,0.0,2009.2490234375,0.0,0.0,0.0,0.0,0.0,0.0,0.0,0.0,0.0,0.0
2602,G,G,G2602G,Core,NEGATIVE_CONSENSUS,INVARIABLE,False,False,False,0.08983235,0.38219519767681476,1.0,1.0,1.0,0.0,2009.2490234375,0.0,0.0,0.0,0.0,0.0,0.0,0.0,0.0,0.0,0.0
2603,W,W,W2603W,Core,NEGATIVE_CONSENSUS,INVARIABLE,False,False,False,0.14326186,0.3525297858631183,1.0,1.0,1.0,0.0,2009.2490234375,0.0,0.0,0.0,0.0,0.0,0.0,0.0,0.0,0.0,0.0
2604,Y,Y,Y2604Y,Core,NEGATIVE_CONSENSUS,INVARIABLE,False,False,False,0.08357149,0.38625726840274144,1.0,1.0,1.0,0.0,2009.2490234375,0.0,0.0,0.0,0.0,0.0,0.0,0.0,0.0,0.0,0.0
2605,G,G,G2605G,Core,NEGATIVE_CONSENSUS,INVARIABLE,False,False,False,0.15513371,0.3468384480856218,1.0,1.0,1.0,0.0,2009.2490234375,0.0,0.0,0.0,0.0,0.0,0.0,0.0,0.0,0.0,0.0
2606,Y,Y,Y2606Y,Core,NEGATIVE_CONSENSUS,INVARIABLE,False,False,False,0.04160279,0.41918940090001205,1.0,1.0,1.0,0.0,2009.2490234375,0.0,0.0,0.0,0.0,0.0,0.0,0.0,0.0,0.0,0.0
2607,H,H,H2607H,Core,NEGATIVE_CONSENSUS,INVARIABLE,False,False,False,0.534049,0.23245477158082695,1.0,1.0,1.0,0.0,2009.2490234375,0.0,0.0,0.0,0.0,0.0,0.0,0.0,0.0,0.0,0.0
2608,H,H,H2608H,Core,NEGATIVE_CONSENSUS,INVARIABLE,False,False,False,0.18790461,0.3323331716817506,1.0,1.0,1.0,0.0,2009.2490234375,0.0,0.0,0.0,0.0,0.0,0.0,0.0,0.0,0.0,0.0
2609,Q,Q,Q2609Q,Core,NEGATIVE_CONSENSUS,INVARIABLE,False,False,False,0.1328033,0.35777149996023005,1.0,1.0,1.0,0.0,2009.2490234375,0.0,0.0,0.0,0.0,0.0,0.0,0.0,0.0,0.0,0.0
2610,N,N,N2610N,Core,NEGATIVE_CONSENSUS,INVARIABLE,False,False,False,0.14756067,0.3504387265808948,1.0,1.0,1.0,0.0,2009.2490234375,0.0,0.0,0.0,0.0,0.0,0.0,0.0,0.0,0.0,0.0
2611,E,E,E2611E,Core,NEGATIVE_CONSENSUS,INVARIABLE,False,False,False,0.09971498,0.37608596908684694,1.0,1.0,1.0,0.0,2009.2490234375,0.0,0.0,0.0,0.0,0.0,0.0,0.0,0.0,0.0,0.0
2612,Q,Q,Q2612Q,Core,NEGATIVE_CONSENSUS,INVARIABLE,False,False,False,0.09265394,0.38041497631967913,1.0,1.0,1.0,0.0,2009.2490234375,0.0,0.0,0.0,0.0,0.0,0.0,0.0,0.0,0.0,0.0
2613,G,G,G2613G,Core,NEGATIVE_CONSENSUS,INVARIABLE,False,False,False,0.07926987,0.38914465378012586,1.0,1.0,1.0,0.0,2009.2490234375,0.0,0.0,0.0,0.0,0.0,0.0,0.0,0.0,0.0,0.0
2614,S,S,S2614S,Core,NEGATIVE_CONSENSUS,INVARIABLE,False,False,False,0.2075632,0.3243420394483918,1.0,1.0,1.0,0.0,2009.2490234375,0.0,0.0,0.0,0.0,0.0,0.0,0.0,0.0,0.0,0.0
2615,G,G,G2615G,Core,NEGATIVE_CONSENSUS,INVARIABLE,False,False,False,0.06207743,0.4016210525153878,1.0,1.0,1.0,0.0,2009.2490234375,0.0,0.0,0.0,0.0,0.0,0.0,0.0,0.0,0.0,0.0
2616,Y,Y,Y2616Y,Core,NEGATIVE_CONSENSUS,INVARIABLE,False,False,False,0.04160279,0.41918940090001205,1.0,1.0,1.0,0.0,2009.2490234375,0.0,0.0,0.0,0.0,0.0,0.0,0.0,0.0,0.0,0.0
2617,A,A,A2617A,Core,NEGATIVE_CONSENSUS,INVARIABLE,False,False,False,0.44157016,0.253182788343077,1.0,1.0,1.0,0.0,2009.2490234375,0.0,0.0,0.0,0.0,0.0,0.0,0.0,0.0,0.0,0.0
2618,A,A,A2618A,Core,NEGATIVE_CONSENSUS,INVARIABLE,False,False,False,1.0132155,0.15706686261615616,1.0,1.0,1.0,0.0,2009.2490234375,0.0,0.0,0.0,0.0,0.0,0.0,0.0,0.0,0.0,0.0
2619,D,D,D2619D,Core,NEGATIVE_CONSENSUS,INVARIABLE,False,False,False,2.8818045,0.044792789968923004,1.0,1.0,1.0,0.0,2009.2490234375,0.0,0.0,0.0,0.0,0.0,0.0,0.0,0.0,0.0,0.0
2620,L,L,L2620L,Core,NEGATIVE_CONSENSUS,INVARIABLE,False,False,False,0.15878537,0.3451386324350256,1.0,1.0,1.0,0.0,2009.2490234375,0.0,0.0,0.0,0.0,0.0,0.0,0.0,0.0,0.0,0.0
2621,K,K,K2621K,Core,NEGATIVE_CONSENSUS,INVARIABLE,False,False,False,0.2995089,0.2920952302947697,1.0,1.0,1.0,0.0,2009.2490234375,0.0,0.0,0.0,0.0,0.0,0.0,0.0,0.0,0.0,0.0
2622,S,S,S2622S,Core,NEGATIVE_CONSENSUS,INVARIABLE,False,False,False,0.49796218,0.2401984475468799,1.0,1.0,1.0,0.0,2009.2490234375,0.0,0.0,0.0,0.0,0.0,0.0,0.0,0.0,0.0,0.0
2623,T,T,T2623T,Core,NEGATIVE_CONSENSUS,INVARIABLE,False,False,False,0.03364685,0.427230012532943,1.0,1.0,1.0,0.0,2009.2490234375,0.0,0.0,0.0,0.0,0.0,0.0,0.0,0.0,0.0,0.0
2624,Q,Q,Q2624Q,Core,NEGATIVE_CONSENSUS,INVARIABLE,False,False,False,0.14861211,0.3499326088640236,1.0,1.0,1.0,0.0,2009.2490234375,0.0,0.0,0.0,0.0,0.0,0.0,0.0,0.0,0.0,0.0
2625,N,N,N2625N,Core,NEGATIVE_CONSENSUS,INVARIABLE,False,False,False,0.14756067,0.3504387265808948,1.0,1.0,1.0,0.0,2009.2490234375,0.0,0.0,0.0,0.0,0.0,0.0,0.0,0.0,0.0,0.0
2626,A,A,A2626A,Core,NEGATIVE_CONSENSUS,INVARIABLE,False,False,False,1.0132155,0.15706686261615616,1.0,1.0,1.0,0.0,2009.2490234375,0.0,0.0,0.0,0.0,0.0,0.0,0.0,0.0,0.0,0.0
2627,I,I,I2627I,Core,NEGATIVE_CONSENSUS,INVARIABLE,False,False,False,0.7167717,0.19860244442133695,1.0,1.0,1.0,0.0,2009.2490234375,0.0,0.0,0.0,0.0,0.0,0.0,0.0,0.0,0.0,0.0
2628,D,D,D2628D,Core,NEGATIVE_CONSENSUS,INVARIABLE,False,False,False,2.8818045,0.044792789968923004,1.0,1.0,1.0,0.0,2009.2490234375,0.0,0.0,0.0,0.0,0.0,0.0,0.0,0.0,0.0,0.0
2629,E,K,E2629K,Core,RESCUED_SWEEP,CONFIRMED_SWEEP,True,False,True,2.6607244,0.05142694122617553,0.3517909,0.00990099,0.42981946,0.5924839,2009.7570014565679,0.10700548742308985,2009.7118,2009.8021,0.090307206,0.019393095274986307,0.013135021495169926,-2.6963325,0.27721918,-6.340199,2.9453766
2630,I,I,I2630I,Core,NEGATIVE_CONSENSUS,INVARIABLE,False,False,False,0.7167717,0.19860244442133695,1.0,1.0,1.0,0.0,2009.2490234375,0.0,0.0,0.0,0.0,0.0,0.0,0.0,0.0,0.0,0.0
2631,T,T,T2631T,Core,NEGATIVE_CONSENSUS,INVARIABLE,False,False,False,0.026892863,0.434869336287794,1.0,1.0,1.0,0.0,2009.2490234375,0.0,0.0,0.0,0.0,0.0,0.0,0.0,0.0,0.0,0.0
2632,N,N,N2632N,Core,NEGATIVE_CONSENSUS,INVARIABLE,False,False,False,0.16210407,0.34361334626296364,1.0,1.0,1.0,0.0,2009.2490234375,0.0,0.0,0.0,0.0,0.0,0.0,0.0,0.0,0.0,0.0
2633,K,K,K2633K,Core,NEGATIVE_CONSENSUS,INVARIABLE,False,False,False,1.2671006,0.13015565800770462,1.0,1.0,1.0,0.0,2009.2490234375,0.0,0.0,0.0,0.0,0.0,0.0,0.0,0.0,0.0,0.0
2634,V,V,V2634V,Core,NEGATIVE_CONSENSUS,INVARIABLE,False,False,False,0.60705686,0.21794905634298722,1.0,1.0,1.0,0.0,2009.2490234375,0.0,0.0,0.0,0.0,0.0,0.0,0.0,0.0,0.0,0.0
2635,N,N,N2635N,Core,NEGATIVE_CONSENSUS,INVARIABLE,False,False,False,0.14756067,0.3504387265808948,1.0,1.0,1.0,0.0,2009.2490234375,0.0,0.0,0.0,0.0,0.0,0.0,0.0,0.0,0.0,0.0
2636,S,S,S2636S,Core,NEGATIVE_CONSENSUS,INVARIABLE,False,False,False,0.26384795,0.30374440131695446,1.0,1.0,1.0,0.0,2009.2490234375,0.0,0.0,0.0,0.0,0.0,0.0,0.0,0.0,0.0,0.0
2637,V,V,V2637V,Core,NEGATIVE_CONSENSUS,INVARIABLE,False,False,False,0.27149606,0.3011649827004066,1.0,1.0,1.0,0.0,2009.2490234375,0.0,0.0,0.0,0.0,0.0,0.0,0.0,0.0,0.0,0.0
2638,I,V,I2638V,Core,NEGATIVE_CONSENSUS,TEMPORAL_NOISE,False,False,False,0.8616483,0.17663891570616974,0.3517909,0.9405941,0.95614105,0.04464937,2009.2490234375,0.00786817819310042,2009.249,2009.2603,0.011288401,0.00020473237410642678,9.425648809275434e-05,1.094434,-1.4793426,1.3852148,1.2819574
2639,E,E,E2639E,Core,NEGATIVE_CONSENSUS,INVARIABLE,False,False,False,0.17737707,0.33681854926235366,1.0,1.0,1.0,0.0,2009.2490234375,0.0,0.0,0.0,0.0,0.0,0.0,0.0,0.0,0.0,0.0
2640,K,K,K2640K,Core,NEGATIVE_CONSENSUS,INVARIABLE,False,False,False,0.2995089,0.2920952302947697,1.0,1.0,1.0,0.0,2009.2490234375,0.0,0.0,0.0,0.0,0.0,0.0,0.0,0.0,0.0,0.0
2641,M,M,M2641M,Core,NEGATIVE_CONSENSUS,INVARIABLE,False,False,False,0.04345588,0.4174346170740496,1.0,1.0,1.0,0.0,2009.2490234375,0.0,0.0,0.0,0.0,0.0,0.0,0.0,0.0,0.0,0.0
2642,N,N,N2642N,Core,NEGATIVE_CONSENSUS,INVARIABLE,False,False,False,0.14756067,0.3504387265808948,1.0,1.0,1.0,0.0,2009.2490234375,0.0,0.0,0.0,0.0,0.0,0.0,0.0,0.0,0.0,0.0
2643,T,T,T2643T,Core,NEGATIVE_CONSENSUS,INVARIABLE,False,False,False,0.03364685,0.427230012532943,1.0,1.0,1.0,0.0,2009.2490234375,0.0,0.0,0.0,0.0,0.0,0.0,0.0,0.0,0.0,0.0
2644,Q,Q,Q2644Q,Core,NEGATIVE_CONSENSUS,INVARIABLE,False,False,False,0.14861211,0.3499326088640236,1.0,1.0,1.0,0.0,2009.2490234375,0.0,0.0,0.0,0.0,0.0,0.0,0.0,0.0,0.0,0.0
2645,F,F,F2645F,Core,NEGATIVE_CONSENSUS,INVARIABLE,False,False,False,0.03677015,0.42396688710899644,1.0,1.0,1.0,0.0,2009.2490234375,0.0,0.0,0.0,0.0,0.0,0.0,0.0,0.0,0.0,0.0
2646,T,T,T2646T,Core,NEGATIVE_CONSENSUS,INVARIABLE,False,False,False,0.03364685,0.427230012532943,1.0,1.0,1.0,0.0,2009.2490234375,0.0,0.0,0.0,0.0,0.0,0.0,0.0,0.0,0.0,0.0
2647,A,A,A2647A,Core,NEGATIVE_CONSENSUS,INVARIABLE,False,False,False,2.3352115,0.06323890495711705,1.0,1.0,1.0,0.0,2009.2490234375,0.0,0.0,0.0,0.0,0.0,0.0,0.0,0.0,0.0,0.0
2648,V,V,V2648V,Core,NEGATIVE_CONSENSUS,INVARIABLE,False,False,False,5.654724,0.008704206442027629,1.0,1.0,1.0,0.0,2009.2490234375,0.0,0.0,0.0,0.0,0.0,0.0,0.0,0.0,0.0,0.0
2649,G,G,G2649G,Core,NEGATIVE_CONSENSUS,INVARIABLE,False,False,False,2.2908928,0.06506752209469258,1.0,1.0,1.0,0.0,2009.2490234375,0.0,0.0,0.0,0.0,0.0,0.0,0.0,0.0,0.0,0.0
2650,K,K,K2650K,Core,NEGATIVE_CONSENSUS,INVARIABLE,False,False,False,1.2671006,0.13015565800770462,1.0,1.0,1.0,0.0,2009.2490234375,0.0,0.0,0.0,0.0,0.0,0.0,0.0,0.0,0.0,0.0
2651,E,E,E2651E,Core,NEGATIVE_CONSENSUS,INVARIABLE,False,False,False,0.09971498,0.37608596908684694,1.0,1.0,1.0,0.0,2009.2490234375,0.0,0.0,0.0,0.0,0.0,0.0,0.0,0.0,0.0,0.0
2652,F,F,F2652F,Core,NEGATIVE_CONSENSUS,INVARIABLE,False,False,False,0.03677015,0.42396688710899644,1.0,1.0,1.0,0.0,2009.2490234375,0.0,0.0,0.0,0.0,0.0,0.0,0.0,0.0,0.0,0.0
2653,N,N,N2653N,Core,NEGATIVE_CONSENSUS,INVARIABLE,False,False,False,0.2697167,0.3017609345059,1.0,1.0,1.0,0.0,2009.2490234375,0.0,0.0,0.0,0.0,0.0,0.0,0.0,0.0,0.0,0.0
2654,H,H,H2654H,Core,NEGATIVE_CONSENSUS,INVARIABLE,False,False,False,0.534049,0.23245477158082695,1.0,1.0,1.0,0.0,2009.2490234375,0.0,0.0,0.0,0.0,0.0,0.0,0.0,0.0,0.0,0.0
2655,L,L,L2655L,Core,NEGATIVE_CONSENSUS,INVARIABLE,False,False,False,0.15878537,0.3451386324350256,1.0,1.0,1.0,0.0,2009.2490234375,0.0,0.0,0.0,0.0,0.0,0.0,0.0,0.0,0.0,0.0
2656,E,E,E2656E,Core,NEGATIVE_CONSENSUS,INVARIABLE,False,False,False,0.18726727,0.3326004205352099,1.0,1.0,1.0,0.0,2009.2490234375,0.0,0.0,0.0,0.0,0.0,0.0,0.0,0.0,0.0,0.0
2657,K,T,K2657T,Core,NEGATIVE_CONSENSUS,TEMPORAL_NOISE,False,False,False,3.1138883,0.03881371825806212,0.3517909,0.4950495,0.6765677,0.89992255,2009.3506190413136,0.038081445177917214,2009.2942,2009.3958,0.1015956,0.00598981157705548,0.004009756079774264,2.8862371,-3.5290997,3.2493706,2.5696452
2658,R,R,R2658R,Core,NEGATIVE_CONSENSUS,INVARIABLE,False,False,False,0.047289148,0.41392467273385114,1.0,1.0,1.0,0.0,2009.2490234375,0.0,0.0,0.0,0.0,0.0,0.0,0.0,0.0,0.0,0.0
2659,I,I,I2659I,Core,NEGATIVE_CONSENSUS,INVARIABLE,False,False,False,1.0355865,0.15442508350662135,1.0,1.0,1.0,0.0,2009.2490234375,0.0,0.0,0.0,0.0,0.0,0.0,0.0,0.0,0.0,0.0
2660,E,E,E2660E,Core,NEGATIVE_CONSENSUS,INVARIABLE,False,False,False,0.09971498,0.37608596908684694,1.0,1.0,1.0,0.0,2009.2490234375,0.0,0.0,0.0,0.0,0.0,0.0,0.0,0.0,0.0,0.0
2661,N,N,N2661N,Core,NEGATIVE_CONSENSUS,INVARIABLE,False,False,False,0.14756067,0.3504387265808948,1.0,1.0,1.0,0.0,2009.2490234375,0.0,0.0,0.0,0.0,0.0,0.0,0.0,0.0,0.0,0.0
2662,L,L,L2662L,Core,NEGATIVE_CONSENSUS,INVARIABLE,False,False,False,0.28021458,0.2982803046346809,1.0,1.0,1.0,0.0,2009.2490234375,0.0,0.0,0.0,0.0,0.0,0.0,0.0,0.0,0.0,0.0
2663,N,N,N2663N,Core,NEGATIVE_CONSENSUS,INVARIABLE,False,False,False,0.09648296,0.3780458754605649,1.0,1.0,1.0,0.0,2009.2490234375,0.0,0.0,0.0,0.0,0.0,0.0,0.0,0.0,0.0,0.0
2664,K,K,K2664K,Core,NEGATIVE_CONSENSUS,INVARIABLE,False,False,False,1.2671006,0.13015565800770462,1.0,1.0,1.0,0.0,2009.2490234375,0.0,0.0,0.0,0.0,0.0,0.0,0.0,0.0,0.0,0.0
2665,K,K,K2665K,Core,NEGATIVE_CONSENSUS,INVARIABLE,False,False,False,2.6318312,0.05237042582145808,1.0,1.0,1.0,0.0,2009.2490234375,0.0,0.0,0.0,0.0,0.0,0.0,0.0,0.0,0.0,0.0
2666,V,V,V2666V,Core,NEGATIVE_CONSENSUS,INVARIABLE,False,False,False,0.27149606,0.3011649827004066,1.0,1.0,1.0,0.0,2009.2490234375,0.0,0.0,0.0,0.0,0.0,0.0,0.0,0.0,0.0,0.0
2667,D,D,D2667D,Core,NEGATIVE_CONSENSUS,INVARIABLE,False,False,False,0.24172953,0.3114798699800736,1.0,1.0,1.0,0.0,2009.2490234375,0.0,0.0,0.0,0.0,0.0,0.0,0.0,0.0,0.0,0.0
2668,D,D,D2668D,Core,NEGATIVE_CONSENSUS,INVARIABLE,False,False,False,0.24172953,0.3114798699800736,1.0,1.0,1.0,0.0,2009.2490234375,0.0,0.0,0.0,0.0,0.0,0.0,0.0,0.0,0.0,0.0
2669,G,G,G2669G,Core,NEGATIVE_CONSENSUS,INVARIABLE,False,False,False,0.15513371,0.3468384480856218,1.0,1.0,1.0,0.0,2009.2490234375,0.0,0.0,0.0,0.0,0.0,0.0,0.0,0.0,0.0,0.0
2670,F,F,F2670F,Core,NEGATIVE_CONSENSUS,INVARIABLE,False,False,False,0.03677015,0.42396688710899644,1.0,1.0,1.0,0.0,2009.2490234375,0.0,0.0,0.0,0.0,0.0,0.0,0.0,0.0,0.0,0.0
2671,L,L,L2671L,Core,NEGATIVE_CONSENSUS,INVARIABLE,False,False,False,0.15878537,0.3451386324350256,1.0,1.0,1.0,0.0,2009.2490234375,0.0,0.0,0.0,0.0,0.0,0.0,0.0,0.0,0.0,0.0
2672,D,D,D2672D,Core,NEGATIVE_CONSENSUS,INVARIABLE,False,False,False,2.8818045,0.044792789968923004,1.0,1.0,1.0,0.0,2009.2490234375,0.0,0.0,0.0,0.0,0.0,0.0,0.0,0.0,0.0,0.0
2673,I,I,I2673I,Core,NEGATIVE_CONSENSUS,INVARIABLE,False,False,False,0.41251576,0.26034767963042005,1.0,1.0,1.0,0.0,2009.2490234375,0.0,0.0,0.0,0.0,0.0,0.0,0.0,0.0,0.0,0.0
2674,W,W,W2674W,Core,NEGATIVE_CONSENSUS,INVARIABLE,False,False,False,0.14326186,0.3525297858631183,1.0,1.0,1.0,0.0,2009.2490234375,0.0,0.0,0.0,0.0,0.0,0.0,0.0,0.0,0.0,0.0
2675,T,T,T2675T,Core,NEGATIVE_CONSENSUS,INVARIABLE,False,False,False,0.026892863,0.434869336287794,1.0,1.0,1.0,0.0,2009.2490234375,0.0,0.0,0.0,0.0,0.0,0.0,0.0,0.0,0.0,0.0
2676,Y,Y,Y2676Y,Core,NEGATIVE_CONSENSUS,INVARIABLE,False,False,False,0.08357149,0.38625726840274144,1.0,1.0,1.0,0.0,2009.2490234375,0.0,0.0,0.0,0.0,0.0,0.0,0.0,0.0,0.0,0.0
2677,N,N,N2677N,Core,NEGATIVE_CONSENSUS,INVARIABLE,False,False,False,0.14756067,0.3504387265808948,1.0,1.0,1.0,0.0,2009.2490234375,0.0,0.0,0.0,0.0,0.0,0.0,0.0,0.0,0.0,0.0
2678,A,A,A2678A,Core,NEGATIVE_CONSENSUS,INVARIABLE,False,False,False,0.48753825,0.24251374767200717,1.0,1.0,1.0,0.0,2009.2490234375,0.0,0.0,0.0,0.0,0.0,0.0,0.0,0.0,0.0,0.0
2679,E,E,E2679E,Core,NEGATIVE_CONSENSUS,INVARIABLE,False,False,False,0.17737707,0.33681854926235366,1.0,1.0,1.0,0.0,2009.2490234375,0.0,0.0,0.0,0.0,0.0,0.0,0.0,0.0,0.0,0.0
2680,L,L,L2680L,Core,NEGATIVE_CONSENSUS,INVARIABLE,False,False,False,0.15878537,0.3451386324350256,1.0,1.0,1.0,0.0,2009.2490234375,0.0,0.0,0.0,0.0,0.0,0.0,0.0,0.0,0.0,0.0
2681,L,L,L2681L,Core,NEGATIVE_CONSENSUS,INVARIABLE,False,False,False,0.11684559,0.36624060240780854,1.0,1.0,1.0,0.0,2009.2490234375,0.0,0.0,0.0,0.0,0.0,0.0,0.0,0.0,0.0,0.0
2682,V,V,V2682V,Core,NEGATIVE_CONSENSUS,INVARIABLE,False,False,False,0.27149606,0.3011649827004066,1.0,1.0,1.0,0.0,2009.2490234375,0.0,0.0,0.0,0.0,0.0,0.0,0.0,0.0,0.0,0.0
2683,L,L,L2683L,Core,NEGATIVE_CONSENSUS,INVARIABLE,False,False,False,0.07610552,0.39132307902938374,1.0,1.0,1.0,0.0,2009.2490234375,0.0,0.0,0.0,0.0,0.0,0.0,0.0,0.0,0.0,0.0
2684,L,L,L2684L,Core,NEGATIVE_CONSENSUS,INVARIABLE,False,False,False,0.06376331,0.40032190261774714,1.0,1.0,1.0,0.0,2009.2490234375,0.0,0.0,0.0,0.0,0.0,0.0,0.0,0.0,0.0,0.0
2685,E,E,E2685E,Core,NEGATIVE_CONSENSUS,INVARIABLE,False,False,False,0.17737707,0.33681854926235366,1.0,1.0,1.0,0.0,2009.2490234375,0.0,0.0,0.0,0.0,0.0,0.0,0.0,0.0,0.0,0.0
2686,N,N,N2686N,Core,NEGATIVE_CONSENSUS,INVARIABLE,False,False,False,0.14756067,0.3504387265808948,1.0,1.0,1.0,0.0,2009.2490234375,0.0,0.0,0.0,0.0,0.0,0.0,0.0,0.0,0.0,0.0
2687,E,E,E2687E,Core,NEGATIVE_CONSENSUS,INVARIABLE,False,False,False,0.17737707,0.33681854926235366,1.0,1.0,1.0,0.0,2009.2490234375,0.0,0.0,0.0,0.0,0.0,0.0,0.0,0.0,0.0,0.0
2688,R,R,R2688R,Core,NEGATIVE_CONSENSUS,INVARIABLE,False,False,False,0.047289148,0.41392467273385114,1.0,1.0,1.0,0.0,2009.2490234375,0.0,0.0,0.0,0.0,0.0,0.0,0.0,0.0,0.0,0.0
2689,T,T,T2689T,Core,NEGATIVE_CONSENSUS,INVARIABLE,False,False,False,0.026892863,0.434869336287794,1.0,1.0,1.0,0.0,2009.2490234375,0.0,0.0,0.0,0.0,0.0,0.0,0.0,0.0,0.0,0.0
2690,L,L,L2690L,Core,NEGATIVE_CONSENSUS,INVARIABLE,False,False,False,0.06376331,0.40032190261774714,1.0,1.0,1.0,0.0,2009.2490234375,0.0,0.0,0.0,0.0,0.0,0.0,0.0,0.0,0.0,0.0
2691,D,D,D2691D,Core,NEGATIVE_CONSENSUS,INVARIABLE,False,False,False,2.8818045,0.044792789968923004,1.0,1.0,1.0,0.0,2009.2490234375,0.0,0.0,0.0,0.0,0.0,0.0,0.0,0.0,0.0,0.0
2692,Y,Y,Y2692Y,Core,NEGATIVE_CONSENSUS,INVARIABLE,False,False,False,0.03247026,0.4284997180706963,1.0,1.0,1.0,0.0,2009.2490234375,0.0,0.0,0.0,0.0,0.0,0.0,0.0,0.0,0.0,0.0
2693,H,H,H2693H,Core,NEGATIVE_CONSENSUS,INVARIABLE,False,False,False,3.1135774,0.03882112655866539,1.0,1.0,1.0,0.0,2009.2490234375,0.0,0.0,0.0,0.0,0.0,0.0,0.0,0.0,0.0,0.0
2694,D,D,D2694D,Core,NEGATIVE_CONSENSUS,INVARIABLE,False,False,False,0.24172953,0.3114798699800736,1.0,1.0,1.0,0.0,2009.2490234375,0.0,0.0,0.0,0.0,0.0,0.0,0.0,0.0,0.0,0.0
2695,S,S,S2695S,Core,NEGATIVE_CONSENSUS,INVARIABLE,False,False,False,0.065835096,0.39875015427136307,1.0,1.0,1.0,0.0,2009.2490234375,0.0,0.0,0.0,0.0,0.0,0.0,0.0,0.0,0.0,0.0
2696,N,N,N2696N,Core,NEGATIVE_CONSENSUS,INVARIABLE,False,False,False,0.14756067,0.3504387265808948,1.0,1.0,1.0,0.0,2009.2490234375,0.0,0.0,0.0,0.0,0.0,0.0,0.0,0.0,0.0,0.0
2697,V,V,V2697V,Core,NEGATIVE_CONSENSUS,INVARIABLE,False,False,False,0.15838115,0.3453256737119521,1.0,1.0,1.0,0.0,2009.2490234375,0.0,0.0,0.0,0.0,0.0,0.0,0.0,0.0,0.0,0.0
2698,K,K,K2698K,Core,NEGATIVE_CONSENSUS,INVARIABLE,False,False,False,0.2995089,0.2920952302947697,1.0,1.0,1.0,0.0,2009.2490234375,0.0,0.0,0.0,0.0,0.0,0.0,0.0,0.0,0.0,0.0
2699,N,N,N2699N,Core,NEGATIVE_CONSENSUS,INVARIABLE,False,False,False,0.2697167,0.3017609345059,1.0,1.0,1.0,0.0,2009.2490234375,0.0,0.0,0.0,0.0,0.0,0.0,0.0,0.0,0.0,0.0
2700,L,L,L2700L,Core,NEGATIVE_CONSENSUS,INVARIABLE,False,False,False,0.28021458,0.2982803046346809,1.0,1.0,1.0,0.0,2009.2490234375,0.0,0.0,0.0,0.0,0.0,0.0,0.0,0.0,0.0,0.0
2701,Y,Y,Y2701Y,Core,NEGATIVE_CONSENSUS,INVARIABLE,False,False,False,0.04160279,0.41918940090001205,1.0,1.0,1.0,0.0,2009.2490234375,0.0,0.0,0.0,0.0,0.0,0.0,0.0,0.0,0.0,0.0
2702,E,E,E2702E,Core,NEGATIVE_CONSENSUS,INVARIABLE,False,False,False,0.17737707,0.33681854926235366,1.0,1.0,1.0,0.0,2009.2490234375,0.0,0.0,0.0,0.0,0.0,0.0,0.0,0.0,0.0,0.0
2703,K,R,K2703R,Core,NEGATIVE_CONSENSUS,TEMPORAL_NOISE,False,False,False,0.8722967,0.1751601356382309,0.3517909,0.44554454,0.6669024,0.7839902,2009.7570014565679,0.06848598869805209,2009.7231,2009.7909,0.067730404,0.009007519007355852,0.00610082888276249,0.028194183,0.18511501,-6.826844,2.8018978
2704,V,V,V2704V,Core,NEGATIVE_CONSENSUS,INVARIABLE,False,False,False,0.60705686,0.21794905634298722,1.0,1.0,1.0,0.0,2009.2490234375,0.0,0.0,0.0,0.0,0.0,0.0,0.0,0.0,0.0,0.0
2705,R,R,R2705R,Core,NEGATIVE_CONSENSUS,INVARIABLE,False,False,False,0.047289148,0.41392467273385114,1.0,1.0,1.0,0.0,2009.2490234375,0.0,0.0,0.0,0.0,0.0,0.0,0.0,0.0,0.0,0.0
2706,S,S,S2706S,Core,NEGATIVE_CONSENSUS,INVARIABLE,False,False,False,0.49796218,0.2401984475468799,1.0,1.0,1.0,0.0,2009.2490234375,0.0,0.0,0.0,0.0,0.0,0.0,0.0,0.0,0.0,0.0
2707,Q,Q,Q2707Q,Core,NEGATIVE_CONSENSUS,INVARIABLE,False,False,False,0.14861211,0.3499326088640236,1.0,1.0,1.0,0.0,2009.2490234375,0.0,0.0,0.0,0.0,0.0,0.0,0.0,0.0,0.0,0.0
2708,L,L,L2708L,Core,NEGATIVE_CONSENSUS,INVARIABLE,False,False,False,0.14406234,0.3521377176541484,1.0,1.0,1.0,0.0,2009.2490234375,0.0,0.0,0.0,0.0,0.0,0.0,0.0,0.0,0.0,0.0
2709,K,K,K2709K,Core,NEGATIVE_CONSENSUS,INVARIABLE,False,False,False,1.2671006,0.13015565800770462,1.0,1.0,1.0,0.0,2009.2490234375,0.0,0.0,0.0,0.0,0.0,0.0,0.0,0.0,0.0,0.0
2710,N,N,N2710N,Core,NEGATIVE_CONSENSUS,INVARIABLE,False,False,False,0.2697167,0.3017609345059,1.0,1.0,1.0,0.0,2009.2490234375,0.0,0.0,0.0,0.0,0.0,0.0,0.0,0.0,0.0,0.0
2711,N,N,N2711N,Core,NEGATIVE_CONSENSUS,INVARIABLE,False,False,False,0.14756067,0.3504387265808948,1.0,1.0,1.0,0.0,2009.2490234375,0.0,0.0,0.0,0.0,0.0,0.0,0.0,0.0,0.0,0.0
2712,A,A,A2712A,Core,NEGATIVE_CONSENSUS,INVARIABLE,False,False,False,1.0132155,0.15706686261615616,1.0,1.0,1.0,0.0,2009.2490234375,0.0,0.0,0.0,0.0,0.0,0.0,0.0,0.0,0.0,0.0
2713,K,K,K2713K,Core,NEGATIVE_CONSENSUS,INVARIABLE,False,False,False,0.2995089,0.2920952302947697,1.0,1.0,1.0,0.0,2009.2490234375,0.0,0.0,0.0,0.0,0.0,0.0,0.0,0.0,0.0,0.0
2714,E,E,E2714E,Core,NEGATIVE_CONSENSUS,INVARIABLE,False,False,False,0.17737707,0.33681854926235366,1.0,1.0,1.0,0.0,2009.2490234375,0.0,0.0,0.0,0.0,0.0,0.0,0.0,0.0,0.0,0.0
2715,I,V,I2715V,Core,NEGATIVE_CONSENSUS,TEMPORAL_NOISE,False,False,False,0.8693895,0.17556219169011683,0.3517909,0.75247526,0.8338239,0.853272,2009.3506190413136,0.01422610651065169,2009.2942,2009.4861,0.1919028,0.003704385069065978,0.0024905885546039003,3.2829728,-3.4838452,2.6342173,-1.7932557
2716,G,G,G2716G,Core,NEGATIVE_CONSENSUS,INVARIABLE,False,False,False,0.08983235,0.38219519767681476,1.0,1.0,1.0,0.0,2009.2490234375,0.0,0.0,0.0,0.0,0.0,0.0,0.0,0.0,0.0,0.0
2717,N,N,N2717N,Core,NEGATIVE_CONSENSUS,INVARIABLE,False,False,False,0.15028,0.34913396247666595,1.0,1.0,1.0,0.0,2009.2490234375,0.0,0.0,0.0,0.0,0.0,0.0,0.0,0.0,0.0,0.0
2718,G,G,G2718G,Core,NEGATIVE_CONSENSUS,INVARIABLE,False,False,False,0.31973153,0.28588451406953874,1.0,1.0,1.0,0.0,2009.2490234375,0.0,0.0,0.0,0.0,0.0,0.0,0.0,0.0,0.0,0.0
2719,C,C,C2719C,Core,NEGATIVE_CONSENSUS,INVARIABLE,False,False,False,0.098847605,0.3766084799559455,1.0,1.0,1.0,0.0,2009.2490234375,0.0,0.0,0.0,0.0,0.0,0.0,0.0,0.0,0.0,0.0
2720,F,F,F2720F,Core,NEGATIVE_CONSENSUS,INVARIABLE,False,False,False,0.061055347,0.4024178149016429,1.0,1.0,1.0,0.0,2009.2490234375,0.0,0.0,0.0,0.0,0.0,0.0,0.0,0.0,0.0,0.0
2721,E,E,E2721E,Core,NEGATIVE_CONSENSUS,INVARIABLE,False,False,False,0.17737707,0.33681854926235366,1.0,1.0,1.0,0.0,2009.2490234375,0.0,0.0,0.0,0.0,0.0,0.0,0.0,0.0,0.0,0.0
2722,F,F,F2722F,Core,NEGATIVE_CONSENSUS,INVARIABLE,False,False,False,0.061055347,0.4024178149016429,1.0,1.0,1.0,0.0,2009.2490234375,0.0,0.0,0.0,0.0,0.0,0.0,0.0,0.0,0.0,0.0
2723,Y,Y,Y2723Y,Core,NEGATIVE_CONSENSUS,INVARIABLE,False,False,False,0.029179217,0.43218294482245284,1.0,1.0,1.0,0.0,2009.2490234375,0.0,0.0,0.0,0.0,0.0,0.0,0.0,0.0,0.0,0.0
2724,H,H,H2724H,Core,NEGATIVE_CONSENSUS,INVARIABLE,False,False,False,0.534049,0.23245477158082695,1.0,1.0,1.0,0.0,2009.2490234375,0.0,0.0,0.0,0.0,0.0,0.0,0.0,0.0,0.0,0.0
2725,K,K,K2725K,Core,NEGATIVE_CONSENSUS,INVARIABLE,False,False,False,1.2671006,0.13015565800770462,1.0,1.0,1.0,0.0,2009.2490234375,0.0,0.0,0.0,0.0,0.0,0.0,0.0,0.0,0.0,0.0
2726,C,C,C2726C,Core,NEGATIVE_CONSENSUS,INVARIABLE,False,False,False,0.09748601,0.37743381707103346,1.0,1.0,1.0,0.0,2009.2490234375,0.0,0.0,0.0,0.0,0.0,0.0,0.0,0.0,0.0,0.0
2727,D,D,D2727D,Core,NEGATIVE_CONSENSUS,INVARIABLE,False,False,False,0.24172953,0.3114798699800736,1.0,1.0,1.0,0.0,2009.2490234375,0.0,0.0,0.0,0.0,0.0,0.0,0.0,0.0,0.0,0.0
2728,N,N,N2728N,Core,NEGATIVE_CONSENSUS,INVARIABLE,False,False,False,0.2697167,0.3017609345059,1.0,1.0,1.0,0.0,2009.2490234375,0.0,0.0,0.0,0.0,0.0,0.0,0.0,0.0,0.0,0.0
2729,T,T,T2729T,Core,NEGATIVE_CONSENSUS,INVARIABLE,False,False,False,0.082995705,0.3866390184146743,1.0,1.0,1.0,0.0,2009.2490234375,0.0,0.0,0.0,0.0,0.0,0.0,0.0,0.0,0.0,0.0
2730,C,C,C2730C,Core,NEGATIVE_CONSENSUS,INVARIABLE,False,False,False,0.098847605,0.3766084799559455,1.0,1.0,1.0,0.0,2009.2490234375,0.0,0.0,0.0,0.0,0.0,0.0,0.0,0.0,0.0,0.0
2731,M,M,M2731M,Core,NEGATIVE_CONSENSUS,INVARIABLE,False,False,False,0.04345588,0.4174346170740496,1.0,1.0,1.0,0.0,2009.2490234375,0.0,0.0,0.0,0.0,0.0,0.0,0.0,0.0,0.0,0.0
2732,E,E,E2732E,Core,NEGATIVE_CONSENSUS,INVARIABLE,False,False,False,0.17737707,0.33681854926235366,1.0,1.0,1.0,0.0,2009.2490234375,0.0,0.0,0.0,0.0,0.0,0.0,0.0,0.0,0.0,0.0
2733,S,S,S2733S,Core,NEGATIVE_CONSENSUS,INVARIABLE,False,False,False,0.5161936,0.23623495187969223,1.0,1.0,1.0,0.0,2009.2490234375,0.0,0.0,0.0,0.0,0.0,0.0,0.0,0.0,0.0,0.0
2734,V,V,V2734V,Core,NEGATIVE_CONSENSUS,INVARIABLE,False,False,False,0.91231257,0.1697507851367119,1.0,1.0,1.0,0.0,2009.2490234375,0.0,0.0,0.0,0.0,0.0,0.0,0.0,0.0,0.0,0.0
2735,K,K,K2735K,Core,NEGATIVE_CONSENSUS,INVARIABLE,False,False,False,1.2671006,0.13015565800770462,1.0,1.0,1.0,0.0,2009.2490234375,0.0,0.0,0.0,0.0,0.0,0.0,0.0,0.0,0.0,0.0
2736,N,N,N2736N,Core,NEGATIVE_CONSENSUS,INVARIABLE,False,False,False,0.14756067,0.3504387265808948,1.0,1.0,1.0,0.0,2009.2490234375,0.0,0.0,0.0,0.0,0.0,0.0,0.0,0.0,0.0,0.0
2737,G,G,G2737G,Core,NEGATIVE_CONSENSUS,INVARIABLE,False,False,False,0.10198707,0.37472898848367453,1.0,1.0,1.0,0.0,2009.2490234375,0.0,0.0,0.0,0.0,0.0,0.0,0.0,0.0,0.0,0.0
2738,T,T,T2738T,Core,NEGATIVE_CONSENSUS,INVARIABLE,False,False,False,0.026892863,0.434869336287794,1.0,1.0,1.0,0.0,2009.2490234375,0.0,0.0,0.0,0.0,0.0,0.0,0.0,0.0,0.0,0.0
2739,Y,Y,Y2739Y,Core,NEGATIVE_CONSENSUS,INVARIABLE,False,False,False,0.04160279,0.41918940090001205,1.0,1.0,1.0,0.0,2009.2490234375,0.0,0.0,0.0,0.0,0.0,0.0,0.0,0.0,0.0,0.0
2740,D,D,D2740D,Core,NEGATIVE_CONSENSUS,INVARIABLE,False,False,False,2.8818045,0.044792789968923004,1.0,1.0,1.0,0.0,2009.2490234375,0.0,0.0,0.0,0.0,0.0,0.0,0.0,0.0,0.0,0.0
2741,Y,Y,Y2741Y,Core,NEGATIVE_CONSENSUS,INVARIABLE,False,False,False,0.029318344,0.43202303128227104,1.0,1.0,1.0,0.0,2009.2490234375,0.0,0.0,0.0,0.0,0.0,0.0,0.0,0.0,0.0,0.0
2742,P,P,P2742P,Core,NEGATIVE_CONSENSUS,INVARIABLE,False,False,False,0.09249291,0.3805157715681833,1.0,1.0,1.0,0.0,2009.2490234375,0.0,0.0,0.0,0.0,0.0,0.0,0.0,0.0,0.0,0.0
2743,K,K,K2743K,Core,NEGATIVE_CONSENSUS,INVARIABLE,False,False,False,1.699208,0.09619579162124371,1.0,1.0,1.0,0.0,2009.2490234375,0.0,0.0,0.0,0.0,0.0,0.0,0.0,0.0,0.0,0.0
2744,Y,Y,Y2744Y,Core,NEGATIVE_CONSENSUS,INVARIABLE,False,False,False,0.08357149,0.38625726840274144,1.0,1.0,1.0,0.0,2009.2490234375,0.0,0.0,0.0,0.0,0.0,0.0,0.0,0.0,0.0,0.0
2745,S,S,S2745S,Core,NEGATIVE_CONSENSUS,INVARIABLE,False,False,False,0.2075632,0.3243420394483918,1.0,1.0,1.0,0.0,2009.2490234375,0.0,0.0,0.0,0.0,0.0,0.0,0.0,0.0,0.0,0.0
2746,E,G,E2746G,Core,NEGATIVE_CONSENSUS,TEMPORAL_NOISE,False,False,False,0.912767,0.16969065922568405,0.3517909,0.7128713,0.82331616,0.8211223,2009.6892710540253,0.07578266718099337,2009.6554,2009.7231,0.067730404,0.010039837897990051,0.006713514229925615,0.9048373,-1.519242,-1.8782619,0.61829937
2747,E,E,E2747E,Core,NEGATIVE_CONSENSUS,INVARIABLE,False,False,False,0.17737707,0.33681854926235366,1.0,1.0,1.0,0.0,2009.2490234375,0.0,0.0,0.0,0.0,0.0,0.0,0.0,0.0,0.0,0.0
2748,A,A,A2748A,Core,NEGATIVE_CONSENSUS,INVARIABLE,False,False,False,0.50961536,0.23765270523878462,1.0,1.0,1.0,0.0,2009.2490234375,0.0,0.0,0.0,0.0,0.0,0.0,0.0,0.0,0.0,0.0
2749,K,K,K2749K,Core,NEGATIVE_CONSENSUS,INVARIABLE,False,False,False,1.2671006,0.13015565800770462,1.0,1.0,1.0,0.0,2009.2490234375,0.0,0.0,0.0,0.0,0.0,0.0,0.0,0.0,0.0,0.0
2750,L,L,L2750L,Core,NEGATIVE_CONSENSUS,INVARIABLE,False,False,False,0.28021458,0.2982803046346809,1.0,1.0,1.0,0.0,2009.2490234375,0.0,0.0,0.0,0.0,0.0,0.0,0.0,0.0,0.0,0.0
2751,N,N,N2751N,Core,NEGATIVE_CONSENSUS,INVARIABLE,False,False,False,0.2697167,0.3017609345059,1.0,1.0,1.0,0.0,2009.2490234375,0.0,0.0,0.0,0.0,0.0,0.0,0.0,0.0,0.0,0.0
2752,R,R,R2752R,Core,NEGATIVE_CONSENSUS,INVARIABLE,False,False,False,0.047289148,0.41392467273385114,1.0,1.0,1.0,0.0,2009.2490234375,0.0,0.0,0.0,0.0,0.0,0.0,0.0,0.0,0.0,0.0
2753,E,E,E2753E,Core,NEGATIVE_CONSENSUS,INVARIABLE,False,False,False,0.17737707,0.33681854926235366,1.0,1.0,1.0,0.0,2009.2490234375,0.0,0.0,0.0,0.0,0.0,0.0,0.0,0.0,0.0,0.0
2754,E,E,E2754E,Core,NEGATIVE_CONSENSUS,INVARIABLE,False,False,False,0.17737707,0.33681854926235366,1.0,1.0,1.0,0.0,2009.2490234375,0.0,0.0,0.0,0.0,0.0,0.0,0.0,0.0,0.0,0.0
2755,I,I,I2755I,Core,NEGATIVE_CONSENSUS,INVARIABLE,False,False,False,1.0355865,0.15442508350662135,1.0,1.0,1.0,0.0,2009.2490234375,0.0,0.0,0.0,0.0,0.0,0.0,0.0,0.0,0.0,0.0
2756,D,D,D2756D,Core,NEGATIVE_CONSENSUS,INVARIABLE,False,False,False,0.24172953,0.3114798699800736,1.0,1.0,1.0,0.0,2009.2490234375,0.0,0.0,0.0,0.0,0.0,0.0,0.0,0.0,0.0,0.0
2757,G,G,G2757G,Core,NEGATIVE_CONSENSUS,INVARIABLE,False,False,False,0.077234775,0.39054016654815904,1.0,1.0,1.0,0.0,2009.2490234375,0.0,0.0,0.0,0.0,0.0,0.0,0.0,0.0,0.0,0.0
2758,V,V,V2758V,Core,NEGATIVE_CONSENSUS,INVARIABLE,False,False,False,0.60705686,0.21794905634298722,1.0,1.0,1.0,0.0,2009.2490234375,0.0,0.0,0.0,0.0,0.0,0.0,0.0,0.0,0.0,0.0
2759,K,K,K2759K,Core,NEGATIVE_CONSENSUS,INVARIABLE,False,False,False,0.2995089,0.2920952302947697,1.0,1.0,1.0,0.0,2009.2490234375,0.0,0.0,0.0,0.0,0.0,0.0,0.0,0.0,0.0,0.0
2760,L,L,L2760L,Core,NEGATIVE_CONSENSUS,INVARIABLE,False,False,False,0.07265636,0.39375383441317136,1.0,1.0,1.0,0.0,2009.2490234375,0.0,0.0,0.0,0.0,0.0,0.0,0.0,0.0,0.0,0.0
2761,E,E,E2761E,Core,NEGATIVE_CONSENSUS,INVARIABLE,False,False,False,0.17737707,0.33681854926235366,1.0,1.0,1.0,0.0,2009.2490234375,0.0,0.0,0.0,0.0,0.0,0.0,0.0,0.0,0.0,0.0
2762,S,S,S2762S,Core,NEGATIVE_CONSENSUS,INVARIABLE,False,False,False,0.2075632,0.3243420394483918,1.0,1.0,1.0,0.0,2009.2490234375,0.0,0.0,0.0,0.0,0.0,0.0,0.0,0.0,0.0,0.0
2763,T,T,T2763T,Core,NEGATIVE_CONSENSUS,INVARIABLE,False,False,False,0.03364685,0.427230012532943,1.0,1.0,1.0,0.0,2009.2490234375,0.0,0.0,0.0,0.0,0.0,0.0,0.0,0.0,0.0,0.0
2764,R,K,R2764K,Core,RESCUED_SWEEP,CONFIRMED_SWEEP,True,False,True,0.6526663,0.2095805140761539,0.3517909,0.01980198,0.42981946,0.42554462,2009.576387049788,0.24402978725047614,2009.5425,2009.599,0.056442004,0.02308371886162329,0.01563469570670911,-7.4941297,-1.1210558,1.5623593,0.08714036
2765,I,I,I2765I,Core,NEGATIVE_CONSENSUS,INVARIABLE,False,False,False,0.7167717,0.19860244442133695,1.0,1.0,1.0,0.0,2009.2490234375,0.0,0.0,0.0,0.0,0.0,0.0,0.0,0.0,0.0,0.0
2766,Y,Y,Y2766Y,Core,NEGATIVE_CONSENSUS,INVARIABLE,False,False,False,0.08357149,0.38625726840274144,1.0,1.0,1.0,0.0,2009.2490234375,0.0,0.0,0.0,0.0,0.0,0.0,0.0,0.0,0.0,0.0
2767,Q,Q,Q2767Q,Core,NEGATIVE_CONSENSUS,INVARIABLE,False,False,False,0.14861211,0.3499326088640236,1.0,1.0,1.0,0.0,2009.2490234375,0.0,0.0,0.0,0.0,0.0,0.0,0.0,0.0,0.0,0.0
2768,I,I,I2768I,Core,NEGATIVE_CONSENSUS,INVARIABLE,False,False,False,0.7167717,0.19860244442133695,1.0,1.0,1.0,0.0,2009.2490234375,0.0,0.0,0.0,0.0,0.0,0.0,0.0,0.0,0.0,0.0
2769,L,L,L2769L,Core,NEGATIVE_CONSENSUS,INVARIABLE,False,False,False,0.11684559,0.36624060240780854,1.0,1.0,1.0,0.0,2009.2490234375,0.0,0.0,0.0,0.0,0.0,0.0,0.0,0.0,0.0,0.0
2770,A,A,A2770A,Core,NEGATIVE_CONSENSUS,INVARIABLE,False,False,False,0.112414464,0.36870593513800987,1.0,1.0,1.0,0.0,2009.2490234375,0.0,0.0,0.0,0.0,0.0,0.0,0.0,0.0,0.0,0.0
2771,I,I,I2771I,Core,NEGATIVE_CONSENSUS,INVARIABLE,False,False,False,0.41026053,0.2609186505464557,1.0,1.0,1.0,0.0,2009.2490234375,0.0,0.0,0.0,0.0,0.0,0.0,0.0,0.0,0.0,0.0
2772,Y,Y,Y2772Y,Core,NEGATIVE_CONSENSUS,INVARIABLE,False,False,False,0.04160279,0.41918940090001205,1.0,1.0,1.0,0.0,2009.2490234375,0.0,0.0,0.0,0.0,0.0,0.0,0.0,0.0,0.0,0.0
2773,S,S,S2773S,Core,NEGATIVE_CONSENSUS,INVARIABLE,False,False,False,0.2075632,0.3243420394483918,1.0,1.0,1.0,0.0,2009.2490234375,0.0,0.0,0.0,0.0,0.0,0.0,0.0,0.0,0.0,0.0
2774,T,T,T2774T,Core,NEGATIVE_CONSENSUS,INVARIABLE,False,False,False,0.026892863,0.434869336287794,1.0,1.0,1.0,0.0,2009.2490234375,0.0,0.0,0.0,0.0,0.0,0.0,0.0,0.0,0.0,0.0
2775,V,V,V2775V,Core,NEGATIVE_CONSENSUS,INVARIABLE,False,False,False,0.91231257,0.1697507851367119,1.0,1.0,1.0,0.0,2009.2490234375,0.0,0.0,0.0,0.0,0.0,0.0,0.0,0.0,0.0,0.0
2776,A,A,A2776A,Core,NEGATIVE_CONSENSUS,INVARIABLE,False,False,False,1.0132155,0.15706686261615616,1.0,1.0,1.0,0.0,2009.2490234375,0.0,0.0,0.0,0.0,0.0,0.0,0.0,0.0,0.0,0.0
2777,S,S,S2777S,Core,NEGATIVE_CONSENSUS,INVARIABLE,False,False,False,0.5688851,0.22535114656476174,1.0,1.0,1.0,0.0,2009.2490234375,0.0,0.0,0.0,0.0,0.0,0.0,0.0,0.0,0.0,0.0
2778,S,S,S2778S,Core,NEGATIVE_CONSENSUS,INVARIABLE,False,False,False,0.2075632,0.3243420394483918,1.0,1.0,1.0,0.0,2009.2490234375,0.0,0.0,0.0,0.0,0.0,0.0,0.0,0.0,0.0,0.0
2779,L,L,L2779L,Core,NEGATIVE_CONSENSUS,INVARIABLE,False,False,False,0.11684559,0.36624060240780854,1.0,1.0,1.0,0.0,2009.2490234375,0.0,0.0,0.0,0.0,0.0,0.0,0.0,0.0,0.0,0.0
2780,V,I,V2780I,Core,NEGATIVE_CONSENSUS,TEMPORAL_NOISE,False,False,False,1.5639944,0.10554065965066142,0.3517909,0.56435645,0.72686744,0.6839188,2009.3844842425847,0.06922486400740852,2009.3394,2009.4183,0.0790188,0.009500721477438074,0.006420849478090093,2.43709,-2.622772,2.245492,0.9063677
2781,L,L,L2781L,Core,NEGATIVE_CONSENSUS,INVARIABLE,False,False,False,0.15878537,0.3451386324350256,1.0,1.0,1.0,0.0,2009.2490234375,0.0,0.0,0.0,0.0,0.0,0.0,0.0,0.0,0.0,0.0
2782,V,V,V2782V,Core,NEGATIVE_CONSENSUS,INVARIABLE,False,False,False,0.60705686,0.21794905634298722,1.0,1.0,1.0,0.0,2009.2490234375,0.0,0.0,0.0,0.0,0.0,0.0,0.0,0.0,0.0,0.0
2783,V,V,V2783V,Core,NEGATIVE_CONSENSUS,INVARIABLE,False,False,False,0.91231257,0.1697507851367119,1.0,1.0,1.0,0.0,2009.2490234375,0.0,0.0,0.0,0.0,0.0,0.0,0.0,0.0,0.0,0.0
2784,S,S,S2784S,Core,NEGATIVE_CONSENSUS,INVARIABLE,False,False,False,0.48222643,0.24370778088239314,1.0,1.0,1.0,0.0,2009.2490234375,0.0,0.0,0.0,0.0,0.0,0.0,0.0,0.0,0.0,0.0
2785,L,L,L2785L,Core,NEGATIVE_CONSENSUS,INVARIABLE,False,False,False,0.15878537,0.3451386324350256,1.0,1.0,1.0,0.0,2009.2490234375,0.0,0.0,0.0,0.0,0.0,0.0,0.0,0.0,0.0,0.0
2786,G,G,G2786G,Core,NEGATIVE_CONSENSUS,INVARIABLE,False,False,False,0.10198707,0.37472898848367453,1.0,1.0,1.0,0.0,2009.2490234375,0.0,0.0,0.0,0.0,0.0,0.0,0.0,0.0,0.0,0.0
2787,A,A,A2787A,Core,NEGATIVE_CONSENSUS,INVARIABLE,False,False,False,0.50961536,0.23765270523878462,1.0,1.0,1.0,0.0,2009.2490234375,0.0,0.0,0.0,0.0,0.0,0.0,0.0,0.0,0.0,0.0
2788,I,V,I2788V,Core,NEGATIVE_CONSENSUS,TEMPORAL_NOISE,False,False,False,0.48657113,0.24273042171680825,0.35271603,0.17821783,0.57686293,0.72942203,2009.6554058527543,0.042205427164234255,2009.6102,2009.6893,0.0790188,0.005529546795431267,0.003745184303313675,-0.4324432,-1.3109655,-0.62445664,-0.4603795
2789,S,S,S2789S,Core,NEGATIVE_CONSENSUS,INVARIABLE,False,False,False,0.5161936,0.23623495187969223,1.0,1.0,1.0,0.0,2009.2490234375,0.0,0.0,0.0,0.0,0.0,0.0,0.0,0.0,0.0,0.0
2790,F,F,F2790F,Core,NEGATIVE_CONSENSUS,INVARIABLE,False,False,False,0.03677015,0.42396688710899644,1.0,1.0,1.0,0.0,2009.2490234375,0.0,0.0,0.0,0.0,0.0,0.0,0.0,0.0,0.0,0.0
2791,W,W,W2791W,Core,NEGATIVE_CONSENSUS,INVARIABLE,False,False,False,0.14326186,0.3525297858631183,1.0,1.0,1.0,0.0,2009.2490234375,0.0,0.0,0.0,0.0,0.0,0.0,0.0,0.0,0.0,0.0
2792,M,M,M2792M,Core,NEGATIVE_CONSENSUS,INVARIABLE,False,False,False,0.04345588,0.4174346170740496,1.0,1.0,1.0,0.0,2009.2490234375,0.0,0.0,0.0,0.0,0.0,0.0,0.0,0.0,0.0,0.0
2793,C,C,C2793C,Core,NEGATIVE_CONSENSUS,INVARIABLE,False,False,False,0.09690414,0.3777884485468732,1.0,1.0,1.0,0.0,2009.2490234375,0.0,0.0,0.0,0.0,0.0,0.0,0.0,0.0,0.0,0.0
2794,S,S,S2794S,Core,NEGATIVE_CONSENSUS,INVARIABLE,False,False,False,0.26384795,0.30374440131695446,1.0,1.0,1.0,0.0,2009.2490234375,0.0,0.0,0.0,0.0,0.0,0.0,0.0,0.0,0.0,0.0
2795,N,N,N2795N,Core,NEGATIVE_CONSENSUS,INVARIABLE,False,False,False,1.4904166,0.11107591306068325,1.0,1.0,1.0,0.0,2009.2490234375,0.0,0.0,0.0,0.0,0.0,0.0,0.0,0.0,0.0,0.0
2796,G,G,G2796G,Core,NEGATIVE_CONSENSUS,INVARIABLE,False,False,False,2.2712247,0.06589785635916064,1.0,1.0,1.0,0.0,2009.2490234375,0.0,0.0,0.0,0.0,0.0,0.0,0.0,0.0,0.0,0.0
2797,S,S,S2797S,Core,NEGATIVE_CONSENSUS,INVARIABLE,False,False,False,4.0341697,0.022293805745273475,1.0,1.0,1.0,0.0,2009.2490234375,0.0,0.0,0.0,0.0,0.0,0.0,0.0,0.0,0.0,0.0
2798,L,L,L2798L,Core,NEGATIVE_CONSENSUS,INVARIABLE,False,False,False,9.087069,0.0012871157714644142,1.0,1.0,1.0,0.0,2009.2490234375,0.0,0.0,0.0,0.0,0.0,0.0,0.0,0.0,0.0,0.0
2799,Q,Q,Q2799Q,Core,NEGATIVE_CONSENSUS,INVARIABLE,False,False,False,5.415186,0.009981163611110568,1.0,1.0,1.0,0.0,2009.2490234375,0.0,0.0,0.0,0.0,0.0,0.0,0.0,0.0,0.0,0.0
2800,C,C,C2800C,Core,NEGATIVE_CONSENSUS,INVARIABLE,False,False,False,2.5616505,0.054742113120661184,1.0,1.0,1.0,0.0,2009.2490234375,0.0,0.0,0.0,0.0,0.0,0.0,0.0,0.0,0.0,0.0
2801,R,R,R2801R,Core,NEGATIVE_CONSENSUS,INVARIABLE,False,False,False,1.9926666,0.07903117086480636,1.0,1.0,1.0,0.0,2009.2490234375,0.0,0.0,0.0,0.0,0.0,0.0,0.0,0.0,0.0,0.0
2802,I,V,I2802V,Core,NEGATIVE_CONSENSUS,TEMPORAL_NOISE,False,False,False,1.7892562,0.09050840598723808,0.3517909,0.089108914,0.42981946,0.8737132,2009.7682898569915,0.05968839200714432,2009.7006,2009.8021,0.1015956,0.010134456433711803,0.0068641081380344734,0.18571001,0.34502292,-6.947809,2.8357327
2803,C,C,C2803C,Core,NEGATIVE_CONSENSUS,INVARIABLE,False,False,False,2.8973162,0.04436358257698594,1.0,1.0,1.0,0.0,2009.2490234375,0.0,0.0,0.0,0.0,0.0,0.0,0.0,0.0,0.0,0.0
2804,I,I,I2804I,Core,NEGATIVE_CONSENSUS,INVARIABLE,False,False,False,3.9710674,0.02314421033160157,1.0,1.0,1.0,0.0,2009.2490234375,0.0,0.0,0.0,0.0,0.0,0.0,0.0,0.0,0.0,0.0
2805,A,A,A2805A,Core,NEGATIVE_CONSENSUS,INVARIABLE,False,False,False,0.07253021,0.3938439016477709,1.0,1.0,1.0,0.0,2009.2490234375,0.0,0.0,0.0,0.0,0.0,0.0,0.0,0.0,0.0,0.0
2806,A,A,A2806A,Core,NEGATIVE_CONSENSUS,INVARIABLE,False,False,False,0.07253021,0.3938439016477709,1.0,1.0,1.0,0.0,2009.2490234375,0.0,0.0,0.0,0.0,0.0,0.0,0.0,0.0,0.0,0.0
2807,M,M,M2807M,Core,NEGATIVE_CONSENSUS,INVARIABLE,False,False,False,0.04345588,0.4174346170740496,1.0,1.0,1.0,0.0,2009.2490234375,0.0,0.0,0.0,0.0,0.0,0.0,0.0,0.0,0.0,0.0
2808,A,A,A2808A,Core,NEGATIVE_CONSENSUS,INVARIABLE,False,False,False,0.0745809,0.39239008003912323,1.0,1.0,1.0,0.0,2009.2490234375,0.0,0.0,0.0,0.0,0.0,0.0,0.0,0.0,0.0,0.0
2809,S,S,S2809S,Core,NEGATIVE_CONSENSUS,INVARIABLE,False,False,False,0.26384795,0.30374440131695446,1.0,1.0,1.0,0.0,2009.2490234375,0.0,0.0,0.0,0.0,0.0,0.0,0.0,0.0,0.0,0.0
2810,Q,Q,Q2810Q,Core,NEGATIVE_CONSENSUS,INVARIABLE,False,False,False,0.1328033,0.35777149996023005,1.0,1.0,1.0,0.0,2009.2490234375,0.0,0.0,0.0,0.0,0.0,0.0,0.0,0.0,0.0,0.0
2811,G,G,G2811G,Core,NEGATIVE_CONSENSUS,INVARIABLE,False,False,False,0.31973153,0.28588451406953874,1.0,1.0,1.0,0.0,2009.2490234375,0.0,0.0,0.0,0.0,0.0,0.0,0.0,0.0,0.0,0.0
2812,T,T,T2812T,Core,NEGATIVE_CONSENSUS,INVARIABLE,False,False,False,0.033261508,0.42764328918344385,1.0,1.0,1.0,0.0,2009.2490234375,0.0,0.0,0.0,0.0,0.0,0.0,0.0,0.0,0.0,0.0
2813,K,K,K2813K,Core,NEGATIVE_CONSENSUS,INVARIABLE,False,False,False,1.2671006,0.13015565800770462,1.0,1.0,1.0,0.0,2009.2490234375,0.0,0.0,0.0,0.0,0.0,0.0,0.0,0.0,0.0,0.0
2814,R,R,R2814R,Core,NEGATIVE_CONSENSUS,INVARIABLE,False,False,False,0.03523141,0.4255557883149065,1.0,1.0,1.0,0.0,2009.2490234375,0.0,0.0,0.0,0.0,0.0,0.0,0.0,0.0,0.0,0.0
2815,S,S,S2815S,Core,NEGATIVE_CONSENSUS,INVARIABLE,False,False,False,0.2075632,0.3243420394483918,1.0,1.0,1.0,0.0,2009.2490234375,0.0,0.0,0.0,0.0,0.0,0.0,0.0,0.0,0.0,0.0
2816,Y,F,Y2816F,Core,NEGATIVE_CONSENSUS,TEMPORAL_NOISE,False,False,False,0.06251668,0.4012807745525721,0.40275607,0.8712871,0.904374,0.05605702,2009.2490234375,0.0054661749047945005,2009.249,2009.2603,0.011288401,0.0001739764284085858,8.698274973451548e-05,1.2347757,-1.669245,1.5691707,1.4553673
2817,E,E,E2817E,Core,NEGATIVE_CONSENSUS,INVARIABLE,False,False,False,0.17737707,0.33681854926235366,1.0,1.0,1.0,0.0,2009.2490234375,0.0,0.0,0.0,0.0,0.0,0.0,0.0,0.0,0.0,0.0
2818,Q,Q,Q2818Q,Core,NEGATIVE_CONSENSUS,INVARIABLE,False,False,False,0.12469235,0.3619999742615616,1.0,1.0,1.0,0.0,2009.2490234375,0.0,0.0,0.0,0.0,0.0,0.0,0.0,0.0,0.0,0.0
2819,M,M,M2819M,Core,NEGATIVE_CONSENSUS,INVARIABLE,False,False,False,0.04345588,0.4174346170740496,1.0,1.0,1.0,0.0,2009.2490234375,0.0,0.0,0.0,0.0,0.0,0.0,0.0,0.0,0.0,0.0
2820,E,E,E2820E,Core,NEGATIVE_CONSENSUS,INVARIABLE,False,False,False,0.09971498,0.37608596908684694,1.0,1.0,1.0,0.0,2009.2490234375,0.0,0.0,0.0,0.0,0.0,0.0,0.0,0.0,0.0,0.0
2821,T,T,T2821T,Core,NEGATIVE_CONSENSUS,INVARIABLE,False,False,False,0.026892863,0.434869336287794,1.0,1.0,1.0,0.0,2009.2490234375,0.0,0.0,0.0,0.0,0.0,0.0,0.0,0.0,0.0,0.0
2822,G,G,G2822G,Core,NEGATIVE_CONSENSUS,INVARIABLE,False,False,False,0.15513371,0.3468384480856218,1.0,1.0,1.0,0.0,2009.2490234375,0.0,0.0,0.0,0.0,0.0,0.0,0.0,0.0,0.0,0.0
2823,G,G,G2823G,Core,NEGATIVE_CONSENSUS,INVARIABLE,False,False,False,0.078924656,0.3893800035469487,1.0,1.0,1.0,0.0,2009.2490234375,0.0,0.0,0.0,0.0,0.0,0.0,0.0,0.0,0.0,0.0
2824,E,E,E2824E,Core,NEGATIVE_CONSENSUS,INVARIABLE,False,False,False,0.09971498,0.37608596908684694,1.0,1.0,1.0,0.0,2009.2490234375,0.0,0.0,0.0,0.0,0.0,0.0,0.0,0.0,0.0,0.0
2825,R,R,R2825R,Core,NEGATIVE_CONSENSUS,INVARIABLE,False,False,False,0.100597985,0.37555660265095264,1.0,1.0,1.0,0.0,2009.2490234375,0.0,0.0,0.0,0.0,0.0,0.0,0.0,0.0,0.0,0.0
2826,Q,Q,Q2826Q,Core,NEGATIVE_CONSENSUS,INVARIABLE,False,False,False,0.14861211,0.3499326088640236,1.0,1.0,1.0,0.0,2009.2490234375,0.0,0.0,0.0,0.0,0.0,0.0,0.0,0.0,0.0,0.0
2827,D,D,D2827D,Core,NEGATIVE_CONSENSUS,INVARIABLE,False,False,False,0.24172953,0.3114798699800736,1.0,1.0,1.0,0.0,2009.2490234375,0.0,0.0,0.0,0.0,0.0,0.0,0.0,0.0,0.0,0.0
2828,A,A,A2828A,Core,NEGATIVE_CONSENSUS,INVARIABLE,False,False,False,1.0132155,0.15706686261615616,1.0,1.0,1.0,0.0,2009.2490234375,0.0,0.0,0.0,0.0,0.0,0.0,0.0,0.0,0.0,0.0
2829,T,T,T2829T,Core,NEGATIVE_CONSENSUS,INVARIABLE,False,False,False,0.03364685,0.427230012532943,1.0,1.0,1.0,0.0,2009.2490234375,0.0,0.0,0.0,0.0,0.0,0.0,0.0,0.0,0.0,0.0
2830,E,E,E2830E,Core,NEGATIVE_CONSENSUS,INVARIABLE,False,False,False,0.19153897,0.33081940856924075,1.0,1.0,1.0,0.0,2009.2490234375,0.0,0.0,0.0,0.0,0.0,0.0,0.0,0.0,0.0,0.0
2831,I,I,I2831I,Core,NEGATIVE_CONSENSUS,INVARIABLE,False,False,False,0.41026053,0.2609186505464557,1.0,1.0,1.0,0.0,2009.2490234375,0.0,0.0,0.0,0.0,0.0,0.0,0.0,0.0,0.0,0.0
2832,R,R,R2832R,Core,NEGATIVE_CONSENSUS,INVARIABLE,False,False,False,0.047289148,0.41392467273385114,1.0,1.0,1.0,0.0,2009.2490234375,0.0,0.0,0.0,0.0,0.0,0.0,0.0,0.0,0.0,0.0
2833,A,A,A2833A,Core,NEGATIVE_CONSENSUS,INVARIABLE,False,False,False,0.50961536,0.23765270523878462,1.0,1.0,1.0,0.0,2009.2490234375,0.0,0.0,0.0,0.0,0.0,0.0,0.0,0.0,0.0,0.0
2834,S,S,S2834S,Core,NEGATIVE_CONSENSUS,INVARIABLE,False,False,False,0.26384795,0.30374440131695446,1.0,1.0,1.0,0.0,2009.2490234375,0.0,0.0,0.0,0.0,0.0,0.0,0.0,0.0,0.0,0.0
2835,V,V,V2835V,Core,NEGATIVE_CONSENSUS,INVARIABLE,False,False,False,0.91231257,0.1697507851367119,1.0,1.0,1.0,0.0,2009.2490234375,0.0,0.0,0.0,0.0,0.0,0.0,0.0,0.0,0.0,0.0
2836,G,G,G2836G,Core,NEGATIVE_CONSENSUS,INVARIABLE,False,False,False,0.08983235,0.38219519767681476,1.0,1.0,1.0,0.0,2009.2490234375,0.0,0.0,0.0,0.0,0.0,0.0,0.0,0.0,0.0,0.0
2837,R,R,R2837R,Core,NEGATIVE_CONSENSUS,INVARIABLE,False,False,False,0.047289148,0.41392467273385114,1.0,1.0,1.0,0.0,2009.2490234375,0.0,0.0,0.0,0.0,0.0,0.0,0.0,0.0,0.0,0.0
2838,M,M,M2838M,Core,NEGATIVE_CONSENSUS,INVARIABLE,False,False,False,0.04345588,0.4174346170740496,1.0,1.0,1.0,0.0,2009.2490234375,0.0,0.0,0.0,0.0,0.0,0.0,0.0,0.0,0.0,0.0
2839,I,I,I2839I,Core,NEGATIVE_CONSENSUS,INVARIABLE,False,False,False,0.7167717,0.19860244442133695,1.0,1.0,1.0,0.0,2009.2490234375,0.0,0.0,0.0,0.0,0.0,0.0,0.0,0.0,0.0,0.0
2840,G,G,G2840G,Core,NEGATIVE_CONSENSUS,INVARIABLE,False,False,False,0.15513371,0.3468384480856218,1.0,1.0,1.0,0.0,2009.2490234375,0.0,0.0,0.0,0.0,0.0,0.0,0.0,0.0,0.0,0.0
2841,G,G,G2841G,Core,NEGATIVE_CONSENSUS,INVARIABLE,False,False,False,0.08983235,0.38219519767681476,1.0,1.0,1.0,0.0,2009.2490234375,0.0,0.0,0.0,0.0,0.0,0.0,0.0,0.0,0.0,0.0
2842,I,I,I2842I,Core,NEGATIVE_CONSENSUS,INVARIABLE,False,False,False,0.30569756,0.2901662068180333,1.0,1.0,1.0,0.0,2009.2490234375,0.0,0.0,0.0,0.0,0.0,0.0,0.0,0.0,0.0,0.0
2843,G,G,G2843G,Core,NEGATIVE_CONSENSUS,INVARIABLE,False,False,False,0.10198707,0.37472898848367453,1.0,1.0,1.0,0.0,2009.2490234375,0.0,0.0,0.0,0.0,0.0,0.0,0.0,0.0,0.0,0.0
2844,R,R,R2844R,Core,NEGATIVE_CONSENSUS,INVARIABLE,False,False,False,0.047289148,0.41392467273385114,1.0,1.0,1.0,0.0,2009.2490234375,0.0,0.0,0.0,0.0,0.0,0.0,0.0,0.0,0.0,0.0
2845,F,F,F2845F,Core,NEGATIVE_CONSENSUS,INVARIABLE,False,False,False,0.03677015,0.42396688710899644,1.0,1.0,1.0,0.0,2009.2490234375,0.0,0.0,0.0,0.0,0.0,0.0,0.0,0.0,0.0,0.0
2846,Y,Y,Y2846Y,Core,NEGATIVE_CONSENSUS,INVARIABLE,False,False,False,0.08357149,0.38625726840274144,1.0,1.0,1.0,0.0,2009.2490234375,0.0,0.0,0.0,0.0,0.0,0.0,0.0,0.0,0.0,0.0
2847,I,I,I2847I,Core,NEGATIVE_CONSENSUS,INVARIABLE,False,False,False,0.41026053,0.2609186505464557,1.0,1.0,1.0,0.0,2009.2490234375,0.0,0.0,0.0,0.0,0.0,0.0,0.0,0.0,0.0,0.0
2848,Q,Q,Q2848Q,Core,NEGATIVE_CONSENSUS,INVARIABLE,False,False,False,0.1328033,0.35777149996023005,1.0,1.0,1.0,0.0,2009.2490234375,0.0,0.0,0.0,0.0,0.0,0.0,0.0,0.0,0.0,0.0
2849,M,M,M2849M,Core,NEGATIVE_CONSENSUS,INVARIABLE,False,False,False,0.04345588,0.4174346170740496,1.0,1.0,1.0,0.0,2009.2490234375,0.0,0.0,0.0,0.0,0.0,0.0,0.0,0.0,0.0,0.0
2850,C,C,C2850C,Core,NEGATIVE_CONSENSUS,INVARIABLE,False,False,False,0.09659972,0.3779744510658423,1.0,1.0,1.0,0.0,2009.2490234375,0.0,0.0,0.0,0.0,0.0,0.0,0.0,0.0,0.0,0.0
2851,T,T,T2851T,Core,NEGATIVE_CONSENSUS,INVARIABLE,False,False,False,0.026892863,0.434869336287794,1.0,1.0,1.0,0.0,2009.2490234375,0.0,0.0,0.0,0.0,0.0,0.0,0.0,0.0,0.0,0.0
2852,E,E,E2852E,Core,NEGATIVE_CONSENSUS,INVARIABLE,False,False,False,0.17737707,0.33681854926235366,1.0,1.0,1.0,0.0,2009.2490234375,0.0,0.0,0.0,0.0,0.0,0.0,0.0,0.0,0.0,0.0
2853,L,L,L2853L,Core,NEGATIVE_CONSENSUS,INVARIABLE,False,False,False,0.17207795,0.33913581444463325,1.0,1.0,1.0,0.0,2009.2490234375,0.0,0.0,0.0,0.0,0.0,0.0,0.0,0.0,0.0,0.0
2854,K,K,K2854K,Core,NEGATIVE_CONSENSUS,INVARIABLE,False,False,False,1.2671006,0.13015565800770462,1.0,1.0,1.0,0.0,2009.2490234375,0.0,0.0,0.0,0.0,0.0,0.0,0.0,0.0,0.0,0.0
2855,L,L,L2855L,Core,NEGATIVE_CONSENSUS,INVARIABLE,False,False,False,0.14541298,0.35147899708437935,1.0,1.0,1.0,0.0,2009.2490234375,0.0,0.0,0.0,0.0,0.0,0.0,0.0,0.0,0.0,0.0
2856,S,S,S2856S,Core,NEGATIVE_CONSENSUS,INVARIABLE,False,False,False,0.5161936,0.23623495187969223,1.0,1.0,1.0,0.0,2009.2490234375,0.0,0.0,0.0,0.0,0.0,0.0,0.0,0.0,0.0,0.0
2857,D,D,D2857D,Core,NEGATIVE_CONSENSUS,INVARIABLE,False,False,False,0.24172953,0.3114798699800736,1.0,1.0,1.0,0.0,2009.2490234375,0.0,0.0,0.0,0.0,0.0,0.0,0.0,0.0,0.0,0.0
2858,Y,Y,Y2858Y,Core,NEGATIVE_CONSENSUS,INVARIABLE,False,False,False,0.04160279,0.41918940090001205,1.0,1.0,1.0,0.0,2009.2490234375,0.0,0.0,0.0,0.0,0.0,0.0,0.0,0.0,0.0,0.0
2859,D,D,D2859D,Core,NEGATIVE_CONSENSUS,INVARIABLE,False,False,False,0.24172953,0.3114798699800736,1.0,1.0,1.0,0.0,2009.2490234375,0.0,0.0,0.0,0.0,0.0,0.0,0.0,0.0,0.0,0.0
2860,G,G,G2860G,Core,NEGATIVE_CONSENSUS,INVARIABLE,False,False,False,0.08983235,0.38219519767681476,1.0,1.0,1.0,0.0,2009.2490234375,0.0,0.0,0.0,0.0,0.0,0.0,0.0,0.0,0.0,0.0
2861,R,R,R2861R,Core,NEGATIVE_CONSENSUS,INVARIABLE,False,False,False,0.03523141,0.4255557883149065,1.0,1.0,1.0,0.0,2009.2490234375,0.0,0.0,0.0,0.0,0.0,0.0,0.0,0.0,0.0,0.0
2862,L,L,L2862L,Core,NEGATIVE_CONSENSUS,INVARIABLE,False,False,False,0.20977953,0.32347013020324433,1.0,1.0,1.0,0.0,2009.2490234375,0.0,0.0,0.0,0.0,0.0,0.0,0.0,0.0,0.0,0.0
2863,I,I,I2863I,Core,NEGATIVE_CONSENSUS,INVARIABLE,False,False,False,0.41026053,0.2609186505464557,1.0,1.0,1.0,0.0,2009.2490234375,0.0,0.0,0.0,0.0,0.0,0.0,0.0,0.0,0.0,0.0
2864,Q,Q,Q2864Q,Core,NEGATIVE_CONSENSUS,INVARIABLE,False,False,False,0.14861211,0.3499326088640236,1.0,1.0,1.0,0.0,2009.2490234375,0.0,0.0,0.0,0.0,0.0,0.0,0.0,0.0,0.0,0.0
2865,N,N,N2865N,Core,NEGATIVE_CONSENSUS,INVARIABLE,False,False,False,0.14756067,0.3504387265808948,1.0,1.0,1.0,0.0,2009.2490234375,0.0,0.0,0.0,0.0,0.0,0.0,0.0,0.0,0.0,0.0
2866,S,S,S2866S,Core,NEGATIVE_CONSENSUS,INVARIABLE,False,False,False,0.49796218,0.2401984475468799,1.0,1.0,1.0,0.0,2009.2490234375,0.0,0.0,0.0,0.0,0.0,0.0,0.0,0.0,0.0,0.0
2867,I,I,I2867I,Core,NEGATIVE_CONSENSUS,INVARIABLE,False,False,False,1.0355865,0.15442508350662135,1.0,1.0,1.0,0.0,2009.2490234375,0.0,0.0,0.0,0.0,0.0,0.0,0.0,0.0,0.0,0.0
2868,T,T,T2868T,Core,NEGATIVE_CONSENSUS,INVARIABLE,False,False,False,0.03364685,0.427230012532943,1.0,1.0,1.0,0.0,2009.2490234375,0.0,0.0,0.0,0.0,0.0,0.0,0.0,0.0,0.0,0.0
2869,I,I,I2869I,Core,NEGATIVE_CONSENSUS,INVARIABLE,False,False,False,1.0355865,0.15442508350662135,1.0,1.0,1.0,0.0,2009.2490234375,0.0,0.0,0.0,0.0,0.0,0.0,0.0,0.0,0.0,0.0
2870,E,E,E2870E,Core,NEGATIVE_CONSENSUS,INVARIABLE,False,False,False,0.09971498,0.37608596908684694,1.0,1.0,1.0,0.0,2009.2490234375,0.0,0.0,0.0,0.0,0.0,0.0,0.0,0.0,0.0,0.0
2871,R,R,R2871R,Core,NEGATIVE_CONSENSUS,INVARIABLE,False,False,False,0.026146797,0.43577116494005275,1.0,1.0,1.0,0.0,2009.2490234375,0.0,0.0,0.0,0.0,0.0,0.0,0.0,0.0,0.0,0.0
2872,M,M,M2872M,Core,NEGATIVE_CONSENSUS,INVARIABLE,False,False,False,0.04345588,0.4174346170740496,1.0,1.0,1.0,0.0,2009.2490234375,0.0,0.0,0.0,0.0,0.0,0.0,0.0,0.0,0.0,0.0
2873,V,V,V2873V,Core,NEGATIVE_CONSENSUS,INVARIABLE,False,False,False,0.15838115,0.3453256737119521,1.0,1.0,1.0,0.0,2009.2490234375,0.0,0.0,0.0,0.0,0.0,0.0,0.0,0.0,0.0,0.0
2874,L,L,L2874L,Core,NEGATIVE_CONSENSUS,INVARIABLE,False,False,False,0.1403902,0.3539467030420645,1.0,1.0,1.0,0.0,2009.2490234375,0.0,0.0,0.0,0.0,0.0,0.0,0.0,0.0,0.0,0.0
2875,S,S,S2875S,Core,NEGATIVE_CONSENSUS,INVARIABLE,False,False,False,0.26384795,0.30374440131695446,1.0,1.0,1.0,0.0,2009.2490234375,0.0,0.0,0.0,0.0,0.0,0.0,0.0,0.0,0.0,0.0
2876,A,A,A2876A,Core,NEGATIVE_CONSENSUS,INVARIABLE,False,False,False,0.6177493,0.21594245077438262,1.0,1.0,1.0,0.0,2009.2490234375,0.0,0.0,0.0,0.0,0.0,0.0,0.0,0.0,0.0,0.0
2877,F,F,F2877F,Core,NEGATIVE_CONSENSUS,INVARIABLE,False,False,False,0.061055347,0.4024178149016429,1.0,1.0,1.0,0.0,2009.2490234375,0.0,0.0,0.0,0.0,0.0,0.0,0.0,0.0,0.0,0.0
2878,D,D,D2878D,Core,NEGATIVE_CONSENSUS,INVARIABLE,False,False,False,0.24172953,0.3114798699800736,1.0,1.0,1.0,0.0,2009.2490234375,0.0,0.0,0.0,0.0,0.0,0.0,0.0,0.0,0.0,0.0
2879,E,E,E2879E,Core,NEGATIVE_CONSENSUS,INVARIABLE,False,False,False,0.09971498,0.37608596908684694,1.0,1.0,1.0,0.0,2009.2490234375,0.0,0.0,0.0,0.0,0.0,0.0,0.0,0.0,0.0,0.0
2880,R,R,R2880R,Core,NEGATIVE_CONSENSUS,INVARIABLE,False,False,False,0.047289148,0.41392467273385114,1.0,1.0,1.0,0.0,2009.2490234375,0.0,0.0,0.0,0.0,0.0,0.0,0.0,0.0,0.0,0.0
2881,R,R,R2881R,Core,NEGATIVE_CONSENSUS,INVARIABLE,False,False,False,0.047289148,0.41392467273385114,1.0,1.0,1.0,0.0,2009.2490234375,0.0,0.0,0.0,0.0,0.0,0.0,0.0,0.0,0.0,0.0
2882,N,N,N2882N,Core,NEGATIVE_CONSENSUS,INVARIABLE,False,False,False,0.14756067,0.3504387265808948,1.0,1.0,1.0,0.0,2009.2490234375,0.0,0.0,0.0,0.0,0.0,0.0,0.0,0.0,0.0,0.0
2883,K,K,K2883K,Core,NEGATIVE_CONSENSUS,INVARIABLE,False,False,False,1.2671006,0.13015565800770462,1.0,1.0,1.0,0.0,2009.2490234375,0.0,0.0,0.0,0.0,0.0,0.0,0.0,0.0,0.0,0.0
2884,Y,Y,Y2884Y,Core,NEGATIVE_CONSENSUS,INVARIABLE,False,False,False,0.08357149,0.38625726840274144,1.0,1.0,1.0,0.0,2009.2490234375,0.0,0.0,0.0,0.0,0.0,0.0,0.0,0.0,0.0,0.0
2885,L,L,L2885L,Core,NEGATIVE_CONSENSUS,INVARIABLE,False,False,False,0.20977953,0.32347013020324433,1.0,1.0,1.0,0.0,2009.2490234375,0.0,0.0,0.0,0.0,0.0,0.0,0.0,0.0,0.0,0.0
2886,E,E,E2886E,Core,NEGATIVE_CONSENSUS,INVARIABLE,False,False,False,0.17737707,0.33681854926235366,1.0,1.0,1.0,0.0,2009.2490234375,0.0,0.0,0.0,0.0,0.0,0.0,0.0,0.0,0.0,0.0
2887,E,E,E2887E,Core,NEGATIVE_CONSENSUS,INVARIABLE,False,False,False,0.09971498,0.37608596908684694,1.0,1.0,1.0,0.0,2009.2490234375,0.0,0.0,0.0,0.0,0.0,0.0,0.0,0.0,0.0,0.0
2888,H,H,H2888H,Core,NEGATIVE_CONSENSUS,INVARIABLE,False,False,False,0.18790461,0.3323331716817506,1.0,1.0,1.0,0.0,2009.2490234375,0.0,0.0,0.0,0.0,0.0,0.0,0.0,0.0,0.0,0.0
2889,P,P,P2889P,Core,NEGATIVE_CONSENSUS,INVARIABLE,False,False,False,0.13949645,0.35439106371219375,1.0,1.0,1.0,0.0,2009.2490234375,0.0,0.0,0.0,0.0,0.0,0.0,0.0,0.0,0.0,0.0
2890,S,N,S2890N,Core,NEGATIVE_CONSENSUS,FLAT_NO_SIGNAL,False,False,False,2.7094045,0.04987911316811335,0.3517909,1.0,1.0,0.0,2009.2490234375,0.0,0.0,0.0,0.0,0.0,0.0,0.0,0.0,0.0,0.0
2891,A,A,A2891A,Core,NEGATIVE_CONSENSUS,INVARIABLE,False,False,False,0.6177493,0.21594245077438262,1.0,1.0,1.0,0.0,2009.2490234375,0.0,0.0,0.0,0.0,0.0,0.0,0.0,0.0,0.0,0.0
2892,G,G,G2892G,Core,NEGATIVE_CONSENSUS,INVARIABLE,False,False,False,0.077234775,0.39054016654815904,1.0,1.0,1.0,0.0,2009.2490234375,0.0,0.0,0.0,0.0,0.0,0.0,0.0,0.0,0.0,0.0
2893,K,K,K2893K,Core,NEGATIVE_CONSENSUS,INVARIABLE,False,False,False,0.2995089,0.2920952302947697,1.0,1.0,1.0,0.0,2009.2490234375,0.0,0.0,0.0,0.0,0.0,0.0,0.0,0.0,0.0,0.0
2894,D,D,D2894D,Core,NEGATIVE_CONSENSUS,INVARIABLE,False,False,False,2.8818045,0.044792789968923004,1.0,1.0,1.0,0.0,2009.2490234375,0.0,0.0,0.0,0.0,0.0,0.0,0.0,0.0,0.0,0.0
2895,P,P,P2895P,Core,NEGATIVE_CONSENSUS,INVARIABLE,False,False,False,0.18130763,0.33512594256133826,1.0,1.0,1.0,0.0,2009.2490234375,0.0,0.0,0.0,0.0,0.0,0.0,0.0,0.0,0.0,0.0
2896,K,K,K2896K,Core,NEGATIVE_CONSENSUS,INVARIABLE,False,False,False,0.2995089,0.2920952302947697,1.0,1.0,1.0,0.0,2009.2490234375,0.0,0.0,0.0,0.0,0.0,0.0,0.0,0.0,0.0,0.0
2897,K,K,K2897K,Core,NEGATIVE_CONSENSUS,INVARIABLE,False,False,False,1.2671006,0.13015565800770462,1.0,1.0,1.0,0.0,2009.2490234375,0.0,0.0,0.0,0.0,0.0,0.0,0.0,0.0,0.0,0.0
2898,T,T,T2898T,Core,NEGATIVE_CONSENSUS,INVARIABLE,False,False,False,0.03364685,0.427230012532943,1.0,1.0,1.0,0.0,2009.2490234375,0.0,0.0,0.0,0.0,0.0,0.0,0.0,0.0,0.0,0.0
2899,G,G,G2899G,Core,NEGATIVE_CONSENSUS,INVARIABLE,False,False,False,0.08983235,0.38219519767681476,1.0,1.0,1.0,0.0,2009.2490234375,0.0,0.0,0.0,0.0,0.0,0.0,0.0,0.0,0.0,0.0
2900,G,G,G2900G,Core,NEGATIVE_CONSENSUS,INVARIABLE,False,False,False,0.08983235,0.38219519767681476,1.0,1.0,1.0,0.0,2009.2490234375,0.0,0.0,0.0,0.0,0.0,0.0,0.0,0.0,0.0,0.0
2901,P,P,P2901P,Core,NEGATIVE_CONSENSUS,INVARIABLE,False,False,False,0.13949645,0.35439106371219375,1.0,1.0,1.0,0.0,2009.2490234375,0.0,0.0,0.0,0.0,0.0,0.0,0.0,0.0,0.0,0.0
2902,I,I,I2902I,Core,NEGATIVE_CONSENSUS,INVARIABLE,False,False,False,1.0355865,0.15442508350662135,1.0,1.0,1.0,0.0,2009.2490234375,0.0,0.0,0.0,0.0,0.0,0.0,0.0,0.0,0.0,0.0
2903,Y,Y,Y2903Y,Core,NEGATIVE_CONSENSUS,INVARIABLE,False,False,False,0.04160279,0.41918940090001205,1.0,1.0,1.0,0.0,2009.2490234375,0.0,0.0,0.0,0.0,0.0,0.0,0.0,0.0,0.0,0.0
2904,R,R,R2904R,Core,NEGATIVE_CONSENSUS,INVARIABLE,False,False,False,0.047289148,0.41392467273385114,1.0,1.0,1.0,0.0,2009.2490234375,0.0,0.0,0.0,0.0,0.0,0.0,0.0,0.0,0.0,0.0
2905,R,R,R2905R,Core,NEGATIVE_CONSENSUS,INVARIABLE,False,False,False,0.047289148,0.41392467273385114,1.0,1.0,1.0,0.0,2009.2490234375,0.0,0.0,0.0,0.0,0.0,0.0,0.0,0.0,0.0,0.0
2906,V,I,V2906I,Core,RESCUED_SWEEP,CONFIRMED_SWEEP,True,False,True,0.6867114,0.2036426114469141,0.3517909,0.04950495,0.42981946,0.6831234,2009.2490234375,0.029661645378827504,2009.249,2009.3506,0.1015956,0.006900215681097762,0.004502652332605932,3.613818,-4.783781,3.6648269,2.3393693
2907,D,D,D2907D,Core,NEGATIVE_CONSENSUS,INVARIABLE,False,False,False,1.3399618,0.12352035537850707,1.0,1.0,1.0,0.0,2009.2490234375,0.0,0.0,0.0,0.0,0.0,0.0,0.0,0.0,0.0,0.0
2908,G,G,G2908G,Core,NEGATIVE_CONSENSUS,INVARIABLE,False,False,False,0.08983235,0.38219519767681476,1.0,1.0,1.0,0.0,2009.2490234375,0.0,0.0,0.0,0.0,0.0,0.0,0.0,0.0,0.0,0.0
2909,K,K,K2909K,Core,NEGATIVE_CONSENSUS,INVARIABLE,False,False,False,0.2995089,0.2920952302947697,1.0,1.0,1.0,0.0,2009.2490234375,0.0,0.0,0.0,0.0,0.0,0.0,0.0,0.0,0.0,0.0
2910,W,W,W2910W,Core,NEGATIVE_CONSENSUS,INVARIABLE,False,False,False,0.14326186,0.3525297858631183,1.0,1.0,1.0,0.0,2009.2490234375,0.0,0.0,0.0,0.0,0.0,0.0,0.0,0.0,0.0,0.0
2911,M,M,M2911M,Core,NEGATIVE_CONSENSUS,INVARIABLE,False,False,False,0.04345588,0.4174346170740496,1.0,1.0,1.0,0.0,2009.2490234375,0.0,0.0,0.0,0.0,0.0,0.0,0.0,0.0,0.0,0.0
2912,R,R,R2912R,Core,NEGATIVE_CONSENSUS,INVARIABLE,False,False,False,0.047289148,0.41392467273385114,1.0,1.0,1.0,0.0,2009.2490234375,0.0,0.0,0.0,0.0,0.0,0.0,0.0,0.0,0.0,0.0
2913,E,E,E2913E,Core,NEGATIVE_CONSENSUS,INVARIABLE,False,False,False,0.17737707,0.33681854926235366,1.0,1.0,1.0,0.0,2009.2490234375,0.0,0.0,0.0,0.0,0.0,0.0,0.0,0.0,0.0,0.0
2914,L,L,L2914L,Core,NEGATIVE_CONSENSUS,INVARIABLE,False,False,False,0.12774509,0.36039077885049475,1.0,1.0,1.0,0.0,2009.2490234375,0.0,0.0,0.0,0.0,0.0,0.0,0.0,0.0,0.0,0.0
2915,I,I,I2915I,Core,NEGATIVE_CONSENSUS,INVARIABLE,False,False,False,0.41026053,0.2609186505464557,1.0,1.0,1.0,0.0,2009.2490234375,0.0,0.0,0.0,0.0,0.0,0.0,0.0,0.0,0.0,0.0
2916,L,L,L2916L,Core,NEGATIVE_CONSENSUS,INVARIABLE,False,False,False,0.1403902,0.3539467030420645,1.0,1.0,1.0,0.0,2009.2490234375,0.0,0.0,0.0,0.0,0.0,0.0,0.0,0.0,0.0,0.0
2917,Y,C,Y2917C,Core,NEGATIVE_CONSENSUS,TEMPORAL_NOISE,False,False,False,0.23858976,0.3126132610845158,0.36189717,0.31683168,0.63701445,0.93786025,2009.4747914459747,0.06535449066717976,2009.4409,2009.5087,0.067730404,0.00871393292715924,0.005901973028048815,0.7843646,-0.7255847,-0.3478253,-7.002074
2918,D,D,D2918D,Core,NEGATIVE_CONSENSUS,INVARIABLE,False,False,False,2.8818045,0.044792789968923004,1.0,1.0,1.0,0.0,2009.2490234375,0.0,0.0,0.0,0.0,0.0,0.0,0.0,0.0,0.0,0.0
2919,K,K,K2919K,Core,NEGATIVE_CONSENSUS,INVARIABLE,False,False,False,1.2671006,0.13015565800770462,1.0,1.0,1.0,0.0,2009.2490234375,0.0,0.0,0.0,0.0,0.0,0.0,0.0,0.0,0.0,0.0
2920,E,E,E2920E,Core,NEGATIVE_CONSENSUS,INVARIABLE,False,False,False,0.17737707,0.33681854926235366,1.0,1.0,1.0,0.0,2009.2490234375,0.0,0.0,0.0,0.0,0.0,0.0,0.0,0.0,0.0,0.0
2921,E,E,E2921E,Core,NEGATIVE_CONSENSUS,INVARIABLE,False,False,False,0.17737707,0.33681854926235366,1.0,1.0,1.0,0.0,2009.2490234375,0.0,0.0,0.0,0.0,0.0,0.0,0.0,0.0,0.0,0.0
2922,I,I,I2922I,Core,NEGATIVE_CONSENSUS,INVARIABLE,False,False,False,1.0355865,0.15442508350662135,1.0,1.0,1.0,0.0,2009.2490234375,0.0,0.0,0.0,0.0,0.0,0.0,0.0,0.0,0.0,0.0
2923,R,R,R2923R,Core,NEGATIVE_CONSENSUS,INVARIABLE,False,False,False,0.03059875,0.4305692889237814,1.0,1.0,1.0,0.0,2009.2490234375,0.0,0.0,0.0,0.0,0.0,0.0,0.0,0.0,0.0,0.0
2924,R,R,R2924R,Core,NEGATIVE_CONSENSUS,INVARIABLE,False,False,False,0.047289148,0.41392467273385114,1.0,1.0,1.0,0.0,2009.2490234375,0.0,0.0,0.0,0.0,0.0,0.0,0.0,0.0,0.0,0.0
2925,V,V,V2925V,Core,NEGATIVE_CONSENSUS,INVARIABLE,False,False,False,0.27149606,0.3011649827004066,1.0,1.0,1.0,0.0,2009.2490234375,0.0,0.0,0.0,0.0,0.0,0.0,0.0,0.0,0.0,0.0
2926,W,W,W2926W,Core,NEGATIVE_CONSENSUS,INVARIABLE,False,False,False,0.14326186,0.3525297858631183,1.0,1.0,1.0,0.0,2009.2490234375,0.0,0.0,0.0,0.0,0.0,0.0,0.0,0.0,0.0,0.0
2927,R,R,R2927R,Core,NEGATIVE_CONSENSUS,INVARIABLE,False,False,False,0.100597985,0.37555660265095264,1.0,1.0,1.0,0.0,2009.2490234375,0.0,0.0,0.0,0.0,0.0,0.0,0.0,0.0,0.0,0.0
2928,Q,Q,Q2928Q,Core,NEGATIVE_CONSENSUS,INVARIABLE,False,False,False,0.1328033,0.35777149996023005,1.0,1.0,1.0,0.0,2009.2490234375,0.0,0.0,0.0,0.0,0.0,0.0,0.0,0.0,0.0,0.0
2929,A,A,A2929A,Core,NEGATIVE_CONSENSUS,INVARIABLE,False,False,False,0.50961536,0.23765270523878462,1.0,1.0,1.0,0.0,2009.2490234375,0.0,0.0,0.0,0.0,0.0,0.0,0.0,0.0,0.0,0.0
2930,N,N,N2930N,Core,NEGATIVE_CONSENSUS,INVARIABLE,False,False,False,0.097298466,0.37754799373084963,1.0,1.0,1.0,0.0,2009.2490234375,0.0,0.0,0.0,0.0,0.0,0.0,0.0,0.0,0.0,0.0
2931,N,N,N2931N,Core,NEGATIVE_CONSENSUS,INVARIABLE,False,False,False,0.14756067,0.3504387265808948,1.0,1.0,1.0,0.0,2009.2490234375,0.0,0.0,0.0,0.0,0.0,0.0,0.0,0.0,0.0,0.0
2932,G,G,G2932G,Core,NEGATIVE_CONSENSUS,INVARIABLE,False,False,False,0.31973153,0.28588451406953874,1.0,1.0,1.0,0.0,2009.2490234375,0.0,0.0,0.0,0.0,0.0,0.0,0.0,0.0,0.0,0.0
2933,E,E,E2933E,Core,NEGATIVE_CONSENSUS,INVARIABLE,False,False,False,0.17737707,0.33681854926235366,1.0,1.0,1.0,0.0,2009.2490234375,0.0,0.0,0.0,0.0,0.0,0.0,0.0,0.0,0.0,0.0
2934,D,D,D2934D,Core,NEGATIVE_CONSENSUS,INVARIABLE,False,False,False,0.24172953,0.3114798699800736,1.0,1.0,1.0,0.0,2009.2490234375,0.0,0.0,0.0,0.0,0.0,0.0,0.0,0.0,0.0,0.0
2935,A,A,A2935A,Core,NEGATIVE_CONSENSUS,INVARIABLE,False,False,False,0.50961536,0.23765270523878462,1.0,1.0,1.0,0.0,2009.2490234375,0.0,0.0,0.0,0.0,0.0,0.0,0.0,0.0,0.0,0.0
2936,T,T,T2936T,Core,NEGATIVE_CONSENSUS,INVARIABLE,False,False,False,0.03364685,0.427230012532943,1.0,1.0,1.0,0.0,2009.2490234375,0.0,0.0,0.0,0.0,0.0,0.0,0.0,0.0,0.0,0.0
2937,A,A,A2937A,Core,NEGATIVE_CONSENSUS,INVARIABLE,False,False,False,0.50961536,0.23765270523878462,1.0,1.0,1.0,0.0,2009.2490234375,0.0,0.0,0.0,0.0,0.0,0.0,0.0,0.0,0.0,0.0
2938,G,G,G2938G,Core,NEGATIVE_CONSENSUS,INVARIABLE,False,False,False,0.15513371,0.3468384480856218,1.0,1.0,1.0,0.0,2009.2490234375,0.0,0.0,0.0,0.0,0.0,0.0,0.0,0.0,0.0,0.0
2939,L,L,L2939L,Core,NEGATIVE_CONSENSUS,INVARIABLE,False,False,False,0.1403902,0.3539467030420645,1.0,1.0,1.0,0.0,2009.2490234375,0.0,0.0,0.0,0.0,0.0,0.0,0.0,0.0,0.0,0.0
2940,T,T,T2940T,Core,NEGATIVE_CONSENSUS,INVARIABLE,False,False,False,0.026892863,0.434869336287794,1.0,1.0,1.0,0.0,2009.2490234375,0.0,0.0,0.0,0.0,0.0,0.0,0.0,0.0,0.0,0.0
2941,H,H,H2941H,Core,NEGATIVE_CONSENSUS,INVARIABLE,False,False,False,0.18790461,0.3323331716817506,1.0,1.0,1.0,0.0,2009.2490234375,0.0,0.0,0.0,0.0,0.0,0.0,0.0,0.0,0.0,0.0
2942,I,I,I2942I,Core,NEGATIVE_CONSENSUS,INVARIABLE,False,False,False,0.41026053,0.2609186505464557,1.0,1.0,1.0,0.0,2009.2490234375,0.0,0.0,0.0,0.0,0.0,0.0,0.0,0.0,0.0,0.0
2943,M,M,M2943M,Core,NEGATIVE_CONSENSUS,INVARIABLE,False,False,False,0.04345588,0.4174346170740496,1.0,1.0,1.0,0.0,2009.2490234375,0.0,0.0,0.0,0.0,0.0,0.0,0.0,0.0,0.0,0.0
2944,I,I,I2944I,Core,NEGATIVE_CONSENSUS,INVARIABLE,False,False,False,0.7167717,0.19860244442133695,1.0,1.0,1.0,0.0,2009.2490234375,0.0,0.0,0.0,0.0,0.0,0.0,0.0,0.0,0.0,0.0
2945,W,W,W2945W,Core,NEGATIVE_CONSENSUS,INVARIABLE,False,False,False,0.14326186,0.3525297858631183,1.0,1.0,1.0,0.0,2009.2490234375,0.0,0.0,0.0,0.0,0.0,0.0,0.0,0.0,0.0,0.0
2946,H,H,H2946H,Core,NEGATIVE_CONSENSUS,INVARIABLE,False,False,False,0.18790461,0.3323331716817506,1.0,1.0,1.0,0.0,2009.2490234375,0.0,0.0,0.0,0.0,0.0,0.0,0.0,0.0,0.0,0.0
2947,S,S,S2947S,Core,NEGATIVE_CONSENSUS,INVARIABLE,False,False,False,0.48222643,0.24370778088239314,1.0,1.0,1.0,0.0,2009.2490234375,0.0,0.0,0.0,0.0,0.0,0.0,0.0,0.0,0.0,0.0
2948,N,N,N2948N,Core,NEGATIVE_CONSENSUS,INVARIABLE,False,False,False,0.13950425,0.3543871745889523,1.0,1.0,1.0,0.0,2009.2490234375,0.0,0.0,0.0,0.0,0.0,0.0,0.0,0.0,0.0,0.0
2949,L,L,L2949L,Core,NEGATIVE_CONSENSUS,INVARIABLE,False,False,False,0.15878537,0.3451386324350256,1.0,1.0,1.0,0.0,2009.2490234375,0.0,0.0,0.0,0.0,0.0,0.0,0.0,0.0,0.0,0.0
2950,N,N,N2950N,Core,NEGATIVE_CONSENSUS,INVARIABLE,False,False,False,0.14756067,0.3504387265808948,1.0,1.0,1.0,0.0,2009.2490234375,0.0,0.0,0.0,0.0,0.0,0.0,0.0,0.0,0.0,0.0
2951,D,D,D2951D,Core,NEGATIVE_CONSENSUS,INVARIABLE,False,False,False,0.24172953,0.3114798699800736,1.0,1.0,1.0,0.0,2009.2490234375,0.0,0.0,0.0,0.0,0.0,0.0,0.0,0.0,0.0,0.0
2952,A,A,A2952A,Core,NEGATIVE_CONSENSUS,INVARIABLE,False,False,False,1.0132155,0.15706686261615616,1.0,1.0,1.0,0.0,2009.2490234375,0.0,0.0,0.0,0.0,0.0,0.0,0.0,0.0,0.0,0.0
2953,T,T,T2953T,Core,NEGATIVE_CONSENSUS,INVARIABLE,False,False,False,0.03364685,0.427230012532943,1.0,1.0,1.0,0.0,2009.2490234375,0.0,0.0,0.0,0.0,0.0,0.0,0.0,0.0,0.0,0.0
2954,Y,Y,Y2954Y,Core,NEGATIVE_CONSENSUS,INVARIABLE,False,False,False,0.04160279,0.41918940090001205,1.0,1.0,1.0,0.0,2009.2490234375,0.0,0.0,0.0,0.0,0.0,0.0,0.0,0.0,0.0,0.0
2955,Q,Q,Q2955Q,Core,NEGATIVE_CONSENSUS,INVARIABLE,False,False,False,0.14861211,0.3499326088640236,1.0,1.0,1.0,0.0,2009.2490234375,0.0,0.0,0.0,0.0,0.0,0.0,0.0,0.0,0.0,0.0
2956,R,R,R2956R,Core,NEGATIVE_CONSENSUS,INVARIABLE,False,False,False,0.047289148,0.41392467273385114,1.0,1.0,1.0,0.0,2009.2490234375,0.0,0.0,0.0,0.0,0.0,0.0,0.0,0.0,0.0,0.0
2957,T,T,T2957T,Core,NEGATIVE_CONSENSUS,INVARIABLE,False,False,False,0.03364685,0.427230012532943,1.0,1.0,1.0,0.0,2009.2490234375,0.0,0.0,0.0,0.0,0.0,0.0,0.0,0.0,0.0,0.0
2958,R,R,R2958R,Core,NEGATIVE_CONSENSUS,INVARIABLE,False,False,False,0.047289148,0.41392467273385114,1.0,1.0,1.0,0.0,2009.2490234375,0.0,0.0,0.0,0.0,0.0,0.0,0.0,0.0,0.0,0.0
2959,A,A,A2959A,Core,NEGATIVE_CONSENSUS,INVARIABLE,False,False,False,0.05620196,0.4063014260288398,1.0,1.0,1.0,0.0,2009.2490234375,0.0,0.0,0.0,0.0,0.0,0.0,0.0,0.0,0.0,0.0
2960,L,L,L2960L,Core,NEGATIVE_CONSENSUS,INVARIABLE,False,False,False,0.1403902,0.3539467030420645,1.0,1.0,1.0,0.0,2009.2490234375,0.0,0.0,0.0,0.0,0.0,0.0,0.0,0.0,0.0,0.0
2961,V,V,V2961V,Core,NEGATIVE_CONSENSUS,INVARIABLE,False,False,False,0.5255027,0.23425189340385344,1.0,1.0,1.0,0.0,2009.2490234375,0.0,0.0,0.0,0.0,0.0,0.0,0.0,0.0,0.0,0.0
2962,R,R,R2962R,Core,NEGATIVE_CONSENSUS,INVARIABLE,False,False,False,0.100597985,0.37555660265095264,1.0,1.0,1.0,0.0,2009.2490234375,0.0,0.0,0.0,0.0,0.0,0.0,0.0,0.0,0.0,0.0
2963,T,T,T2963T,Core,NEGATIVE_CONSENSUS,INVARIABLE,False,False,False,0.033261508,0.42764328918344385,1.0,1.0,1.0,0.0,2009.2490234375,0.0,0.0,0.0,0.0,0.0,0.0,0.0,0.0,0.0,0.0
2964,G,G,G2964G,Core,NEGATIVE_CONSENSUS,INVARIABLE,False,False,False,0.08983235,0.38219519767681476,1.0,1.0,1.0,0.0,2009.2490234375,0.0,0.0,0.0,0.0,0.0,0.0,0.0,0.0,0.0,0.0
2965,M,M,M2965M,Core,NEGATIVE_CONSENSUS,INVARIABLE,False,False,False,0.04345588,0.4174346170740496,1.0,1.0,1.0,0.0,2009.2490234375,0.0,0.0,0.0,0.0,0.0,0.0,0.0,0.0,0.0,0.0
2966,D,D,D2966D,Core,NEGATIVE_CONSENSUS,INVARIABLE,False,False,False,0.28660896,0.2962009129051449,1.0,1.0,1.0,0.0,2009.2490234375,0.0,0.0,0.0,0.0,0.0,0.0,0.0,0.0,0.0,0.0
2967,P,P,P2967P,Core,NEGATIVE_CONSENSUS,INVARIABLE,False,False,False,0.13949645,0.35439106371219375,1.0,1.0,1.0,0.0,2009.2490234375,0.0,0.0,0.0,0.0,0.0,0.0,0.0,0.0,0.0,0.0
2968,R,R,R2968R,Core,NEGATIVE_CONSENSUS,INVARIABLE,False,False,False,0.047289148,0.41392467273385114,1.0,1.0,1.0,0.0,2009.2490234375,0.0,0.0,0.0,0.0,0.0,0.0,0.0,0.0,0.0,0.0
2969,M,M,M2969M,Core,NEGATIVE_CONSENSUS,INVARIABLE,False,False,False,0.04345588,0.4174346170740496,1.0,1.0,1.0,0.0,2009.2490234375,0.0,0.0,0.0,0.0,0.0,0.0,0.0,0.0,0.0,0.0
2970,C,C,C2970C,Core,NEGATIVE_CONSENSUS,INVARIABLE,False,False,False,0.098847605,0.3766084799559455,1.0,1.0,1.0,0.0,2009.2490234375,0.0,0.0,0.0,0.0,0.0,0.0,0.0,0.0,0.0,0.0
2971,S,S,S2971S,Core,NEGATIVE_CONSENSUS,INVARIABLE,False,False,False,0.26384795,0.30374440131695446,1.0,1.0,1.0,0.0,2009.2490234375,0.0,0.0,0.0,0.0,0.0,0.0,0.0,0.0,0.0,0.0
2972,L,L,L2972L,Core,NEGATIVE_CONSENSUS,INVARIABLE,False,False,False,0.20977953,0.32347013020324433,1.0,1.0,1.0,0.0,2009.2490234375,0.0,0.0,0.0,0.0,0.0,0.0,0.0,0.0,0.0,0.0
2973,M,M,M2973M,Core,NEGATIVE_CONSENSUS,INVARIABLE,False,False,False,0.04345588,0.4174346170740496,1.0,1.0,1.0,0.0,2009.2490234375,0.0,0.0,0.0,0.0,0.0,0.0,0.0,0.0,0.0,0.0
2974,Q,Q,Q2974Q,Core,NEGATIVE_CONSENSUS,INVARIABLE,False,False,False,0.1328033,0.35777149996023005,1.0,1.0,1.0,0.0,2009.2490234375,0.0,0.0,0.0,0.0,0.0,0.0,0.0,0.0,0.0,0.0
2975,G,G,G2975G,Core,NEGATIVE_CONSENSUS,INVARIABLE,False,False,False,0.15513371,0.3468384480856218,1.0,1.0,1.0,0.0,2009.2490234375,0.0,0.0,0.0,0.0,0.0,0.0,0.0,0.0,0.0,0.0
2976,S,S,S2976S,Core,NEGATIVE_CONSENSUS,INVARIABLE,False,False,False,0.2075632,0.3243420394483918,1.0,1.0,1.0,0.0,2009.2490234375,0.0,0.0,0.0,0.0,0.0,0.0,0.0,0.0,0.0,0.0
2977,T,T,T2977T,Core,NEGATIVE_CONSENSUS,INVARIABLE,False,False,False,0.03364685,0.427230012532943,1.0,1.0,1.0,0.0,2009.2490234375,0.0,0.0,0.0,0.0,0.0,0.0,0.0,0.0,0.0,0.0
2978,L,L,L2978L,Core,NEGATIVE_CONSENSUS,INVARIABLE,False,False,False,0.1403902,0.3539467030420645,1.0,1.0,1.0,0.0,2009.2490234375,0.0,0.0,0.0,0.0,0.0,0.0,0.0,0.0,0.0,0.0
2979,P,P,P2979P,Core,NEGATIVE_CONSENSUS,INVARIABLE,False,False,False,0.13949645,0.35439106371219375,1.0,1.0,1.0,0.0,2009.2490234375,0.0,0.0,0.0,0.0,0.0,0.0,0.0,0.0,0.0,0.0
2980,R,R,R2980R,Core,NEGATIVE_CONSENSUS,INVARIABLE,False,False,False,0.047289148,0.41392467273385114,1.0,1.0,1.0,0.0,2009.2490234375,0.0,0.0,0.0,0.0,0.0,0.0,0.0,0.0,0.0,0.0
2981,R,R,R2981R,Core,NEGATIVE_CONSENSUS,INVARIABLE,False,False,False,0.026146797,0.43577116494005275,1.0,1.0,1.0,0.0,2009.2490234375,0.0,0.0,0.0,0.0,0.0,0.0,0.0,0.0,0.0,0.0
2982,S,S,S2982S,Core,NEGATIVE_CONSENSUS,INVARIABLE,False,False,False,0.26384795,0.30374440131695446,1.0,1.0,1.0,0.0,2009.2490234375,0.0,0.0,0.0,0.0,0.0,0.0,0.0,0.0,0.0,0.0
2983,G,G,G2983G,Core,NEGATIVE_CONSENSUS,INVARIABLE,False,False,False,0.15513371,0.3468384480856218,1.0,1.0,1.0,0.0,2009.2490234375,0.0,0.0,0.0,0.0,0.0,0.0,0.0,0.0,0.0,0.0
2984,A,A,A2984A,Core,NEGATIVE_CONSENSUS,INVARIABLE,False,False,False,1.0132155,0.15706686261615616,1.0,1.0,1.0,0.0,2009.2490234375,0.0,0.0,0.0,0.0,0.0,0.0,0.0,0.0,0.0,0.0
2985,A,A,A2985A,Core,NEGATIVE_CONSENSUS,INVARIABLE,False,False,False,0.50961536,0.23765270523878462,1.0,1.0,1.0,0.0,2009.2490234375,0.0,0.0,0.0,0.0,0.0,0.0,0.0,0.0,0.0,0.0
2986,G,G,G2986G,Core,NEGATIVE_CONSENSUS,INVARIABLE,False,False,False,0.15513371,0.3468384480856218,1.0,1.0,1.0,0.0,2009.2490234375,0.0,0.0,0.0,0.0,0.0,0.0,0.0,0.0,0.0,0.0
2987,A,A,A2987A,Core,NEGATIVE_CONSENSUS,INVARIABLE,False,False,False,0.6177493,0.21594245077438262,1.0,1.0,1.0,0.0,2009.2490234375,0.0,0.0,0.0,0.0,0.0,0.0,0.0,0.0,0.0,0.0
2988,A,A,A2988A,Core,NEGATIVE_CONSENSUS,INVARIABLE,False,False,False,0.112414464,0.36870593513800987,1.0,1.0,1.0,0.0,2009.2490234375,0.0,0.0,0.0,0.0,0.0,0.0,0.0,0.0,0.0,0.0
2989,V,V,V2989V,Core,NEGATIVE_CONSENSUS,INVARIABLE,False,False,False,0.15838115,0.3453256737119521,1.0,1.0,1.0,0.0,2009.2490234375,0.0,0.0,0.0,0.0,0.0,0.0,0.0,0.0,0.0,0.0
2990,K,K,K2990K,Core,NEGATIVE_CONSENSUS,INVARIABLE,False,False,False,1.2671006,0.13015565800770462,1.0,1.0,1.0,0.0,2009.2490234375,0.0,0.0,0.0,0.0,0.0,0.0,0.0,0.0,0.0,0.0
2991,G,G,G2991G,Core,NEGATIVE_CONSENSUS,INVARIABLE,False,False,False,0.08983235,0.38219519767681476,1.0,1.0,1.0,0.0,2009.2490234375,0.0,0.0,0.0,0.0,0.0,0.0,0.0,0.0,0.0,0.0
2992,V,V,V2992V,Core,NEGATIVE_CONSENSUS,INVARIABLE,False,False,False,0.27149606,0.3011649827004066,1.0,1.0,1.0,0.0,2009.2490234375,0.0,0.0,0.0,0.0,0.0,0.0,0.0,0.0,0.0,0.0
2993,G,G,G2993G,Core,NEGATIVE_CONSENSUS,INVARIABLE,False,False,False,0.08983235,0.38219519767681476,1.0,1.0,1.0,0.0,2009.2490234375,0.0,0.0,0.0,0.0,0.0,0.0,0.0,0.0,0.0,0.0
2994,T,T,T2994T,Core,NEGATIVE_CONSENSUS,INVARIABLE,False,False,False,0.03364685,0.427230012532943,1.0,1.0,1.0,0.0,2009.2490234375,0.0,0.0,0.0,0.0,0.0,0.0,0.0,0.0,0.0,0.0
2995,I,I,I2995I,Core,NEGATIVE_CONSENSUS,INVARIABLE,False,False,False,1.0355865,0.15442508350662135,1.0,1.0,1.0,0.0,2009.2490234375,0.0,0.0,0.0,0.0,0.0,0.0,0.0,0.0,0.0,0.0
2996,A,A,A2996A,Core,NEGATIVE_CONSENSUS,INVARIABLE,False,False,False,0.50961536,0.23765270523878462,1.0,1.0,1.0,0.0,2009.2490234375,0.0,0.0,0.0,0.0,0.0,0.0,0.0,0.0,0.0,0.0
2997,M,M,M2997M,Core,NEGATIVE_CONSENSUS,INVARIABLE,False,False,False,0.04345588,0.4174346170740496,1.0,1.0,1.0,0.0,2009.2490234375,0.0,0.0,0.0,0.0,0.0,0.0,0.0,0.0,0.0,0.0
2998,E,E,E2998E,Core,NEGATIVE_CONSENSUS,INVARIABLE,False,False,False,0.1002721,0.3757516757109208,1.0,1.0,1.0,0.0,2009.2490234375,0.0,0.0,0.0,0.0,0.0,0.0,0.0,0.0,0.0,0.0
2999,L,L,L2999L,Core,NEGATIVE_CONSENSUS,INVARIABLE,False,False,False,0.28021458,0.2982803046346809,1.0,1.0,1.0,0.0,2009.2490234375,0.0,0.0,0.0,0.0,0.0,0.0,0.0,0.0,0.0,0.0
3000,I,I,I3000I,Core,NEGATIVE_CONSENSUS,INVARIABLE,False,False,False,0.41026053,0.2609186505464557,1.0,1.0,1.0,0.0,2009.2490234375,0.0,0.0,0.0,0.0,0.0,0.0,0.0,0.0,0.0,0.0
3001,R,R,R3001R,Core,NEGATIVE_CONSENSUS,INVARIABLE,False,False,False,0.047289148,0.41392467273385114,1.0,1.0,1.0,0.0,2009.2490234375,0.0,0.0,0.0,0.0,0.0,0.0,0.0,0.0,0.0,0.0
3002,M,M,M3002M,Core,NEGATIVE_CONSENSUS,INVARIABLE,False,False,False,0.04345588,0.4174346170740496,1.0,1.0,1.0,0.0,2009.2490234375,0.0,0.0,0.0,0.0,0.0,0.0,0.0,0.0,0.0,0.0
3003,I,I,I3003I,Core,NEGATIVE_CONSENSUS,INVARIABLE,False,False,False,0.41026053,0.2609186505464557,1.0,1.0,1.0,0.0,2009.2490234375,0.0,0.0,0.0,0.0,0.0,0.0,0.0,0.0,0.0,0.0
3004,K,K,K3004K,Core,NEGATIVE_CONSENSUS,INVARIABLE,False,False,False,1.2671006,0.13015565800770462,1.0,1.0,1.0,0.0,2009.2490234375,0.0,0.0,0.0,0.0,0.0,0.0,0.0,0.0,0.0,0.0
3005,R,R,R3005R,Core,NEGATIVE_CONSENSUS,INVARIABLE,False,False,False,0.06321867,0.40073959023730843,1.0,1.0,1.0,0.0,2009.2490234375,0.0,0.0,0.0,0.0,0.0,0.0,0.0,0.0,0.0,0.0
3006,G,G,G3006G,Core,NEGATIVE_CONSENSUS,INVARIABLE,False,False,False,0.08983235,0.38219519767681476,1.0,1.0,1.0,0.0,2009.2490234375,0.0,0.0,0.0,0.0,0.0,0.0,0.0,0.0,0.0,0.0
3007,I,I,I3007I,Core,NEGATIVE_CONSENSUS,INVARIABLE,False,False,False,0.41026053,0.2609186505464557,1.0,1.0,1.0,0.0,2009.2490234375,0.0,0.0,0.0,0.0,0.0,0.0,0.0,0.0,0.0,0.0
3008,N,N,N3008N,Core,NEGATIVE_CONSENSUS,INVARIABLE,False,False,False,0.14756067,0.3504387265808948,1.0,1.0,1.0,0.0,2009.2490234375,0.0,0.0,0.0,0.0,0.0,0.0,0.0,0.0,0.0,0.0
3009,D,D,D3009D,Core,NEGATIVE_CONSENSUS,INVARIABLE,False,False,False,2.8818045,0.044792789968923004,1.0,1.0,1.0,0.0,2009.2490234375,0.0,0.0,0.0,0.0,0.0,0.0,0.0,0.0,0.0,0.0
3010,R,R,R3010R,Core,NEGATIVE_CONSENSUS,INVARIABLE,False,False,False,0.03523141,0.4255557883149065,1.0,1.0,1.0,0.0,2009.2490234375,0.0,0.0,0.0,0.0,0.0,0.0,0.0,0.0,0.0,0.0
3011,N,N,N3011N,Core,NEGATIVE_CONSENSUS,INVARIABLE,False,False,False,0.14756067,0.3504387265808948,1.0,1.0,1.0,0.0,2009.2490234375,0.0,0.0,0.0,0.0,0.0,0.0,0.0,0.0,0.0,0.0
3012,F,F,F3012F,Core,NEGATIVE_CONSENSUS,INVARIABLE,False,False,False,0.03677015,0.42396688710899644,1.0,1.0,1.0,0.0,2009.2490234375,0.0,0.0,0.0,0.0,0.0,0.0,0.0,0.0,0.0,0.0
3013,W,W,W3013W,Core,NEGATIVE_CONSENSUS,INVARIABLE,False,False,False,0.14326186,0.3525297858631183,1.0,1.0,1.0,0.0,2009.2490234375,0.0,0.0,0.0,0.0,0.0,0.0,0.0,0.0,0.0,0.0
3014,R,R,R3014R,Core,NEGATIVE_CONSENSUS,INVARIABLE,False,False,False,0.030940235,0.430186895098841,1.0,1.0,1.0,0.0,2009.2490234375,0.0,0.0,0.0,0.0,0.0,0.0,0.0,0.0,0.0,0.0
3015,G,G,G3015G,Core,NEGATIVE_CONSENSUS,INVARIABLE,False,False,False,0.15513371,0.3468384480856218,1.0,1.0,1.0,0.0,2009.2490234375,0.0,0.0,0.0,0.0,0.0,0.0,0.0,0.0,0.0,0.0
3016,E,E,E3016E,Core,NEGATIVE_CONSENSUS,INVARIABLE,False,False,False,0.17737707,0.33681854926235366,1.0,1.0,1.0,0.0,2009.2490234375,0.0,0.0,0.0,0.0,0.0,0.0,0.0,0.0,0.0,0.0
3017,N,N,N3017N,Core,NEGATIVE_CONSENSUS,INVARIABLE,False,False,False,0.14756067,0.3504387265808948,1.0,1.0,1.0,0.0,2009.2490234375,0.0,0.0,0.0,0.0,0.0,0.0,0.0,0.0,0.0,0.0
3018,G,G,G3018G,Core,NEGATIVE_CONSENSUS,INVARIABLE,False,False,False,0.08983235,0.38219519767681476,1.0,1.0,1.0,0.0,2009.2490234375,0.0,0.0,0.0,0.0,0.0,0.0,0.0,0.0,0.0,0.0
3019,R,R,R3019R,Core,NEGATIVE_CONSENSUS,INVARIABLE,False,False,False,0.03769947,0.4230239271383733,1.0,1.0,1.0,0.0,2009.2490234375,0.0,0.0,0.0,0.0,0.0,0.0,0.0,0.0,0.0,0.0
3020,R,R,R3020R,Core,NEGATIVE_CONSENSUS,INVARIABLE,False,False,False,0.026146797,0.43577116494005275,1.0,1.0,1.0,0.0,2009.2490234375,0.0,0.0,0.0,0.0,0.0,0.0,0.0,0.0,0.0,0.0
3021,T,T,T3021T,Core,NEGATIVE_CONSENSUS,INVARIABLE,False,False,False,0.03364685,0.427230012532943,1.0,1.0,1.0,0.0,2009.2490234375,0.0,0.0,0.0,0.0,0.0,0.0,0.0,0.0,0.0,0.0
3022,R,R,R3022R,Core,NEGATIVE_CONSENSUS,INVARIABLE,False,False,False,0.026146797,0.43577116494005275,1.0,1.0,1.0,0.0,2009.2490234375,0.0,0.0,0.0,0.0,0.0,0.0,0.0,0.0,0.0,0.0
3023,V,V,V3023V,Core,NEGATIVE_CONSENSUS,INVARIABLE,False,False,False,0.50893015,0.23780117724255123,1.0,1.0,1.0,0.0,2009.2490234375,0.0,0.0,0.0,0.0,0.0,0.0,0.0,0.0,0.0,0.0
3024,A,A,A3024A,Core,NEGATIVE_CONSENSUS,INVARIABLE,False,False,False,0.6177493,0.21594245077438262,1.0,1.0,1.0,0.0,2009.2490234375,0.0,0.0,0.0,0.0,0.0,0.0,0.0,0.0,0.0,0.0
3025,Y,Y,Y3025Y,Core,NEGATIVE_CONSENSUS,INVARIABLE,False,False,False,0.04160279,0.41918940090001205,1.0,1.0,1.0,0.0,2009.2490234375,0.0,0.0,0.0,0.0,0.0,0.0,0.0,0.0,0.0,0.0
3026,E,E,E3026E,Core,NEGATIVE_CONSENSUS,INVARIABLE,False,False,False,0.17737707,0.33681854926235366,1.0,1.0,1.0,0.0,2009.2490234375,0.0,0.0,0.0,0.0,0.0,0.0,0.0,0.0,0.0,0.0
3027,R,R,R3027R,Core,NEGATIVE_CONSENSUS,INVARIABLE,False,False,False,0.047289148,0.41392467273385114,1.0,1.0,1.0,0.0,2009.2490234375,0.0,0.0,0.0,0.0,0.0,0.0,0.0,0.0,0.0,0.0
3028,M,M,M3028M,Core,NEGATIVE_CONSENSUS,INVARIABLE,False,False,False,0.04345588,0.4174346170740496,1.0,1.0,1.0,0.0,2009.2490234375,0.0,0.0,0.0,0.0,0.0,0.0,0.0,0.0,0.0,0.0
3029,C,C,C3029C,Core,NEGATIVE_CONSENSUS,INVARIABLE,False,False,False,0.098847605,0.3766084799559455,1.0,1.0,1.0,0.0,2009.2490234375,0.0,0.0,0.0,0.0,0.0,0.0,0.0,0.0,0.0,0.0
3030,N,N,N3030N,Core,NEGATIVE_CONSENSUS,INVARIABLE,False,False,False,0.14756067,0.3504387265808948,1.0,1.0,1.0,0.0,2009.2490234375,0.0,0.0,0.0,0.0,0.0,0.0,0.0,0.0,0.0,0.0
3031,I,I,I3031I,Core,NEGATIVE_CONSENSUS,INVARIABLE,False,False,False,0.41026053,0.2609186505464557,1.0,1.0,1.0,0.0,2009.2490234375,0.0,0.0,0.0,0.0,0.0,0.0,0.0,0.0,0.0,0.0
3032,L,L,L3032L,Core,NEGATIVE_CONSENSUS,INVARIABLE,False,False,False,0.17319994,0.3386417205269501,1.0,1.0,1.0,0.0,2009.2490234375,0.0,0.0,0.0,0.0,0.0,0.0,0.0,0.0,0.0,0.0
3033,K,K,K3033K,Core,NEGATIVE_CONSENSUS,INVARIABLE,False,False,False,1.2671006,0.13015565800770462,1.0,1.0,1.0,0.0,2009.2490234375,0.0,0.0,0.0,0.0,0.0,0.0,0.0,0.0,0.0,0.0
3034,G,G,G3034G,Core,NEGATIVE_CONSENSUS,INVARIABLE,False,False,False,0.05991481,0.4033153197331951,1.0,1.0,1.0,0.0,2009.2490234375,0.0,0.0,0.0,0.0,0.0,0.0,0.0,0.0,0.0,0.0
3035,K,K,K3035K,Core,NEGATIVE_CONSENSUS,INVARIABLE,False,False,False,1.2671006,0.13015565800770462,1.0,1.0,1.0,0.0,2009.2490234375,0.0,0.0,0.0,0.0,0.0,0.0,0.0,0.0,0.0,0.0
3036,F,F,F3036F,Core,NEGATIVE_CONSENSUS,INVARIABLE,False,False,False,0.018667608,0.4456618457915743,1.0,1.0,1.0,0.0,2009.2490234375,0.0,0.0,0.0,0.0,0.0,0.0,0.0,0.0,0.0,0.0
3037,Q,Q,Q3037Q,Core,NEGATIVE_CONSENSUS,INVARIABLE,False,False,False,0.12529269,0.36168177992904627,1.0,1.0,1.0,0.0,2009.2490234375,0.0,0.0,0.0,0.0,0.0,0.0,0.0,0.0,0.0,0.0
3038,T,T,T3038T,Core,NEGATIVE_CONSENSUS,INVARIABLE,False,False,False,0.03364685,0.427230012532943,1.0,1.0,1.0,0.0,2009.2490234375,0.0,0.0,0.0,0.0,0.0,0.0,0.0,0.0,0.0,0.0
3039,A,A,A3039A,Core,NEGATIVE_CONSENSUS,INVARIABLE,False,False,False,0.6177493,0.21594245077438262,1.0,1.0,1.0,0.0,2009.2490234375,0.0,0.0,0.0,0.0,0.0,0.0,0.0,0.0,0.0,0.0
3040,A,A,A3040A,Core,NEGATIVE_CONSENSUS,INVARIABLE,False,False,False,1.0132155,0.15706686261615616,1.0,1.0,1.0,0.0,2009.2490234375,0.0,0.0,0.0,0.0,0.0,0.0,0.0,0.0,0.0,0.0
3041,Q,Q,Q3041Q,Core,NEGATIVE_CONSENSUS,INVARIABLE,False,False,False,0.14861211,0.3499326088640236,1.0,1.0,1.0,0.0,2009.2490234375,0.0,0.0,0.0,0.0,0.0,0.0,0.0,0.0,0.0,0.0
3042,R,R,R3042R,Core,NEGATIVE_CONSENSUS,INVARIABLE,False,False,False,0.026146797,0.43577116494005275,1.0,1.0,1.0,0.0,2009.2490234375,0.0,0.0,0.0,0.0,0.0,0.0,0.0,0.0,0.0,0.0
3043,A,A,A3043A,Core,NEGATIVE_CONSENSUS,INVARIABLE,False,False,False,0.50961536,0.23765270523878462,1.0,1.0,1.0,0.0,2009.2490234375,0.0,0.0,0.0,0.0,0.0,0.0,0.0,0.0,0.0,0.0
3044,M,M,M3044M,Core,NEGATIVE_CONSENSUS,INVARIABLE,False,False,False,0.04345588,0.4174346170740496,1.0,1.0,1.0,0.0,2009.2490234375,0.0,0.0,0.0,0.0,0.0,0.0,0.0,0.0,0.0,0.0
3045,M,M,M3045M,Core,NEGATIVE_CONSENSUS,INVARIABLE,False,False,False,0.04345588,0.4174346170740496,1.0,1.0,1.0,0.0,2009.2490234375,0.0,0.0,0.0,0.0,0.0,0.0,0.0,0.0,0.0,0.0
3046,D,D,D3046D,Core,NEGATIVE_CONSENSUS,INVARIABLE,False,False,False,0.24172953,0.3114798699800736,1.0,1.0,1.0,0.0,2009.2490234375,0.0,0.0,0.0,0.0,0.0,0.0,0.0,0.0,0.0,0.0
3047,Q,Q,Q3047Q,Core,NEGATIVE_CONSENSUS,INVARIABLE,False,False,False,0.1328033,0.35777149996023005,1.0,1.0,1.0,0.0,2009.2490234375,0.0,0.0,0.0,0.0,0.0,0.0,0.0,0.0,0.0,0.0
3048,V,V,V3048V,Core,NEGATIVE_CONSENSUS,INVARIABLE,False,False,False,0.60661054,0.218033432339315,1.0,1.0,1.0,0.0,2009.2490234375,0.0,0.0,0.0,0.0,0.0,0.0,0.0,0.0,0.0,0.0
3049,R,R,R3049R,Core,NEGATIVE_CONSENSUS,INVARIABLE,False,False,False,0.047289148,0.41392467273385114,1.0,1.0,1.0,0.0,2009.2490234375,0.0,0.0,0.0,0.0,0.0,0.0,0.0,0.0,0.0,0.0
3050,E,E,E3050E,Core,NEGATIVE_CONSENSUS,INVARIABLE,False,False,False,0.17737707,0.33681854926235366,1.0,1.0,1.0,0.0,2009.2490234375,0.0,0.0,0.0,0.0,0.0,0.0,0.0,0.0,0.0,0.0
3051,S,S,S3051S,Core,NEGATIVE_CONSENSUS,INVARIABLE,False,False,False,0.5161936,0.23623495187969223,1.0,1.0,1.0,0.0,2009.2490234375,0.0,0.0,0.0,0.0,0.0,0.0,0.0,0.0,0.0,0.0
3052,R,R,R3052R,Core,NEGATIVE_CONSENSUS,INVARIABLE,False,False,False,0.056139443,0.4063525861644649,1.0,1.0,1.0,0.0,2009.2490234375,0.0,0.0,0.0,0.0,0.0,0.0,0.0,0.0,0.0,0.0
3053,N,N,N3053N,Core,NEGATIVE_CONSENSUS,INVARIABLE,False,False,False,0.2697167,0.3017609345059,1.0,1.0,1.0,0.0,2009.2490234375,0.0,0.0,0.0,0.0,0.0,0.0,0.0,0.0,0.0,0.0
3054,P,P,P3054P,Core,NEGATIVE_CONSENSUS,INVARIABLE,False,False,False,0.09249291,0.3805157715681833,1.0,1.0,1.0,0.0,2009.2490234375,0.0,0.0,0.0,0.0,0.0,0.0,0.0,0.0,0.0,0.0
3055,G,G,G3055G,Core,NEGATIVE_CONSENSUS,INVARIABLE,False,False,False,0.08983235,0.38219519767681476,1.0,1.0,1.0,0.0,2009.2490234375,0.0,0.0,0.0,0.0,0.0,0.0,0.0,0.0,0.0,0.0
3056,N,N,N3056N,Core,NEGATIVE_CONSENSUS,INVARIABLE,False,False,False,0.2697167,0.3017609345059,1.0,1.0,1.0,0.0,2009.2490234375,0.0,0.0,0.0,0.0,0.0,0.0,0.0,0.0,0.0,0.0
3057,A,A,A3057A,Core,NEGATIVE_CONSENSUS,INVARIABLE,False,False,False,0.6177493,0.21594245077438262,1.0,1.0,1.0,0.0,2009.2490234375,0.0,0.0,0.0,0.0,0.0,0.0,0.0,0.0,0.0,0.0
3058,E,E,E3058E,Core,NEGATIVE_CONSENSUS,INVARIABLE,False,False,False,0.09971498,0.37608596908684694,1.0,1.0,1.0,0.0,2009.2490234375,0.0,0.0,0.0,0.0,0.0,0.0,0.0,0.0,0.0,0.0
3059,I,T,I3059T,Core,NEGATIVE_CONSENSUS,TEMPORAL_NOISE,False,False,False,1.2590615,0.13091440949629252,0.3517909,0.32673267,0.63701445,0.6890736,2009.8021550582628,0.05915651927778985,2009.757,2009.836,0.0790188,0.007899313001383428,0.005350236493916792,0.14131767,2.1976078,-5.108181,2.3736198
3060,E,E,E3060E,Core,NEGATIVE_CONSENSUS,INVARIABLE,False,False,False,0.17737707,0.33681854926235366,1.0,1.0,1.0,0.0,2009.2490234375,0.0,0.0,0.0,0.0,0.0,0.0,0.0,0.0,0.0,0.0
3061,D,D,D3061D,Core,NEGATIVE_CONSENSUS,INVARIABLE,False,False,False,2.8818045,0.044792789968923004,1.0,1.0,1.0,0.0,2009.2490234375,0.0,0.0,0.0,0.0,0.0,0.0,0.0,0.0,0.0,0.0
3062,L,L,L3062L,Core,NEGATIVE_CONSENSUS,INVARIABLE,False,False,False,0.17319994,0.3386417205269501,1.0,1.0,1.0,0.0,2009.2490234375,0.0,0.0,0.0,0.0,0.0,0.0,0.0,0.0,0.0,0.0
3063,I,I,I3063I,Core,NEGATIVE_CONSENSUS,INVARIABLE,False,False,False,0.7167717,0.19860244442133695,1.0,1.0,1.0,0.0,2009.2490234375,0.0,0.0,0.0,0.0,0.0,0.0,0.0,0.0,0.0,0.0
3064,F,F,F3064F,Core,NEGATIVE_CONSENSUS,INVARIABLE,False,False,False,0.03677015,0.42396688710899644,1.0,1.0,1.0,0.0,2009.2490234375,0.0,0.0,0.0,0.0,0.0,0.0,0.0,0.0,0.0,0.0
3065,L,L,L3065L,Core,NEGATIVE_CONSENSUS,INVARIABLE,False,False,False,0.27024788,0.30158277151373647,1.0,1.0,1.0,0.0,2009.2490234375,0.0,0.0,0.0,0.0,0.0,0.0,0.0,0.0,0.0,0.0
3066,A,A,A3066A,Core,NEGATIVE_CONSENSUS,INVARIABLE,False,False,False,0.50961536,0.23765270523878462,1.0,1.0,1.0,0.0,2009.2490234375,0.0,0.0,0.0,0.0,0.0,0.0,0.0,0.0,0.0,0.0
3067,R,R,R3067R,Core,NEGATIVE_CONSENSUS,INVARIABLE,False,False,False,0.023672054,0.43886114583547337,1.0,1.0,1.0,0.0,2009.2490234375,0.0,0.0,0.0,0.0,0.0,0.0,0.0,0.0,0.0,0.0
3068,S,S,S3068S,Core,NEGATIVE_CONSENSUS,INVARIABLE,False,False,False,0.2075632,0.3243420394483918,1.0,1.0,1.0,0.0,2009.2490234375,0.0,0.0,0.0,0.0,0.0,0.0,0.0,0.0,0.0,0.0
3069,A,A,A3069A,Core,NEGATIVE_CONSENSUS,INVARIABLE,False,False,False,0.20769492,0.32429006700033636,1.0,1.0,1.0,0.0,2009.2490234375,0.0,0.0,0.0,0.0,0.0,0.0,0.0,0.0,0.0,0.0
3070,L,L,L3070L,Core,NEGATIVE_CONSENSUS,INVARIABLE,False,False,False,0.17319994,0.3386417205269501,1.0,1.0,1.0,0.0,2009.2490234375,0.0,0.0,0.0,0.0,0.0,0.0,0.0,0.0,0.0,0.0
3071,I,I,I3071I,Core,NEGATIVE_CONSENSUS,INVARIABLE,False,False,False,0.7167717,0.19860244442133695,1.0,1.0,1.0,0.0,2009.2490234375,0.0,0.0,0.0,0.0,0.0,0.0,0.0,0.0,0.0,0.0
3072,L,L,L3072L,Core,NEGATIVE_CONSENSUS,INVARIABLE,False,False,False,0.15878537,0.3451386324350256,1.0,1.0,1.0,0.0,2009.2490234375,0.0,0.0,0.0,0.0,0.0,0.0,0.0,0.0,0.0,0.0
3073,R,R,R3073R,Core,NEGATIVE_CONSENSUS,INVARIABLE,False,False,False,0.026146797,0.43577116494005275,1.0,1.0,1.0,0.0,2009.2490234375,0.0,0.0,0.0,0.0,0.0,0.0,0.0,0.0,0.0,0.0
3074,G,G,G3074G,Core,NEGATIVE_CONSENSUS,INVARIABLE,False,False,False,0.08983235,0.38219519767681476,1.0,1.0,1.0,0.0,2009.2490234375,0.0,0.0,0.0,0.0,0.0,0.0,0.0,0.0,0.0,0.0
3075,S,S,S3075S,Core,NEGATIVE_CONSENSUS,INVARIABLE,False,False,False,0.2075632,0.3243420394483918,1.0,1.0,1.0,0.0,2009.2490234375,0.0,0.0,0.0,0.0,0.0,0.0,0.0,0.0,0.0,0.0
3076,V,V,V3076V,Core,NEGATIVE_CONSENSUS,INVARIABLE,False,False,False,0.27149606,0.3011649827004066,1.0,1.0,1.0,0.0,2009.2490234375,0.0,0.0,0.0,0.0,0.0,0.0,0.0,0.0,0.0,0.0
3077,A,A,A3077A,Core,NEGATIVE_CONSENSUS,INVARIABLE,False,False,False,0.50961536,0.23765270523878462,1.0,1.0,1.0,0.0,2009.2490234375,0.0,0.0,0.0,0.0,0.0,0.0,0.0,0.0,0.0,0.0
3078,H,H,H3078H,Core,NEGATIVE_CONSENSUS,INVARIABLE,False,False,False,0.16642201,0.3416557284982963,1.0,1.0,1.0,0.0,2009.2490234375,0.0,0.0,0.0,0.0,0.0,0.0,0.0,0.0,0.0,0.0
3079,K,K,K3079K,Core,NEGATIVE_CONSENSUS,INVARIABLE,False,False,False,1.7099652,0.09549494095830624,1.0,1.0,1.0,0.0,2009.2490234375,0.0,0.0,0.0,0.0,0.0,0.0,0.0,0.0,0.0,0.0
3080,S,S,S3080S,Core,NEGATIVE_CONSENSUS,INVARIABLE,False,False,False,0.48222643,0.24370778088239314,1.0,1.0,1.0,0.0,2009.2490234375,0.0,0.0,0.0,0.0,0.0,0.0,0.0,0.0,0.0,0.0
3081,C,C,C3081C,Core,NEGATIVE_CONSENSUS,INVARIABLE,False,False,False,0.098847605,0.3766084799559455,1.0,1.0,1.0,0.0,2009.2490234375,0.0,0.0,0.0,0.0,0.0,0.0,0.0,0.0,0.0,0.0
3082,L,L,L3082L,Core,NEGATIVE_CONSENSUS,INVARIABLE,False,False,False,0.15878537,0.3451386324350256,1.0,1.0,1.0,0.0,2009.2490234375,0.0,0.0,0.0,0.0,0.0,0.0,0.0,0.0,0.0,0.0
3083,P,P,P3083P,Core,NEGATIVE_CONSENSUS,INVARIABLE,False,False,False,0.18130763,0.33512594256133826,1.0,1.0,1.0,0.0,2009.2490234375,0.0,0.0,0.0,0.0,0.0,0.0,0.0,0.0,0.0,0.0
3084,A,A,A3084A,Core,NEGATIVE_CONSENSUS,INVARIABLE,False,False,False,0.6177493,0.21594245077438262,1.0,1.0,1.0,0.0,2009.2490234375,0.0,0.0,0.0,0.0,0.0,0.0,0.0,0.0,0.0,0.0
3085,C,C,C3085C,Core,NEGATIVE_CONSENSUS,INVARIABLE,False,False,False,0.025839863,0.4361460100233292,1.0,1.0,1.0,0.0,2009.2490234375,0.0,0.0,0.0,0.0,0.0,0.0,0.0,0.0,0.0,0.0
3086,V,V,V3086V,Core,NEGATIVE_CONSENSUS,INVARIABLE,False,False,False,0.15838115,0.3453256737119521,1.0,1.0,1.0,0.0,2009.2490234375,0.0,0.0,0.0,0.0,0.0,0.0,0.0,0.0,0.0,0.0
3087,Y,Y,Y3087Y,Core,NEGATIVE_CONSENSUS,INVARIABLE,False,False,False,0.04160279,0.41918940090001205,1.0,1.0,1.0,0.0,2009.2490234375,0.0,0.0,0.0,0.0,0.0,0.0,0.0,0.0,0.0,0.0
3088,G,G,G3088G,Core,NEGATIVE_CONSENSUS,INVARIABLE,False,False,False,0.10198707,0.37472898848367453,1.0,1.0,1.0,0.0,2009.2490234375,0.0,0.0,0.0,0.0,0.0,0.0,0.0,0.0,0.0,0.0
3089,L,L,L3089L,Core,NEGATIVE_CONSENSUS,INVARIABLE,False,False,False,0.1403902,0.3539467030420645,1.0,1.0,1.0,0.0,2009.2490234375,0.0,0.0,0.0,0.0,0.0,0.0,0.0,0.0,0.0,0.0
3090,A,A,A3090A,Core,NEGATIVE_CONSENSUS,INVARIABLE,False,False,False,0.50961536,0.23765270523878462,1.0,1.0,1.0,0.0,2009.2490234375,0.0,0.0,0.0,0.0,0.0,0.0,0.0,0.0,0.0,0.0
3091,V,V,V3091V,Core,NEGATIVE_CONSENSUS,INVARIABLE,False,False,False,0.60705686,0.21794905634298722,1.0,1.0,1.0,0.0,2009.2490234375,0.0,0.0,0.0,0.0,0.0,0.0,0.0,0.0,0.0,0.0
3092,A,A,A3092A,Core,NEGATIVE_CONSENSUS,INVARIABLE,False,False,False,0.50961536,0.23765270523878462,1.0,1.0,1.0,0.0,2009.2490234375,0.0,0.0,0.0,0.0,0.0,0.0,0.0,0.0,0.0,0.0
3093,S,S,S3093S,Core,NEGATIVE_CONSENSUS,INVARIABLE,False,False,False,0.5161936,0.23623495187969223,1.0,1.0,1.0,0.0,2009.2490234375,0.0,0.0,0.0,0.0,0.0,0.0,0.0,0.0,0.0,0.0
3094,G,G,G3094G,Core,NEGATIVE_CONSENSUS,INVARIABLE,False,False,False,0.08753035,0.38367029862624935,1.0,1.0,1.0,0.0,2009.2490234375,0.0,0.0,0.0,0.0,0.0,0.0,0.0,0.0,0.0,0.0
3095,H,H,H3095H,Core,NEGATIVE_CONSENSUS,INVARIABLE,False,False,False,0.18790461,0.3323331716817506,1.0,1.0,1.0,0.0,2009.2490234375,0.0,0.0,0.0,0.0,0.0,0.0,0.0,0.0,0.0,0.0
3096,D,D,D3096D,Core,NEGATIVE_CONSENSUS,INVARIABLE,False,False,False,2.8818045,0.044792789968923004,1.0,1.0,1.0,0.0,2009.2490234375,0.0,0.0,0.0,0.0,0.0,0.0,0.0,0.0,0.0,0.0
3097,F,F,F3097F,Core,NEGATIVE_CONSENSUS,INVARIABLE,False,False,False,0.061055347,0.4024178149016429,1.0,1.0,1.0,0.0,2009.2490234375,0.0,0.0,0.0,0.0,0.0,0.0,0.0,0.0,0.0,0.0
3098,E,E,E3098E,Core,NEGATIVE_CONSENSUS,INVARIABLE,False,False,False,0.17737707,0.33681854926235366,1.0,1.0,1.0,0.0,2009.2490234375,0.0,0.0,0.0,0.0,0.0,0.0,0.0,0.0,0.0,0.0
3099,R,R,R3099R,Core,NEGATIVE_CONSENSUS,INVARIABLE,False,False,False,0.03547348,0.42530347850907135,1.0,1.0,1.0,0.0,2009.2490234375,0.0,0.0,0.0,0.0,0.0,0.0,0.0,0.0,0.0,0.0
3100,E,E,E3100E,Core,NEGATIVE_CONSENSUS,INVARIABLE,False,False,False,0.17737707,0.33681854926235366,1.0,1.0,1.0,0.0,2009.2490234375,0.0,0.0,0.0,0.0,0.0,0.0,0.0,0.0,0.0,0.0
3101,G,G,G3101G,Core,NEGATIVE_CONSENSUS,INVARIABLE,False,False,False,0.10198707,0.37472898848367453,1.0,1.0,1.0,0.0,2009.2490234375,0.0,0.0,0.0,0.0,0.0,0.0,0.0,0.0,0.0,0.0
3102,Y,Y,Y3102Y,Core,NEGATIVE_CONSENSUS,INVARIABLE,False,False,False,0.08357149,0.38625726840274144,1.0,1.0,1.0,0.0,2009.2490234375,0.0,0.0,0.0,0.0,0.0,0.0,0.0,0.0,0.0,0.0
3103,S,S,S3103S,Core,NEGATIVE_CONSENSUS,INVARIABLE,False,False,False,0.2075632,0.3243420394483918,1.0,1.0,1.0,0.0,2009.2490234375,0.0,0.0,0.0,0.0,0.0,0.0,0.0,0.0,0.0,0.0
3104,L,L,L3104L,Core,NEGATIVE_CONSENSUS,INVARIABLE,False,False,False,0.15878537,0.3451386324350256,1.0,1.0,1.0,0.0,2009.2490234375,0.0,0.0,0.0,0.0,0.0,0.0,0.0,0.0,0.0,0.0
3105,V,V,V3105V,Core,NEGATIVE_CONSENSUS,INVARIABLE,False,False,False,0.91231257,0.1697507851367119,1.0,1.0,1.0,0.0,2009.2490234375,0.0,0.0,0.0,0.0,0.0,0.0,0.0,0.0,0.0,0.0
3106,G,G,G3106G,Core,NEGATIVE_CONSENSUS,INVARIABLE,False,False,False,0.10198707,0.37472898848367453,1.0,1.0,1.0,0.0,2009.2490234375,0.0,0.0,0.0,0.0,0.0,0.0,0.0,0.0,0.0,0.0
3107,I,I,I3107I,Core,NEGATIVE_CONSENSUS,INVARIABLE,False,False,False,1.0355865,0.15442508350662135,1.0,1.0,1.0,0.0,2009.2490234375,0.0,0.0,0.0,0.0,0.0,0.0,0.0,0.0,0.0,0.0
3108,D,D,D3108D,Core,NEGATIVE_CONSENSUS,INVARIABLE,False,False,False,2.8818045,0.044792789968923004,1.0,1.0,1.0,0.0,2009.2490234375,0.0,0.0,0.0,0.0,0.0,0.0,0.0,0.0,0.0,0.0
3109,P,P,P3109P,Core,NEGATIVE_CONSENSUS,INVARIABLE,False,False,False,0.09249291,0.3805157715681833,1.0,1.0,1.0,0.0,2009.2490234375,0.0,0.0,0.0,0.0,0.0,0.0,0.0,0.0,0.0,0.0
3110,F,F,F3110F,Core,NEGATIVE_CONSENSUS,INVARIABLE,False,False,False,0.02071864,0.44277403961278816,1.0,1.0,1.0,0.0,2009.2490234375,0.0,0.0,0.0,0.0,0.0,0.0,0.0,0.0,0.0,0.0
3111,K,K,K3111K,Core,NEGATIVE_CONSENSUS,INVARIABLE,False,False,False,1.2671006,0.13015565800770462,1.0,1.0,1.0,0.0,2009.2490234375,0.0,0.0,0.0,0.0,0.0,0.0,0.0,0.0,0.0,0.0
3112,L,L,L3112L,Core,NEGATIVE_CONSENSUS,INVARIABLE,False,False,False,0.30241734,0.29118546041012305,1.0,1.0,1.0,0.0,2009.2490234375,0.0,0.0,0.0,0.0,0.0,0.0,0.0,0.0,0.0,0.0
3113,L,L,L3113L,Core,NEGATIVE_CONSENSUS,INVARIABLE,False,False,False,0.17319994,0.3386417205269501,1.0,1.0,1.0,0.0,2009.2490234375,0.0,0.0,0.0,0.0,0.0,0.0,0.0,0.0,0.0,0.0
3114,Q,Q,Q3114Q,Core,NEGATIVE_CONSENSUS,INVARIABLE,False,False,False,0.1328033,0.35777149996023005,1.0,1.0,1.0,0.0,2009.2490234375,0.0,0.0,0.0,0.0,0.0,0.0,0.0,0.0,0.0,0.0
3115,N,N,N3115N,Core,NEGATIVE_CONSENSUS,INVARIABLE,False,False,False,0.2697167,0.3017609345059,1.0,1.0,1.0,0.0,2009.2490234375,0.0,0.0,0.0,0.0,0.0,0.0,0.0,0.0,0.0,0.0
3116,S,S,S3116S,Core,NEGATIVE_CONSENSUS,INVARIABLE,False,False,False,0.49796218,0.2401984475468799,1.0,1.0,1.0,0.0,2009.2490234375,0.0,0.0,0.0,0.0,0.0,0.0,0.0,0.0,0.0,0.0
3117,Q,Q,Q3117Q,Core,NEGATIVE_CONSENSUS,INVARIABLE,False,False,False,0.1328033,0.35777149996023005,1.0,1.0,1.0,0.0,2009.2490234375,0.0,0.0,0.0,0.0,0.0,0.0,0.0,0.0,0.0,0.0
3118,V,V,V3118V,Core,NEGATIVE_CONSENSUS,INVARIABLE,False,False,False,0.15838115,0.3453256737119521,1.0,1.0,1.0,0.0,2009.2490234375,0.0,0.0,0.0,0.0,0.0,0.0,0.0,0.0,0.0,0.0
3119,V,I,V3119I,Core,NEGATIVE_CONSENSUS,TEMPORAL_NOISE,False,False,False,0.66740775,0.20697842271984362,0.3517909,0.25742576,0.5809792,0.9031898,2009.4973682468221,0.20413946867199334,2009.4523,2009.5312,0.0790188,0.027344613615052703,0.018520610184719597,0.026960399,-0.7812632,-0.30159965,-7.0660067
3120,S,S,S3120S,Core,NEGATIVE_CONSENSUS,INVARIABLE,False,False,False,0.49796218,0.2401984475468799,1.0,1.0,1.0,0.0,2009.2490234375,0.0,0.0,0.0,0.0,0.0,0.0,0.0,0.0,0.0,0.0
3121,L,L,L3121L,Core,NEGATIVE_CONSENSUS,INVARIABLE,False,False,False,0.16797109,0.34096064768261325,1.0,1.0,1.0,0.0,2009.2490234375,0.0,0.0,0.0,0.0,0.0,0.0,0.0,0.0,0.0,0.0
3122,M,I,M3122I,Core,NEGATIVE_CONSENSUS,TEMPORAL_NOISE,False,False,False,0.07495646,0.3921261640358814,0.39941788,0.44554454,0.6669024,0.7839902,2009.7570014565679,0.04368242058613794,2009.7231,2009.7909,0.067730404,0.005745266166072614,0.0038912919014114935,0.028194176,0.18511496,-6.8268423,2.801897
3123,R,R,R3123R,Core,NEGATIVE_CONSENSUS,INVARIABLE,False,False,False,0.047289148,0.41392467273385114,1.0,1.0,1.0,0.0,2009.2490234375,0.0,0.0,0.0,0.0,0.0,0.0,0.0,0.0,0.0,0.0
3124,P,P,P3124P,Core,NEGATIVE_CONSENSUS,INVARIABLE,False,False,False,0.09249291,0.3805157715681833,1.0,1.0,1.0,0.0,2009.2490234375,0.0,0.0,0.0,0.0,0.0,0.0,0.0,0.0,0.0,0.0
3125,N,N,N3125N,Core,NEGATIVE_CONSENSUS,INVARIABLE,False,False,False,0.14756067,0.3504387265808948,1.0,1.0,1.0,0.0,2009.2490234375,0.0,0.0,0.0,0.0,0.0,0.0,0.0,0.0,0.0,0.0
3126,E,E,E3126E,Core,NEGATIVE_CONSENSUS,INVARIABLE,False,False,False,0.17737707,0.33681854926235366,1.0,1.0,1.0,0.0,2009.2490234375,0.0,0.0,0.0,0.0,0.0,0.0,0.0,0.0,0.0,0.0
3127,N,N,N3127N,Core,NEGATIVE_CONSENSUS,INVARIABLE,False,False,False,0.2697167,0.3017609345059,1.0,1.0,1.0,0.0,2009.2490234375,0.0,0.0,0.0,0.0,0.0,0.0,0.0,0.0,0.0,0.0
3128,P,P,P3128P,Core,NEGATIVE_CONSENSUS,INVARIABLE,False,False,False,0.055628892,0.4067715156435731,1.0,1.0,1.0,0.0,2009.2490234375,0.0,0.0,0.0,0.0,0.0,0.0,0.0,0.0,0.0,0.0
3129,A,A,A3129A,Core,NEGATIVE_CONSENSUS,INVARIABLE,False,False,False,0.6177493,0.21594245077438262,1.0,1.0,1.0,0.0,2009.2490234375,0.0,0.0,0.0,0.0,0.0,0.0,0.0,0.0,0.0,0.0
3130,H,H,H3130H,Core,NEGATIVE_CONSENSUS,INVARIABLE,False,False,False,0.534049,0.23245477158082695,1.0,1.0,1.0,0.0,2009.2490234375,0.0,0.0,0.0,0.0,0.0,0.0,0.0,0.0,0.0,0.0
3131,K,K,K3131K,Core,NEGATIVE_CONSENSUS,INVARIABLE,False,False,False,0.2995089,0.2920952302947697,1.0,1.0,1.0,0.0,2009.2490234375,0.0,0.0,0.0,0.0,0.0,0.0,0.0,0.0,0.0,0.0
3132,S,S,S3132S,Core,NEGATIVE_CONSENSUS,INVARIABLE,False,False,False,0.5161936,0.23623495187969223,1.0,1.0,1.0,0.0,2009.2490234375,0.0,0.0,0.0,0.0,0.0,0.0,0.0,0.0,0.0,0.0
3133,Q,Q,Q3133Q,Core,NEGATIVE_CONSENSUS,INVARIABLE,False,False,False,0.1328033,0.35777149996023005,1.0,1.0,1.0,0.0,2009.2490234375,0.0,0.0,0.0,0.0,0.0,0.0,0.0,0.0,0.0,0.0
3134,L,L,L3134L,Core,NEGATIVE_CONSENSUS,INVARIABLE,False,False,False,0.11684559,0.36624060240780854,1.0,1.0,1.0,0.0,2009.2490234375,0.0,0.0,0.0,0.0,0.0,0.0,0.0,0.0,0.0,0.0
3135,V,V,V3135V,Core,NEGATIVE_CONSENSUS,INVARIABLE,False,False,False,0.15838115,0.3453256737119521,1.0,1.0,1.0,0.0,2009.2490234375,0.0,0.0,0.0,0.0,0.0,0.0,0.0,0.0,0.0,0.0
3136,W,W,W3136W,Core,NEGATIVE_CONSENSUS,INVARIABLE,False,False,False,0.14326186,0.3525297858631183,1.0,1.0,1.0,0.0,2009.2490234375,0.0,0.0,0.0,0.0,0.0,0.0,0.0,0.0,0.0,0.0
3137,M,M,M3137M,Core,NEGATIVE_CONSENSUS,INVARIABLE,False,False,False,0.04345588,0.4174346170740496,1.0,1.0,1.0,0.0,2009.2490234375,0.0,0.0,0.0,0.0,0.0,0.0,0.0,0.0,0.0,0.0
3138,A,A,A3138A,Core,NEGATIVE_CONSENSUS,INVARIABLE,False,False,False,0.50961536,0.23765270523878462,1.0,1.0,1.0,0.0,2009.2490234375,0.0,0.0,0.0,0.0,0.0,0.0,0.0,0.0,0.0,0.0
3139,C,C,C3139C,Core,NEGATIVE_CONSENSUS,INVARIABLE,False,False,False,0.098847605,0.3766084799559455,1.0,1.0,1.0,0.0,2009.2490234375,0.0,0.0,0.0,0.0,0.0,0.0,0.0,0.0,0.0,0.0
3140,H,H,H3140H,Core,NEGATIVE_CONSENSUS,INVARIABLE,False,False,False,0.534049,0.23245477158082695,1.0,1.0,1.0,0.0,2009.2490234375,0.0,0.0,0.0,0.0,0.0,0.0,0.0,0.0,0.0,0.0
3141,S,S,S3141S,Core,NEGATIVE_CONSENSUS,INVARIABLE,False,False,False,0.26384795,0.30374440131695446,1.0,1.0,1.0,0.0,2009.2490234375,0.0,0.0,0.0,0.0,0.0,0.0,0.0,0.0,0.0,0.0
3142,A,A,A3142A,Core,NEGATIVE_CONSENSUS,INVARIABLE,False,False,False,0.6177493,0.21594245077438262,1.0,1.0,1.0,0.0,2009.2490234375,0.0,0.0,0.0,0.0,0.0,0.0,0.0,0.0,0.0,0.0
3143,A,A,A3143A,Core,NEGATIVE_CONSENSUS,INVARIABLE,False,False,False,0.50961536,0.23765270523878462,1.0,1.0,1.0,0.0,2009.2490234375,0.0,0.0,0.0,0.0,0.0,0.0,0.0,0.0,0.0,0.0
3144,F,F,F3144F,Core,NEGATIVE_CONSENSUS,INVARIABLE,False,False,False,0.061055347,0.4024178149016429,1.0,1.0,1.0,0.0,2009.2490234375,0.0,0.0,0.0,0.0,0.0,0.0,0.0,0.0,0.0,0.0
3145,E,E,E3145E,Core,NEGATIVE_CONSENSUS,INVARIABLE,False,False,False,0.17737707,0.33681854926235366,1.0,1.0,1.0,0.0,2009.2490234375,0.0,0.0,0.0,0.0,0.0,0.0,0.0,0.0,0.0,0.0
3146,D,D,D3146D,Core,NEGATIVE_CONSENSUS,INVARIABLE,False,False,False,0.24172953,0.3114798699800736,1.0,1.0,1.0,0.0,2009.2490234375,0.0,0.0,0.0,0.0,0.0,0.0,0.0,0.0,0.0,0.0
3147,L,L,L3147L,Core,NEGATIVE_CONSENSUS,INVARIABLE,False,False,False,0.28021458,0.2982803046346809,1.0,1.0,1.0,0.0,2009.2490234375,0.0,0.0,0.0,0.0,0.0,0.0,0.0,0.0,0.0,0.0
3148,R,R,R3148R,Core,NEGATIVE_CONSENSUS,INVARIABLE,False,False,False,0.047289148,0.41392467273385114,1.0,1.0,1.0,0.0,2009.2490234375,0.0,0.0,0.0,0.0,0.0,0.0,0.0,0.0,0.0,0.0
3149,V,V,V3149V,Core,NEGATIVE_CONSENSUS,INVARIABLE,False,False,False,0.60705686,0.21794905634298722,1.0,1.0,1.0,0.0,2009.2490234375,0.0,0.0,0.0,0.0,0.0,0.0,0.0,0.0,0.0,0.0
3150,S,S,S3150S,Core,NEGATIVE_CONSENSUS,INVARIABLE,False,False,False,0.2075632,0.3243420394483918,1.0,1.0,1.0,0.0,2009.2490234375,0.0,0.0,0.0,0.0,0.0,0.0,0.0,0.0,0.0,0.0
3151,S,S,S3151S,Core,NEGATIVE_CONSENSUS,INVARIABLE,False,False,False,0.5161936,0.23623495187969223,1.0,1.0,1.0,0.0,2009.2490234375,0.0,0.0,0.0,0.0,0.0,0.0,0.0,0.0,0.0,0.0
3152,F,F,F3152F,Core,NEGATIVE_CONSENSUS,INVARIABLE,False,False,False,0.03677015,0.42396688710899644,1.0,1.0,1.0,0.0,2009.2490234375,0.0,0.0,0.0,0.0,0.0,0.0,0.0,0.0,0.0,0.0
3153,I,I,I3153I,Core,NEGATIVE_CONSENSUS,INVARIABLE,False,False,False,1.0355865,0.15442508350662135,1.0,1.0,1.0,0.0,2009.2490234375,0.0,0.0,0.0,0.0,0.0,0.0,0.0,0.0,0.0,0.0
3154,R,R,R3154R,Core,NEGATIVE_CONSENSUS,INVARIABLE,False,False,False,0.047294147,0.4139201942477143,1.0,1.0,1.0,0.0,2009.2490234375,0.0,0.0,0.0,0.0,0.0,0.0,0.0,0.0,0.0,0.0
3155,G,G,G3155G,Core,NEGATIVE_CONSENSUS,INVARIABLE,False,False,False,0.08983235,0.38219519767681476,1.0,1.0,1.0,0.0,2009.2490234375,0.0,0.0,0.0,0.0,0.0,0.0,0.0,0.0,0.0,0.0
3156,K,K,K3156K,Core,NEGATIVE_CONSENSUS,INVARIABLE,False,False,False,0.2995089,0.2920952302947697,1.0,1.0,1.0,0.0,2009.2490234375,0.0,0.0,0.0,0.0,0.0,0.0,0.0,0.0,0.0,0.0
3157,K,K,K3157K,Core,NEGATIVE_CONSENSUS,INVARIABLE,False,False,False,1.2671006,0.13015565800770462,1.0,1.0,1.0,0.0,2009.2490234375,0.0,0.0,0.0,0.0,0.0,0.0,0.0,0.0,0.0,0.0
3158,V,V,V3158V,Core,NEGATIVE_CONSENSUS,INVARIABLE,False,False,False,0.15838115,0.3453256737119521,1.0,1.0,1.0,0.0,2009.2490234375,0.0,0.0,0.0,0.0,0.0,0.0,0.0,0.0,0.0,0.0
3159,I,I,I3159I,Core,NEGATIVE_CONSENSUS,INVARIABLE,False,False,False,0.7167717,0.19860244442133695,1.0,1.0,1.0,0.0,2009.2490234375,0.0,0.0,0.0,0.0,0.0,0.0,0.0,0.0,0.0,0.0
3160,P,P,P3160P,Core,NEGATIVE_CONSENSUS,INVARIABLE,False,False,False,0.068968944,0.3964219765455312,1.0,1.0,1.0,0.0,2009.2490234375,0.0,0.0,0.0,0.0,0.0,0.0,0.0,0.0,0.0,0.0
3161,R,R,R3161R,Core,NEGATIVE_CONSENSUS,INVARIABLE,False,False,False,0.047289148,0.41392467273385114,1.0,1.0,1.0,0.0,2009.2490234375,0.0,0.0,0.0,0.0,0.0,0.0,0.0,0.0,0.0,0.0
3162,G,G,G3162G,Core,NEGATIVE_CONSENSUS,INVARIABLE,False,False,False,0.08983235,0.38219519767681476,1.0,1.0,1.0,0.0,2009.2490234375,0.0,0.0,0.0,0.0,0.0,0.0,0.0,0.0,0.0,0.0
3163,K,K,K3163K,Core,NEGATIVE_CONSENSUS,INVARIABLE,False,False,False,0.2995089,0.2920952302947697,1.0,1.0,1.0,0.0,2009.2490234375,0.0,0.0,0.0,0.0,0.0,0.0,0.0,0.0,0.0,0.0
3164,L,L,L3164L,Core,NEGATIVE_CONSENSUS,INVARIABLE,False,False,False,0.1403902,0.3539467030420645,1.0,1.0,1.0,0.0,2009.2490234375,0.0,0.0,0.0,0.0,0.0,0.0,0.0,0.0,0.0,0.0
3165,S,S,S3165S,Core,NEGATIVE_CONSENSUS,INVARIABLE,False,False,False,0.48222643,0.24370778088239314,1.0,1.0,1.0,0.0,2009.2490234375,0.0,0.0,0.0,0.0,0.0,0.0,0.0,0.0,0.0,0.0
3166,T,T,T3166T,Core,NEGATIVE_CONSENSUS,INVARIABLE,False,False,False,0.03364685,0.427230012532943,1.0,1.0,1.0,0.0,2009.2490234375,0.0,0.0,0.0,0.0,0.0,0.0,0.0,0.0,0.0,0.0
3167,R,R,R3167R,Core,NEGATIVE_CONSENSUS,INVARIABLE,False,False,False,0.047289148,0.41392467273385114,1.0,1.0,1.0,0.0,2009.2490234375,0.0,0.0,0.0,0.0,0.0,0.0,0.0,0.0,0.0,0.0
3168,G,G,G3168G,Core,NEGATIVE_CONSENSUS,INVARIABLE,False,False,False,0.10198707,0.37472898848367453,1.0,1.0,1.0,0.0,2009.2490234375,0.0,0.0,0.0,0.0,0.0,0.0,0.0,0.0,0.0,0.0
3169,V,V,V3169V,Core,NEGATIVE_CONSENSUS,INVARIABLE,False,False,False,0.91231257,0.1697507851367119,1.0,1.0,1.0,0.0,2009.2490234375,0.0,0.0,0.0,0.0,0.0,0.0,0.0,0.0,0.0,0.0
3170,Q,Q,Q3170Q,Core,NEGATIVE_CONSENSUS,INVARIABLE,False,False,False,0.107605234,0.3714435950597569,1.0,1.0,1.0,0.0,2009.2490234375,0.0,0.0,0.0,0.0,0.0,0.0,0.0,0.0,0.0,0.0
3171,I,I,I3171I,Core,NEGATIVE_CONSENSUS,INVARIABLE,False,False,False,0.7167717,0.19860244442133695,1.0,1.0,1.0,0.0,2009.2490234375,0.0,0.0,0.0,0.0,0.0,0.0,0.0,0.0,0.0,0.0
3172,A,A,A3172A,Core,NEGATIVE_CONSENSUS,INVARIABLE,False,False,False,0.6177493,0.21594245077438262,1.0,1.0,1.0,0.0,2009.2490234375,0.0,0.0,0.0,0.0,0.0,0.0,0.0,0.0,0.0,0.0
3173,S,S,S3173S,Core,NEGATIVE_CONSENSUS,INVARIABLE,False,False,False,0.2075632,0.3243420394483918,1.0,1.0,1.0,0.0,2009.2490234375,0.0,0.0,0.0,0.0,0.0,0.0,0.0,0.0,0.0,0.0
3174,N,N,N3174N,Core,NEGATIVE_CONSENSUS,INVARIABLE,False,False,False,0.14756067,0.3504387265808948,1.0,1.0,1.0,0.0,2009.2490234375,0.0,0.0,0.0,0.0,0.0,0.0,0.0,0.0,0.0,0.0
3175,E,E,E3175E,Core,NEGATIVE_CONSENSUS,INVARIABLE,False,False,False,0.09971498,0.37608596908684694,1.0,1.0,1.0,0.0,2009.2490234375,0.0,0.0,0.0,0.0,0.0,0.0,0.0,0.0,0.0,0.0
3176,N,N,N3176N,Core,NEGATIVE_CONSENSUS,INVARIABLE,False,False,False,0.14756067,0.3504387265808948,1.0,1.0,1.0,0.0,2009.2490234375,0.0,0.0,0.0,0.0,0.0,0.0,0.0,0.0,0.0,0.0
3177,V,V,V3177V,Core,NEGATIVE_CONSENSUS,INVARIABLE,False,False,False,0.07911518,0.3892500441406622,1.0,1.0,1.0,0.0,2009.2490234375,0.0,0.0,0.0,0.0,0.0,0.0,0.0,0.0,0.0,0.0
3178,E,E,E3178E,Core,NEGATIVE_CONSENSUS,INVARIABLE,False,False,False,0.17737707,0.33681854926235366,1.0,1.0,1.0,0.0,2009.2490234375,0.0,0.0,0.0,0.0,0.0,0.0,0.0,0.0,0.0,0.0
3179,I,T,I3179T,Core,NEGATIVE_CONSENSUS,TEMPORAL_NOISE,False,False,False,0.1717212,0.33929331337502505,0.37653282,0.24752475,0.5809792,0.8706339,2009.452214645127,0.022998015478448597,2009.2716,2009.4973,0.22576801,0.006650464661967897,0.004452685443257453,3.4755278,-3.5969846,2.4271104,-2.849679
3180,M,M,M3180M,Core,NEGATIVE_CONSENSUS,INVARIABLE,False,False,False,0.04345588,0.4174346170740496,1.0,1.0,1.0,0.0,2009.2490234375,0.0,0.0,0.0,0.0,0.0,0.0,0.0,0.0,0.0,0.0
3181,D,D,D3181D,Core,NEGATIVE_CONSENSUS,INVARIABLE,False,False,False,1.2798513,0.1289633410661451,1.0,1.0,1.0,0.0,2009.2490234375,0.0,0.0,0.0,0.0,0.0,0.0,0.0,0.0,0.0,0.0
3182,S,S,S3182S,Core,NEGATIVE_CONSENSUS,INVARIABLE,False,False,False,0.48222643,0.24370778088239314,1.0,1.0,1.0,0.0,2009.2490234375,0.0,0.0,0.0,0.0,0.0,0.0,0.0,0.0,0.0,0.0
3183,N,N,N3183N,Core,NEGATIVE_CONSENSUS,INVARIABLE,False,False,False,0.10587947,0.3724424855217211,1.0,1.0,1.0,0.0,2009.2490234375,0.0,0.0,0.0,0.0,0.0,0.0,0.0,0.0,0.0,0.0
3184,T,T,T3184T,Core,NEGATIVE_CONSENSUS,INVARIABLE,False,False,False,0.02066498,0.44284768253011386,1.0,1.0,1.0,0.0,2009.2490234375,0.0,0.0,0.0,0.0,0.0,0.0,0.0,0.0,0.0,0.0
3185,L,L,L3185L,Core,NEGATIVE_CONSENSUS,INVARIABLE,False,False,False,0.23993784,0.312125506112753,1.0,1.0,1.0,0.0,2009.2490234375,0.0,0.0,0.0,0.0,0.0,0.0,0.0,0.0,0.0,0.0
3186,E,E,E3186E,Core,NEGATIVE_CONSENSUS,INVARIABLE,False,False,False,0.17737707,0.33681854926235366,1.0,1.0,1.0,0.0,2009.2490234375,0.0,0.0,0.0,0.0,0.0,0.0,0.0,0.0,0.0,0.0
3187,L,L,L3187L,Core,NEGATIVE_CONSENSUS,INVARIABLE,False,False,False,0.13167489,0.3583508709236974,1.0,1.0,1.0,0.0,2009.2490234375,0.0,0.0,0.0,0.0,0.0,0.0,0.0,0.0,0.0,0.0
3188,R,R,R3188R,Core,NEGATIVE_CONSENSUS,INVARIABLE,False,False,False,0.047289148,0.41392467273385114,1.0,1.0,1.0,0.0,2009.2490234375,0.0,0.0,0.0,0.0,0.0,0.0,0.0,0.0,0.0,0.0
3189,S,S,S3189S,Core,NEGATIVE_CONSENSUS,INVARIABLE,False,False,False,0.49796218,0.2401984475468799,1.0,1.0,1.0,0.0,2009.2490234375,0.0,0.0,0.0,0.0,0.0,0.0,0.0,0.0,0.0,0.0
3190,R,R,R3190R,Core,NEGATIVE_CONSENSUS,INVARIABLE,False,False,False,0.047289148,0.41392467273385114,1.0,1.0,1.0,0.0,2009.2490234375,0.0,0.0,0.0,0.0,0.0,0.0,0.0,0.0,0.0,0.0
3191,Y,Y,Y3191Y,Core,NEGATIVE_CONSENSUS,INVARIABLE,False,False,False,0.08357149,0.38625726840274144,1.0,1.0,1.0,0.0,2009.2490234375,0.0,0.0,0.0,0.0,0.0,0.0,0.0,0.0,0.0,0.0
3192,W,W,W3192W,Core,NEGATIVE_CONSENSUS,INVARIABLE,False,False,False,0.14326186,0.3525297858631183,1.0,1.0,1.0,0.0,2009.2490234375,0.0,0.0,0.0,0.0,0.0,0.0,0.0,0.0,0.0,0.0
3193,A,A,A3193A,Core,NEGATIVE_CONSENSUS,INVARIABLE,False,False,False,0.60895437,0.21759089006421228,1.0,1.0,1.0,0.0,2009.2490234375,0.0,0.0,0.0,0.0,0.0,0.0,0.0,0.0,0.0,0.0
3194,I,I,I3194I,Core,NEGATIVE_CONSENSUS,INVARIABLE,False,False,False,0.6271585,0.21419975302484917,1.0,1.0,1.0,0.0,2009.2490234375,0.0,0.0,0.0,0.0,0.0,0.0,0.0,0.0,0.0,0.0
3195,R,R,R3195R,Core,NEGATIVE_CONSENSUS,INVARIABLE,False,False,False,0.026146797,0.43577116494005275,1.0,1.0,1.0,0.0,2009.2490234375,0.0,0.0,0.0,0.0,0.0,0.0,0.0,0.0,0.0,0.0
3196,T,T,T3196T,Core,NEGATIVE_CONSENSUS,INVARIABLE,False,False,False,0.033261508,0.42764328918344385,1.0,1.0,1.0,0.0,2009.2490234375,0.0,0.0,0.0,0.0,0.0,0.0,0.0,0.0,0.0,0.0
3197,R,R,R3197R,Core,NEGATIVE_CONSENSUS,INVARIABLE,False,False,False,0.026146797,0.43577116494005275,1.0,1.0,1.0,0.0,2009.2490234375,0.0,0.0,0.0,0.0,0.0,0.0,0.0,0.0,0.0,0.0
3198,S,S,S3198S,Core,NEGATIVE_CONSENSUS,INVARIABLE,False,False,False,0.5161936,0.23623495187969223,1.0,1.0,1.0,0.0,2009.2490234375,0.0,0.0,0.0,0.0,0.0,0.0,0.0,0.0,0.0,0.0
3199,G,G,G3199G,Core,NEGATIVE_CONSENSUS,INVARIABLE,False,False,False,0.08983235,0.38219519767681476,1.0,1.0,1.0,0.0,2009.2490234375,0.0,0.0,0.0,0.0,0.0,0.0,0.0,0.0,0.0,0.0
3200,G,G,G3200G,Core,NEGATIVE_CONSENSUS,INVARIABLE,False,False,False,0.0506632,0.4109566250007878,1.0,1.0,1.0,0.0,2009.2490234375,0.0,0.0,0.0,0.0,0.0,0.0,0.0,0.0,0.0,0.0
3201,N,N,N3201N,Core,NEGATIVE_CONSENSUS,INVARIABLE,False,False,False,0.14756067,0.3504387265808948,1.0,1.0,1.0,0.0,2009.2490234375,0.0,0.0,0.0,0.0,0.0,0.0,0.0,0.0,0.0,0.0
3202,T,T,T3202T,Core,NEGATIVE_CONSENSUS,INVARIABLE,False,False,False,0.021913351,0.4411589190297869,1.0,1.0,1.0,0.0,2009.2490234375,0.0,0.0,0.0,0.0,0.0,0.0,0.0,0.0,0.0,0.0
3203,N,N,N3203N,Core,NEGATIVE_CONSENSUS,INVARIABLE,False,False,False,0.14756067,0.3504387265808948,1.0,1.0,1.0,0.0,2009.2490234375,0.0,0.0,0.0,0.0,0.0,0.0,0.0,0.0,0.0,0.0
3204,Q,Q,Q3204Q,Core,NEGATIVE_CONSENSUS,INVARIABLE,False,False,False,0.1328033,0.35777149996023005,1.0,1.0,1.0,0.0,2009.2490234375,0.0,0.0,0.0,0.0,0.0,0.0,0.0,0.0,0.0,0.0
3205,Q,Q,Q3205Q,Core,NEGATIVE_CONSENSUS,INVARIABLE,False,False,False,0.1328033,0.35777149996023005,1.0,1.0,1.0,0.0,2009.2490234375,0.0,0.0,0.0,0.0,0.0,0.0,0.0,0.0,0.0,0.0
3206,K,K,K3206K,Core,NEGATIVE_CONSENSUS,INVARIABLE,False,False,False,0.2995089,0.2920952302947697,1.0,1.0,1.0,0.0,2009.2490234375,0.0,0.0,0.0,0.0,0.0,0.0,0.0,0.0,0.0,0.0
3207,A,A,A3207A,Core,NEGATIVE_CONSENSUS,INVARIABLE,False,False,False,0.50961536,0.23765270523878462,1.0,1.0,1.0,0.0,2009.2490234375,0.0,0.0,0.0,0.0,0.0,0.0,0.0,0.0,0.0,0.0
3208,S,S,S3208S,Core,NEGATIVE_CONSENSUS,INVARIABLE,False,False,False,0.48222643,0.24370778088239314,1.0,1.0,1.0,0.0,2009.2490234375,0.0,0.0,0.0,0.0,0.0,0.0,0.0,0.0,0.0,0.0
3209,A,A,A3209A,Core,NEGATIVE_CONSENSUS,INVARIABLE,False,False,False,0.50961536,0.23765270523878462,1.0,1.0,1.0,0.0,2009.2490234375,0.0,0.0,0.0,0.0,0.0,0.0,0.0,0.0,0.0,0.0
3210,G,G,G3210G,Core,NEGATIVE_CONSENSUS,INVARIABLE,False,False,False,0.31973153,0.28588451406953874,1.0,1.0,1.0,0.0,2009.2490234375,0.0,0.0,0.0,0.0,0.0,0.0,0.0,0.0,0.0,0.0
3211,Q,Q,Q3211Q,Core,NEGATIVE_CONSENSUS,INVARIABLE,False,False,False,0.14861211,0.3499326088640236,1.0,1.0,1.0,0.0,2009.2490234375,0.0,0.0,0.0,0.0,0.0,0.0,0.0,0.0,0.0,0.0
3212,I,V,I3212V,Core,NEGATIVE_CONSENSUS,TEMPORAL_NOISE,False,False,False,0.57620025,0.22390278448665563,0.3517909,0.8019802,0.85777014,0.16340321,2009.2490234375,0.014846180055857403,2009.249,2009.2942,0.045153603,0.0011125837608181768,0.0006697626472070758,1.9785426,-2.669904,2.5597563,2.402119
3213,S,S,S3213S,Core,NEGATIVE_CONSENSUS,INVARIABLE,False,False,False,0.5161936,0.23623495187969223,1.0,1.0,1.0,0.0,2009.2490234375,0.0,0.0,0.0,0.0,0.0,0.0,0.0,0.0,0.0,0.0
3214,V,V,V3214V,Core,NEGATIVE_CONSENSUS,INVARIABLE,False,False,False,0.15838115,0.3453256737119521,1.0,1.0,1.0,0.0,2009.2490234375,0.0,0.0,0.0,0.0,0.0,0.0,0.0,0.0,0.0,0.0
3215,Q,Q,Q3215Q,Core,NEGATIVE_CONSENSUS,INVARIABLE,False,False,False,0.14861211,0.3499326088640236,1.0,1.0,1.0,0.0,2009.2490234375,0.0,0.0,0.0,0.0,0.0,0.0,0.0,0.0,0.0,0.0
3216,P,P,P3216P,Core,NEGATIVE_CONSENSUS,INVARIABLE,False,False,False,0.18130763,0.33512594256133826,1.0,1.0,1.0,0.0,2009.2490234375,0.0,0.0,0.0,0.0,0.0,0.0,0.0,0.0,0.0,0.0
3217,T,T,T3217T,Core,NEGATIVE_CONSENSUS,INVARIABLE,False,False,False,0.03364685,0.427230012532943,1.0,1.0,1.0,0.0,2009.2490234375,0.0,0.0,0.0,0.0,0.0,0.0,0.0,0.0,0.0,0.0
3218,F,F,F3218F,Core,NEGATIVE_CONSENSUS,INVARIABLE,False,False,False,0.03677015,0.42396688710899644,1.0,1.0,1.0,0.0,2009.2490234375,0.0,0.0,0.0,0.0,0.0,0.0,0.0,0.0,0.0,0.0
3219,S,S,S3219S,Core,NEGATIVE_CONSENSUS,INVARIABLE,False,False,False,0.2075632,0.3243420394483918,1.0,1.0,1.0,0.0,2009.2490234375,0.0,0.0,0.0,0.0,0.0,0.0,0.0,0.0,0.0,0.0
3220,V,V,V3220V,Core,NEGATIVE_CONSENSUS,INVARIABLE,False,False,False,0.15838115,0.3453256737119521,1.0,1.0,1.0,0.0,2009.2490234375,0.0,0.0,0.0,0.0,0.0,0.0,0.0,0.0,0.0,0.0
3221,Q,Q,Q3221Q,Core,NEGATIVE_CONSENSUS,INVARIABLE,False,False,False,0.10196939,0.374739483180495,1.0,1.0,1.0,0.0,2009.2490234375,0.0,0.0,0.0,0.0,0.0,0.0,0.0,0.0,0.0,0.0
3222,R,R,R3222R,Core,NEGATIVE_CONSENSUS,INVARIABLE,False,False,False,0.021272268,0.4420198400340496,1.0,1.0,1.0,0.0,2009.2490234375,0.0,0.0,0.0,0.0,0.0,0.0,0.0,0.0,0.0,0.0
3223,N,N,N3223N,Core,NEGATIVE_CONSENSUS,INVARIABLE,False,False,False,0.14756067,0.3504387265808948,1.0,1.0,1.0,0.0,2009.2490234375,0.0,0.0,0.0,0.0,0.0,0.0,0.0,0.0,0.0,0.0
3224,L,L,L3224L,Core,NEGATIVE_CONSENSUS,INVARIABLE,False,False,False,0.17319994,0.3386417205269501,1.0,1.0,1.0,0.0,2009.2490234375,0.0,0.0,0.0,0.0,0.0,0.0,0.0,0.0,0.0,0.0
3225,P,P,P3225P,Core,NEGATIVE_CONSENSUS,INVARIABLE,False,False,False,0.18130763,0.33512594256133826,1.0,1.0,1.0,0.0,2009.2490234375,0.0,0.0,0.0,0.0,0.0,0.0,0.0,0.0,0.0,0.0
3226,F,F,F3226F,Core,NEGATIVE_CONSENSUS,INVARIABLE,False,False,False,0.061055347,0.4024178149016429,1.0,1.0,1.0,0.0,2009.2490234375,0.0,0.0,0.0,0.0,0.0,0.0,0.0,0.0,0.0,0.0
3227,E,E,E3227E,Core,NEGATIVE_CONSENSUS,INVARIABLE,False,False,False,0.17737707,0.33681854926235366,1.0,1.0,1.0,0.0,2009.2490234375,0.0,0.0,0.0,0.0,0.0,0.0,0.0,0.0,0.0,0.0
3228,R,R,R3228R,Core,NEGATIVE_CONSENSUS,INVARIABLE,False,False,False,0.047289148,0.41392467273385114,1.0,1.0,1.0,0.0,2009.2490234375,0.0,0.0,0.0,0.0,0.0,0.0,0.0,0.0,0.0,0.0
3229,A,A,A3229A,Core,NEGATIVE_CONSENSUS,INVARIABLE,False,False,False,0.50961536,0.23765270523878462,1.0,1.0,1.0,0.0,2009.2490234375,0.0,0.0,0.0,0.0,0.0,0.0,0.0,0.0,0.0,0.0
3230,T,T,T3230T,Core,NEGATIVE_CONSENSUS,INVARIABLE,False,False,False,0.033261508,0.42764328918344385,1.0,1.0,1.0,0.0,2009.2490234375,0.0,0.0,0.0,0.0,0.0,0.0,0.0,0.0,0.0,0.0
3231,V,V,V3231V,Core,NEGATIVE_CONSENSUS,INVARIABLE,False,False,False,0.27149606,0.3011649827004066,1.0,1.0,1.0,0.0,2009.2490234375,0.0,0.0,0.0,0.0,0.0,0.0,0.0,0.0,0.0,0.0
3232,M,M,M3232M,Core,NEGATIVE_CONSENSUS,INVARIABLE,False,False,False,0.04345588,0.4174346170740496,1.0,1.0,1.0,0.0,2009.2490234375,0.0,0.0,0.0,0.0,0.0,0.0,0.0,0.0,0.0,0.0
3233,A,A,A3233A,Core,NEGATIVE_CONSENSUS,INVARIABLE,False,False,False,0.50961536,0.23765270523878462,1.0,1.0,1.0,0.0,2009.2490234375,0.0,0.0,0.0,0.0,0.0,0.0,0.0,0.0,0.0,0.0
3234,A,A,A3234A,Core,NEGATIVE_CONSENSUS,INVARIABLE,False,False,False,0.50961536,0.23765270523878462,1.0,1.0,1.0,0.0,2009.2490234375,0.0,0.0,0.0,0.0,0.0,0.0,0.0,0.0,0.0,0.0
3235,F,F,F3235F,Core,NEGATIVE_CONSENSUS,INVARIABLE,False,False,False,0.03677015,0.42396688710899644,1.0,1.0,1.0,0.0,2009.2490234375,0.0,0.0,0.0,0.0,0.0,0.0,0.0,0.0,0.0,0.0
3236,S,S,S3236S,Core,NEGATIVE_CONSENSUS,INVARIABLE,False,False,False,0.49796218,0.2401984475468799,1.0,1.0,1.0,0.0,2009.2490234375,0.0,0.0,0.0,0.0,0.0,0.0,0.0,0.0,0.0,0.0
3237,G,G,G3237G,Core,NEGATIVE_CONSENSUS,INVARIABLE,False,False,False,0.07441862,0.3925043397751408,1.0,1.0,1.0,0.0,2009.2490234375,0.0,0.0,0.0,0.0,0.0,0.0,0.0,0.0,0.0,0.0
3238,N,N,N3238N,Core,NEGATIVE_CONSENSUS,INVARIABLE,False,False,False,0.2697167,0.3017609345059,1.0,1.0,1.0,0.0,2009.2490234375,0.0,0.0,0.0,0.0,0.0,0.0,0.0,0.0,0.0,0.0
3239,N,N,N3239N,Core,NEGATIVE_CONSENSUS,INVARIABLE,False,False,False,0.14756067,0.3504387265808948,1.0,1.0,1.0,0.0,2009.2490234375,0.0,0.0,0.0,0.0,0.0,0.0,0.0,0.0,0.0,0.0
3240,E,E,E3240E,Core,NEGATIVE_CONSENSUS,INVARIABLE,False,False,False,0.17737707,0.33681854926235366,1.0,1.0,1.0,0.0,2009.2490234375,0.0,0.0,0.0,0.0,0.0,0.0,0.0,0.0,0.0,0.0
3241,G,G,G3241G,Core,NEGATIVE_CONSENSUS,INVARIABLE,False,False,False,0.08983235,0.38219519767681476,1.0,1.0,1.0,0.0,2009.2490234375,0.0,0.0,0.0,0.0,0.0,0.0,0.0,0.0,0.0,0.0
3242,R,R,R3242R,Core,NEGATIVE_CONSENSUS,INVARIABLE,False,False,False,0.022310223,0.4406323910415333,1.0,1.0,1.0,0.0,2009.2490234375,0.0,0.0,0.0,0.0,0.0,0.0,0.0,0.0,0.0,0.0
3243,T,T,T3243T,Core,NEGATIVE_CONSENSUS,INVARIABLE,False,False,False,0.03364685,0.427230012532943,1.0,1.0,1.0,0.0,2009.2490234375,0.0,0.0,0.0,0.0,0.0,0.0,0.0,0.0,0.0,0.0
3244,S,S,S3244S,Core,NEGATIVE_CONSENSUS,INVARIABLE,False,False,False,0.48222643,0.24370778088239314,1.0,1.0,1.0,0.0,2009.2490234375,0.0,0.0,0.0,0.0,0.0,0.0,0.0,0.0,0.0,0.0
3245,D,D,D3245D,Core,NEGATIVE_CONSENSUS,INVARIABLE,False,False,False,2.8818045,0.044792789968923004,1.0,1.0,1.0,0.0,2009.2490234375,0.0,0.0,0.0,0.0,0.0,0.0,0.0,0.0,0.0,0.0
3246,M,M,M3246M,Core,NEGATIVE_CONSENSUS,INVARIABLE,False,False,False,0.04345588,0.4174346170740496,1.0,1.0,1.0,0.0,2009.2490234375,0.0,0.0,0.0,0.0,0.0,0.0,0.0,0.0,0.0,0.0
3247,R,R,R3247R,Core,NEGATIVE_CONSENSUS,INVARIABLE,False,False,False,0.03523141,0.4255557883149065,1.0,1.0,1.0,0.0,2009.2490234375,0.0,0.0,0.0,0.0,0.0,0.0,0.0,0.0,0.0,0.0
3248,T,T,T3248T,Core,NEGATIVE_CONSENSUS,INVARIABLE,False,False,False,0.03364685,0.427230012532943,1.0,1.0,1.0,0.0,2009.2490234375,0.0,0.0,0.0,0.0,0.0,0.0,0.0,0.0,0.0,0.0
3249,E,E,E3249E,Core,NEGATIVE_CONSENSUS,INVARIABLE,False,False,False,0.17737707,0.33681854926235366,1.0,1.0,1.0,0.0,2009.2490234375,0.0,0.0,0.0,0.0,0.0,0.0,0.0,0.0,0.0,0.0
3250,V,V,V3250V,Core,NEGATIVE_CONSENSUS,INVARIABLE,False,False,False,0.27149606,0.3011649827004066,1.0,1.0,1.0,0.0,2009.2490234375,0.0,0.0,0.0,0.0,0.0,0.0,0.0,0.0,0.0,0.0
3251,I,I,I3251I,Core,NEGATIVE_CONSENSUS,INVARIABLE,False,False,False,1.0355865,0.15442508350662135,1.0,1.0,1.0,0.0,2009.2490234375,0.0,0.0,0.0,0.0,0.0,0.0,0.0,0.0,0.0,0.0
3252,R,R,R3252R,Core,NEGATIVE_CONSENSUS,INVARIABLE,False,False,False,0.047289148,0.41392467273385114,1.0,1.0,1.0,0.0,2009.2490234375,0.0,0.0,0.0,0.0,0.0,0.0,0.0,0.0,0.0,0.0
3253,M,M,M3253M,Core,NEGATIVE_CONSENSUS,INVARIABLE,False,False,False,0.04345588,0.4174346170740496,1.0,1.0,1.0,0.0,2009.2490234375,0.0,0.0,0.0,0.0,0.0,0.0,0.0,0.0,0.0,0.0
3254,M,M,M3254M,Core,NEGATIVE_CONSENSUS,INVARIABLE,False,False,False,0.04345588,0.4174346170740496,1.0,1.0,1.0,0.0,2009.2490234375,0.0,0.0,0.0,0.0,0.0,0.0,0.0,0.0,0.0,0.0
3255,E,E,E3255E,Core,NEGATIVE_CONSENSUS,INVARIABLE,False,False,False,0.18908456,0.33183981252858064,1.0,1.0,1.0,0.0,2009.2490234375,0.0,0.0,0.0,0.0,0.0,0.0,0.0,0.0,0.0,0.0
3256,S,S,S3256S,Core,NEGATIVE_CONSENSUS,INVARIABLE,False,False,False,0.5161936,0.23623495187969223,1.0,1.0,1.0,0.0,2009.2490234375,0.0,0.0,0.0,0.0,0.0,0.0,0.0,0.0,0.0,0.0
3257,A,A,A3257A,Core,NEGATIVE_CONSENSUS,INVARIABLE,False,False,False,0.50961536,0.23765270523878462,1.0,1.0,1.0,0.0,2009.2490234375,0.0,0.0,0.0,0.0,0.0,0.0,0.0,0.0,0.0,0.0
3258,K,K,K3258K,Core,NEGATIVE_CONSENSUS,INVARIABLE,False,False,False,0.2995089,0.2920952302947697,1.0,1.0,1.0,0.0,2009.2490234375,0.0,0.0,0.0,0.0,0.0,0.0,0.0,0.0,0.0,0.0
3259,P,A,P3259A,Core,NEGATIVE_CONSENSUS,TEMPORAL_NOISE,False,False,False,0.23302661,0.3146443342199217,0.36189717,0.22772278,0.5809792,0.73944235,2009.6441174523304,0.07932155618913356,2009.599,2009.678,0.0790188,0.010453902579494693,0.0070804702984756315,-1.3342259,-1.2067862,-0.48299336,-0.49772412
3260,E,E,E3260E,Core,NEGATIVE_CONSENSUS,INVARIABLE,False,False,False,0.17737707,0.33681854926235366,1.0,1.0,1.0,0.0,2009.2490234375,0.0,0.0,0.0,0.0,0.0,0.0,0.0,0.0,0.0,0.0
3261,D,D,D3261D,Core,NEGATIVE_CONSENSUS,INVARIABLE,False,False,False,0.24172953,0.3114798699800736,1.0,1.0,1.0,0.0,2009.2490234375,0.0,0.0,0.0,0.0,0.0,0.0,0.0,0.0,0.0,0.0
3262,L,L,L3262L,Core,NEGATIVE_CONSENSUS,INVARIABLE,False,False,False,0.11684559,0.36624060240780854,1.0,1.0,1.0,0.0,2009.2490234375,0.0,0.0,0.0,0.0,0.0,0.0,0.0,0.0,0.0,0.0
3263,S,S,S3263S,Core,NEGATIVE_CONSENSUS,INVARIABLE,False,False,False,0.48222643,0.24370778088239314,1.0,1.0,1.0,0.0,2009.2490234375,0.0,0.0,0.0,0.0,0.0,0.0,0.0,0.0,0.0,0.0
3264,F,F,F3264F,Core,NEGATIVE_CONSENSUS,INVARIABLE,False,False,False,0.013075435,0.4544810196128576,1.0,1.0,1.0,0.0,2009.2490234375,0.0,0.0,0.0,0.0,0.0,0.0,0.0,0.0,0.0,0.0
3265,Q,Q,Q3265Q,Core,NEGATIVE_CONSENSUS,INVARIABLE,False,False,False,0.14861211,0.3499326088640236,1.0,1.0,1.0,0.0,2009.2490234375,0.0,0.0,0.0,0.0,0.0,0.0,0.0,0.0,0.0,0.0
3266,G,G,G3266G,Core,NEGATIVE_CONSENSUS,INVARIABLE,False,False,False,0.10198707,0.37472898848367453,1.0,1.0,1.0,0.0,2009.2490234375,0.0,0.0,0.0,0.0,0.0,0.0,0.0,0.0,0.0,0.0
3267,R,R,R3267R,Core,NEGATIVE_CONSENSUS,INVARIABLE,False,False,False,0.031301104,0.42978515135323686,1.0,1.0,1.0,0.0,2009.2490234375,0.0,0.0,0.0,0.0,0.0,0.0,0.0,0.0,0.0,0.0
3268,G,G,G3268G,Core,NEGATIVE_CONSENSUS,INVARIABLE,False,False,False,0.08983235,0.38219519767681476,1.0,1.0,1.0,0.0,2009.2490234375,0.0,0.0,0.0,0.0,0.0,0.0,0.0,0.0,0.0,0.0
3269,V,V,V3269V,Core,NEGATIVE_CONSENSUS,INVARIABLE,False,False,False,0.91231257,0.1697507851367119,1.0,1.0,1.0,0.0,2009.2490234375,0.0,0.0,0.0,0.0,0.0,0.0,0.0,0.0,0.0,0.0
3270,F,F,F3270F,Core,NEGATIVE_CONSENSUS,INVARIABLE,False,False,False,0.020116454,0.4436061617995894,1.0,1.0,1.0,0.0,2009.2490234375,0.0,0.0,0.0,0.0,0.0,0.0,0.0,0.0,0.0,0.0
3271,E,E,E3271E,Core,NEGATIVE_CONSENSUS,INVARIABLE,False,False,False,0.09971498,0.37608596908684694,1.0,1.0,1.0,0.0,2009.2490234375,0.0,0.0,0.0,0.0,0.0,0.0,0.0,0.0,0.0,0.0
3272,L,L,L3272L,Core,NEGATIVE_CONSENSUS,INVARIABLE,False,False,False,0.17319994,0.3386417205269501,1.0,1.0,1.0,0.0,2009.2490234375,0.0,0.0,0.0,0.0,0.0,0.0,0.0,0.0,0.0,0.0
3273,S,S,S3273S,Core,NEGATIVE_CONSENSUS,INVARIABLE,False,False,False,0.14456865,0.3518903721709465,1.0,1.0,1.0,0.0,2009.2490234375,0.0,0.0,0.0,0.0,0.0,0.0,0.0,0.0,0.0,0.0
3274,D,D,D3274D,Core,NEGATIVE_CONSENSUS,INVARIABLE,False,False,False,2.8818045,0.044792789968923004,1.0,1.0,1.0,0.0,2009.2490234375,0.0,0.0,0.0,0.0,0.0,0.0,0.0,0.0,0.0,0.0
3275,E,E,E3275E,Core,NEGATIVE_CONSENSUS,INVARIABLE,False,False,False,0.17737707,0.33681854926235366,1.0,1.0,1.0,0.0,2009.2490234375,0.0,0.0,0.0,0.0,0.0,0.0,0.0,0.0,0.0,0.0
3276,K,K,K3276K,Core,NEGATIVE_CONSENSUS,INVARIABLE,False,False,False,0.2995089,0.2920952302947697,1.0,1.0,1.0,0.0,2009.2490234375,0.0,0.0,0.0,0.0,0.0,0.0,0.0,0.0,0.0,0.0
3277,A,A,A3277A,Core,NEGATIVE_CONSENSUS,INVARIABLE,False,False,False,0.50961536,0.23765270523878462,1.0,1.0,1.0,0.0,2009.2490234375,0.0,0.0,0.0,0.0,0.0,0.0,0.0,0.0,0.0,0.0
3278,T,T,T3278T,Core,NEGATIVE_CONSENSUS,INVARIABLE,False,False,False,0.082995705,0.3866390184146743,1.0,1.0,1.0,0.0,2009.2490234375,0.0,0.0,0.0,0.0,0.0,0.0,0.0,0.0,0.0,0.0
3279,N,T,N3279T,Core,RESCUED_SWEEP,CONFIRMED_SWEEP,True,False,True,0.8283104,0.18138077921533508,0.3517909,0.00990099,0.42981946,0.38633186,2009.576387049788,0.10377977460589341,2009.5425,2009.5876,0.045153603,0.009853200889433977,0.0066736126257101736,-7.47231,-1.1335756,1.6074431,-0.044103533
3280,P,P,P3280P,Core,NEGATIVE_CONSENSUS,INVARIABLE,False,False,False,0.084023274,0.3859587324025193,1.0,1.0,1.0,0.0,2009.2490234375,0.0,0.0,0.0,0.0,0.0,0.0,0.0,0.0,0.0,0.0
3281,I,I,I3281I,Core,NEGATIVE_CONSENSUS,INVARIABLE,False,False,False,0.41026053,0.2609186505464557,1.0,1.0,1.0,0.0,2009.2490234375,0.0,0.0,0.0,0.0,0.0,0.0,0.0,0.0,0.0,0.0
3282,V,V,V3282V,Core,NEGATIVE_CONSENSUS,INVARIABLE,False,False,False,0.15838115,0.3453256737119521,1.0,1.0,1.0,0.0,2009.2490234375,0.0,0.0,0.0,0.0,0.0,0.0,0.0,0.0,0.0,0.0
3283,P,P,P3283P,Core,NEGATIVE_CONSENSUS,INVARIABLE,False,False,False,0.18130763,0.33512594256133826,1.0,1.0,1.0,0.0,2009.2490234375,0.0,0.0,0.0,0.0,0.0,0.0,0.0,0.0,0.0,0.0
3284,S,S,S3284S,Core,NEGATIVE_CONSENSUS,INVARIABLE,False,False,False,0.17734481,0.3368325327546658,1.0,1.0,1.0,0.0,2009.2490234375,0.0,0.0,0.0,0.0,0.0,0.0,0.0,0.0,0.0,0.0
3285,F,F,F3285F,Core,NEGATIVE_CONSENSUS,INVARIABLE,False,False,False,0.061055347,0.4024178149016429,1.0,1.0,1.0,0.0,2009.2490234375,0.0,0.0,0.0,0.0,0.0,0.0,0.0,0.0,0.0,0.0
3286,D,D,D3286D,Core,NEGATIVE_CONSENSUS,INVARIABLE,False,False,False,2.8818045,0.044792789968923004,1.0,1.0,1.0,0.0,2009.2490234375,0.0,0.0,0.0,0.0,0.0,0.0,0.0,0.0,0.0,0.0
3287,M,M,M3287M,Core,NEGATIVE_CONSENSUS,INVARIABLE,False,False,False,0.04345588,0.4174346170740496,1.0,1.0,1.0,0.0,2009.2490234375,0.0,0.0,0.0,0.0,0.0,0.0,0.0,0.0,0.0,0.0
3288,S,S,S3288S,Core,NEGATIVE_CONSENSUS,INVARIABLE,False,False,False,0.5161936,0.23623495187969223,1.0,1.0,1.0,0.0,2009.2490234375,0.0,0.0,0.0,0.0,0.0,0.0,0.0,0.0,0.0,0.0
3289,N,N,N3289N,Core,NEGATIVE_CONSENSUS,INVARIABLE,False,False,False,0.14756067,0.3504387265808948,1.0,1.0,1.0,0.0,2009.2490234375,0.0,0.0,0.0,0.0,0.0,0.0,0.0,0.0,0.0,0.0
3290,E,E,E3290E,Core,NEGATIVE_CONSENSUS,INVARIABLE,False,False,False,0.17737707,0.33681854926235366,1.0,1.0,1.0,0.0,2009.2490234375,0.0,0.0,0.0,0.0,0.0,0.0,0.0,0.0,0.0,0.0
3291,G,G,G3291G,Core,NEGATIVE_CONSENSUS,INVARIABLE,False,False,False,0.10198707,0.37472898848367453,1.0,1.0,1.0,0.0,2009.2490234375,0.0,0.0,0.0,0.0,0.0,0.0,0.0,0.0,0.0,0.0
3292,S,S,S3292S,Core,NEGATIVE_CONSENSUS,INVARIABLE,False,False,False,0.26384795,0.30374440131695446,1.0,1.0,1.0,0.0,2009.2490234375,0.0,0.0,0.0,0.0,0.0,0.0,0.0,0.0,0.0,0.0
3293,Y,Y,Y3293Y,Core,NEGATIVE_CONSENSUS,INVARIABLE,False,False,False,0.04160279,0.41918940090001205,1.0,1.0,1.0,0.0,2009.2490234375,0.0,0.0,0.0,0.0,0.0,0.0,0.0,0.0,0.0,0.0
3294,F,F,F3294F,Core,NEGATIVE_CONSENSUS,INVARIABLE,False,False,False,0.03677015,0.42396688710899644,1.0,1.0,1.0,0.0,2009.2490234375,0.0,0.0,0.0,0.0,0.0,0.0,0.0,0.0,0.0,0.0
3295,F,F,F3295F,Core,NEGATIVE_CONSENSUS,INVARIABLE,False,False,False,0.03677015,0.42396688710899644,1.0,1.0,1.0,0.0,2009.2490234375,0.0,0.0,0.0,0.0,0.0,0.0,0.0,0.0,0.0,0.0
3296,G,G,G3296G,Core,NEGATIVE_CONSENSUS,INVARIABLE,False,False,False,0.08983235,0.38219519767681476,1.0,1.0,1.0,0.0,2009.2490234375,0.0,0.0,0.0,0.0,0.0,0.0,0.0,0.0,0.0,0.0
3297,D,D,D3297D,Core,NEGATIVE_CONSENSUS,INVARIABLE,False,False,False,2.8818045,0.044792789968923004,1.0,1.0,1.0,0.0,2009.2490234375,0.0,0.0,0.0,0.0,0.0,0.0,0.0,0.0,0.0,0.0
3298,N,N,N3298N,Core,NEGATIVE_CONSENSUS,INVARIABLE,False,False,False,0.14756067,0.3504387265808948,1.0,1.0,1.0,0.0,2009.2490234375,0.0,0.0,0.0,0.0,0.0,0.0,0.0,0.0,0.0,0.0
3299,A,A,A3299A,Core,NEGATIVE_CONSENSUS,INVARIABLE,False,False,False,0.50961536,0.23765270523878462,1.0,1.0,1.0,0.0,2009.2490234375,0.0,0.0,0.0,0.0,0.0,0.0,0.0,0.0,0.0,0.0
3300,E,E,E3300E,Core,NEGATIVE_CONSENSUS,INVARIABLE,False,False,False,0.11811282,0.36554518657645907,1.0,1.0,1.0,0.0,2009.2490234375,0.0,0.0,0.0,0.0,0.0,0.0,0.0,0.0,0.0,0.0
3301,E,E,E3301E,Core,NEGATIVE_CONSENSUS,INVARIABLE,False,False,False,0.09971498,0.37608596908684694,1.0,1.0,1.0,0.0,2009.2490234375,0.0,0.0,0.0,0.0,0.0,0.0,0.0,0.0,0.0,0.0
3302,Y,Y,Y3302Y,Core,NEGATIVE_CONSENSUS,INVARIABLE,False,False,False,0.04160279,0.41918940090001205,1.0,1.0,1.0,0.0,2009.2490234375,0.0,0.0,0.0,0.0,0.0,0.0,0.0,0.0,0.0,0.0
3303,D,D,D3303D,Core,NEGATIVE_CONSENSUS,INVARIABLE,False,False,False,2.8818045,0.044792789968923004,1.0,1.0,1.0,0.0,2009.2490234375,0.0,0.0,0.0,0.0,0.0,0.0,0.0,0.0,0.0,0.0
3304,S,S,S3304S,Core,NEGATIVE_CONSENSUS,INVARIABLE,False,False,False,0.5161936,0.23623495187969223,1.0,1.0,1.0,0.0,2009.2490234375,0.0,0.0,0.0,0.0,0.0,0.0,0.0,0.0,0.0,0.0
3305,A,A,A3305A,Core,NEGATIVE_CONSENSUS,INVARIABLE,False,False,False,0.07253021,0.3938439016477709,1.0,1.0,1.0,0.0,2009.2490234375,0.0,0.0,0.0,0.0,0.0,0.0,0.0,0.0,0.0,0.0
3306,A,A,A3306A,Core,NEGATIVE_CONSENSUS,INVARIABLE,False,False,False,0.07253021,0.3938439016477709,1.0,1.0,1.0,0.0,2009.2490234375,0.0,0.0,0.0,0.0,0.0,0.0,0.0,0.0,0.0,0.0
3307,M,M,M3307M,Core,NEGATIVE_CONSENSUS,INVARIABLE,False,False,False,0.04345588,0.4174346170740496,1.0,1.0,1.0,0.0,2009.2490234375,0.0,0.0,0.0,0.0,0.0,0.0,0.0,0.0,0.0,0.0
3308,N,N,N3308N,Core,NEGATIVE_CONSENSUS,INVARIABLE,False,False,False,0.14756067,0.3504387265808948,1.0,1.0,1.0,0.0,2009.2490234375,0.0,0.0,0.0,0.0,0.0,0.0,0.0,0.0,0.0,0.0
3309,P,P,P3309P,Core,NEGATIVE_CONSENSUS,INVARIABLE,False,False,False,0.09249291,0.3805157715681833,1.0,1.0,1.0,0.0,2009.2490234375,0.0,0.0,0.0,0.0,0.0,0.0,0.0,0.0,0.0,0.0
3310,N,N,N3310N,Core,NEGATIVE_CONSENSUS,INVARIABLE,False,False,False,0.2697167,0.3017609345059,1.0,1.0,1.0,0.0,2009.2490234375,0.0,0.0,0.0,0.0,0.0,0.0,0.0,0.0,0.0,0.0
3311,Q,Q,Q3311Q,Core,NEGATIVE_CONSENSUS,INVARIABLE,False,False,False,0.1328033,0.35777149996023005,1.0,1.0,1.0,0.0,2009.2490234375,0.0,0.0,0.0,0.0,0.0,0.0,0.0,0.0,0.0,0.0
3312,K,K,K3312K,Core,NEGATIVE_CONSENSUS,INVARIABLE,False,False,False,0.2995089,0.2920952302947697,1.0,1.0,1.0,0.0,2009.2490234375,0.0,0.0,0.0,0.0,0.0,0.0,0.0,0.0,0.0,0.0
3313,I,I,I3313I,Core,NEGATIVE_CONSENSUS,INVARIABLE,False,False,False,1.0355865,0.15442508350662135,1.0,1.0,1.0,0.0,2009.2490234375,0.0,0.0,0.0,0.0,0.0,0.0,0.0,0.0,0.0,0.0
3314,I,I,I3314I,Core,NEGATIVE_CONSENSUS,INVARIABLE,False,False,False,1.0355865,0.15442508350662135,1.0,1.0,1.0,0.0,2009.2490234375,0.0,0.0,0.0,0.0,0.0,0.0,0.0,0.0,0.0,0.0
3315,T,T,T3315T,Core,NEGATIVE_CONSENSUS,INVARIABLE,False,False,False,0.033261508,0.42764328918344385,1.0,1.0,1.0,0.0,2009.2490234375,0.0,0.0,0.0,0.0,0.0,0.0,0.0,0.0,0.0,0.0
3316,I,I,I3316I,Core,NEGATIVE_CONSENSUS,INVARIABLE,False,False,False,0.7167717,0.19860244442133695,1.0,1.0,1.0,0.0,2009.2490234375,0.0,0.0,0.0,0.0,0.0,0.0,0.0,0.0,0.0,0.0
3317,G,V,G3317V,Core,NEGATIVE_CONSENSUS,TEMPORAL_NOISE,False,False,False,0.3896396,0.26624445567806043,0.3564026,0.07920792,0.42981946,0.58577424,2009.587675450212,0.15829690279955472,2009.5538,2009.6102,0.056442004,0.01554845397264845,0.010531030464784735,-6.754018,-1.0309973,1.1030519,0.27865568
3318,S,S,S3318S,Core,NEGATIVE_CONSENSUS,INVARIABLE,False,False,False,0.28062758,0.29814508717257127,1.0,1.0,1.0,0.0,2009.2490234375,0.0,0.0,0.0,0.0,0.0,0.0,0.0,0.0,0.0,0.0
3319,V,V,V3319V,Core,NEGATIVE_CONSENSUS,INVARIABLE,False,False,False,0.91231257,0.1697507851367119,1.0,1.0,1.0,0.0,2009.2490234375,0.0,0.0,0.0,0.0,0.0,0.0,0.0,0.0,0.0,0.0
3320,C,C,C3320C,Core,NEGATIVE_CONSENSUS,INVARIABLE,False,False,False,0.025839863,0.4361460100233292,1.0,1.0,1.0,0.0,2009.2490234375,0.0,0.0,0.0,0.0,0.0,0.0,0.0,0.0,0.0,0.0
3321,M,M,M3321M,Core,NEGATIVE_CONSENSUS,INVARIABLE,False,False,False,0.04345588,0.4174346170740496,1.0,1.0,1.0,0.0,2009.2490234375,0.0,0.0,0.0,0.0,0.0,0.0,0.0,0.0,0.0,0.0
3322,T,I,T3322I,Core,NEGATIVE_CONSENSUS,TEMPORAL_NOISE,False,False,False,0.16612867,0.34178777824163975,0.37711713,0.44554454,0.6669024,0.7839902,2009.7570014565679,0.11237768053798075,2009.7231,2009.7909,0.067730404,0.01478030926751031,0.010010762963891758,0.028194191,0.18511505,-6.8268456,2.8018982
3323,I,I,I3323I,Core,NEGATIVE_CONSENSUS,INVARIABLE,False,False,False,0.7167717,0.19860244442133695,1.0,1.0,1.0,0.0,2009.2490234375,0.0,0.0,0.0,0.0,0.0,0.0,0.0,0.0,0.0,0.0
3324,G,G,G3324G,Core,NEGATIVE_CONSENSUS,INVARIABLE,False,False,False,0.08983235,0.38219519767681476,1.0,1.0,1.0,0.0,2009.2490234375,0.0,0.0,0.0,0.0,0.0,0.0,0.0,0.0,0.0,0.0
3325,M,M,M3325M,Core,NEGATIVE_CONSENSUS,INVARIABLE,False,False,False,0.04345588,0.4174346170740496,1.0,1.0,1.0,0.0,2009.2490234375,0.0,0.0,0.0,0.0,0.0,0.0,0.0,0.0,0.0,0.0
3326,A,A,A3326A,Core,NEGATIVE_CONSENSUS,INVARIABLE,False,False,False,0.19296944,0.3302282917686915,1.0,1.0,1.0,0.0,2009.2490234375,0.0,0.0,0.0,0.0,0.0,0.0,0.0,0.0,0.0,0.0
3327,N,N,N3327N,Core,NEGATIVE_CONSENSUS,INVARIABLE,False,False,False,0.2697167,0.3017609345059,1.0,1.0,1.0,0.0,2009.2490234375,0.0,0.0,0.0,0.0,0.0,0.0,0.0,0.0,0.0,0.0
3328,L,L,L3328L,Core,NEGATIVE_CONSENSUS,INVARIABLE,False,False,False,0.28021458,0.2982803046346809,1.0,1.0,1.0,0.0,2009.2490234375,0.0,0.0,0.0,0.0,0.0,0.0,0.0,0.0,0.0,0.0
3329,I,I,I3329I,Core,NEGATIVE_CONSENSUS,INVARIABLE,False,False,False,1.0355865,0.15442508350662135,1.0,1.0,1.0,0.0,2009.2490234375,0.0,0.0,0.0,0.0,0.0,0.0,0.0,0.0,0.0,0.0
3330,L,L,L3330L,Core,NEGATIVE_CONSENSUS,INVARIABLE,False,False,False,0.28021458,0.2982803046346809,1.0,1.0,1.0,0.0,2009.2490234375,0.0,0.0,0.0,0.0,0.0,0.0,0.0,0.0,0.0,0.0
3331,Q,Q,Q3331Q,Core,NEGATIVE_CONSENSUS,INVARIABLE,False,False,False,0.1328033,0.35777149996023005,1.0,1.0,1.0,0.0,2009.2490234375,0.0,0.0,0.0,0.0,0.0,0.0,0.0,0.0,0.0,0.0
3332,I,I,I3332I,Core,NEGATIVE_CONSENSUS,INVARIABLE,False,False,False,0.7167717,0.19860244442133695,1.0,1.0,1.0,0.0,2009.2490234375,0.0,0.0,0.0,0.0,0.0,0.0,0.0,0.0,0.0,0.0
3333,G,G,G3333G,Core,NEGATIVE_CONSENSUS,INVARIABLE,False,False,False,0.08983235,0.38219519767681476,1.0,1.0,1.0,0.0,2009.2490234375,0.0,0.0,0.0,0.0,0.0,0.0,0.0,0.0,0.0,0.0
3334,N,N,N3334N,Core,NEGATIVE_CONSENSUS,INVARIABLE,False,False,False,0.2697167,0.3017609345059,1.0,1.0,1.0,0.0,2009.2490234375,0.0,0.0,0.0,0.0,0.0,0.0,0.0,0.0,0.0,0.0
3335,I,I,I3335I,Core,NEGATIVE_CONSENSUS,INVARIABLE,False,False,False,1.0355865,0.15442508350662135,1.0,1.0,1.0,0.0,2009.2490234375,0.0,0.0,0.0,0.0,0.0,0.0,0.0,0.0,0.0,0.0
3336,I,I,I3336I,Core,NEGATIVE_CONSENSUS,INVARIABLE,False,False,False,0.41026053,0.2609186505464557,1.0,1.0,1.0,0.0,2009.2490234375,0.0,0.0,0.0,0.0,0.0,0.0,0.0,0.0,0.0,0.0
3337,S,S,S3337S,Core,NEGATIVE_CONSENSUS,INVARIABLE,False,False,False,0.2075632,0.3243420394483918,1.0,1.0,1.0,0.0,2009.2490234375,0.0,0.0,0.0,0.0,0.0,0.0,0.0,0.0,0.0,0.0
3338,I,I,I3338I,Core,NEGATIVE_CONSENSUS,INVARIABLE,False,False,False,1.0355865,0.15442508350662135,1.0,1.0,1.0,0.0,2009.2490234375,0.0,0.0,0.0,0.0,0.0,0.0,0.0,0.0,0.0,0.0
3339,W,W,W3339W,Core,NEGATIVE_CONSENSUS,INVARIABLE,False,False,False,0.14326186,0.3525297858631183,1.0,1.0,1.0,0.0,2009.2490234375,0.0,0.0,0.0,0.0,0.0,0.0,0.0,0.0,0.0,0.0
3340,I,I,I3340I,Core,NEGATIVE_CONSENSUS,INVARIABLE,False,False,False,0.7167717,0.19860244442133695,1.0,1.0,1.0,0.0,2009.2490234375,0.0,0.0,0.0,0.0,0.0,0.0,0.0,0.0,0.0,0.0
3341,S,S,S3341S,Core,NEGATIVE_CONSENSUS,INVARIABLE,False,False,False,0.49796218,0.2401984475468799,1.0,1.0,1.0,0.0,2009.2490234375,0.0,0.0,0.0,0.0,0.0,0.0,0.0,0.0,0.0,0.0
3342,H,H,H3342H,Core,NEGATIVE_CONSENSUS,INVARIABLE,False,False,False,0.534049,0.23245477158082695,1.0,1.0,1.0,0.0,2009.2490234375,0.0,0.0,0.0,0.0,0.0,0.0,0.0,0.0,0.0,0.0
3343,S,S,S3343S,Core,NEGATIVE_CONSENSUS,INVARIABLE,False,False,False,0.2075632,0.3243420394483918,1.0,1.0,1.0,0.0,2009.2490234375,0.0,0.0,0.0,0.0,0.0,0.0,0.0,0.0,0.0,0.0
3344,I,I,I3344I,Core,NEGATIVE_CONSENSUS,INVARIABLE,False,False,False,0.7167717,0.19860244442133695,1.0,1.0,1.0,0.0,2009.2490234375,0.0,0.0,0.0,0.0,0.0,0.0,0.0,0.0,0.0,0.0
3345,Q,Q,Q3345Q,Core,NEGATIVE_CONSENSUS,INVARIABLE,False,False,False,0.1328033,0.35777149996023005,1.0,1.0,1.0,0.0,2009.2490234375,0.0,0.0,0.0,0.0,0.0,0.0,0.0,0.0,0.0,0.0
3346,L,L,L3346L,Core,NEGATIVE_CONSENSUS,INVARIABLE,False,False,False,0.1403902,0.3539467030420645,1.0,1.0,1.0,0.0,2009.2490234375,0.0,0.0,0.0,0.0,0.0,0.0,0.0,0.0,0.0,0.0
3347,G,G,G3347G,Core,NEGATIVE_CONSENSUS,INVARIABLE,False,False,False,0.10198707,0.37472898848367453,1.0,1.0,1.0,0.0,2009.2490234375,0.0,0.0,0.0,0.0,0.0,0.0,0.0,0.0,0.0,0.0
3348,N,N,N3348N,Core,NEGATIVE_CONSENSUS,INVARIABLE,False,False,False,0.14756067,0.3504387265808948,1.0,1.0,1.0,0.0,2009.2490234375,0.0,0.0,0.0,0.0,0.0,0.0,0.0,0.0,0.0,0.0
3349,Q,K,Q3349K,Core,NEGATIVE_CONSENSUS,TEMPORAL_NOISE,False,False,False,0.34767884,0.277715016225641,0.35762358,0.05940594,0.42981946,0.58577424,2009.587675450212,0.09813661783275836,2009.5538,2009.6102,0.056442004,0.009639308529846525,0.006528742469562849,-6.754017,-1.0309972,1.1030518,0.27865565
3350,N,N,N3350N,Core,NEGATIVE_CONSENSUS,INVARIABLE,False,False,False,0.14756067,0.3504387265808948,1.0,1.0,1.0,0.0,2009.2490234375,0.0,0.0,0.0,0.0,0.0,0.0,0.0,0.0,0.0,0.0
3351,Q,Q,Q3351Q,Core,NEGATIVE_CONSENSUS,INVARIABLE,False,False,False,0.14861211,0.3499326088640236,1.0,1.0,1.0,0.0,2009.2490234375,0.0,0.0,0.0,0.0,0.0,0.0,0.0,0.0,0.0,0.0
3352,I,V,I3352V,Core,NEGATIVE_CONSENSUS,TEMPORAL_NOISE,False,False,False,0.68253237,0.2043580366096192,0.3517909,0.45544556,0.6669024,0.7839902,2009.7570014565679,0.04587110221253822,2009.7231,2009.7909,0.067730404,0.006033129300206092,0.004086262760931176,0.028194178,0.18511496,-6.826843,2.801897
3353,E,E,E3353E,Core,NEGATIVE_CONSENSUS,INVARIABLE,False,False,False,0.17737707,0.33681854926235366,1.0,1.0,1.0,0.0,2009.2490234375,0.0,0.0,0.0,0.0,0.0,0.0,0.0,0.0,0.0,0.0
3354,T,T,T3354T,Core,NEGATIVE_CONSENSUS,INVARIABLE,False,False,False,0.03364685,0.427230012532943,1.0,1.0,1.0,0.0,2009.2490234375,0.0,0.0,0.0,0.0,0.0,0.0,0.0,0.0,0.0,0.0
3355,C,C,C3355C,Core,NEGATIVE_CONSENSUS,INVARIABLE,False,False,False,0.098847605,0.3766084799559455,1.0,1.0,1.0,0.0,2009.2490234375,0.0,0.0,0.0,0.0,0.0,0.0,0.0,0.0,0.0,0.0
3356,N,N,N3356N,Core,NEGATIVE_CONSENSUS,INVARIABLE,False,False,False,0.14756067,0.3504387265808948,1.0,1.0,1.0,0.0,2009.2490234375,0.0,0.0,0.0,0.0,0.0,0.0,0.0,0.0,0.0,0.0
3357,Q,Q,Q3357Q,Core,NEGATIVE_CONSENSUS,INVARIABLE,False,False,False,0.1328033,0.35777149996023005,1.0,1.0,1.0,0.0,2009.2490234375,0.0,0.0,0.0,0.0,0.0,0.0,0.0,0.0,0.0,0.0
3358,S,S,S3358S,Core,NEGATIVE_CONSENSUS,INVARIABLE,False,False,False,0.49796218,0.2401984475468799,1.0,1.0,1.0,0.0,2009.2490234375,0.0,0.0,0.0,0.0,0.0,0.0,0.0,0.0,0.0,0.0
3359,V,I,V3359I,Core,NEGATIVE_CONSENSUS,TEMPORAL_NOISE,False,False,False,0.623716,0.21483487050771594,0.3517909,0.45544556,0.6669024,0.7839902,2009.7570014565679,0.15783753525439037,2009.7231,2009.7909,0.067730404,0.020759349845212334,0.014060391215340907,0.028194193,0.18511507,-6.826846,2.8018987
3360,I,I,I3360I,Core,NEGATIVE_CONSENSUS,INVARIABLE,False,False,False,0.7167717,0.19860244442133695,1.0,1.0,1.0,0.0,2009.2490234375,0.0,0.0,0.0,0.0,0.0,0.0,0.0,0.0,0.0,0.0
3361,T,T,T3361T,Core,NEGATIVE_CONSENSUS,INVARIABLE,False,False,False,0.026892863,0.434869336287794,1.0,1.0,1.0,0.0,2009.2490234375,0.0,0.0,0.0,0.0,0.0,0.0,0.0,0.0,0.0,0.0
3362,Y,Y,Y3362Y,Core,NEGATIVE_CONSENSUS,INVARIABLE,False,False,False,0.04160279,0.41918940090001205,1.0,1.0,1.0,0.0,2009.2490234375,0.0,0.0,0.0,0.0,0.0,0.0,0.0,0.0,0.0,0.0
3363,E,E,E3363E,Core,NEGATIVE_CONSENSUS,INVARIABLE,False,False,False,0.17737707,0.33681854926235366,1.0,1.0,1.0,0.0,2009.2490234375,0.0,0.0,0.0,0.0,0.0,0.0,0.0,0.0,0.0,0.0
3364,N,N,N3364N,Core,NEGATIVE_CONSENSUS,INVARIABLE,False,False,False,0.2697167,0.3017609345059,1.0,1.0,1.0,0.0,2009.2490234375,0.0,0.0,0.0,0.0,0.0,0.0,0.0,0.0,0.0,0.0
3365,N,K,N3365K,Core,NEGATIVE_CONSENSUS,TEMPORAL_NOISE,False,False,False,0.22361028,0.31815136340261374,0.36189717,0.47524753,0.6680622,0.7582673,2009.7795782574153,0.06354142262071455,2009.7344,2009.8021,0.067730404,0.008427477623993197,0.005707964518897739,0.0070049223,0.7020623,-6.729552,2.8184347
3366,T,T,T3366T,Core,NEGATIVE_CONSENSUS,INVARIABLE,False,False,False,0.026892863,0.434869336287794,1.0,1.0,1.0,0.0,2009.2490234375,0.0,0.0,0.0,0.0,0.0,0.0,0.0,0.0,0.0,0.0
3367,W,W,W3367W,Core,NEGATIVE_CONSENSUS,INVARIABLE,False,False,False,0.14326186,0.3525297858631183,1.0,1.0,1.0,0.0,2009.2490234375,0.0,0.0,0.0,0.0,0.0,0.0,0.0,0.0,0.0,0.0
3368,V,V,V3368V,Core,NEGATIVE_CONSENSUS,INVARIABLE,False,False,False,0.60705686,0.21794905634298722,1.0,1.0,1.0,0.0,2009.2490234375,0.0,0.0,0.0,0.0,0.0,0.0,0.0,0.0,0.0,0.0
3369,N,N,N3369N,Core,NEGATIVE_CONSENSUS,INVARIABLE,False,False,False,0.09373135,0.37974302610727617,1.0,1.0,1.0,0.0,2009.2490234375,0.0,0.0,0.0,0.0,0.0,0.0,0.0,0.0,0.0,0.0
3370,Q,Q,Q3370Q,Core,NEGATIVE_CONSENSUS,INVARIABLE,False,False,False,0.14861211,0.3499326088640236,1.0,1.0,1.0,0.0,2009.2490234375,0.0,0.0,0.0,0.0,0.0,0.0,0.0,0.0,0.0,0.0
3371,T,T,T3371T,Core,NEGATIVE_CONSENSUS,INVARIABLE,False,False,False,0.03364685,0.427230012532943,1.0,1.0,1.0,0.0,2009.2490234375,0.0,0.0,0.0,0.0,0.0,0.0,0.0,0.0,0.0,0.0
3372,Y,Y,Y3372Y,Core,NEGATIVE_CONSENSUS,INVARIABLE,False,False,False,0.04160279,0.41918940090001205,1.0,1.0,1.0,0.0,2009.2490234375,0.0,0.0,0.0,0.0,0.0,0.0,0.0,0.0,0.0,0.0
3373,V,V,V3373V,Core,NEGATIVE_CONSENSUS,INVARIABLE,False,False,False,0.27149606,0.3011649827004066,1.0,1.0,1.0,0.0,2009.2490234375,0.0,0.0,0.0,0.0,0.0,0.0,0.0,0.0,0.0,0.0
3374,N,N,N3374N,Core,NEGATIVE_CONSENSUS,INVARIABLE,False,False,False,0.2697167,0.3017609345059,1.0,1.0,1.0,0.0,2009.2490234375,0.0,0.0,0.0,0.0,0.0,0.0,0.0,0.0,0.0,0.0
3375,I,I,I3375I,Core,NEGATIVE_CONSENSUS,INVARIABLE,False,False,False,0.41026053,0.2609186505464557,1.0,1.0,1.0,0.0,2009.2490234375,0.0,0.0,0.0,0.0,0.0,0.0,0.0,0.0,0.0,0.0
3376,S,S,S3376S,Core,NEGATIVE_CONSENSUS,INVARIABLE,False,False,False,0.49796218,0.2401984475468799,1.0,1.0,1.0,0.0,2009.2490234375,0.0,0.0,0.0,0.0,0.0,0.0,0.0,0.0,0.0,0.0
3377,N,N,N3377N,Core,NEGATIVE_CONSENSUS,INVARIABLE,False,False,False,0.15691283,0.3460074240736964,1.0,1.0,1.0,0.0,2009.2490234375,0.0,0.0,0.0,0.0,0.0,0.0,0.0,0.0,0.0,0.0
3378,T,T,T3378T,Core,NEGATIVE_CONSENSUS,INVARIABLE,False,False,False,0.033261508,0.42764328918344385,1.0,1.0,1.0,0.0,2009.2490234375,0.0,0.0,0.0,0.0,0.0,0.0,0.0,0.0,0.0,0.0
3379,N,Y,N3379Y,Core,NEGATIVE_CONSENSUS,TEMPORAL_NOISE,False,False,False,0.76764876,0.19047270627760143,0.3517909,0.5346535,0.7187145,0.5094443,2009.4409262447034,0.06947846666196178,2009.3958,2009.4747,0.0790188,0.008906359260095828,0.0060320076099640366,1.7068597,-1.1190747,0.38989517,-3.9370847
3380,F,F,F3380F,Core,NEGATIVE_CONSENSUS,INVARIABLE,False,False,False,0.061055347,0.4024178149016429,1.0,1.0,1.0,0.0,2009.2490234375,0.0,0.0,0.0,0.0,0.0,0.0,0.0,0.0,0.0,0.0
3381,A,A,A3381A,Core,NEGATIVE_CONSENSUS,INVARIABLE,False,False,False,0.6177493,0.21594245077438262,1.0,1.0,1.0,0.0,2009.2490234375,0.0,0.0,0.0,0.0,0.0,0.0,0.0,0.0,0.0,0.0
3382,A,A,A3382A,Core,NEGATIVE_CONSENSUS,INVARIABLE,False,False,False,0.6177493,0.21594245077438262,1.0,1.0,1.0,0.0,2009.2490234375,0.0,0.0,0.0,0.0,0.0,0.0,0.0,0.0,0.0,0.0
3383,G,E,G3383E,Core,NEGATIVE_CONSENSUS,TEMPORAL_NOISE,False,False,False,0.5238493,0.23460213976094263,0.35271603,0.23762377,0.5809792,0.8129555,2009.6892710540253,0.11732664178794355,2009.6442,2009.7118,0.067730404,0.014783166871200485,0.010012698430382147,0.71969783,-1.3696165,-1.6886717,0.24020635
3384,Q,Q,Q3384Q,Core,NEGATIVE_CONSENSUS,INVARIABLE,False,False,False,0.14861211,0.3499326088640236,1.0,1.0,1.0,0.0,2009.2490234375,0.0,0.0,0.0,0.0,0.0,0.0,0.0,0.0,0.0,0.0
3385,S,S,S3385S,Core,NEGATIVE_CONSENSUS,INVARIABLE,False,False,False,0.07617945,0.3912716313802599,1.0,1.0,1.0,0.0,2009.2490234375,0.0,0.0,0.0,0.0,0.0,0.0,0.0,0.0,0.0,0.0
3386,V,M,V3386M,Core,NEGATIVE_CONSENSUS,TEMPORAL_NOISE,False,False,False,0.4214997,0.25809483525084365,0.35276657,0.64356434,0.77227724,0.82293534,2009.373195842161,0.04333940131537041,2009.3168,2009.3958,0.0790188,0.006142861530125864,0.004139148039525007,2.6373813,-3.086621,2.7746072,1.9047525
3387,V,V,V3387V,Core,NEGATIVE_CONSENSUS,INVARIABLE,False,False,False,0.27149606,0.3011649827004066,1.0,1.0,1.0,0.0,2009.2490234375,0.0,0.0,0.0,0.0,0.0,0.0,0.0,0.0,0.0,0.0
3388,S,S,S3388S,Core,NEGATIVE_CONSENSUS,INVARIABLE,False,False,False,0.48222643,0.24370778088239314,1.0,1.0,1.0,0.0,2009.2490234375,0.0,0.0,0.0,0.0,0.0,0.0,0.0,0.0,0.0,0.0
3389,V,M,V3389M,Core,NEGATIVE_CONSENSUS,TEMPORAL_NOISE,False,False,False,0.6015541,0.21899284087888782,0.3517909,0.7326733,0.8267781,0.7712912,2009.3393306408898,0.04464483378389662,2009.2828,2009.3732,0.090307206,0.006451562935432466,0.004287732228215123,2.8309302,-3.6302862,3.4274514,3.0425723
3390,K,K,K3390K,Core,NEGATIVE_CONSENSUS,INVARIABLE,False,False,False,1.2671006,0.13015565800770462,1.0,1.0,1.0,0.0,2009.2490234375,0.0,0.0,0.0,0.0,0.0,0.0,0.0,0.0,0.0,0.0
3391,L,L,L3391L,Core,NEGATIVE_CONSENSUS,INVARIABLE,False,False,False,0.28021458,0.2982803046346809,1.0,1.0,1.0,0.0,2009.2490234375,0.0,0.0,0.0,0.0,0.0,0.0,0.0,0.0,0.0,0.0
3392,A,V,A3392V,Core,NEGATIVE_CONSENSUS,TEMPORAL_NOISE,False,False,False,1.0625029,0.1513225169087509,0.3517909,0.8712871,0.904374,0.05605702,2009.2490234375,0.010806237868777376,2009.249,2009.2603,0.011288401,0.000343938988723993,0.00017195869149504273,1.2347827,-1.6692545,1.5691797,1.4553757
3393,G,G,G3393G,Core,NEGATIVE_CONSENSUS,INVARIABLE,False,False,False,0.31973153,0.28588451406953874,1.0,1.0,1.0,0.0,2009.2490234375,0.0,0.0,0.0,0.0,0.0,0.0,0.0,0.0,0.0,0.0
3394,N,S,N3394S,Core,NEGATIVE_CONSENSUS,TEMPORAL_NOISE,False,False,False,0.5684793,0.22543191787858835,0.3517909,0.18811882,0.57846534,0.73718977,2009.8473086599577,0.06236411976345957,2009.8021,2009.8812,0.0790188,0.009399619903858928,0.006317869283470885,0.6313742,6.2637043,-0.20132928,1.4960974
3395,S,S,S3395S,Core,NEGATIVE_CONSENSUS,INVARIABLE,False,False,False,0.48222643,0.24370778088239314,1.0,1.0,1.0,0.0,2009.2490234375,0.0,0.0,0.0,0.0,0.0,0.0,0.0,0.0,0.0,0.0
3396,S,S,S3396S,Core,NEGATIVE_CONSENSUS,INVARIABLE,False,False,False,0.26384795,0.30374440131695446,1.0,1.0,1.0,0.0,2009.2490234375,0.0,0.0,0.0,0.0,0.0,0.0,0.0,0.0,0.0,0.0
3397,L,L,L3397L,Core,NEGATIVE_CONSENSUS,INVARIABLE,False,False,False,0.17319994,0.3386417205269501,1.0,1.0,1.0,0.0,2009.2490234375,0.0,0.0,0.0,0.0,0.0,0.0,0.0,0.0,0.0,0.0
3398,C,C,C3398C,Core,NEGATIVE_CONSENSUS,INVARIABLE,False,False,False,0.098847605,0.3766084799559455,1.0,1.0,1.0,0.0,2009.2490234375,0.0,0.0,0.0,0.0,0.0,0.0,0.0,0.0,0.0,0.0
3399,P,P,P3399P,Core,NEGATIVE_CONSENSUS,INVARIABLE,False,False,False,0.18130763,0.33512594256133826,1.0,1.0,1.0,0.0,2009.2490234375,0.0,0.0,0.0,0.0,0.0,0.0,0.0,0.0,0.0,0.0
3400,V,V,V3400V,Core,NEGATIVE_CONSENSUS,INVARIABLE,False,False,False,0.27149606,0.3011649827004066,1.0,1.0,1.0,0.0,2009.2490234375,0.0,0.0,0.0,0.0,0.0,0.0,0.0,0.0,0.0,0.0
3401,G,S,G3401S,Core,NEGATIVE_CONSENSUS,TEMPORAL_NOISE,False,False,False,3.2831671,0.034996869171361696,0.3517909,0.34653464,0.65074444,0.9646864,2009.3393306408898,0.007971688526794418,2009.249,2009.4297,0.18061441,0.002250827683215232,0.001496609210768752,3.823887,-4.275708,3.701586,1.2760022
3402,G,G,G3402G,Core,NEGATIVE_CONSENSUS,INVARIABLE,False,False,False,0.08983235,0.38219519767681476,1.0,1.0,1.0,0.0,2009.2490234375,0.0,0.0,0.0,0.0,0.0,0.0,0.0,0.0,0.0,0.0
3403,W,W,W3403W,Core,NEGATIVE_CONSENSUS,INVARIABLE,False,False,False,0.14326186,0.3525297858631183,1.0,1.0,1.0,0.0,2009.2490234375,0.0,0.0,0.0,0.0,0.0,0.0,0.0,0.0,0.0,0.0
3404,A,A,A3404A,Core,NEGATIVE_CONSENSUS,INVARIABLE,False,False,False,0.6177493,0.21594245077438262,1.0,1.0,1.0,0.0,2009.2490234375,0.0,0.0,0.0,0.0,0.0,0.0,0.0,0.0,0.0,0.0
3405,I,I,I3405I,Core,NEGATIVE_CONSENSUS,INVARIABLE,False,False,False,1.0355865,0.15442508350662135,1.0,1.0,1.0,0.0,2009.2490234375,0.0,0.0,0.0,0.0,0.0,0.0,0.0,0.0,0.0,0.0
3406,Y,Y,Y3406Y,Core,NEGATIVE_CONSENSUS,INVARIABLE,False,False,False,0.08357149,0.38625726840274144,1.0,1.0,1.0,0.0,2009.2490234375,0.0,0.0,0.0,0.0,0.0,0.0,0.0,0.0,0.0,0.0
3407,S,S,S3407S,Core,NEGATIVE_CONSENSUS,INVARIABLE,False,False,False,0.5155192,0.23637967354478917,1.0,1.0,1.0,0.0,2009.2490234375,0.0,0.0,0.0,0.0,0.0,0.0,0.0,0.0,0.0,0.0
3408,K,K,K3408K,Core,NEGATIVE_CONSENSUS,INVARIABLE,False,False,False,1.2671006,0.13015565800770462,1.0,1.0,1.0,0.0,2009.2490234375,0.0,0.0,0.0,0.0,0.0,0.0,0.0,0.0,0.0,0.0
3409,D,D,D3409D,Core,NEGATIVE_CONSENSUS,INVARIABLE,False,False,False,2.8818045,0.044792789968923004,1.0,1.0,1.0,0.0,2009.2490234375,0.0,0.0,0.0,0.0,0.0,0.0,0.0,0.0,0.0,0.0
3410,N,N,N3410N,Core,NEGATIVE_CONSENSUS,INVARIABLE,False,False,False,0.2697167,0.3017609345059,1.0,1.0,1.0,0.0,2009.2490234375,0.0,0.0,0.0,0.0,0.0,0.0,0.0,0.0,0.0,0.0
3411,S,S,S3411S,Core,NEGATIVE_CONSENSUS,INVARIABLE,False,False,False,0.5161936,0.23623495187969223,1.0,1.0,1.0,0.0,2009.2490234375,0.0,0.0,0.0,0.0,0.0,0.0,0.0,0.0,0.0,0.0
3412,V,I,V3412I,Core,RESCUED_SWEEP,CONFIRMED_SWEEP,True,False,True,0.7014459,0.2011491422708021,0.3517909,0.04950495,0.42981946,0.8355758,2009.2490234375,0.026797360430200572,2009.249,2009.3958,0.1467492,0.007628993592268756,0.0050123884335518416,3.8471663,-4.9421887,3.7605672,2.0124593
3413,R,R,R3413R,Core,NEGATIVE_CONSENSUS,INVARIABLE,False,False,False,0.047289148,0.41392467273385114,1.0,1.0,1.0,0.0,2009.2490234375,0.0,0.0,0.0,0.0,0.0,0.0,0.0,0.0,0.0,0.0
3414,I,I,I3414I,Core,NEGATIVE_CONSENSUS,INVARIABLE,False,False,False,0.28307396,0.29734673764211916,1.0,1.0,1.0,0.0,2009.2490234375,0.0,0.0,0.0,0.0,0.0,0.0,0.0,0.0,0.0,0.0
3415,G,G,G3415G,Core,NEGATIVE_CONSENSUS,INVARIABLE,False,False,False,0.14674628,0.35083216377784027,1.0,1.0,1.0,0.0,2009.2490234375,0.0,0.0,0.0,0.0,0.0,0.0,0.0,0.0,0.0,0.0
3416,S,S,S3416S,Core,NEGATIVE_CONSENSUS,INVARIABLE,False,False,False,0.48222643,0.24370778088239314,1.0,1.0,1.0,0.0,2009.2490234375,0.0,0.0,0.0,0.0,0.0,0.0,0.0,0.0,0.0,0.0
3417,K,K,K3417K,Core,NEGATIVE_CONSENSUS,INVARIABLE,False,False,False,0.2995089,0.2920952302947697,1.0,1.0,1.0,0.0,2009.2490234375,0.0,0.0,0.0,0.0,0.0,0.0,0.0,0.0,0.0,0.0
3418,G,G,G3418G,Core,NEGATIVE_CONSENSUS,INVARIABLE,False,False,False,0.10198707,0.37472898848367453,1.0,1.0,1.0,0.0,2009.2490234375,0.0,0.0,0.0,0.0,0.0,0.0,0.0,0.0,0.0,0.0
3419,D,D,D3419D,Core,NEGATIVE_CONSENSUS,INVARIABLE,False,False,False,0.24172953,0.3114798699800736,1.0,1.0,1.0,0.0,2009.2490234375,0.0,0.0,0.0,0.0,0.0,0.0,0.0,0.0,0.0,0.0
3420,V,V,V3420V,Core,NEGATIVE_CONSENSUS,INVARIABLE,False,False,False,0.15838115,0.3453256737119521,1.0,1.0,1.0,0.0,2009.2490234375,0.0,0.0,0.0,0.0,0.0,0.0,0.0,0.0,0.0,0.0
3421,F,F,F3421F,Core,NEGATIVE_CONSENSUS,INVARIABLE,False,False,False,0.061055347,0.4024178149016429,1.0,1.0,1.0,0.0,2009.2490234375,0.0,0.0,0.0,0.0,0.0,0.0,0.0,0.0,0.0,0.0
3422,V,V,V3422V,Core,NEGATIVE_CONSENSUS,INVARIABLE,False,False,False,0.91231257,0.1697507851367119,1.0,1.0,1.0,0.0,2009.2490234375,0.0,0.0,0.0,0.0,0.0,0.0,0.0,0.0,0.0,0.0
3423,I,I,I3423I,Core,NEGATIVE_CONSENSUS,INVARIABLE,False,False,False,1.0355865,0.15442508350662135,1.0,1.0,1.0,0.0,2009.2490234375,0.0,0.0,0.0,0.0,0.0,0.0,0.0,0.0,0.0,0.0
3424,R,R,R3424R,Core,NEGATIVE_CONSENSUS,INVARIABLE,False,False,False,0.026146797,0.43577116494005275,1.0,1.0,1.0,0.0,2009.2490234375,0.0,0.0,0.0,0.0,0.0,0.0,0.0,0.0,0.0,0.0
3425,E,E,E3425E,Core,NEGATIVE_CONSENSUS,INVARIABLE,False,False,False,1.919005,0.0829831930103755,1.0,1.0,1.0,0.0,2009.2490234375,0.0,0.0,0.0,0.0,0.0,0.0,0.0,0.0,0.0,0.0
3426,P,P,P3426P,Core,NEGATIVE_CONSENSUS,INVARIABLE,False,False,False,0.09249291,0.3805157715681833,1.0,1.0,1.0,0.0,2009.2490234375,0.0,0.0,0.0,0.0,0.0,0.0,0.0,0.0,0.0,0.0
3427,F,F,F3427F,Core,NEGATIVE_CONSENSUS,INVARIABLE,False,False,False,0.03677015,0.42396688710899644,1.0,1.0,1.0,0.0,2009.2490234375,0.0,0.0,0.0,0.0,0.0,0.0,0.0,0.0,0.0,0.0
3428,I,I,I3428I,Core,NEGATIVE_CONSENSUS,INVARIABLE,False,False,False,1.0355865,0.15442508350662135,1.0,1.0,1.0,0.0,2009.2490234375,0.0,0.0,0.0,0.0,0.0,0.0,0.0,0.0,0.0,0.0
3429,S,S,S3429S,Core,NEGATIVE_CONSENSUS,INVARIABLE,False,False,False,0.075836256,0.39151068128007915,1.0,1.0,1.0,0.0,2009.2490234375,0.0,0.0,0.0,0.0,0.0,0.0,0.0,0.0,0.0,0.0
3430,C,C,C3430C,Core,NEGATIVE_CONSENSUS,INVARIABLE,False,False,False,0.098847605,0.3766084799559455,1.0,1.0,1.0,0.0,2009.2490234375,0.0,0.0,0.0,0.0,0.0,0.0,0.0,0.0,0.0,0.0
3431,S,S,S3431S,Core,NEGATIVE_CONSENSUS,INVARIABLE,False,False,False,0.48222643,0.24370778088239314,1.0,1.0,1.0,0.0,2009.2490234375,0.0,0.0,0.0,0.0,0.0,0.0,0.0,0.0,0.0,0.0
3432,P,L,P3432L,Core,NEGATIVE_CONSENSUS,TEMPORAL_NOISE,False,False,False,0.485833,0.24289601218249302,0.35271603,0.31683168,0.63701445,0.8694641,2009.4973682468221,0.09831846067938738,2009.4523,2009.5312,0.0790188,0.012340180348257212,0.008358053824333458,-0.09785051,-0.68928766,-0.3618405,-6.9660816
3433,L,L,L3433L,Core,NEGATIVE_CONSENSUS,INVARIABLE,False,False,False,0.11684559,0.36624060240780854,1.0,1.0,1.0,0.0,2009.2490234375,0.0,0.0,0.0,0.0,0.0,0.0,0.0,0.0,0.0,0.0
3434,E,E,E3434E,Core,NEGATIVE_CONSENSUS,INVARIABLE,False,False,False,0.17737707,0.33681854926235366,1.0,1.0,1.0,0.0,2009.2490234375,0.0,0.0,0.0,0.0,0.0,0.0,0.0,0.0,0.0,0.0
3435,C,C,C3435C,Core,NEGATIVE_CONSENSUS,INVARIABLE,False,False,False,0.098847605,0.3766084799559455,1.0,1.0,1.0,0.0,2009.2490234375,0.0,0.0,0.0,0.0,0.0,0.0,0.0,0.0,0.0,0.0
3436,R,R,R3436R,Core,NEGATIVE_CONSENSUS,INVARIABLE,False,False,False,0.047289148,0.41392467273385114,1.0,1.0,1.0,0.0,2009.2490234375,0.0,0.0,0.0,0.0,0.0,0.0,0.0,0.0,0.0,0.0
3437,T,T,T3437T,Core,NEGATIVE_CONSENSUS,INVARIABLE,False,False,False,0.01966121,0.44424370202997177,1.0,1.0,1.0,0.0,2009.2490234375,0.0,0.0,0.0,0.0,0.0,0.0,0.0,0.0,0.0,0.0
3438,F,F,F3438F,Core,NEGATIVE_CONSENSUS,INVARIABLE,False,False,False,0.03677015,0.42396688710899644,1.0,1.0,1.0,0.0,2009.2490234375,0.0,0.0,0.0,0.0,0.0,0.0,0.0,0.0,0.0,0.0
3439,F,F,F3439F,Core,NEGATIVE_CONSENSUS,INVARIABLE,False,False,False,0.03677015,0.42396688710899644,1.0,1.0,1.0,0.0,2009.2490234375,0.0,0.0,0.0,0.0,0.0,0.0,0.0,0.0,0.0,0.0
3440,L,L,L3440L,Core,NEGATIVE_CONSENSUS,INVARIABLE,False,False,False,0.11684559,0.36624060240780854,1.0,1.0,1.0,0.0,2009.2490234375,0.0,0.0,0.0,0.0,0.0,0.0,0.0,0.0,0.0,0.0
3441,T,T,T3441T,Core,NEGATIVE_CONSENSUS,INVARIABLE,False,False,False,0.026892863,0.434869336287794,1.0,1.0,1.0,0.0,2009.2490234375,0.0,0.0,0.0,0.0,0.0,0.0,0.0,0.0,0.0,0.0
3442,Q,Q,Q3442Q,Core,NEGATIVE_CONSENSUS,INVARIABLE,False,False,False,0.1328033,0.35777149996023005,1.0,1.0,1.0,0.0,2009.2490234375,0.0,0.0,0.0,0.0,0.0,0.0,0.0,0.0,0.0,0.0
3443,G,G,G3443G,Core,NEGATIVE_CONSENSUS,INVARIABLE,False,False,False,0.07703045,0.3906813659748194,1.0,1.0,1.0,0.0,2009.2490234375,0.0,0.0,0.0,0.0,0.0,0.0,0.0,0.0,0.0,0.0
3444,A,A,A3444A,Core,NEGATIVE_CONSENSUS,INVARIABLE,False,False,False,0.5580114,0.22753129302628833,1.0,1.0,1.0,0.0,2009.2490234375,0.0,0.0,0.0,0.0,0.0,0.0,0.0,0.0,0.0,0.0
3445,L,L,L3445L,Core,NEGATIVE_CONSENSUS,INVARIABLE,False,False,False,0.11684559,0.36624060240780854,1.0,1.0,1.0,0.0,2009.2490234375,0.0,0.0,0.0,0.0,0.0,0.0,0.0,0.0,0.0,0.0
3446,L,L,L3446L,Core,NEGATIVE_CONSENSUS,INVARIABLE,False,False,False,0.17013,0.33999814942246676,1.0,1.0,1.0,0.0,2009.2490234375,0.0,0.0,0.0,0.0,0.0,0.0,0.0,0.0,0.0,0.0
3447,N,N,N3447N,Core,NEGATIVE_CONSENSUS,INVARIABLE,False,False,False,0.14756067,0.3504387265808948,1.0,1.0,1.0,0.0,2009.2490234375,0.0,0.0,0.0,0.0,0.0,0.0,0.0,0.0,0.0,0.0
3448,D,D,D3448D,Core,NEGATIVE_CONSENSUS,INVARIABLE,False,False,False,2.8818045,0.044792789968923004,1.0,1.0,1.0,0.0,2009.2490234375,0.0,0.0,0.0,0.0,0.0,0.0,0.0,0.0,0.0,0.0
3449,K,K,K3449K,Core,NEGATIVE_CONSENSUS,INVARIABLE,False,False,False,1.2671006,0.13015565800770462,1.0,1.0,1.0,0.0,2009.2490234375,0.0,0.0,0.0,0.0,0.0,0.0,0.0,0.0,0.0,0.0
3450,H,H,H3450H,Core,NEGATIVE_CONSENSUS,INVARIABLE,False,False,False,0.18790461,0.3323331716817506,1.0,1.0,1.0,0.0,2009.2490234375,0.0,0.0,0.0,0.0,0.0,0.0,0.0,0.0,0.0,0.0
3451,S,S,S3451S,Core,NEGATIVE_CONSENSUS,INVARIABLE,False,False,False,0.48222643,0.24370778088239314,1.0,1.0,1.0,0.0,2009.2490234375,0.0,0.0,0.0,0.0,0.0,0.0,0.0,0.0,0.0,0.0
3452,N,N,N3452N,Core,NEGATIVE_CONSENSUS,INVARIABLE,False,False,False,0.14756067,0.3504387265808948,1.0,1.0,1.0,0.0,2009.2490234375,0.0,0.0,0.0,0.0,0.0,0.0,0.0,0.0,0.0,0.0
3453,G,E,G3453E,Core,NEGATIVE_CONSENSUS,TEMPORAL_NOISE,False,False,False,0.57986003,0.22318359465066756,0.3517909,0.6831683,0.8002829,0.6590514,2009.3844842425847,0.056634582228666824,2009.3394,2009.4183,0.0790188,0.007751062632008278,0.005239724132338051,2.402173,-2.5525355,2.1679873,0.7647022
3454,T,T,T3454T,Core,NEGATIVE_CONSENSUS,INVARIABLE,False,False,False,0.033261508,0.42764328918344385,1.0,1.0,1.0,0.0,2009.2490234375,0.0,0.0,0.0,0.0,0.0,0.0,0.0,0.0,0.0,0.0
3455,I,I,I3455I,Core,NEGATIVE_CONSENSUS,INVARIABLE,False,False,False,0.7167717,0.19860244442133695,1.0,1.0,1.0,0.0,2009.2490234375,0.0,0.0,0.0,0.0,0.0,0.0,0.0,0.0,0.0,0.0
3456,K,K,K3456K,Core,NEGATIVE_CONSENSUS,INVARIABLE,False,False,False,1.2671006,0.13015565800770462,1.0,1.0,1.0,0.0,2009.2490234375,0.0,0.0,0.0,0.0,0.0,0.0,0.0,0.0,0.0,0.0
3457,D,D,D3457D,Core,NEGATIVE_CONSENSUS,INVARIABLE,False,False,False,2.8818045,0.044792789968923004,1.0,1.0,1.0,0.0,2009.2490234375,0.0,0.0,0.0,0.0,0.0,0.0,0.0,0.0,0.0,0.0
3458,R,R,R3458R,Core,NEGATIVE_CONSENSUS,INVARIABLE,False,False,False,0.026146797,0.43577116494005275,1.0,1.0,1.0,0.0,2009.2490234375,0.0,0.0,0.0,0.0,0.0,0.0,0.0,0.0,0.0,0.0
3459,S,S,S3459S,Core,NEGATIVE_CONSENSUS,INVARIABLE,False,False,False,0.49796218,0.2401984475468799,1.0,1.0,1.0,0.0,2009.2490234375,0.0,0.0,0.0,0.0,0.0,0.0,0.0,0.0,0.0,0.0
3460,P,S,P3460S,Core,NEGATIVE_CONSENSUS,TEMPORAL_NOISE,False,False,False,0.2816663,0.2978055666240046,0.36189717,0.15841584,0.57686293,0.70823,2009.8360202595338,0.13952362617196584,2009.7909,2009.8699,0.0790188,0.020193758684226668,0.013677314045255302,0.5409972,5.5039554,-0.9633481,1.547458
3461,Y,Y,Y3461Y,Core,NEGATIVE_CONSENSUS,INVARIABLE,False,False,False,0.04160279,0.41918940090001205,1.0,1.0,1.0,0.0,2009.2490234375,0.0,0.0,0.0,0.0,0.0,0.0,0.0,0.0,0.0,0.0
3462,R,R,R3462R,Core,NEGATIVE_CONSENSUS,INVARIABLE,False,False,False,0.03523141,0.4255557883149065,1.0,1.0,1.0,0.0,2009.2490234375,0.0,0.0,0.0,0.0,0.0,0.0,0.0,0.0,0.0,0.0
3463,T,T,T3463T,Core,NEGATIVE_CONSENSUS,INVARIABLE,False,False,False,0.033261508,0.42764328918344385,1.0,1.0,1.0,0.0,2009.2490234375,0.0,0.0,0.0,0.0,0.0,0.0,0.0,0.0,0.0,0.0
3464,L,L,L3464L,Core,NEGATIVE_CONSENSUS,INVARIABLE,False,False,False,0.20977953,0.32347013020324433,1.0,1.0,1.0,0.0,2009.2490234375,0.0,0.0,0.0,0.0,0.0,0.0,0.0,0.0,0.0,0.0
3465,M,M,M3465M,Core,NEGATIVE_CONSENSUS,INVARIABLE,False,False,False,0.04345588,0.4174346170740496,1.0,1.0,1.0,0.0,2009.2490234375,0.0,0.0,0.0,0.0,0.0,0.0,0.0,0.0,0.0,0.0
3466,S,S,S3466S,Core,NEGATIVE_CONSENSUS,INVARIABLE,False,False,False,0.49796218,0.2401984475468799,1.0,1.0,1.0,0.0,2009.2490234375,0.0,0.0,0.0,0.0,0.0,0.0,0.0,0.0,0.0,0.0
3467,C,C,C3467C,Core,NEGATIVE_CONSENSUS,INVARIABLE,False,False,False,0.025839863,0.4361460100233292,1.0,1.0,1.0,0.0,2009.2490234375,0.0,0.0,0.0,0.0,0.0,0.0,0.0,0.0,0.0,0.0
3468,P,P,P3468P,Core,NEGATIVE_CONSENSUS,INVARIABLE,False,False,False,0.18130763,0.33512594256133826,1.0,1.0,1.0,0.0,2009.2490234375,0.0,0.0,0.0,0.0,0.0,0.0,0.0,0.0,0.0,0.0
3469,I,I,I3469I,Core,NEGATIVE_CONSENSUS,INVARIABLE,False,False,False,0.7167717,0.19860244442133695,1.0,1.0,1.0,0.0,2009.2490234375,0.0,0.0,0.0,0.0,0.0,0.0,0.0,0.0,0.0,0.0
3470,G,G,G3470G,Core,NEGATIVE_CONSENSUS,INVARIABLE,False,False,False,0.17786978,0.33660517193738504,1.0,1.0,1.0,0.0,2009.2490234375,0.0,0.0,0.0,0.0,0.0,0.0,0.0,0.0,0.0,0.0
3471,E,E,E3471E,Core,NEGATIVE_CONSENSUS,INVARIABLE,False,False,False,0.17737707,0.33681854926235366,1.0,1.0,1.0,0.0,2009.2490234375,0.0,0.0,0.0,0.0,0.0,0.0,0.0,0.0,0.0,0.0
3472,V,V,V3472V,Core,NEGATIVE_CONSENSUS,INVARIABLE,False,False,False,0.27149606,0.3011649827004066,1.0,1.0,1.0,0.0,2009.2490234375,0.0,0.0,0.0,0.0,0.0,0.0,0.0,0.0,0.0,0.0
3473,P,P,P3473P,Core,NEGATIVE_CONSENSUS,INVARIABLE,False,False,False,0.13949645,0.35439106371219375,1.0,1.0,1.0,0.0,2009.2490234375,0.0,0.0,0.0,0.0,0.0,0.0,0.0,0.0,0.0,0.0
3474,S,S,S3474S,Core,NEGATIVE_CONSENSUS,INVARIABLE,False,False,False,0.26384795,0.30374440131695446,1.0,1.0,1.0,0.0,2009.2490234375,0.0,0.0,0.0,0.0,0.0,0.0,0.0,0.0,0.0,0.0
3475,P,P,P3475P,Core,NEGATIVE_CONSENSUS,INVARIABLE,False,False,False,0.09249291,0.3805157715681833,1.0,1.0,1.0,0.0,2009.2490234375,0.0,0.0,0.0,0.0,0.0,0.0,0.0,0.0,0.0,0.0
3476,Y,Y,Y3476Y,Core,NEGATIVE_CONSENSUS,INVARIABLE,False,False,False,0.08357149,0.38625726840274144,1.0,1.0,1.0,0.0,2009.2490234375,0.0,0.0,0.0,0.0,0.0,0.0,0.0,0.0,0.0,0.0
3477,N,N,N3477N,Core,NEGATIVE_CONSENSUS,INVARIABLE,False,False,False,0.2697167,0.3017609345059,1.0,1.0,1.0,0.0,2009.2490234375,0.0,0.0,0.0,0.0,0.0,0.0,0.0,0.0,0.0,0.0
3478,S,S,S3478S,Core,NEGATIVE_CONSENSUS,INVARIABLE,False,False,False,0.2075632,0.3243420394483918,1.0,1.0,1.0,0.0,2009.2490234375,0.0,0.0,0.0,0.0,0.0,0.0,0.0,0.0,0.0,0.0
3479,R,R,R3479R,Core,NEGATIVE_CONSENSUS,INVARIABLE,False,False,False,0.047289148,0.41392467273385114,1.0,1.0,1.0,0.0,2009.2490234375,0.0,0.0,0.0,0.0,0.0,0.0,0.0,0.0,0.0,0.0
3480,F,F,F3480F,Core,NEGATIVE_CONSENSUS,INVARIABLE,False,False,False,0.061055347,0.4024178149016429,1.0,1.0,1.0,0.0,2009.2490234375,0.0,0.0,0.0,0.0,0.0,0.0,0.0,0.0,0.0,0.0
3481,E,E,E3481E,Core,NEGATIVE_CONSENSUS,INVARIABLE,False,False,False,0.09971498,0.37608596908684694,1.0,1.0,1.0,0.0,2009.2490234375,0.0,0.0,0.0,0.0,0.0,0.0,0.0,0.0,0.0,0.0
3482,S,S,S3482S,Core,NEGATIVE_CONSENSUS,INVARIABLE,False,False,False,0.2075632,0.3243420394483918,1.0,1.0,1.0,0.0,2009.2490234375,0.0,0.0,0.0,0.0,0.0,0.0,0.0,0.0,0.0,0.0
3483,V,V,V3483V,Core,NEGATIVE_CONSENSUS,INVARIABLE,False,False,False,0.91231257,0.1697507851367119,1.0,1.0,1.0,0.0,2009.2490234375,0.0,0.0,0.0,0.0,0.0,0.0,0.0,0.0,0.0,0.0
3484,A,A,A3484A,Core,NEGATIVE_CONSENSUS,INVARIABLE,False,False,False,0.6177493,0.21594245077438262,1.0,1.0,1.0,0.0,2009.2490234375,0.0,0.0,0.0,0.0,0.0,0.0,0.0,0.0,0.0,0.0
3485,W,W,W3485W,Core,NEGATIVE_CONSENSUS,INVARIABLE,False,False,False,0.14326186,0.3525297858631183,1.0,1.0,1.0,0.0,2009.2490234375,0.0,0.0,0.0,0.0,0.0,0.0,0.0,0.0,0.0,0.0
3486,S,S,S3486S,Core,NEGATIVE_CONSENSUS,INVARIABLE,False,False,False,0.2075632,0.3243420394483918,1.0,1.0,1.0,0.0,2009.2490234375,0.0,0.0,0.0,0.0,0.0,0.0,0.0,0.0,0.0,0.0
3487,A,A,A3487A,Core,NEGATIVE_CONSENSUS,INVARIABLE,False,False,False,0.50961536,0.23765270523878462,1.0,1.0,1.0,0.0,2009.2490234375,0.0,0.0,0.0,0.0,0.0,0.0,0.0,0.0,0.0,0.0
3488,S,S,S3488S,Core,NEGATIVE_CONSENSUS,INVARIABLE,False,False,False,0.5161936,0.23623495187969223,1.0,1.0,1.0,0.0,2009.2490234375,0.0,0.0,0.0,0.0,0.0,0.0,0.0,0.0,0.0,0.0
3489,A,A,A3489A,Core,NEGATIVE_CONSENSUS,INVARIABLE,False,False,False,0.6177493,0.21594245077438262,1.0,1.0,1.0,0.0,2009.2490234375,0.0,0.0,0.0,0.0,0.0,0.0,0.0,0.0,0.0,0.0
3490,C,C,C3490C,Core,NEGATIVE_CONSENSUS,INVARIABLE,False,False,False,0.025839863,0.4361460100233292,1.0,1.0,1.0,0.0,2009.2490234375,0.0,0.0,0.0,0.0,0.0,0.0,0.0,0.0,0.0,0.0
3491,H,H,H3491H,Core,NEGATIVE_CONSENSUS,INVARIABLE,False,False,False,0.18790461,0.3323331716817506,1.0,1.0,1.0,0.0,2009.2490234375,0.0,0.0,0.0,0.0,0.0,0.0,0.0,0.0,0.0,0.0
3492,D,D,D3492D,Core,NEGATIVE_CONSENSUS,INVARIABLE,False,False,False,0.24172953,0.3114798699800736,1.0,1.0,1.0,0.0,2009.2490234375,0.0,0.0,0.0,0.0,0.0,0.0,0.0,0.0,0.0,0.0
3493,G,G,G3493G,Core,NEGATIVE_CONSENSUS,INVARIABLE,False,False,False,0.34658712,0.27802573255085794,1.0,1.0,1.0,0.0,2009.2490234375,0.0,0.0,0.0,0.0,0.0,0.0,0.0,0.0,0.0,0.0
3494,I,I,I3494I,Core,NEGATIVE_CONSENSUS,INVARIABLE,False,False,False,0.41026053,0.2609186505464557,1.0,1.0,1.0,0.0,2009.2490234375,0.0,0.0,0.0,0.0,0.0,0.0,0.0,0.0,0.0,0.0
3495,N,N,N3495N,Core,NEGATIVE_CONSENSUS,INVARIABLE,False,False,False,0.14756067,0.3504387265808948,1.0,1.0,1.0,0.0,2009.2490234375,0.0,0.0,0.0,0.0,0.0,0.0,0.0,0.0,0.0,0.0
3496,W,W,W3496W,Core,NEGATIVE_CONSENSUS,INVARIABLE,False,False,False,0.14326186,0.3525297858631183,1.0,1.0,1.0,0.0,2009.2490234375,0.0,0.0,0.0,0.0,0.0,0.0,0.0,0.0,0.0,0.0
3497,L,L,L3497L,Core,NEGATIVE_CONSENSUS,INVARIABLE,False,False,False,0.20977953,0.32347013020324433,1.0,1.0,1.0,0.0,2009.2490234375,0.0,0.0,0.0,0.0,0.0,0.0,0.0,0.0,0.0,0.0
3498,T,T,T3498T,Core,NEGATIVE_CONSENSUS,INVARIABLE,False,False,False,0.03364685,0.427230012532943,1.0,1.0,1.0,0.0,2009.2490234375,0.0,0.0,0.0,0.0,0.0,0.0,0.0,0.0,0.0,0.0
3499,I,I,I3499I,Core,NEGATIVE_CONSENSUS,INVARIABLE,False,False,False,0.7167717,0.19860244442133695,1.0,1.0,1.0,0.0,2009.2490234375,0.0,0.0,0.0,0.0,0.0,0.0,0.0,0.0,0.0,0.0
3500,G,G,G3500G,Core,NEGATIVE_CONSENSUS,INVARIABLE,False,False,False,0.08983235,0.38219519767681476,1.0,1.0,1.0,0.0,2009.2490234375,0.0,0.0,0.0,0.0,0.0,0.0,0.0,0.0,0.0,0.0
3501,I,I,I3501I,Core,NEGATIVE_CONSENSUS,INVARIABLE,False,False,False,0.7167717,0.19860244442133695,1.0,1.0,1.0,0.0,2009.2490234375,0.0,0.0,0.0,0.0,0.0,0.0,0.0,0.0,0.0,0.0
3502,S,S,S3502S,Core,NEGATIVE_CONSENSUS,INVARIABLE,False,False,False,0.26384795,0.30374440131695446,1.0,1.0,1.0,0.0,2009.2490234375,0.0,0.0,0.0,0.0,0.0,0.0,0.0,0.0,0.0,0.0
3503,G,G,G3503G,Core,NEGATIVE_CONSENSUS,INVARIABLE,False,False,False,0.31973153,0.28588451406953874,1.0,1.0,1.0,0.0,2009.2490234375,0.0,0.0,0.0,0.0,0.0,0.0,0.0,0.0,0.0,0.0
3504,P,P,P3504P,Core,NEGATIVE_CONSENSUS,INVARIABLE,False,False,False,0.09249291,0.3805157715681833,1.0,1.0,1.0,0.0,2009.2490234375,0.0,0.0,0.0,0.0,0.0,0.0,0.0,0.0,0.0,0.0
3505,D,D,D3505D,Core,NEGATIVE_CONSENSUS,INVARIABLE,False,False,False,2.8818045,0.044792789968923004,1.0,1.0,1.0,0.0,2009.2490234375,0.0,0.0,0.0,0.0,0.0,0.0,0.0,0.0,0.0,0.0
3506,N,N,N3506N,Core,NEGATIVE_CONSENSUS,INVARIABLE,False,False,False,0.14756067,0.3504387265808948,1.0,1.0,1.0,0.0,2009.2490234375,0.0,0.0,0.0,0.0,0.0,0.0,0.0,0.0,0.0,0.0
3507,G,G,G3507G,Core,NEGATIVE_CONSENSUS,INVARIABLE,False,False,False,0.07786029,0.3901091494864238,1.0,1.0,1.0,0.0,2009.2490234375,0.0,0.0,0.0,0.0,0.0,0.0,0.0,0.0,0.0,0.0
3508,A,A,A3508A,Core,NEGATIVE_CONSENSUS,INVARIABLE,False,False,False,0.50961536,0.23765270523878462,1.0,1.0,1.0,0.0,2009.2490234375,0.0,0.0,0.0,0.0,0.0,0.0,0.0,0.0,0.0,0.0
3509,V,V,V3509V,Core,NEGATIVE_CONSENSUS,INVARIABLE,False,False,False,0.15838115,0.3453256737119521,1.0,1.0,1.0,0.0,2009.2490234375,0.0,0.0,0.0,0.0,0.0,0.0,0.0,0.0,0.0,0.0
3510,A,A,A3510A,Core,NEGATIVE_CONSENSUS,INVARIABLE,False,False,False,0.6177493,0.21594245077438262,1.0,1.0,1.0,0.0,2009.2490234375,0.0,0.0,0.0,0.0,0.0,0.0,0.0,0.0,0.0,0.0
3511,V,V,V3511V,Core,NEGATIVE_CONSENSUS,INVARIABLE,False,False,False,0.15838115,0.3453256737119521,1.0,1.0,1.0,0.0,2009.2490234375,0.0,0.0,0.0,0.0,0.0,0.0,0.0,0.0,0.0,0.0
3512,L,L,L3512L,Core,NEGATIVE_CONSENSUS,INVARIABLE,False,False,False,0.28021458,0.2982803046346809,1.0,1.0,1.0,0.0,2009.2490234375,0.0,0.0,0.0,0.0,0.0,0.0,0.0,0.0,0.0,0.0
3513,K,K,K3513K,Core,NEGATIVE_CONSENSUS,INVARIABLE,False,False,False,0.2995089,0.2920952302947697,1.0,1.0,1.0,0.0,2009.2490234375,0.0,0.0,0.0,0.0,0.0,0.0,0.0,0.0,0.0,0.0
3514,Y,Y,Y3514Y,Core,NEGATIVE_CONSENSUS,INVARIABLE,False,False,False,0.08357149,0.38625726840274144,1.0,1.0,1.0,0.0,2009.2490234375,0.0,0.0,0.0,0.0,0.0,0.0,0.0,0.0,0.0,0.0
3515,N,N,N3515N,Core,NEGATIVE_CONSENSUS,INVARIABLE,False,False,False,0.2697167,0.3017609345059,1.0,1.0,1.0,0.0,2009.2490234375,0.0,0.0,0.0,0.0,0.0,0.0,0.0,0.0,0.0,0.0
3516,G,G,G3516G,Core,NEGATIVE_CONSENSUS,INVARIABLE,False,False,False,0.31973153,0.28588451406953874,1.0,1.0,1.0,0.0,2009.2490234375,0.0,0.0,0.0,0.0,0.0,0.0,0.0,0.0,0.0,0.0
3517,I,I,I3517I,Core,NEGATIVE_CONSENSUS,INVARIABLE,False,False,False,1.0355865,0.15442508350662135,1.0,1.0,1.0,0.0,2009.2490234375,0.0,0.0,0.0,0.0,0.0,0.0,0.0,0.0,0.0,0.0
3518,I,I,I3518I,Core,NEGATIVE_CONSENSUS,INVARIABLE,False,False,False,1.0355865,0.15442508350662135,1.0,1.0,1.0,0.0,2009.2490234375,0.0,0.0,0.0,0.0,0.0,0.0,0.0,0.0,0.0,0.0
3519,T,T,T3519T,Core,NEGATIVE_CONSENSUS,INVARIABLE,False,False,False,0.03364685,0.427230012532943,1.0,1.0,1.0,0.0,2009.2490234375,0.0,0.0,0.0,0.0,0.0,0.0,0.0,0.0,0.0,0.0
3520,D,D,D3520D,Core,NEGATIVE_CONSENSUS,INVARIABLE,False,False,False,2.8818045,0.044792789968923004,1.0,1.0,1.0,0.0,2009.2490234375,0.0,0.0,0.0,0.0,0.0,0.0,0.0,0.0,0.0,0.0
3521,T,T,T3521T,Core,NEGATIVE_CONSENSUS,INVARIABLE,False,False,False,0.026892863,0.434869336287794,1.0,1.0,1.0,0.0,2009.2490234375,0.0,0.0,0.0,0.0,0.0,0.0,0.0,0.0,0.0,0.0
3522,I,I,I3522I,Core,NEGATIVE_CONSENSUS,INVARIABLE,False,False,False,0.41026053,0.2609186505464557,1.0,1.0,1.0,0.0,2009.2490234375,0.0,0.0,0.0,0.0,0.0,0.0,0.0,0.0,0.0,0.0
3523,K,K,K3523K,Core,NEGATIVE_CONSENSUS,INVARIABLE,False,False,False,0.2995089,0.2920952302947697,1.0,1.0,1.0,0.0,2009.2490234375,0.0,0.0,0.0,0.0,0.0,0.0,0.0,0.0,0.0,0.0
3524,S,S,S3524S,Core,NEGATIVE_CONSENSUS,INVARIABLE,False,False,False,0.5161936,0.23623495187969223,1.0,1.0,1.0,0.0,2009.2490234375,0.0,0.0,0.0,0.0,0.0,0.0,0.0,0.0,0.0,0.0
3525,W,W,W3525W,Core,NEGATIVE_CONSENSUS,INVARIABLE,False,False,False,0.14326186,0.3525297858631183,1.0,1.0,1.0,0.0,2009.2490234375,0.0,0.0,0.0,0.0,0.0,0.0,0.0,0.0,0.0,0.0
3526,R,R,R3526R,Core,NEGATIVE_CONSENSUS,INVARIABLE,False,False,False,0.047289148,0.41392467273385114,1.0,1.0,1.0,0.0,2009.2490234375,0.0,0.0,0.0,0.0,0.0,0.0,0.0,0.0,0.0,0.0
3527,N,N,N3527N,Core,NEGATIVE_CONSENSUS,INVARIABLE,False,False,False,0.2697167,0.3017609345059,1.0,1.0,1.0,0.0,2009.2490234375,0.0,0.0,0.0,0.0,0.0,0.0,0.0,0.0,0.0,0.0
3528,N,N,N3528N,Core,NEGATIVE_CONSENSUS,INVARIABLE,False,False,False,0.14756067,0.3504387265808948,1.0,1.0,1.0,0.0,2009.2490234375,0.0,0.0,0.0,0.0,0.0,0.0,0.0,0.0,0.0,0.0
3529,I,I,I3529I,Core,NEGATIVE_CONSENSUS,INVARIABLE,False,False,False,1.0355865,0.15442508350662135,1.0,1.0,1.0,0.0,2009.2490234375,0.0,0.0,0.0,0.0,0.0,0.0,0.0,0.0,0.0,0.0
3530,L,L,L3530L,Core,NEGATIVE_CONSENSUS,INVARIABLE,False,False,False,0.11684559,0.36624060240780854,1.0,1.0,1.0,0.0,2009.2490234375,0.0,0.0,0.0,0.0,0.0,0.0,0.0,0.0,0.0,0.0
3531,R,R,R3531R,Core,NEGATIVE_CONSENSUS,INVARIABLE,False,False,False,0.047289148,0.41392467273385114,1.0,1.0,1.0,0.0,2009.2490234375,0.0,0.0,0.0,0.0,0.0,0.0,0.0,0.0,0.0,0.0
3532,T,T,T3532T,Core,NEGATIVE_CONSENSUS,INVARIABLE,False,False,False,0.03364685,0.427230012532943,1.0,1.0,1.0,0.0,2009.2490234375,0.0,0.0,0.0,0.0,0.0,0.0,0.0,0.0,0.0,0.0
3533,Q,Q,Q3533Q,Core,NEGATIVE_CONSENSUS,INVARIABLE,False,False,False,0.1328033,0.35777149996023005,1.0,1.0,1.0,0.0,2009.2490234375,0.0,0.0,0.0,0.0,0.0,0.0,0.0,0.0,0.0,0.0
3534,E,E,E3534E,Core,NEGATIVE_CONSENSUS,INVARIABLE,False,False,False,0.09971498,0.37608596908684694,1.0,1.0,1.0,0.0,2009.2490234375,0.0,0.0,0.0,0.0,0.0,0.0,0.0,0.0,0.0,0.0
3535,S,S,S3535S,Core,NEGATIVE_CONSENSUS,INVARIABLE,False,False,False,0.26384795,0.30374440131695446,1.0,1.0,1.0,0.0,2009.2490234375,0.0,0.0,0.0,0.0,0.0,0.0,0.0,0.0,0.0,0.0
3536,E,E,E3536E,Core,NEGATIVE_CONSENSUS,INVARIABLE,False,False,False,0.17737707,0.33681854926235366,1.0,1.0,1.0,0.0,2009.2490234375,0.0,0.0,0.0,0.0,0.0,0.0,0.0,0.0,0.0,0.0
3537,C,C,C3537C,Core,NEGATIVE_CONSENSUS,INVARIABLE,False,False,False,0.027122963,0.43459379448571306,1.0,1.0,1.0,0.0,2009.2490234375,0.0,0.0,0.0,0.0,0.0,0.0,0.0,0.0,0.0,0.0
3538,A,A,A3538A,Core,NEGATIVE_CONSENSUS,INVARIABLE,False,False,False,0.50961536,0.23765270523878462,1.0,1.0,1.0,0.0,2009.2490234375,0.0,0.0,0.0,0.0,0.0,0.0,0.0,0.0,0.0,0.0
3539,C,C,C3539C,Core,NEGATIVE_CONSENSUS,INVARIABLE,False,False,False,0.025839863,0.4361460100233292,1.0,1.0,1.0,0.0,2009.2490234375,0.0,0.0,0.0,0.0,0.0,0.0,0.0,0.0,0.0,0.0
3540,V,I,V3540I,Core,NEGATIVE_CONSENSUS,TEMPORAL_NOISE,False,False,False,1.4874495,0.11130630109093458,0.3517909,0.12871288,0.54592013,0.48349413,2009.5312334480932,0.231260525662826,2009.4861,2009.5538,0.067730404,0.02778650537968063,0.01881991174602874,-2.6648462,-1.0082334,0.36451206,-4.912822
3541,N,N,N3541N,Core,NEGATIVE_CONSENSUS,INVARIABLE,False,False,False,0.14756067,0.3504387265808948,1.0,1.0,1.0,0.0,2009.2490234375,0.0,0.0,0.0,0.0,0.0,0.0,0.0,0.0,0.0,0.0
3542,G,G,G3542G,Core,NEGATIVE_CONSENSUS,INVARIABLE,False,False,False,0.15513371,0.3468384480856218,1.0,1.0,1.0,0.0,2009.2490234375,0.0,0.0,0.0,0.0,0.0,0.0,0.0,0.0,0.0,0.0
3543,S,S,S3543S,Core,NEGATIVE_CONSENSUS,INVARIABLE,False,False,False,0.26384795,0.30374440131695446,1.0,1.0,1.0,0.0,2009.2490234375,0.0,0.0,0.0,0.0,0.0,0.0,0.0,0.0,0.0,0.0
3544,C,C,C3544C,Core,NEGATIVE_CONSENSUS,INVARIABLE,False,False,False,0.09760593,0.37736087557180653,1.0,1.0,1.0,0.0,2009.2490234375,0.0,0.0,0.0,0.0,0.0,0.0,0.0,0.0,0.0,0.0
3545,F,F,F3545F,Core,NEGATIVE_CONSENSUS,INVARIABLE,False,False,False,0.061055347,0.4024178149016429,1.0,1.0,1.0,0.0,2009.2490234375,0.0,0.0,0.0,0.0,0.0,0.0,0.0,0.0,0.0,0.0
3546,T,T,T3546T,Core,NEGATIVE_CONSENSUS,INVARIABLE,False,False,False,0.026892863,0.434869336287794,1.0,1.0,1.0,0.0,2009.2490234375,0.0,0.0,0.0,0.0,0.0,0.0,0.0,0.0,0.0,0.0
3547,V,V,V3547V,Core,NEGATIVE_CONSENSUS,INVARIABLE,False,False,False,0.60705686,0.21794905634298722,1.0,1.0,1.0,0.0,2009.2490234375,0.0,0.0,0.0,0.0,0.0,0.0,0.0,0.0,0.0,0.0
3548,M,M,M3548M,Core,NEGATIVE_CONSENSUS,INVARIABLE,False,False,False,0.04345588,0.4174346170740496,1.0,1.0,1.0,0.0,2009.2490234375,0.0,0.0,0.0,0.0,0.0,0.0,0.0,0.0,0.0,0.0
3549,T,T,T3549T,Core,NEGATIVE_CONSENSUS,INVARIABLE,False,False,False,0.033261508,0.42764328918344385,1.0,1.0,1.0,0.0,2009.2490234375,0.0,0.0,0.0,0.0,0.0,0.0,0.0,0.0,0.0,0.0
3550,D,D,D3550D,Core,NEGATIVE_CONSENSUS,INVARIABLE,False,False,False,0.24172953,0.3114798699800736,1.0,1.0,1.0,0.0,2009.2490234375,0.0,0.0,0.0,0.0,0.0,0.0,0.0,0.0,0.0,0.0
3551,G,G,G3551G,Core,NEGATIVE_CONSENSUS,INVARIABLE,False,False,False,0.08983235,0.38219519767681476,1.0,1.0,1.0,0.0,2009.2490234375,0.0,0.0,0.0,0.0,0.0,0.0,0.0,0.0,0.0,0.0
3552,P,P,P3552P,Core,NEGATIVE_CONSENSUS,INVARIABLE,False,False,False,0.09249291,0.3805157715681833,1.0,1.0,1.0,0.0,2009.2490234375,0.0,0.0,0.0,0.0,0.0,0.0,0.0,0.0,0.0,0.0
3553,S,S,S3553S,Core,NEGATIVE_CONSENSUS,INVARIABLE,False,False,False,0.5161936,0.23623495187969223,1.0,1.0,1.0,0.0,2009.2490234375,0.0,0.0,0.0,0.0,0.0,0.0,0.0,0.0,0.0,0.0
3554,N,D,N3554D,Core,NEGATIVE_CONSENSUS,TEMPORAL_NOISE,False,False,False,3.8756394,0.02449582215790337,0.3517909,0.05940594,0.42981946,0.7693108,2009.2490234375,0.027451595561076254,2009.249,2009.3732,0.124172404,0.007240520561447041,0.0047446074614219715,3.6973941,-4.8858504,3.7312768,2.2537267
3555,G,G,G3555G,Core,NEGATIVE_CONSENSUS,INVARIABLE,False,False,False,0.042305436,0.41851932678338505,1.0,1.0,1.0,0.0,2009.2490234375,0.0,0.0,0.0,0.0,0.0,0.0,0.0,0.0,0.0,0.0
3556,Q,Q,Q3556Q,Core,NEGATIVE_CONSENSUS,INVARIABLE,False,False,False,0.14861211,0.3499326088640236,1.0,1.0,1.0,0.0,2009.2490234375,0.0,0.0,0.0,0.0,0.0,0.0,0.0,0.0,0.0,0.0
3557,A,A,A3557A,Core,NEGATIVE_CONSENSUS,INVARIABLE,False,False,False,1.0132155,0.15706686261615616,1.0,1.0,1.0,0.0,2009.2490234375,0.0,0.0,0.0,0.0,0.0,0.0,0.0,0.0,0.0,0.0
3558,S,S,S3558S,Core,NEGATIVE_CONSENSUS,INVARIABLE,False,False,False,0.2075632,0.3243420394483918,1.0,1.0,1.0,0.0,2009.2490234375,0.0,0.0,0.0,0.0,0.0,0.0,0.0,0.0,0.0,0.0
3559,Y,Y,Y3559Y,Core,NEGATIVE_CONSENSUS,INVARIABLE,False,False,False,0.08357149,0.38625726840274144,1.0,1.0,1.0,0.0,2009.2490234375,0.0,0.0,0.0,0.0,0.0,0.0,0.0,0.0,0.0,0.0
3560,K,K,K3560K,Core,NEGATIVE_CONSENSUS,INVARIABLE,False,False,False,0.2995089,0.2920952302947697,1.0,1.0,1.0,0.0,2009.2490234375,0.0,0.0,0.0,0.0,0.0,0.0,0.0,0.0,0.0,0.0
3561,I,I,I3561I,Core,NEGATIVE_CONSENSUS,INVARIABLE,False,False,False,0.41026053,0.2609186505464557,1.0,1.0,1.0,0.0,2009.2490234375,0.0,0.0,0.0,0.0,0.0,0.0,0.0,0.0,0.0,0.0
3562,F,F,F3562F,Core,NEGATIVE_CONSENSUS,INVARIABLE,False,False,False,0.03677015,0.42396688710899644,1.0,1.0,1.0,0.0,2009.2490234375,0.0,0.0,0.0,0.0,0.0,0.0,0.0,0.0,0.0,0.0
3563,R,R,R3563R,Core,NEGATIVE_CONSENSUS,INVARIABLE,False,False,False,0.047289148,0.41392467273385114,1.0,1.0,1.0,0.0,2009.2490234375,0.0,0.0,0.0,0.0,0.0,0.0,0.0,0.0,0.0,0.0
3564,I,I,I3564I,Core,NEGATIVE_CONSENSUS,INVARIABLE,False,False,False,1.0355865,0.15442508350662135,1.0,1.0,1.0,0.0,2009.2490234375,0.0,0.0,0.0,0.0,0.0,0.0,0.0,0.0,0.0,0.0
3565,E,E,E3565E,Core,NEGATIVE_CONSENSUS,INVARIABLE,False,False,False,0.17737707,0.33681854926235366,1.0,1.0,1.0,0.0,2009.2490234375,0.0,0.0,0.0,0.0,0.0,0.0,0.0,0.0,0.0,0.0
3566,K,K,K3566K,Core,NEGATIVE_CONSENSUS,INVARIABLE,False,False,False,0.2995089,0.2920952302947697,1.0,1.0,1.0,0.0,2009.2490234375,0.0,0.0,0.0,0.0,0.0,0.0,0.0,0.0,0.0,0.0
3567,G,G,G3567G,Core,NEGATIVE_CONSENSUS,INVARIABLE,False,False,False,0.08983235,0.38219519767681476,1.0,1.0,1.0,0.0,2009.2490234375,0.0,0.0,0.0,0.0,0.0,0.0,0.0,0.0,0.0,0.0
3568,K,K,K3568K,Core,NEGATIVE_CONSENSUS,INVARIABLE,False,False,False,0.2995089,0.2920952302947697,1.0,1.0,1.0,0.0,2009.2490234375,0.0,0.0,0.0,0.0,0.0,0.0,0.0,0.0,0.0,0.0
3569,I,I,I3569I,Core,NEGATIVE_CONSENSUS,INVARIABLE,False,False,False,1.0355865,0.15442508350662135,1.0,1.0,1.0,0.0,2009.2490234375,0.0,0.0,0.0,0.0,0.0,0.0,0.0,0.0,0.0,0.0
3570,V,V,V3570V,Core,NEGATIVE_CONSENSUS,INVARIABLE,False,False,False,0.91231257,0.1697507851367119,1.0,1.0,1.0,0.0,2009.2490234375,0.0,0.0,0.0,0.0,0.0,0.0,0.0,0.0,0.0,0.0
3571,K,K,K3571K,Core,NEGATIVE_CONSENSUS,INVARIABLE,False,False,False,1.2671006,0.13015565800770462,1.0,1.0,1.0,0.0,2009.2490234375,0.0,0.0,0.0,0.0,0.0,0.0,0.0,0.0,0.0,0.0
3572,S,S,S3572S,Core,NEGATIVE_CONSENSUS,INVARIABLE,False,False,False,0.2075632,0.3243420394483918,1.0,1.0,1.0,0.0,2009.2490234375,0.0,0.0,0.0,0.0,0.0,0.0,0.0,0.0,0.0,0.0
3573,V,V,V3573V,Core,NEGATIVE_CONSENSUS,INVARIABLE,False,False,False,0.91231257,0.1697507851367119,1.0,1.0,1.0,0.0,2009.2490234375,0.0,0.0,0.0,0.0,0.0,0.0,0.0,0.0,0.0,0.0
3574,E,E,E3574E,Core,NEGATIVE_CONSENSUS,INVARIABLE,False,False,False,0.17737707,0.33681854926235366,1.0,1.0,1.0,0.0,2009.2490234375,0.0,0.0,0.0,0.0,0.0,0.0,0.0,0.0,0.0,0.0
3575,M,M,M3575M,Core,NEGATIVE_CONSENSUS,INVARIABLE,False,False,False,0.04345588,0.4174346170740496,1.0,1.0,1.0,0.0,2009.2490234375,0.0,0.0,0.0,0.0,0.0,0.0,0.0,0.0,0.0,0.0
3576,N,N,N3576N,Core,NEGATIVE_CONSENSUS,INVARIABLE,False,False,False,0.14756067,0.3504387265808948,1.0,1.0,1.0,0.0,2009.2490234375,0.0,0.0,0.0,0.0,0.0,0.0,0.0,0.0,0.0,0.0
3577,A,A,A3577A,Core,NEGATIVE_CONSENSUS,INVARIABLE,False,False,False,1.0132155,0.15706686261615616,1.0,1.0,1.0,0.0,2009.2490234375,0.0,0.0,0.0,0.0,0.0,0.0,0.0,0.0,0.0,0.0
3578,P,P,P3578P,Core,NEGATIVE_CONSENSUS,INVARIABLE,False,False,False,0.18130763,0.33512594256133826,1.0,1.0,1.0,0.0,2009.2490234375,0.0,0.0,0.0,0.0,0.0,0.0,0.0,0.0,0.0,0.0
3579,N,N,N3579N,Core,NEGATIVE_CONSENSUS,INVARIABLE,False,False,False,0.14756067,0.3504387265808948,1.0,1.0,1.0,0.0,2009.2490234375,0.0,0.0,0.0,0.0,0.0,0.0,0.0,0.0,0.0,0.0
3580,Y,Y,Y3580Y,Core,NEGATIVE_CONSENSUS,INVARIABLE,False,False,False,0.04160279,0.41918940090001205,1.0,1.0,1.0,0.0,2009.2490234375,0.0,0.0,0.0,0.0,0.0,0.0,0.0,0.0,0.0,0.0
3581,H,Y,H3581Y,Core,RESCUED_SWEEP,CONFIRMED_SWEEP,True,False,True,1.6919233,0.09667381750829336,0.3517909,0.01980198,0.42981946,0.42554462,2009.576387049788,0.2509774816298333,2009.5425,2009.599,0.056442004,0.023740928072009337,0.016079826150448617,-7.4941297,-1.1210558,1.5623593,0.08714036
3582,Y,Y,Y3582Y,Core,NEGATIVE_CONSENSUS,INVARIABLE,False,False,False,0.04160279,0.41918940090001205,1.0,1.0,1.0,0.0,2009.2490234375,0.0,0.0,0.0,0.0,0.0,0.0,0.0,0.0,0.0,0.0
3583,E,E,E3583E,Core,NEGATIVE_CONSENSUS,INVARIABLE,False,False,False,0.09971498,0.37608596908684694,1.0,1.0,1.0,0.0,2009.2490234375,0.0,0.0,0.0,0.0,0.0,0.0,0.0,0.0,0.0,0.0
3584,E,E,E3584E,Core,NEGATIVE_CONSENSUS,INVARIABLE,False,False,False,0.17737707,0.33681854926235366,1.0,1.0,1.0,0.0,2009.2490234375,0.0,0.0,0.0,0.0,0.0,0.0,0.0,0.0,0.0,0.0
3585,C,C,C3585C,Core,NEGATIVE_CONSENSUS,INVARIABLE,False,False,False,0.098847605,0.3766084799559455,1.0,1.0,1.0,0.0,2009.2490234375,0.0,0.0,0.0,0.0,0.0,0.0,0.0,0.0,0.0,0.0
3586,S,S,S3586S,Core,NEGATIVE_CONSENSUS,INVARIABLE,False,False,False,0.23572837,0.3136542401107264,1.0,1.0,1.0,0.0,2009.2490234375,0.0,0.0,0.0,0.0,0.0,0.0,0.0,0.0,0.0,0.0
3587,C,C,C3587C,Core,NEGATIVE_CONSENSUS,INVARIABLE,False,False,False,0.025839863,0.4361460100233292,1.0,1.0,1.0,0.0,2009.2490234375,0.0,0.0,0.0,0.0,0.0,0.0,0.0,0.0,0.0,0.0
3588,Y,Y,Y3588Y,Core,NEGATIVE_CONSENSUS,INVARIABLE,False,False,False,0.04160279,0.41918940090001205,1.0,1.0,1.0,0.0,2009.2490234375,0.0,0.0,0.0,0.0,0.0,0.0,0.0,0.0,0.0,0.0
3589,P,P,P3589P,Core,NEGATIVE_CONSENSUS,INVARIABLE,False,False,False,0.18130763,0.33512594256133826,1.0,1.0,1.0,0.0,2009.2490234375,0.0,0.0,0.0,0.0,0.0,0.0,0.0,0.0,0.0,0.0
3590,D,D,D3590D,Core,NEGATIVE_CONSENSUS,INVARIABLE,False,False,False,0.24172953,0.3114798699800736,1.0,1.0,1.0,0.0,2009.2490234375,0.0,0.0,0.0,0.0,0.0,0.0,0.0,0.0,0.0,0.0
3591,S,S,S3591S,Core,NEGATIVE_CONSENSUS,INVARIABLE,False,False,False,0.26384795,0.30374440131695446,1.0,1.0,1.0,0.0,2009.2490234375,0.0,0.0,0.0,0.0,0.0,0.0,0.0,0.0,0.0,0.0
3592,S,G,S3592G,Core,NEGATIVE_CONSENSUS,TEMPORAL_NOISE,False,False,False,2.6185024,0.0528120434607387,0.3517909,0.57425743,0.7281821,0.72098076,2009.3844842425847,0.04497269208201875,2009.3394,2009.4183,0.0790188,0.0062284761932975665,0.0042074118999508225,2.4872372,-2.7302084,2.3658345,1.1324441
3593,E,E,E3593E,Core,NEGATIVE_CONSENSUS,INVARIABLE,False,False,False,0.17737707,0.33681854926235366,1.0,1.0,1.0,0.0,2009.2490234375,0.0,0.0,0.0,0.0,0.0,0.0,0.0,0.0,0.0,0.0
3594,I,I,I3594I,Core,NEGATIVE_CONSENSUS,INVARIABLE,False,False,False,0.41026053,0.2609186505464557,1.0,1.0,1.0,0.0,2009.2490234375,0.0,0.0,0.0,0.0,0.0,0.0,0.0,0.0,0.0,0.0
3595,T,T,T3595T,Core,NEGATIVE_CONSENSUS,INVARIABLE,False,False,False,0.03364685,0.427230012532943,1.0,1.0,1.0,0.0,2009.2490234375,0.0,0.0,0.0,0.0,0.0,0.0,0.0,0.0,0.0,0.0
3596,C,C,C3596C,Core,NEGATIVE_CONSENSUS,INVARIABLE,False,False,False,0.025839863,0.4361460100233292,1.0,1.0,1.0,0.0,2009.2490234375,0.0,0.0,0.0,0.0,0.0,0.0,0.0,0.0,0.0,0.0
3597,V,V,V3597V,Core,NEGATIVE_CONSENSUS,INVARIABLE,False,False,False,0.070020474,0.39565348580694804,1.0,1.0,1.0,0.0,2009.2490234375,0.0,0.0,0.0,0.0,0.0,0.0,0.0,0.0,0.0,0.0
3598,C,C,C3598C,Core,NEGATIVE_CONSENSUS,INVARIABLE,False,False,False,0.098847605,0.3766084799559455,1.0,1.0,1.0,0.0,2009.2490234375,0.0,0.0,0.0,0.0,0.0,0.0,0.0,0.0,0.0,0.0
3599,R,R,R3599R,Core,NEGATIVE_CONSENSUS,INVARIABLE,False,False,False,0.026146797,0.43577116494005275,1.0,1.0,1.0,0.0,2009.2490234375,0.0,0.0,0.0,0.0,0.0,0.0,0.0,0.0,0.0,0.0
3600,D,D,D3600D,Core,NEGATIVE_CONSENSUS,INVARIABLE,False,False,False,0.24172953,0.3114798699800736,1.0,1.0,1.0,0.0,2009.2490234375,0.0,0.0,0.0,0.0,0.0,0.0,0.0,0.0,0.0,0.0
3601,N,N,N3601N,Core,NEGATIVE_CONSENSUS,INVARIABLE,False,False,False,0.2697167,0.3017609345059,1.0,1.0,1.0,0.0,2009.2490234375,0.0,0.0,0.0,0.0,0.0,0.0,0.0,0.0,0.0,0.0
3602,W,W,W3602W,Core,NEGATIVE_CONSENSUS,INVARIABLE,False,False,False,0.14326186,0.3525297858631183,1.0,1.0,1.0,0.0,2009.2490234375,0.0,0.0,0.0,0.0,0.0,0.0,0.0,0.0,0.0,0.0
3603,H,H,H3603H,Core,NEGATIVE_CONSENSUS,INVARIABLE,False,False,False,0.18790461,0.3323331716817506,1.0,1.0,1.0,0.0,2009.2490234375,0.0,0.0,0.0,0.0,0.0,0.0,0.0,0.0,0.0,0.0
3604,G,G,G3604G,Core,NEGATIVE_CONSENSUS,INVARIABLE,False,False,False,0.31973153,0.28588451406953874,1.0,1.0,1.0,0.0,2009.2490234375,0.0,0.0,0.0,0.0,0.0,0.0,0.0,0.0,0.0,0.0
3605,S,S,S3605S,Core,NEGATIVE_CONSENSUS,INVARIABLE,False,False,False,0.1470043,0.35070737375325384,1.0,1.0,1.0,0.0,2009.2490234375,0.0,0.0,0.0,0.0,0.0,0.0,0.0,0.0,0.0,0.0
3606,N,N,N3606N,Core,NEGATIVE_CONSENSUS,INVARIABLE,False,False,False,0.14756067,0.3504387265808948,1.0,1.0,1.0,0.0,2009.2490234375,0.0,0.0,0.0,0.0,0.0,0.0,0.0,0.0,0.0,0.0
3607,R,R,R3607R,Core,NEGATIVE_CONSENSUS,INVARIABLE,False,False,False,0.03523141,0.4255557883149065,1.0,1.0,1.0,0.0,2009.2490234375,0.0,0.0,0.0,0.0,0.0,0.0,0.0,0.0,0.0,0.0
3608,P,P,P3608P,Core,NEGATIVE_CONSENSUS,INVARIABLE,False,False,False,0.084023274,0.3859587324025193,1.0,1.0,1.0,0.0,2009.2490234375,0.0,0.0,0.0,0.0,0.0,0.0,0.0,0.0,0.0,0.0
3609,W,W,W3609W,Core,NEGATIVE_CONSENSUS,INVARIABLE,False,False,False,0.14326186,0.3525297858631183,1.0,1.0,1.0,0.0,2009.2490234375,0.0,0.0,0.0,0.0,0.0,0.0,0.0,0.0,0.0,0.0
3610,V,V,V3610V,Core,NEGATIVE_CONSENSUS,INVARIABLE,False,False,False,0.21241586,0.3224402161435832,1.0,1.0,1.0,0.0,2009.2490234375,0.0,0.0,0.0,0.0,0.0,0.0,0.0,0.0,0.0,0.0
3611,S,S,S3611S,Core,NEGATIVE_CONSENSUS,INVARIABLE,False,False,False,0.26384795,0.30374440131695446,1.0,1.0,1.0,0.0,2009.2490234375,0.0,0.0,0.0,0.0,0.0,0.0,0.0,0.0,0.0,0.0
3612,F,F,F3612F,Core,NEGATIVE_CONSENSUS,INVARIABLE,False,False,False,0.03677015,0.42396688710899644,1.0,1.0,1.0,0.0,2009.2490234375,0.0,0.0,0.0,0.0,0.0,0.0,0.0,0.0,0.0,0.0
3613,N,N,N3613N,Core,NEGATIVE_CONSENSUS,INVARIABLE,False,False,False,0.2697167,0.3017609345059,1.0,1.0,1.0,0.0,2009.2490234375,0.0,0.0,0.0,0.0,0.0,0.0,0.0,0.0,0.0,0.0
3614,Q,H,Q3614H,Core,NEGATIVE_CONSENSUS,TEMPORAL_NOISE,False,False,False,0.44238177,0.25298755565302056,0.35272044,0.56435645,0.72686744,0.6839188,2009.3844842425847,0.036319529031749134,2009.3394,2009.4183,0.0790188,0.0049846501610381734,0.0033687639892369717,2.4370887,-2.6227708,2.2454908,0.9063673
3615,N,N,N3615N,Core,NEGATIVE_CONSENSUS,INVARIABLE,False,False,False,0.14756067,0.3504387265808948,1.0,1.0,1.0,0.0,2009.2490234375,0.0,0.0,0.0,0.0,0.0,0.0,0.0,0.0,0.0,0.0
3616,L,L,L3616L,Core,NEGATIVE_CONSENSUS,INVARIABLE,False,False,False,0.16716193,0.34132325465316804,1.0,1.0,1.0,0.0,2009.2490234375,0.0,0.0,0.0,0.0,0.0,0.0,0.0,0.0,0.0,0.0
3617,E,E,E3617E,Core,NEGATIVE_CONSENSUS,INVARIABLE,False,False,False,0.17737707,0.33681854926235366,1.0,1.0,1.0,0.0,2009.2490234375,0.0,0.0,0.0,0.0,0.0,0.0,0.0,0.0,0.0,0.0
3618,Y,Y,Y3618Y,Core,NEGATIVE_CONSENSUS,INVARIABLE,False,False,False,0.04160279,0.41918940090001205,1.0,1.0,1.0,0.0,2009.2490234375,0.0,0.0,0.0,0.0,0.0,0.0,0.0,0.0,0.0,0.0
3619,Q,Q,Q3619Q,Core,NEGATIVE_CONSENSUS,INVARIABLE,False,False,False,0.14861211,0.3499326088640236,1.0,1.0,1.0,0.0,2009.2490234375,0.0,0.0,0.0,0.0,0.0,0.0,0.0,0.0,0.0,0.0
3620,I,I,I3620I,Core,NEGATIVE_CONSENSUS,INVARIABLE,False,False,False,0.56801856,0.22552368279687207,1.0,1.0,1.0,0.0,2009.2490234375,0.0,0.0,0.0,0.0,0.0,0.0,0.0,0.0,0.0,0.0
3621,G,G,G3621G,Core,NEGATIVE_CONSENSUS,INVARIABLE,False,False,False,0.08983235,0.38219519767681476,1.0,1.0,1.0,0.0,2009.2490234375,0.0,0.0,0.0,0.0,0.0,0.0,0.0,0.0,0.0,0.0
3622,Y,Y,Y3622Y,Core,NEGATIVE_CONSENSUS,INVARIABLE,False,False,False,0.08357149,0.38625726840274144,1.0,1.0,1.0,0.0,2009.2490234375,0.0,0.0,0.0,0.0,0.0,0.0,0.0,0.0,0.0,0.0
3623,I,I,I3623I,Core,NEGATIVE_CONSENSUS,INVARIABLE,False,False,False,1.0355865,0.15442508350662135,1.0,1.0,1.0,0.0,2009.2490234375,0.0,0.0,0.0,0.0,0.0,0.0,0.0,0.0,0.0,0.0
3624,C,C,C3624C,Core,NEGATIVE_CONSENSUS,INVARIABLE,False,False,False,0.09316985,0.3800926855772572,1.0,1.0,1.0,0.0,2009.2490234375,0.0,0.0,0.0,0.0,0.0,0.0,0.0,0.0,0.0,0.0
3625,S,S,S3625S,Core,NEGATIVE_CONSENSUS,INVARIABLE,False,False,False,0.5161936,0.23623495187969223,1.0,1.0,1.0,0.0,2009.2490234375,0.0,0.0,0.0,0.0,0.0,0.0,0.0,0.0,0.0,0.0
3626,G,G,G3626G,Core,NEGATIVE_CONSENSUS,INVARIABLE,False,False,False,0.10198707,0.37472898848367453,1.0,1.0,1.0,0.0,2009.2490234375,0.0,0.0,0.0,0.0,0.0,0.0,0.0,0.0,0.0,0.0
3627,I,I,I3627I,Core,NEGATIVE_CONSENSUS,INVARIABLE,False,False,False,0.7167717,0.19860244442133695,1.0,1.0,1.0,0.0,2009.2490234375,0.0,0.0,0.0,0.0,0.0,0.0,0.0,0.0,0.0,0.0
3628,F,F,F3628F,Core,NEGATIVE_CONSENSUS,INVARIABLE,False,False,False,0.03677015,0.42396688710899644,1.0,1.0,1.0,0.0,2009.2490234375,0.0,0.0,0.0,0.0,0.0,0.0,0.0,0.0,0.0,0.0
3629,G,G,G3629G,Core,NEGATIVE_CONSENSUS,INVARIABLE,False,False,False,0.08983235,0.38219519767681476,1.0,1.0,1.0,0.0,2009.2490234375,0.0,0.0,0.0,0.0,0.0,0.0,0.0,0.0,0.0,0.0
3630,D,D,D3630D,Core,NEGATIVE_CONSENSUS,INVARIABLE,False,False,False,2.8818045,0.044792789968923004,1.0,1.0,1.0,0.0,2009.2490234375,0.0,0.0,0.0,0.0,0.0,0.0,0.0,0.0,0.0,0.0
3631,N,N,N3631N,Core,NEGATIVE_CONSENSUS,INVARIABLE,False,False,False,0.14756067,0.3504387265808948,1.0,1.0,1.0,0.0,2009.2490234375,0.0,0.0,0.0,0.0,0.0,0.0,0.0,0.0,0.0,0.0
3632,P,P,P3632P,Core,NEGATIVE_CONSENSUS,INVARIABLE,False,False,False,0.09249291,0.3805157715681833,1.0,1.0,1.0,0.0,2009.2490234375,0.0,0.0,0.0,0.0,0.0,0.0,0.0,0.0,0.0,0.0
3633,R,R,R3633R,Core,NEGATIVE_CONSENSUS,INVARIABLE,False,False,False,0.100597985,0.37555660265095264,1.0,1.0,1.0,0.0,2009.2490234375,0.0,0.0,0.0,0.0,0.0,0.0,0.0,0.0,0.0,0.0
3634,P,P,P3634P,Core,NEGATIVE_CONSENSUS,INVARIABLE,False,False,False,0.18130763,0.33512594256133826,1.0,1.0,1.0,0.0,2009.2490234375,0.0,0.0,0.0,0.0,0.0,0.0,0.0,0.0,0.0,0.0
3635,N,N,N3635N,Core,NEGATIVE_CONSENSUS,INVARIABLE,False,False,False,0.114451125,0.3675662035414966,1.0,1.0,1.0,0.0,2009.2490234375,0.0,0.0,0.0,0.0,0.0,0.0,0.0,0.0,0.0,0.0
3636,D,D,D3636D,Core,NEGATIVE_CONSENSUS,INVARIABLE,False,False,False,0.24172953,0.3114798699800736,1.0,1.0,1.0,0.0,2009.2490234375,0.0,0.0,0.0,0.0,0.0,0.0,0.0,0.0,0.0,0.0
3637,K,K,K3637K,Core,NEGATIVE_CONSENSUS,INVARIABLE,False,False,False,0.2995089,0.2920952302947697,1.0,1.0,1.0,0.0,2009.2490234375,0.0,0.0,0.0,0.0,0.0,0.0,0.0,0.0,0.0,0.0
3638,T,A,T3638A,Core,NEGATIVE_CONSENSUS,TEMPORAL_NOISE,False,False,False,0.12077763,0.3640963067617853,0.3852647,0.24752475,0.5809792,0.635617,2009.8473086599577,0.1052899525086281,2009.8021,2009.8812,0.0790188,0.020619784430626575,0.013881017318317762,1.3911924,5.715754,0.36674643,1.4724922
3639,G,G,G3639G,Core,NEGATIVE_CONSENSUS,INVARIABLE,False,False,False,0.26078844,0.3047895011325491,1.0,1.0,1.0,0.0,2009.2490234375,0.0,0.0,0.0,0.0,0.0,0.0,0.0,0.0,0.0,0.0
3640,S,S,S3640S,Core,NEGATIVE_CONSENSUS,INVARIABLE,False,False,False,3.5420194,0.02991628782326975,1.0,1.0,1.0,0.0,2009.2490234375,0.0,0.0,0.0,0.0,0.0,0.0,0.0,0.0,0.0,0.0
3641,C,C,C3641C,Core,NEGATIVE_CONSENSUS,INVARIABLE,False,False,False,0.025839863,0.4361460100233292,1.0,1.0,1.0,0.0,2009.2490234375,0.0,0.0,0.0,0.0,0.0,0.0,0.0,0.0,0.0,0.0
3642,G,G,G3642G,Core,NEGATIVE_CONSENSUS,INVARIABLE,False,False,False,0.15513371,0.3468384480856218,1.0,1.0,1.0,0.0,2009.2490234375,0.0,0.0,0.0,0.0,0.0,0.0,0.0,0.0,0.0,0.0
3643,P,P,P3643P,Core,NEGATIVE_CONSENSUS,INVARIABLE,False,False,False,0.09249291,0.3805157715681833,1.0,1.0,1.0,0.0,2009.2490234375,0.0,0.0,0.0,0.0,0.0,0.0,0.0,0.0,0.0,0.0
3644,V,V,V3644V,Core,NEGATIVE_CONSENSUS,INVARIABLE,False,False,False,0.60705686,0.21794905634298722,1.0,1.0,1.0,0.0,2009.2490234375,0.0,0.0,0.0,0.0,0.0,0.0,0.0,0.0,0.0,0.0
3645,S,S,S3645S,Core,NEGATIVE_CONSENSUS,INVARIABLE,False,False,False,0.28062758,0.29814508717257127,1.0,1.0,1.0,0.0,2009.2490234375,0.0,0.0,0.0,0.0,0.0,0.0,0.0,0.0,0.0,0.0
3646,S,F,S3646F,Core,NEGATIVE_CONSENSUS,TEMPORAL_NOISE,False,False,False,1.5333347,0.10780632503657234,0.3517909,0.6039604,0.75418407,0.8234367,2009.3393306408898,0.042085298967617354,2009.2942,2009.3732,0.0790188,0.006069096719299703,0.004052400756566139,2.813793,-3.551287,3.3244228,2.8604755
3647,N,N,N3647N,Core,NEGATIVE_CONSENSUS,INVARIABLE,False,False,False,0.14756067,0.3504387265808948,1.0,1.0,1.0,0.0,2009.2490234375,0.0,0.0,0.0,0.0,0.0,0.0,0.0,0.0,0.0,0.0
3648,G,G,G3648G,Core,NEGATIVE_CONSENSUS,INVARIABLE,False,False,False,0.08983235,0.38219519767681476,1.0,1.0,1.0,0.0,2009.2490234375,0.0,0.0,0.0,0.0,0.0,0.0,0.0,0.0,0.0,0.0
3649,A,A,A3649A,Core,NEGATIVE_CONSENSUS,INVARIABLE,False,False,False,0.50961536,0.23765270523878462,1.0,1.0,1.0,0.0,2009.2490234375,0.0,0.0,0.0,0.0,0.0,0.0,0.0,0.0,0.0,0.0
3650,N,N,N3650N,Core,NEGATIVE_CONSENSUS,INVARIABLE,False,False,False,0.10588034,0.37244197869705287,1.0,1.0,1.0,0.0,2009.2490234375,0.0,0.0,0.0,0.0,0.0,0.0,0.0,0.0,0.0,0.0
3651,G,G,G3651G,Core,NEGATIVE_CONSENSUS,INVARIABLE,False,False,False,0.08983235,0.38219519767681476,1.0,1.0,1.0,0.0,2009.2490234375,0.0,0.0,0.0,0.0,0.0,0.0,0.0,0.0,0.0,0.0
3652,V,V,V3652V,Core,NEGATIVE_CONSENSUS,INVARIABLE,False,False,False,0.60705686,0.21794905634298722,1.0,1.0,1.0,0.0,2009.2490234375,0.0,0.0,0.0,0.0,0.0,0.0,0.0,0.0,0.0,0.0
3653,K,K,K3653K,Core,NEGATIVE_CONSENSUS,INVARIABLE,False,False,False,1.2671006,0.13015565800770462,1.0,1.0,1.0,0.0,2009.2490234375,0.0,0.0,0.0,0.0,0.0,0.0,0.0,0.0,0.0,0.0
3654,G,G,G3654G,Core,NEGATIVE_CONSENSUS,INVARIABLE,False,False,False,0.058723647,0.4042623801573174,1.0,1.0,1.0,0.0,2009.2490234375,0.0,0.0,0.0,0.0,0.0,0.0,0.0,0.0,0.0,0.0
3655,F,F,F3655F,Core,NEGATIVE_CONSENSUS,INVARIABLE,False,False,False,0.061055347,0.4024178149016429,1.0,1.0,1.0,0.0,2009.2490234375,0.0,0.0,0.0,0.0,0.0,0.0,0.0,0.0,0.0,0.0
3656,S,S,S3656S,Core,NEGATIVE_CONSENSUS,INVARIABLE,False,False,False,0.2075632,0.3243420394483918,1.0,1.0,1.0,0.0,2009.2490234375,0.0,0.0,0.0,0.0,0.0,0.0,0.0,0.0,0.0,0.0
3657,F,F,F3657F,Core,NEGATIVE_CONSENSUS,INVARIABLE,False,False,False,0.03677015,0.42396688710899644,1.0,1.0,1.0,0.0,2009.2490234375,0.0,0.0,0.0,0.0,0.0,0.0,0.0,0.0,0.0,0.0
3658,K,K,K3658K,Core,NEGATIVE_CONSENSUS,INVARIABLE,False,False,False,1.2671006,0.13015565800770462,1.0,1.0,1.0,0.0,2009.2490234375,0.0,0.0,0.0,0.0,0.0,0.0,0.0,0.0,0.0,0.0
3659,Y,Y,Y3659Y,Core,NEGATIVE_CONSENSUS,INVARIABLE,False,False,False,0.028925437,0.4324756558624427,1.0,1.0,1.0,0.0,2009.2490234375,0.0,0.0,0.0,0.0,0.0,0.0,0.0,0.0,0.0,0.0
3660,G,G,G3660G,Core,NEGATIVE_CONSENSUS,INVARIABLE,False,False,False,0.31973153,0.28588451406953874,1.0,1.0,1.0,0.0,2009.2490234375,0.0,0.0,0.0,0.0,0.0,0.0,0.0,0.0,0.0,0.0
3661,N,N,N3661N,Core,NEGATIVE_CONSENSUS,INVARIABLE,False,False,False,0.14756067,0.3504387265808948,1.0,1.0,1.0,0.0,2009.2490234375,0.0,0.0,0.0,0.0,0.0,0.0,0.0,0.0,0.0,0.0
3662,G,G,G3662G,Core,NEGATIVE_CONSENSUS,INVARIABLE,False,False,False,0.15513371,0.3468384480856218,1.0,1.0,1.0,0.0,2009.2490234375,0.0,0.0,0.0,0.0,0.0,0.0,0.0,0.0,0.0,0.0
3663,V,V,V3663V,Core,NEGATIVE_CONSENSUS,INVARIABLE,False,False,False,0.27149606,0.3011649827004066,1.0,1.0,1.0,0.0,2009.2490234375,0.0,0.0,0.0,0.0,0.0,0.0,0.0,0.0,0.0,0.0
3664,W,W,W3664W,Core,NEGATIVE_CONSENSUS,INVARIABLE,False,False,False,0.14326186,0.3525297858631183,1.0,1.0,1.0,0.0,2009.2490234375,0.0,0.0,0.0,0.0,0.0,0.0,0.0,0.0,0.0,0.0
3665,I,I,I3665I,Core,NEGATIVE_CONSENSUS,INVARIABLE,False,False,False,1.0355865,0.15442508350662135,1.0,1.0,1.0,0.0,2009.2490234375,0.0,0.0,0.0,0.0,0.0,0.0,0.0,0.0,0.0,0.0
3666,G,G,G3666G,Core,NEGATIVE_CONSENSUS,INVARIABLE,False,False,False,0.10198707,0.37472898848367453,1.0,1.0,1.0,0.0,2009.2490234375,0.0,0.0,0.0,0.0,0.0,0.0,0.0,0.0,0.0,0.0
3667,R,R,R3667R,Core,NEGATIVE_CONSENSUS,INVARIABLE,False,False,False,0.047289148,0.41392467273385114,1.0,1.0,1.0,0.0,2009.2490234375,0.0,0.0,0.0,0.0,0.0,0.0,0.0,0.0,0.0,0.0
3668,T,T,T3668T,Core,NEGATIVE_CONSENSUS,INVARIABLE,False,False,False,0.026892863,0.434869336287794,1.0,1.0,1.0,0.0,2009.2490234375,0.0,0.0,0.0,0.0,0.0,0.0,0.0,0.0,0.0,0.0
3669,K,K,K3669K,Core,NEGATIVE_CONSENSUS,INVARIABLE,False,False,False,1.2671006,0.13015565800770462,1.0,1.0,1.0,0.0,2009.2490234375,0.0,0.0,0.0,0.0,0.0,0.0,0.0,0.0,0.0,0.0
3670,S,S,S3670S,Core,NEGATIVE_CONSENSUS,INVARIABLE,False,False,False,0.49796218,0.2401984475468799,1.0,1.0,1.0,0.0,2009.2490234375,0.0,0.0,0.0,0.0,0.0,0.0,0.0,0.0,0.0,0.0
3671,I,I,I3671I,Core,NEGATIVE_CONSENSUS,INVARIABLE,False,False,False,0.7167717,0.19860244442133695,1.0,1.0,1.0,0.0,2009.2490234375,0.0,0.0,0.0,0.0,0.0,0.0,0.0,0.0,0.0,0.0
3672,S,N,S3672N,Core,NEGATIVE_CONSENSUS,TEMPORAL_NOISE,False,False,False,3.2108674,0.03657534698424557,0.3517909,0.089108914,0.42981946,0.73347086,2009.5989638506355,0.2155505058569008,2009.5764,2009.6328,0.056442004,0.024700827053078814,0.01672996959433706,-4.575115,-0.9904235,0.21414194,-0.1081929
3673,S,S,S3673S,Core,NEGATIVE_CONSENSUS,INVARIABLE,False,False,False,0.2075632,0.3243420394483918,1.0,1.0,1.0,0.0,2009.2490234375,0.0,0.0,0.0,0.0,0.0,0.0,0.0,0.0,0.0,0.0
3674,R,R,R3674R,Core,NEGATIVE_CONSENSUS,INVARIABLE,False,False,False,0.047289148,0.41392467273385114,1.0,1.0,1.0,0.0,2009.2490234375,0.0,0.0,0.0,0.0,0.0,0.0,0.0,0.0,0.0,0.0
3675,N,K,N3675K,Core,NEGATIVE_CONSENSUS,TEMPORAL_NOISE,False,False,False,0.2134125,0.32205288692774425,0.36387685,0.44554454,0.6669024,0.7839902,2009.7570014565679,0.0672761345373259,2009.7231,2009.7909,0.067730404,0.008848394717029593,0.0059930533603818285,0.028194183,0.18511501,-6.826844,2.8018978
3676,G,G,G3676G,Core,NEGATIVE_CONSENSUS,INVARIABLE,False,False,False,0.15513371,0.3468384480856218,1.0,1.0,1.0,0.0,2009.2490234375,0.0,0.0,0.0,0.0,0.0,0.0,0.0,0.0,0.0,0.0
3677,F,F,F3677F,Core,NEGATIVE_CONSENSUS,INVARIABLE,False,False,False,0.061055347,0.4024178149016429,1.0,1.0,1.0,0.0,2009.2490234375,0.0,0.0,0.0,0.0,0.0,0.0,0.0,0.0,0.0,0.0
3678,E,E,E3678E,Core,NEGATIVE_CONSENSUS,INVARIABLE,False,False,False,0.09971498,0.37608596908684694,1.0,1.0,1.0,0.0,2009.2490234375,0.0,0.0,0.0,0.0,0.0,0.0,0.0,0.0,0.0,0.0
3679,M,M,M3679M,Core,NEGATIVE_CONSENSUS,INVARIABLE,False,False,False,0.04345588,0.4174346170740496,1.0,1.0,1.0,0.0,2009.2490234375,0.0,0.0,0.0,0.0,0.0,0.0,0.0,0.0,0.0,0.0
3680,I,I,I3680I,Core,NEGATIVE_CONSENSUS,INVARIABLE,False,False,False,0.7167717,0.19860244442133695,1.0,1.0,1.0,0.0,2009.2490234375,0.0,0.0,0.0,0.0,0.0,0.0,0.0,0.0,0.0,0.0
3681,W,W,W3681W,Core,NEGATIVE_CONSENSUS,INVARIABLE,False,False,False,0.14326186,0.3525297858631183,1.0,1.0,1.0,0.0,2009.2490234375,0.0,0.0,0.0,0.0,0.0,0.0,0.0,0.0,0.0,0.0
3682,D,D,D3682D,Core,NEGATIVE_CONSENSUS,INVARIABLE,False,False,False,0.24172953,0.3114798699800736,1.0,1.0,1.0,0.0,2009.2490234375,0.0,0.0,0.0,0.0,0.0,0.0,0.0,0.0,0.0,0.0
3683,P,P,P3683P,Core,NEGATIVE_CONSENSUS,INVARIABLE,False,False,False,0.084023274,0.3859587324025193,1.0,1.0,1.0,0.0,2009.2490234375,0.0,0.0,0.0,0.0,0.0,0.0,0.0,0.0,0.0,0.0
3684,N,N,N3684N,Core,NEGATIVE_CONSENSUS,INVARIABLE,False,False,False,0.2697167,0.3017609345059,1.0,1.0,1.0,0.0,2009.2490234375,0.0,0.0,0.0,0.0,0.0,0.0,0.0,0.0,0.0,0.0
3685,G,G,G3685G,Core,NEGATIVE_CONSENSUS,INVARIABLE,False,False,False,0.08983235,0.38219519767681476,1.0,1.0,1.0,0.0,2009.2490234375,0.0,0.0,0.0,0.0,0.0,0.0,0.0,0.0,0.0,0.0
3686,W,W,W3686W,Core,NEGATIVE_CONSENSUS,INVARIABLE,False,False,False,0.14326186,0.3525297858631183,1.0,1.0,1.0,0.0,2009.2490234375,0.0,0.0,0.0,0.0,0.0,0.0,0.0,0.0,0.0,0.0
3687,T,T,T3687T,Core,NEGATIVE_CONSENSUS,INVARIABLE,False,False,False,0.026892863,0.434869336287794,1.0,1.0,1.0,0.0,2009.2490234375,0.0,0.0,0.0,0.0,0.0,0.0,0.0,0.0,0.0,0.0
3688,G,E,G3688E,Core,NEGATIVE_CONSENSUS,TEMPORAL_NOISE,False,False,False,1.2782962,0.12910803128147602,0.3517909,0.55445546,0.72686744,0.528539,2009.3957726430085,0.048837534636287525,2009.3506,2009.4297,0.0790188,0.0065963604956326295,0.0044637018076122935,2.2401893,-2.1752803,1.7303886,-0.19600038
3689,T,T,T3689T,Core,NEGATIVE_CONSENSUS,INVARIABLE,False,False,False,0.03364685,0.427230012532943,1.0,1.0,1.0,0.0,2009.2490234375,0.0,0.0,0.0,0.0,0.0,0.0,0.0,0.0,0.0,0.0
3690,D,D,D3690D,Core,NEGATIVE_CONSENSUS,INVARIABLE,False,False,False,2.8818045,0.044792789968923004,1.0,1.0,1.0,0.0,2009.2490234375,0.0,0.0,0.0,0.0,0.0,0.0,0.0,0.0,0.0,0.0
3691,N,N,N3691N,Core,NEGATIVE_CONSENSUS,INVARIABLE,False,False,False,0.14756067,0.3504387265808948,1.0,1.0,1.0,0.0,2009.2490234375,0.0,0.0,0.0,0.0,0.0,0.0,0.0,0.0,0.0,0.0
3692,N,N,N3692N,Core,NEGATIVE_CONSENSUS,INVARIABLE,False,False,False,0.2697167,0.3017609345059,1.0,1.0,1.0,0.0,2009.2490234375,0.0,0.0,0.0,0.0,0.0,0.0,0.0,0.0,0.0,0.0
3693,F,F,F3693F,Core,NEGATIVE_CONSENSUS,INVARIABLE,False,False,False,0.03677015,0.42396688710899644,1.0,1.0,1.0,0.0,2009.2490234375,0.0,0.0,0.0,0.0,0.0,0.0,0.0,0.0,0.0,0.0
3694,S,L,S3694L,Core,NEGATIVE_CONSENSUS,TEMPORAL_NOISE,False,False,False,1.3958856,0.11870683701350965,0.3517909,0.55445546,0.72686744,0.528539,2009.3957726430085,0.05274622723302104,2009.3506,2009.4297,0.0790188,0.007124297575722404,0.00482095240061165,2.2401893,-2.1752806,1.7303886,-0.1960004
3695,I,T,I3695T,Core,NEGATIVE_CONSENSUS,TEMPORAL_NOISE,False,False,False,1.6315024,0.10074768640240442,0.3517909,0.38613862,0.6669024,0.845471,2009.711847854873,0.06396589343059896,2009.678,2009.7457,0.067730404,0.008108948006089179,0.005492223126479824,0.5749621,-0.9908726,-3.998052,1.417629
3696,K,K,K3696K,Core,NEGATIVE_CONSENSUS,INVARIABLE,False,False,False,0.56073415,0.22698229621439847,1.0,1.0,1.0,0.0,2009.2490234375,0.0,0.0,0.0,0.0,0.0,0.0,0.0,0.0,0.0,0.0
3697,Q,Q,Q3697Q,Core,NEGATIVE_CONSENSUS,INVARIABLE,False,False,False,0.1328033,0.35777149996023005,1.0,1.0,1.0,0.0,2009.2490234375,0.0,0.0,0.0,0.0,0.0,0.0,0.0,0.0,0.0,0.0
3698,D,D,D3698D,Core,NEGATIVE_CONSENSUS,INVARIABLE,False,False,False,0.24172953,0.3114798699800736,1.0,1.0,1.0,0.0,2009.2490234375,0.0,0.0,0.0,0.0,0.0,0.0,0.0,0.0,0.0,0.0
3699,I,I,I3699I,Core,NEGATIVE_CONSENSUS,INVARIABLE,False,False,False,0.17513922,0.33779211701504613,1.0,1.0,1.0,0.0,2009.2490234375,0.0,0.0,0.0,0.0,0.0,0.0,0.0,0.0,0.0,0.0
3700,V,I,V3700I,Core,NEGATIVE_CONSENSUS,TEMPORAL_NOISE,False,False,False,1.5600748,0.10582713376919875,0.3517909,0.6831683,0.8002829,0.6590514,2009.3844842425847,0.07013341581021926,2009.3394,2009.4183,0.0790188,0.009598525797309227,0.006488610612865034,2.4021733,-2.5525358,2.1679876,0.7647023
3701,G,G,G3701G,Core,NEGATIVE_CONSENSUS,INVARIABLE,False,False,False,0.08983235,0.38219519767681476,1.0,1.0,1.0,0.0,2009.2490234375,0.0,0.0,0.0,0.0,0.0,0.0,0.0,0.0,0.0,0.0
3702,I,T,I3702T,Core,NEGATIVE_CONSENSUS,TEMPORAL_NOISE,False,False,False,2.161882,0.07073566526813144,0.3517909,0.089108914,0.42981946,0.84295255,2009.7005594544491,0.09888151197312092,2009.6554,2009.7231,0.067730404,0.012445100410641294,0.008429116604936775,0.75544846,-1.2846456,-2.358614,0.60280776
3703,N,N,N3703N,Core,NEGATIVE_CONSENSUS,INVARIABLE,False,False,False,0.14756067,0.3504387265808948,1.0,1.0,1.0,0.0,2009.2490234375,0.0,0.0,0.0,0.0,0.0,0.0,0.0,0.0,0.0,0.0
3704,E,E,E3704E,Core,NEGATIVE_CONSENSUS,INVARIABLE,False,False,False,0.15452486,0.3471241024353615,1.0,1.0,1.0,0.0,2009.2490234375,0.0,0.0,0.0,0.0,0.0,0.0,0.0,0.0,0.0,0.0
3705,W,W,W3705W,Core,NEGATIVE_CONSENSUS,INVARIABLE,False,False,False,0.14326186,0.3525297858631183,1.0,1.0,1.0,0.0,2009.2490234375,0.0,0.0,0.0,0.0,0.0,0.0,0.0,0.0,0.0,0.0
3706,S,S,S3706S,Core,NEGATIVE_CONSENSUS,INVARIABLE,False,False,False,0.2075632,0.3243420394483918,1.0,1.0,1.0,0.0,2009.2490234375,0.0,0.0,0.0,0.0,0.0,0.0,0.0,0.0,0.0,0.0
3707,G,G,G3707G,Core,NEGATIVE_CONSENSUS,INVARIABLE,False,False,False,0.08983235,0.38219519767681476,1.0,1.0,1.0,0.0,2009.2490234375,0.0,0.0,0.0,0.0,0.0,0.0,0.0,0.0,0.0,0.0
3708,Y,Y,Y3708Y,Core,NEGATIVE_CONSENSUS,INVARIABLE,False,False,False,0.04160279,0.41918940090001205,1.0,1.0,1.0,0.0,2009.2490234375,0.0,0.0,0.0,0.0,0.0,0.0,0.0,0.0,0.0,0.0
3709,S,S,S3709S,Core,NEGATIVE_CONSENSUS,INVARIABLE,False,False,False,0.49796218,0.2401984475468799,1.0,1.0,1.0,0.0,2009.2490234375,0.0,0.0,0.0,0.0,0.0,0.0,0.0,0.0,0.0,0.0
3710,G,G,G3710G,Core,NEGATIVE_CONSENSUS,INVARIABLE,False,False,False,0.10198707,0.37472898848367453,1.0,1.0,1.0,0.0,2009.2490234375,0.0,0.0,0.0,0.0,0.0,0.0,0.0,0.0,0.0,0.0
3711,S,S,S3711S,Core,NEGATIVE_CONSENSUS,INVARIABLE,False,False,False,0.5155192,0.23637967354478917,1.0,1.0,1.0,0.0,2009.2490234375,0.0,0.0,0.0,0.0,0.0,0.0,0.0,0.0,0.0,0.0
3712,F,F,F3712F,Core,NEGATIVE_CONSENSUS,INVARIABLE,False,False,False,0.061055347,0.4024178149016429,1.0,1.0,1.0,0.0,2009.2490234375,0.0,0.0,0.0,0.0,0.0,0.0,0.0,0.0,0.0,0.0
3713,V,V,V3713V,Core,NEGATIVE_CONSENSUS,INVARIABLE,False,False,False,0.7629856,0.1911979014079458,1.0,1.0,1.0,0.0,2009.2490234375,0.0,0.0,0.0,0.0,0.0,0.0,0.0,0.0,0.0,0.0
3714,Q,Q,Q3714Q,Core,NEGATIVE_CONSENSUS,INVARIABLE,False,False,False,0.14861211,0.3499326088640236,1.0,1.0,1.0,0.0,2009.2490234375,0.0,0.0,0.0,0.0,0.0,0.0,0.0,0.0,0.0,0.0
3715,H,H,H3715H,Core,NEGATIVE_CONSENSUS,INVARIABLE,False,False,False,0.18790461,0.3323331716817506,1.0,1.0,1.0,0.0,2009.2490234375,0.0,0.0,0.0,0.0,0.0,0.0,0.0,0.0,0.0,0.0
3716,P,P,P3716P,Core,NEGATIVE_CONSENSUS,INVARIABLE,False,False,False,0.05573161,0.40668706890985756,1.0,1.0,1.0,0.0,2009.2490234375,0.0,0.0,0.0,0.0,0.0,0.0,0.0,0.0,0.0,0.0
3717,E,E,E3717E,Core,NEGATIVE_CONSENSUS,INVARIABLE,False,False,False,0.17737707,0.33681854926235366,1.0,1.0,1.0,0.0,2009.2490234375,0.0,0.0,0.0,0.0,0.0,0.0,0.0,0.0,0.0,0.0
3718,L,L,L3718L,Core,NEGATIVE_CONSENSUS,INVARIABLE,False,False,False,0.20977953,0.32347013020324433,1.0,1.0,1.0,0.0,2009.2490234375,0.0,0.0,0.0,0.0,0.0,0.0,0.0,0.0,0.0,0.0
3719,T,T,T3719T,Core,NEGATIVE_CONSENSUS,INVARIABLE,False,False,False,0.03364685,0.427230012532943,1.0,1.0,1.0,0.0,2009.2490234375,0.0,0.0,0.0,0.0,0.0,0.0,0.0,0.0,0.0,0.0
3720,G,G,G3720G,Core,NEGATIVE_CONSENSUS,INVARIABLE,False,False,False,0.10198707,0.37472898848367453,1.0,1.0,1.0,0.0,2009.2490234375,0.0,0.0,0.0,0.0,0.0,0.0,0.0,0.0,0.0,0.0
3721,L,L,L3721L,Core,NEGATIVE_CONSENSUS,INVARIABLE,False,False,False,0.15878537,0.3451386324350256,1.0,1.0,1.0,0.0,2009.2490234375,0.0,0.0,0.0,0.0,0.0,0.0,0.0,0.0,0.0,0.0
3722,D,D,D3722D,Core,NEGATIVE_CONSENSUS,INVARIABLE,False,False,False,0.28597403,0.2964060480946761,1.0,1.0,1.0,0.0,2009.2490234375,0.0,0.0,0.0,0.0,0.0,0.0,0.0,0.0,0.0,0.0
3723,C,C,C3723C,Core,NEGATIVE_CONSENSUS,INVARIABLE,False,False,False,0.025839863,0.4361460100233292,1.0,1.0,1.0,0.0,2009.2490234375,0.0,0.0,0.0,0.0,0.0,0.0,0.0,0.0,0.0,0.0
3724,I,I,I3724I,Core,NEGATIVE_CONSENSUS,INVARIABLE,False,False,False,1.0355865,0.15442508350662135,1.0,1.0,1.0,0.0,2009.2490234375,0.0,0.0,0.0,0.0,0.0,0.0,0.0,0.0,0.0,0.0
3725,R,R,R3725R,Core,NEGATIVE_CONSENSUS,INVARIABLE,False,False,False,0.047289148,0.41392467273385114,1.0,1.0,1.0,0.0,2009.2490234375,0.0,0.0,0.0,0.0,0.0,0.0,0.0,0.0,0.0,0.0
3726,P,P,P3726P,Core,NEGATIVE_CONSENSUS,INVARIABLE,False,False,False,0.18130763,0.33512594256133826,1.0,1.0,1.0,0.0,2009.2490234375,0.0,0.0,0.0,0.0,0.0,0.0,0.0,0.0,0.0,0.0
3727,C,C,C3727C,Core,NEGATIVE_CONSENSUS,INVARIABLE,False,False,False,0.098847605,0.3766084799559455,1.0,1.0,1.0,0.0,2009.2490234375,0.0,0.0,0.0,0.0,0.0,0.0,0.0,0.0,0.0,0.0
3728,F,F,F3728F,Core,NEGATIVE_CONSENSUS,INVARIABLE,False,False,False,0.03677015,0.42396688710899644,1.0,1.0,1.0,0.0,2009.2490234375,0.0,0.0,0.0,0.0,0.0,0.0,0.0,0.0,0.0,0.0
3729,W,W,W3729W,Core,NEGATIVE_CONSENSUS,INVARIABLE,False,False,False,0.14326186,0.3525297858631183,1.0,1.0,1.0,0.0,2009.2490234375,0.0,0.0,0.0,0.0,0.0,0.0,0.0,0.0,0.0,0.0
3730,V,V,V3730V,Core,NEGATIVE_CONSENSUS,INVARIABLE,False,False,False,0.27149606,0.3011649827004066,1.0,1.0,1.0,0.0,2009.2490234375,0.0,0.0,0.0,0.0,0.0,0.0,0.0,0.0,0.0,0.0
3731,E,E,E3731E,Core,NEGATIVE_CONSENSUS,INVARIABLE,False,False,False,0.17737707,0.33681854926235366,1.0,1.0,1.0,0.0,2009.2490234375,0.0,0.0,0.0,0.0,0.0,0.0,0.0,0.0,0.0,0.0
3732,L,L,L3732L,Core,NEGATIVE_CONSENSUS,INVARIABLE,False,False,False,0.20977953,0.32347013020324433,1.0,1.0,1.0,0.0,2009.2490234375,0.0,0.0,0.0,0.0,0.0,0.0,0.0,0.0,0.0,0.0
3733,I,I,I3733I,Core,NEGATIVE_CONSENSUS,INVARIABLE,False,False,False,0.41026053,0.2609186505464557,1.0,1.0,1.0,0.0,2009.2490234375,0.0,0.0,0.0,0.0,0.0,0.0,0.0,0.0,0.0,0.0
3734,R,R,R3734R,Core,NEGATIVE_CONSENSUS,INVARIABLE,False,False,False,0.047289148,0.41392467273385114,1.0,1.0,1.0,0.0,2009.2490234375,0.0,0.0,0.0,0.0,0.0,0.0,0.0,0.0,0.0,0.0
3735,G,G,G3735G,Core,NEGATIVE_CONSENSUS,INVARIABLE,False,False,False,0.074999,0.3920963182591778,1.0,1.0,1.0,0.0,2009.2490234375,0.0,0.0,0.0,0.0,0.0,0.0,0.0,0.0,0.0,0.0
3736,R,R,R3736R,Core,NEGATIVE_CONSENSUS,INVARIABLE,False,False,False,0.03523141,0.4255557883149065,1.0,1.0,1.0,0.0,2009.2490234375,0.0,0.0,0.0,0.0,0.0,0.0,0.0,0.0,0.0,0.0
3737,P,P,P3737P,Core,NEGATIVE_CONSENSUS,INVARIABLE,False,False,False,0.13949645,0.35439106371219375,1.0,1.0,1.0,0.0,2009.2490234375,0.0,0.0,0.0,0.0,0.0,0.0,0.0,0.0,0.0,0.0
3738,K,K,K3738K,Core,NEGATIVE_CONSENSUS,INVARIABLE,False,False,False,1.2671006,0.13015565800770462,1.0,1.0,1.0,0.0,2009.2490234375,0.0,0.0,0.0,0.0,0.0,0.0,0.0,0.0,0.0,0.0
3739,E,E,E3739E,Core,NEGATIVE_CONSENSUS,INVARIABLE,False,False,False,0.09971498,0.37608596908684694,1.0,1.0,1.0,0.0,2009.2490234375,0.0,0.0,0.0,0.0,0.0,0.0,0.0,0.0,0.0,0.0
3740,N,N,N3740N,Core,NEGATIVE_CONSENSUS,INVARIABLE,False,False,False,0.2697167,0.3017609345059,1.0,1.0,1.0,0.0,2009.2490234375,0.0,0.0,0.0,0.0,0.0,0.0,0.0,0.0,0.0,0.0
3741,T,T,T3741T,Core,NEGATIVE_CONSENSUS,INVARIABLE,False,False,False,0.03364685,0.427230012532943,1.0,1.0,1.0,0.0,2009.2490234375,0.0,0.0,0.0,0.0,0.0,0.0,0.0,0.0,0.0,0.0
3742,I,I,I3742I,Core,NEGATIVE_CONSENSUS,INVARIABLE,False,False,False,0.41026053,0.2609186505464557,1.0,1.0,1.0,0.0,2009.2490234375,0.0,0.0,0.0,0.0,0.0,0.0,0.0,0.0,0.0,0.0
3743,W,W,W3743W,Core,NEGATIVE_CONSENSUS,INVARIABLE,False,False,False,2.1536763,0.07111448683153654,1.0,1.0,1.0,0.0,2009.2490234375,0.0,0.0,0.0,0.0,0.0,0.0,0.0,0.0,0.0,0.0
3744,T,T,T3744T,Core,NEGATIVE_CONSENSUS,INVARIABLE,False,False,False,0.026892863,0.434869336287794,1.0,1.0,1.0,0.0,2009.2490234375,0.0,0.0,0.0,0.0,0.0,0.0,0.0,0.0,0.0,0.0
3745,S,S,S3745S,Core,NEGATIVE_CONSENSUS,INVARIABLE,False,False,False,0.54098994,0.23101137723880216,1.0,1.0,1.0,0.0,2009.2490234375,0.0,0.0,0.0,0.0,0.0,0.0,0.0,0.0,0.0,0.0
3746,G,G,G3746G,Core,NEGATIVE_CONSENSUS,INVARIABLE,False,False,False,0.10198707,0.37472898848367453,1.0,1.0,1.0,0.0,2009.2490234375,0.0,0.0,0.0,0.0,0.0,0.0,0.0,0.0,0.0,0.0
3747,S,S,S3747S,Core,NEGATIVE_CONSENSUS,INVARIABLE,False,False,False,0.47917253,0.24439868338374826,1.0,1.0,1.0,0.0,2009.2490234375,0.0,0.0,0.0,0.0,0.0,0.0,0.0,0.0,0.0,0.0
3748,S,S,S3748S,Core,NEGATIVE_CONSENSUS,INVARIABLE,False,False,False,0.48065025,0.24406396469904795,1.0,1.0,1.0,0.0,2009.2490234375,0.0,0.0,0.0,0.0,0.0,0.0,0.0,0.0,0.0,0.0
3749,I,I,I3749I,Core,NEGATIVE_CONSENSUS,INVARIABLE,False,False,False,0.5992535,0.2194315003821513,1.0,1.0,1.0,0.0,2009.2490234375,0.0,0.0,0.0,0.0,0.0,0.0,0.0,0.0,0.0,0.0
3750,S,S,S3750S,Core,NEGATIVE_CONSENSUS,INVARIABLE,False,False,False,0.21082619,0.3230603077022237,1.0,1.0,1.0,0.0,2009.2490234375,0.0,0.0,0.0,0.0,0.0,0.0,0.0,0.0,0.0,0.0
3751,F,F,F3751F,Core,NEGATIVE_CONSENSUS,INVARIABLE,False,False,False,0.061055347,0.4024178149016429,1.0,1.0,1.0,0.0,2009.2490234375,0.0,0.0,0.0,0.0,0.0,0.0,0.0,0.0,0.0,0.0
3752,C,C,C3752C,Core,NEGATIVE_CONSENSUS,INVARIABLE,False,False,False,0.025839863,0.4361460100233292,1.0,1.0,1.0,0.0,2009.2490234375,0.0,0.0,0.0,0.0,0.0,0.0,0.0,0.0,0.0,0.0
3753,G,G,G3753G,Core,NEGATIVE_CONSENSUS,INVARIABLE,False,False,False,0.15513371,0.3468384480856218,1.0,1.0,1.0,0.0,2009.2490234375,0.0,0.0,0.0,0.0,0.0,0.0,0.0,0.0,0.0,0.0
3754,V,V,V3754V,Core,NEGATIVE_CONSENSUS,INVARIABLE,False,False,False,0.60705686,0.21794905634298722,1.0,1.0,1.0,0.0,2009.2490234375,0.0,0.0,0.0,0.0,0.0,0.0,0.0,0.0,0.0,0.0
3755,N,N,N3755N,Core,NEGATIVE_CONSENSUS,INVARIABLE,False,False,False,0.2697167,0.3017609345059,1.0,1.0,1.0,0.0,2009.2490234375,0.0,0.0,0.0,0.0,0.0,0.0,0.0,0.0,0.0,0.0
3756,S,S,S3756S,Core,NEGATIVE_CONSENSUS,INVARIABLE,False,False,False,0.5161936,0.23623495187969223,1.0,1.0,1.0,0.0,2009.2490234375,0.0,0.0,0.0,0.0,0.0,0.0,0.0,0.0,0.0,0.0
3757,D,D,D3757D,Core,NEGATIVE_CONSENSUS,INVARIABLE,False,False,False,2.8818045,0.044792789968923004,1.0,1.0,1.0,0.0,2009.2490234375,0.0,0.0,0.0,0.0,0.0,0.0,0.0,0.0,0.0,0.0
3758,T,T,T3758T,Core,NEGATIVE_CONSENSUS,INVARIABLE,False,False,False,0.026892863,0.434869336287794,1.0,1.0,1.0,0.0,2009.2490234375,0.0,0.0,0.0,0.0,0.0,0.0,0.0,0.0,0.0,0.0
3759,V,V,V3759V,Core,NEGATIVE_CONSENSUS,INVARIABLE,False,False,False,0.15838115,0.3453256737119521,1.0,1.0,1.0,0.0,2009.2490234375,0.0,0.0,0.0,0.0,0.0,0.0,0.0,0.0,0.0,0.0
3760,G,D,G3760D,Core,NEGATIVE_CONSENSUS,TEMPORAL_NOISE,False,False,False,0.49980316,0.239793313323239,0.35271603,0.56435645,0.72686744,0.55029833,2009.3957726430085,0.06792642175570712,2009.3506,2009.4297,0.0790188,0.009154609402431594,0.00619401883845557,2.2701485,-2.2422545,1.8083084,-0.020208541
3761,W,W,W3761W,Core,NEGATIVE_CONSENSUS,INVARIABLE,False,False,False,0.14326186,0.3525297858631183,1.0,1.0,1.0,0.0,2009.2490234375,0.0,0.0,0.0,0.0,0.0,0.0,0.0,0.0,0.0,0.0
3762,S,S,S3762S,Core,NEGATIVE_CONSENSUS,INVARIABLE,False,False,False,0.26384795,0.30374440131695446,1.0,1.0,1.0,0.0,2009.2490234375,0.0,0.0,0.0,0.0,0.0,0.0,0.0,0.0,0.0,0.0
3763,W,W,W3763W,Core,NEGATIVE_CONSENSUS,INVARIABLE,False,False,False,0.14326186,0.3525297858631183,1.0,1.0,1.0,0.0,2009.2490234375,0.0,0.0,0.0,0.0,0.0,0.0,0.0,0.0,0.0,0.0
3764,P,P,P3764P,Core,NEGATIVE_CONSENSUS,INVARIABLE,False,False,False,0.09249291,0.3805157715681833,1.0,1.0,1.0,0.0,2009.2490234375,0.0,0.0,0.0,0.0,0.0,0.0,0.0,0.0,0.0,0.0
3765,D,D,D3765D,Core,NEGATIVE_CONSENSUS,INVARIABLE,False,False,False,2.8818045,0.044792789968923004,1.0,1.0,1.0,0.0,2009.2490234375,0.0,0.0,0.0,0.0,0.0,0.0,0.0,0.0,0.0,0.0
3766,G,G,G3766G,Core,NEGATIVE_CONSENSUS,INVARIABLE,False,False,False,0.15513371,0.3468384480856218,1.0,1.0,1.0,0.0,2009.2490234375,0.0,0.0,0.0,0.0,0.0,0.0,0.0,0.0,0.0,0.0
3767,A,A,A3767A,Core,NEGATIVE_CONSENSUS,INVARIABLE,False,False,False,0.6177493,0.21594245077438262,1.0,1.0,1.0,0.0,2009.2490234375,0.0,0.0,0.0,0.0,0.0,0.0,0.0,0.0,0.0,0.0
3768,E,E,E3768E,Core,NEGATIVE_CONSENSUS,INVARIABLE,False,False,False,0.09971498,0.37608596908684694,1.0,1.0,1.0,0.0,2009.2490234375,0.0,0.0,0.0,0.0,0.0,0.0,0.0,0.0,0.0,0.0
3769,L,L,L3769L,Core,NEGATIVE_CONSENSUS,INVARIABLE,False,False,False,0.11684559,0.36624060240780854,1.0,1.0,1.0,0.0,2009.2490234375,0.0,0.0,0.0,0.0,0.0,0.0,0.0,0.0,0.0,0.0
3770,P,P,P3770P,Core,NEGATIVE_CONSENSUS,INVARIABLE,False,False,False,0.09249291,0.3805157715681833,1.0,1.0,1.0,0.0,2009.2490234375,0.0,0.0,0.0,0.0,0.0,0.0,0.0,0.0,0.0,0.0
3771,F,F,F3771F,Core,NEGATIVE_CONSENSUS,INVARIABLE,False,False,False,0.061055347,0.4024178149016429,1.0,1.0,1.0,0.0,2009.2490234375,0.0,0.0,0.0,0.0,0.0,0.0,0.0,0.0,0.0,0.0
3772,T,T,T3772T,Core,NEGATIVE_CONSENSUS,INVARIABLE,False,False,False,0.033261508,0.42764328918344385,1.0,1.0,1.0,0.0,2009.2490234375,0.0,0.0,0.0,0.0,0.0,0.0,0.0,0.0,0.0,0.0
3773,I,I,I3773I,Core,NEGATIVE_CONSENSUS,INVARIABLE,False,False,False,0.4156525,0.25955718295162744,1.0,1.0,1.0,0.0,2009.2490234375,0.0,0.0,0.0,0.0,0.0,0.0,0.0,0.0,0.0,0.0
3774,D,D,D3774D,Core,NEGATIVE_CONSENSUS,INVARIABLE,False,False,False,2.8818045,0.044792789968923004,1.0,1.0,1.0,0.0,2009.2490234375,0.0,0.0,0.0,0.0,0.0,0.0,0.0,0.0,0.0,0.0
3775,K,K,K3775K,Core,NEGATIVE_CONSENSUS,FLAT_NO_SIGNAL,False,False,False,1.0418476,0.1536960805774837,0.3517909,1.0,1.0,0.0,2009.2490234375,0.0,0.0,0.0,0.0,0.0,0.0,0.0,0.0,0.0,0.0
3776,A,A,A3776A,Core,NEGATIVE_CONSENSUS,INVARIABLE,False,False,False,0.07253021,0.3938439016477709,1.0,1.0,1.0,0.0,2009.2490234375,0.0,0.0,0.0,0.0,0.0,0.0,0.0,0.0,0.0,0.0
3777,A,A,A3777A,Core,NEGATIVE_CONSENSUS,INVARIABLE,False,False,False,0.07253021,0.3938439016477709,1.0,1.0,1.0,0.0,2009.2490234375,0.0,0.0,0.0,0.0,0.0,0.0,0.0,0.0,0.0,0.0
3778,M,M,M3778M,Core,NEGATIVE_CONSENSUS,INVARIABLE,False,False,False,2.997451,0.04169781324081628,1.0,1.0,1.0,0.0,2009.2490234375,0.0,0.0,0.0,0.0,0.0,0.0,0.0,0.0,0.0,0.0
3779,S,S,S3779S,Core,NEGATIVE_CONSENSUS,INVARIABLE,False,False,False,3.5635898,0.029529942577602514,1.0,1.0,1.0,0.0,2009.2490234375,0.0,0.0,0.0,0.0,0.0,0.0,0.0,0.0,0.0,0.0
3780,L,L,L3780L,Core,NEGATIVE_CONSENSUS,INVARIABLE,False,False,False,8.389115,0.00188737292326082,1.0,1.0,1.0,0.0,2009.2490234375,0.0,0.0,0.0,0.0,0.0,0.0,0.0,0.0,0.0,0.0
3781,L,L,L3781L,Core,NEGATIVE_CONSENSUS,INVARIABLE,False,False,False,7.1264853,0.0037976732951686674,1.0,1.0,1.0,0.0,2009.2490234375,0.0,0.0,0.0,0.0,0.0,0.0,0.0,0.0,0.0,0.0
3782,T,T,T3782T,Core,NEGATIVE_CONSENSUS,INVARIABLE,False,False,False,0.033261508,0.42764328918344385,1.0,1.0,1.0,0.0,2009.2490234375,0.0,0.0,0.0,0.0,0.0,0.0,0.0,0.0,0.0,0.0
3783,E,E,E3783E,Core,NEGATIVE_CONSENSUS,INVARIABLE,False,False,False,0.09971498,0.37608596908684694,1.0,1.0,1.0,0.0,2009.2490234375,0.0,0.0,0.0,0.0,0.0,0.0,0.0,0.0,0.0,0.0
3784,V,V,V3784V,Core,NEGATIVE_CONSENSUS,INVARIABLE,False,False,False,0.91231257,0.1697507851367119,1.0,1.0,1.0,0.0,2009.2490234375,0.0,0.0,0.0,0.0,0.0,0.0,0.0,0.0,0.0,0.0
3785,E,E,E3785E,Core,NEGATIVE_CONSENSUS,INVARIABLE,False,False,False,0.17737707,0.33681854926235366,1.0,1.0,1.0,0.0,2009.2490234375,0.0,0.0,0.0,0.0,0.0,0.0,0.0,0.0,0.0,0.0
3786,T,T,T3786T,Core,NEGATIVE_CONSENSUS,INVARIABLE,False,False,False,0.082995705,0.3866390184146743,1.0,1.0,1.0,0.0,2009.2490234375,0.0,0.0,0.0,0.0,0.0,0.0,0.0,0.0,0.0,0.0
3787,Y,Y,Y3787Y,Core,NEGATIVE_CONSENSUS,INVARIABLE,False,False,False,0.08357149,0.38625726840274144,1.0,1.0,1.0,0.0,2009.2490234375,0.0,0.0,0.0,0.0,0.0,0.0,0.0,0.0,0.0,0.0
3788,V,V,V3788V,Core,NEGATIVE_CONSENSUS,INVARIABLE,False,False,False,0.27149606,0.3011649827004066,1.0,1.0,1.0,0.0,2009.2490234375,0.0,0.0,0.0,0.0,0.0,0.0,0.0,0.0,0.0,0.0
3789,L,L,L3789L,Core,NEGATIVE_CONSENSUS,INVARIABLE,False,False,False,0.1403902,0.3539467030420645,1.0,1.0,1.0,0.0,2009.2490234375,0.0,0.0,0.0,0.0,0.0,0.0,0.0,0.0,0.0,0.0
3790,S,S,S3790S,Core,NEGATIVE_CONSENSUS,INVARIABLE,False,False,False,0.26384795,0.30374440131695446,1.0,1.0,1.0,0.0,2009.2490234375,0.0,0.0,0.0,0.0,0.0,0.0,0.0,0.0,0.0,0.0
3791,I,I,I3791I,Core,NEGATIVE_CONSENSUS,INVARIABLE,False,False,False,0.41026053,0.2609186505464557,1.0,1.0,1.0,0.0,2009.2490234375,0.0,0.0,0.0,0.0,0.0,0.0,0.0,0.0,0.0,0.0
3792,I,I,I3792I,Core,NEGATIVE_CONSENSUS,INVARIABLE,False,False,False,0.16127524,0.34399257007864564,1.0,1.0,1.0,0.0,2009.2490234375,0.0,0.0,0.0,0.0,0.0,0.0,0.0,0.0,0.0,0.0
3793,P,P,P3793P,Core,NEGATIVE_CONSENSUS,INVARIABLE,False,False,False,0.084023274,0.3859587324025193,1.0,1.0,1.0,0.0,2009.2490234375,0.0,0.0,0.0,0.0,0.0,0.0,0.0,0.0,0.0,0.0
3794,S,S,S3794S,Core,NEGATIVE_CONSENSUS,INVARIABLE,False,False,False,0.2075632,0.3243420394483918,1.0,1.0,1.0,0.0,2009.2490234375,0.0,0.0,0.0,0.0,0.0,0.0,0.0,0.0,0.0,0.0
3795,G,G,G3795G,Core,NEGATIVE_CONSENSUS,INVARIABLE,False,False,False,0.31973153,0.28588451406953874,1.0,1.0,1.0,0.0,2009.2490234375,0.0,0.0,0.0,0.0,0.0,0.0,0.0,0.0,0.0,0.0
3796,P,P,P3796P,Core,NEGATIVE_CONSENSUS,INVARIABLE,False,False,False,0.13949645,0.35439106371219375,1.0,1.0,1.0,0.0,2009.2490234375,0.0,0.0,0.0,0.0,0.0,0.0,0.0,0.0,0.0,0.0
3797,L,L,L3797L,Core,NEGATIVE_CONSENSUS,INVARIABLE,False,False,False,0.17319994,0.3386417205269501,1.0,1.0,1.0,0.0,2009.2490234375,0.0,0.0,0.0,0.0,0.0,0.0,0.0,0.0,0.0,0.0
3798,K,K,K3798K,Core,NEGATIVE_CONSENSUS,INVARIABLE,False,False,False,1.2671006,0.13015565800770462,1.0,1.0,1.0,0.0,2009.2490234375,0.0,0.0,0.0,0.0,0.0,0.0,0.0,0.0,0.0,0.0
3799,A,A,A3799A,Core,NEGATIVE_CONSENSUS,INVARIABLE,False,False,False,1.0132155,0.15706686261615616,1.0,1.0,1.0,0.0,2009.2490234375,0.0,0.0,0.0,0.0,0.0,0.0,0.0,0.0,0.0,0.0
3800,E,E,E3800E,Core,NEGATIVE_CONSENSUS,INVARIABLE,False,False,False,0.09971498,0.37608596908684694,1.0,1.0,1.0,0.0,2009.2490234375,0.0,0.0,0.0,0.0,0.0,0.0,0.0,0.0,0.0,0.0
3801,I,I,I3801I,Core,NEGATIVE_CONSENSUS,INVARIABLE,False,False,False,0.41026053,0.2609186505464557,1.0,1.0,1.0,0.0,2009.2490234375,0.0,0.0,0.0,0.0,0.0,0.0,0.0,0.0,0.0,0.0
3802,A,A,A3802A,Core,NEGATIVE_CONSENSUS,INVARIABLE,False,False,False,0.112414464,0.36870593513800987,1.0,1.0,1.0,0.0,2009.2490234375,0.0,0.0,0.0,0.0,0.0,0.0,0.0,0.0,0.0,0.0
3803,Q,Q,Q3803Q,Core,NEGATIVE_CONSENSUS,INVARIABLE,False,False,False,0.14861211,0.3499326088640236,1.0,1.0,1.0,0.0,2009.2490234375,0.0,0.0,0.0,0.0,0.0,0.0,0.0,0.0,0.0,0.0
3804,R,R,R3804R,Core,NEGATIVE_CONSENSUS,INVARIABLE,False,False,False,0.047289148,0.41392467273385114,1.0,1.0,1.0,0.0,2009.2490234375,0.0,0.0,0.0,0.0,0.0,0.0,0.0,0.0,0.0,0.0
3805,L,M,L3805M,Core,NEGATIVE_CONSENSUS,TEMPORAL_NOISE,False,False,False,2.7382188,0.048986959428352767,0.3517909,0.32673267,0.63701445,0.6890736,2009.8021550582628,0.1170399040313661,2009.757,2009.836,0.0790188,0.015628621272562822,0.010585328099725365,0.14131771,2.1976085,-5.1081824,2.3736205
3806,E,E,E3806E,Core,NEGATIVE_CONSENSUS,INVARIABLE,False,False,False,0.17737707,0.33681854926235366,1.0,1.0,1.0,0.0,2009.2490234375,0.0,0.0,0.0,0.0,0.0,0.0,0.0,0.0,0.0,0.0
3807,S,G,S3807G,Core,NEGATIVE_CONSENSUS,TEMPORAL_NOISE,False,False,False,2.9670553,0.04248820237941581,0.3517909,0.31683168,0.63701445,0.93786025,2009.4747914459747,0.10560994575416754,2009.4409,2009.5087,0.067730404,0.014081327455052672,0.00953732551461552,0.78436476,-0.7255848,-0.34782535,-7.002075
3808,V,V,V3808V,Core,NEGATIVE_CONSENSUS,INVARIABLE,False,False,False,0.91231257,0.1697507851367119,1.0,1.0,1.0,0.0,2009.2490234375,0.0,0.0,0.0,0.0,0.0,0.0,0.0,0.0,0.0,0.0
3809,F,F,F3809F,Core,NEGATIVE_CONSENSUS,INVARIABLE,False,False,False,0.018492758,0.4459153515623783,1.0,1.0,1.0,0.0,2009.2490234375,0.0,0.0,0.0,0.0,0.0,0.0,0.0,0.0,0.0,0.0
3810,A,A,A3810A,Core,NEGATIVE_CONSENSUS,INVARIABLE,False,False,False,0.50961536,0.23765270523878462,1.0,1.0,1.0,0.0,2009.2490234375,0.0,0.0,0.0,0.0,0.0,0.0,0.0,0.0,0.0,0.0
3811,G,G,G3811G,Core,NEGATIVE_CONSENSUS,INVARIABLE,False,False,False,0.08983235,0.38219519767681476,1.0,1.0,1.0,0.0,2009.2490234375,0.0,0.0,0.0,0.0,0.0,0.0,0.0,0.0,0.0,0.0
3812,K,K,K3812K,Core,NEGATIVE_CONSENSUS,INVARIABLE,False,False,False,0.2995089,0.2920952302947697,1.0,1.0,1.0,0.0,2009.2490234375,0.0,0.0,0.0,0.0,0.0,0.0,0.0,0.0,0.0,0.0
3813,N,N,N3813N,Core,NEGATIVE_CONSENSUS,INVARIABLE,False,False,False,0.2697167,0.3017609345059,1.0,1.0,1.0,0.0,2009.2490234375,0.0,0.0,0.0,0.0,0.0,0.0,0.0,0.0,0.0,0.0
3814,T,T,T3814T,Core,NEGATIVE_CONSENSUS,INVARIABLE,False,False,False,0.03364685,0.427230012532943,1.0,1.0,1.0,0.0,2009.2490234375,0.0,0.0,0.0,0.0,0.0,0.0,0.0,0.0,0.0,0.0
3815,D,D,D3815D,Core,NEGATIVE_CONSENSUS,INVARIABLE,False,False,False,0.24172953,0.3114798699800736,1.0,1.0,1.0,0.0,2009.2490234375,0.0,0.0,0.0,0.0,0.0,0.0,0.0,0.0,0.0,0.0
3816,L,L,L3816L,Core,NEGATIVE_CONSENSUS,INVARIABLE,False,False,False,0.1403902,0.3539467030420645,1.0,1.0,1.0,0.0,2009.2490234375,0.0,0.0,0.0,0.0,0.0,0.0,0.0,0.0,0.0,0.0
3817,E,E,E3817E,Core,NEGATIVE_CONSENSUS,INVARIABLE,False,False,False,0.09971498,0.37608596908684694,1.0,1.0,1.0,0.0,2009.2490234375,0.0,0.0,0.0,0.0,0.0,0.0,0.0,0.0,0.0,0.0
3818,A,A,A3818A,Core,NEGATIVE_CONSENSUS,INVARIABLE,False,False,False,0.6177493,0.21594245077438262,1.0,1.0,1.0,0.0,2009.2490234375,0.0,0.0,0.0,0.0,0.0,0.0,0.0,0.0,0.0,0.0
3819,L,L,L3819L,Core,NEGATIVE_CONSENSUS,INVARIABLE,False,False,False,0.17319994,0.3386417205269501,1.0,1.0,1.0,0.0,2009.2490234375,0.0,0.0,0.0,0.0,0.0,0.0,0.0,0.0,0.0,0.0
3820,M,M,M3820M,Core,NEGATIVE_CONSENSUS,INVARIABLE,False,False,False,0.04345588,0.4174346170740496,1.0,1.0,1.0,0.0,2009.2490234375,0.0,0.0,0.0,0.0,0.0,0.0,0.0,0.0,0.0,0.0
3821,E,E,E3821E,Core,NEGATIVE_CONSENSUS,INVARIABLE,False,False,False,0.1878727,0.3323465428659623,1.0,1.0,1.0,0.0,2009.2490234375,0.0,0.0,0.0,0.0,0.0,0.0,0.0,0.0,0.0,0.0
3822,W,W,W3822W,Core,NEGATIVE_CONSENSUS,INVARIABLE,False,False,False,0.14326186,0.3525297858631183,1.0,1.0,1.0,0.0,2009.2490234375,0.0,0.0,0.0,0.0,0.0,0.0,0.0,0.0,0.0,0.0
3823,L,L,L3823L,Core,NEGATIVE_CONSENSUS,INVARIABLE,False,False,False,0.20977953,0.32347013020324433,1.0,1.0,1.0,0.0,2009.2490234375,0.0,0.0,0.0,0.0,0.0,0.0,0.0,0.0,0.0,0.0
3824,K,K,K3824K,Core,NEGATIVE_CONSENSUS,INVARIABLE,False,False,False,0.2995089,0.2920952302947697,1.0,1.0,1.0,0.0,2009.2490234375,0.0,0.0,0.0,0.0,0.0,0.0,0.0,0.0,0.0,0.0
3825,T,T,T3825T,Core,NEGATIVE_CONSENSUS,INVARIABLE,False,False,False,0.03364685,0.427230012532943,1.0,1.0,1.0,0.0,2009.2490234375,0.0,0.0,0.0,0.0,0.0,0.0,0.0,0.0,0.0,0.0
3826,R,R,R3826R,Core,NEGATIVE_CONSENSUS,INVARIABLE,False,False,False,0.047289148,0.41392467273385114,1.0,1.0,1.0,0.0,2009.2490234375,0.0,0.0,0.0,0.0,0.0,0.0,0.0,0.0,0.0,0.0
3827,P,P,P3827P,Core,NEGATIVE_CONSENSUS,INVARIABLE,False,False,False,0.09249291,0.3805157715681833,1.0,1.0,1.0,0.0,2009.2490234375,0.0,0.0,0.0,0.0,0.0,0.0,0.0,0.0,0.0,0.0
3828,I,I,I3828I,Core,NEGATIVE_CONSENSUS,INVARIABLE,False,False,False,0.41026053,0.2609186505464557,1.0,1.0,1.0,0.0,2009.2490234375,0.0,0.0,0.0,0.0,0.0,0.0,0.0,0.0,0.0,0.0
3829,L,L,L3829L,Core,NEGATIVE_CONSENSUS,INVARIABLE,False,False,False,0.11684559,0.36624060240780854,1.0,1.0,1.0,0.0,2009.2490234375,0.0,0.0,0.0,0.0,0.0,0.0,0.0,0.0,0.0,0.0
3830,S,S,S3830S,Core,NEGATIVE_CONSENSUS,INVARIABLE,False,False,False,0.2075632,0.3243420394483918,1.0,1.0,1.0,0.0,2009.2490234375,0.0,0.0,0.0,0.0,0.0,0.0,0.0,0.0,0.0,0.0
3831,P,P,P3831P,Core,NEGATIVE_CONSENSUS,INVARIABLE,False,False,False,0.18130763,0.33512594256133826,1.0,1.0,1.0,0.0,2009.2490234375,0.0,0.0,0.0,0.0,0.0,0.0,0.0,0.0,0.0,0.0
3832,L,L,L3832L,Core,NEGATIVE_CONSENSUS,INVARIABLE,False,False,False,0.30303413,0.29099325928001235,1.0,1.0,1.0,0.0,2009.2490234375,0.0,0.0,0.0,0.0,0.0,0.0,0.0,0.0,0.0,0.0
3833,T,T,T3833T,Core,NEGATIVE_CONSENSUS,INVARIABLE,False,False,False,0.026892863,0.434869336287794,1.0,1.0,1.0,0.0,2009.2490234375,0.0,0.0,0.0,0.0,0.0,0.0,0.0,0.0,0.0,0.0
3834,K,K,K3834K,Core,NEGATIVE_CONSENSUS,INVARIABLE,False,False,False,0.2995089,0.2920952302947697,1.0,1.0,1.0,0.0,2009.2490234375,0.0,0.0,0.0,0.0,0.0,0.0,0.0,0.0,0.0,0.0
3835,G,G,G3835G,Core,NEGATIVE_CONSENSUS,INVARIABLE,False,False,False,0.08983235,0.38219519767681476,1.0,1.0,1.0,0.0,2009.2490234375,0.0,0.0,0.0,0.0,0.0,0.0,0.0,0.0,0.0,0.0
3836,I,I,I3836I,Core,NEGATIVE_CONSENSUS,INVARIABLE,False,False,False,0.7167717,0.19860244442133695,1.0,1.0,1.0,0.0,2009.2490234375,0.0,0.0,0.0,0.0,0.0,0.0,0.0,0.0,0.0,0.0
3837,L,L,L3837L,Core,NEGATIVE_CONSENSUS,INVARIABLE,False,False,False,0.05896664,0.40406836256085304,1.0,1.0,1.0,0.0,2009.2490234375,0.0,0.0,0.0,0.0,0.0,0.0,0.0,0.0,0.0,0.0
3838,G,G,G3838G,Core,NEGATIVE_CONSENSUS,INVARIABLE,False,False,False,0.08983235,0.38219519767681476,1.0,1.0,1.0,0.0,2009.2490234375,0.0,0.0,0.0,0.0,0.0,0.0,0.0,0.0,0.0,0.0
3839,F,F,F3839F,Core,NEGATIVE_CONSENSUS,INVARIABLE,False,False,False,0.061055347,0.4024178149016429,1.0,1.0,1.0,0.0,2009.2490234375,0.0,0.0,0.0,0.0,0.0,0.0,0.0,0.0,0.0,0.0
3840,V,V,V3840V,Core,NEGATIVE_CONSENSUS,INVARIABLE,False,False,False,0.15838115,0.3453256737119521,1.0,1.0,1.0,0.0,2009.2490234375,0.0,0.0,0.0,0.0,0.0,0.0,0.0,0.0,0.0,0.0
3841,F,F,F3841F,Core,NEGATIVE_CONSENSUS,INVARIABLE,False,False,False,0.03677015,0.42396688710899644,1.0,1.0,1.0,0.0,2009.2490234375,0.0,0.0,0.0,0.0,0.0,0.0,0.0,0.0,0.0,0.0
3842,T,T,T3842T,Core,NEGATIVE_CONSENSUS,INVARIABLE,False,False,False,0.082995705,0.3866390184146743,1.0,1.0,1.0,0.0,2009.2490234375,0.0,0.0,0.0,0.0,0.0,0.0,0.0,0.0,0.0,0.0
3843,L,L,L3843L,Core,NEGATIVE_CONSENSUS,INVARIABLE,False,False,False,0.17319994,0.3386417205269501,1.0,1.0,1.0,0.0,2009.2490234375,0.0,0.0,0.0,0.0,0.0,0.0,0.0,0.0,0.0,0.0
3844,T,T,T3844T,Core,NEGATIVE_CONSENSUS,INVARIABLE,False,False,False,0.033261508,0.42764328918344385,1.0,1.0,1.0,0.0,2009.2490234375,0.0,0.0,0.0,0.0,0.0,0.0,0.0,0.0,0.0,0.0
3845,V,V,V3845V,Core,NEGATIVE_CONSENSUS,INVARIABLE,False,False,False,0.15838115,0.3453256737119521,1.0,1.0,1.0,0.0,2009.2490234375,0.0,0.0,0.0,0.0,0.0,0.0,0.0,0.0,0.0,0.0
3846,P,P,P3846P,Core,NEGATIVE_CONSENSUS,INVARIABLE,False,False,False,0.13949645,0.35439106371219375,1.0,1.0,1.0,0.0,2009.2490234375,0.0,0.0,0.0,0.0,0.0,0.0,0.0,0.0,0.0,0.0
3847,S,S,S3847S,Core,NEGATIVE_CONSENSUS,INVARIABLE,False,False,False,0.5161936,0.23623495187969223,1.0,1.0,1.0,0.0,2009.2490234375,0.0,0.0,0.0,0.0,0.0,0.0,0.0,0.0,0.0,0.0
3848,E,E,E3848E,Core,NEGATIVE_CONSENSUS,INVARIABLE,False,False,False,0.107061684,0.37175724480797767,1.0,1.0,1.0,0.0,2009.2490234375,0.0,0.0,0.0,0.0,0.0,0.0,0.0,0.0,0.0,0.0
3849,R,R,R3849R,Core,NEGATIVE_CONSENSUS,INVARIABLE,False,False,False,0.03523141,0.4255557883149065,1.0,1.0,1.0,0.0,2009.2490234375,0.0,0.0,0.0,0.0,0.0,0.0,0.0,0.0,0.0,0.0
3850,G,G,G3850G,Core,NEGATIVE_CONSENSUS,INVARIABLE,False,False,False,0.08983235,0.38219519767681476,1.0,1.0,1.0,0.0,2009.2490234375,0.0,0.0,0.0,0.0,0.0,0.0,0.0,0.0,0.0,0.0
3851,L,L,L3851L,Core,NEGATIVE_CONSENSUS,INVARIABLE,False,False,False,0.15878537,0.3451386324350256,1.0,1.0,1.0,0.0,2009.2490234375,0.0,0.0,0.0,0.0,0.0,0.0,0.0,0.0,0.0,0.0
3852,Q,Q,Q3852Q,Core,NEGATIVE_CONSENSUS,INVARIABLE,False,False,False,0.14861211,0.3499326088640236,1.0,1.0,1.0,0.0,2009.2490234375,0.0,0.0,0.0,0.0,0.0,0.0,0.0,0.0,0.0,0.0
3853,R,R,R3853R,Core,NEGATIVE_CONSENSUS,INVARIABLE,False,False,False,0.06321867,0.40073959023730843,1.0,1.0,1.0,0.0,2009.2490234375,0.0,0.0,0.0,0.0,0.0,0.0,0.0,0.0,0.0,0.0
3854,R,R,R3854R,Core,NEGATIVE_CONSENSUS,INVARIABLE,False,False,False,0.04907984,0.41233611374847184,1.0,1.0,1.0,0.0,2009.2490234375,0.0,0.0,0.0,0.0,0.0,0.0,0.0,0.0,0.0,0.0
3855,R,R,R3855R,Core,NEGATIVE_CONSENSUS,INVARIABLE,False,False,False,0.100597985,0.37555660265095264,1.0,1.0,1.0,0.0,2009.2490234375,0.0,0.0,0.0,0.0,0.0,0.0,0.0,0.0,0.0,0.0
3856,F,F,F3856F,Core,NEGATIVE_CONSENSUS,INVARIABLE,False,False,False,0.061055347,0.4024178149016429,1.0,1.0,1.0,0.0,2009.2490234375,0.0,0.0,0.0,0.0,0.0,0.0,0.0,0.0,0.0,0.0
3857,V,V,V3857V,Core,NEGATIVE_CONSENSUS,INVARIABLE,False,False,False,0.87725854,0.17447682217855626,1.0,1.0,1.0,0.0,2009.2490234375,0.0,0.0,0.0,0.0,0.0,0.0,0.0,0.0,0.0,0.0
3858,Q,Q,Q3858Q,Core,NEGATIVE_CONSENSUS,INVARIABLE,False,False,False,0.1328033,0.35777149996023005,1.0,1.0,1.0,0.0,2009.2490234375,0.0,0.0,0.0,0.0,0.0,0.0,0.0,0.0,0.0,0.0
3859,N,N,N3859N,Core,NEGATIVE_CONSENSUS,INVARIABLE,False,False,False,0.14756067,0.3504387265808948,1.0,1.0,1.0,0.0,2009.2490234375,0.0,0.0,0.0,0.0,0.0,0.0,0.0,0.0,0.0,0.0
3860,A,A,A3860A,Core,NEGATIVE_CONSENSUS,INVARIABLE,False,False,False,0.5304671,0.23320527504551325,1.0,1.0,1.0,0.0,2009.2490234375,0.0,0.0,0.0,0.0,0.0,0.0,0.0,0.0,0.0,0.0
3861,L,L,L3861L,Core,NEGATIVE_CONSENSUS,INVARIABLE,False,False,False,0.20977953,0.32347013020324433,1.0,1.0,1.0,0.0,2009.2490234375,0.0,0.0,0.0,0.0,0.0,0.0,0.0,0.0,0.0,0.0
3862,N,N,N3862N,Core,NEGATIVE_CONSENSUS,INVARIABLE,False,False,False,0.14756067,0.3504387265808948,1.0,1.0,1.0,0.0,2009.2490234375,0.0,0.0,0.0,0.0,0.0,0.0,0.0,0.0,0.0,0.0
3863,G,G,G3863G,Core,NEGATIVE_CONSENSUS,INVARIABLE,False,False,False,0.10198707,0.37472898848367453,1.0,1.0,1.0,0.0,2009.2490234375,0.0,0.0,0.0,0.0,0.0,0.0,0.0,0.0,0.0,0.0
3864,N,N,N3864N,Core,NEGATIVE_CONSENSUS,INVARIABLE,False,False,False,0.14756067,0.3504387265808948,1.0,1.0,1.0,0.0,2009.2490234375,0.0,0.0,0.0,0.0,0.0,0.0,0.0,0.0,0.0,0.0
3865,G,G,G3865G,Core,NEGATIVE_CONSENSUS,INVARIABLE,False,False,False,0.07918686,0.38920119807498477,1.0,1.0,1.0,0.0,2009.2490234375,0.0,0.0,0.0,0.0,0.0,0.0,0.0,0.0,0.0,0.0
3866,D,D,D3866D,Core,NEGATIVE_CONSENSUS,INVARIABLE,False,False,False,2.8818045,0.044792789968923004,1.0,1.0,1.0,0.0,2009.2490234375,0.0,0.0,0.0,0.0,0.0,0.0,0.0,0.0,0.0,0.0
3867,P,P,P3867P,Core,NEGATIVE_CONSENSUS,INVARIABLE,False,False,False,0.084023274,0.3859587324025193,1.0,1.0,1.0,0.0,2009.2490234375,0.0,0.0,0.0,0.0,0.0,0.0,0.0,0.0,0.0,0.0
3868,N,N,N3868N,Core,NEGATIVE_CONSENSUS,INVARIABLE,False,False,False,0.2697167,0.3017609345059,1.0,1.0,1.0,0.0,2009.2490234375,0.0,0.0,0.0,0.0,0.0,0.0,0.0,0.0,0.0,0.0
3869,N,N,N3869N,Core,NEGATIVE_CONSENSUS,INVARIABLE,False,False,False,0.2697167,0.3017609345059,1.0,1.0,1.0,0.0,2009.2490234375,0.0,0.0,0.0,0.0,0.0,0.0,0.0,0.0,0.0,0.0
3870,M,M,M3870M,Core,NEGATIVE_CONSENSUS,INVARIABLE,False,False,False,0.04345588,0.4174346170740496,1.0,1.0,1.0,0.0,2009.2490234375,0.0,0.0,0.0,0.0,0.0,0.0,0.0,0.0,0.0,0.0
3871,D,D,D3871D,Core,NEGATIVE_CONSENSUS,INVARIABLE,False,False,False,0.24172953,0.3114798699800736,1.0,1.0,1.0,0.0,2009.2490234375,0.0,0.0,0.0,0.0,0.0,0.0,0.0,0.0,0.0,0.0
3872,R,R,R3872R,Core,NEGATIVE_CONSENSUS,INVARIABLE,False,False,False,0.047289148,0.41392467273385114,1.0,1.0,1.0,0.0,2009.2490234375,0.0,0.0,0.0,0.0,0.0,0.0,0.0,0.0,0.0,0.0
3873,A,A,A3873A,Core,NEGATIVE_CONSENSUS,INVARIABLE,False,False,False,0.50961536,0.23765270523878462,1.0,1.0,1.0,0.0,2009.2490234375,0.0,0.0,0.0,0.0,0.0,0.0,0.0,0.0,0.0,0.0
3874,V,V,V3874V,Core,NEGATIVE_CONSENSUS,INVARIABLE,False,False,False,0.27149606,0.3011649827004066,1.0,1.0,1.0,0.0,2009.2490234375,0.0,0.0,0.0,0.0,0.0,0.0,0.0,0.0,0.0,0.0
3875,K,K,K3875K,Core,NEGATIVE_CONSENSUS,INVARIABLE,False,False,False,1.2671006,0.13015565800770462,1.0,1.0,1.0,0.0,2009.2490234375,0.0,0.0,0.0,0.0,0.0,0.0,0.0,0.0,0.0,0.0
3876,L,L,L3876L,Core,NEGATIVE_CONSENSUS,INVARIABLE,False,False,False,0.084901735,0.38538072794746137,1.0,1.0,1.0,0.0,2009.2490234375,0.0,0.0,0.0,0.0,0.0,0.0,0.0,0.0,0.0,0.0
3877,Y,Y,Y3877Y,Core,NEGATIVE_CONSENSUS,INVARIABLE,False,False,False,0.03247026,0.4284997180706963,1.0,1.0,1.0,0.0,2009.2490234375,0.0,0.0,0.0,0.0,0.0,0.0,0.0,0.0,0.0,0.0
3878,K,K,K3878K,Core,NEGATIVE_CONSENSUS,INVARIABLE,False,False,False,0.2995089,0.2920952302947697,1.0,1.0,1.0,0.0,2009.2490234375,0.0,0.0,0.0,0.0,0.0,0.0,0.0,0.0,0.0,0.0
3879,K,K,K3879K,Core,NEGATIVE_CONSENSUS,INVARIABLE,False,False,False,0.2995089,0.2920952302947697,1.0,1.0,1.0,0.0,2009.2490234375,0.0,0.0,0.0,0.0,0.0,0.0,0.0,0.0,0.0,0.0
3880,L,L,L3880L,Core,NEGATIVE_CONSENSUS,INVARIABLE,False,False,False,0.17319994,0.3386417205269501,1.0,1.0,1.0,0.0,2009.2490234375,0.0,0.0,0.0,0.0,0.0,0.0,0.0,0.0,0.0,0.0
3881,K,K,K3881K,Core,NEGATIVE_CONSENSUS,INVARIABLE,False,False,False,1.2671006,0.13015565800770462,1.0,1.0,1.0,0.0,2009.2490234375,0.0,0.0,0.0,0.0,0.0,0.0,0.0,0.0,0.0,0.0
3882,R,R,R3882R,Core,NEGATIVE_CONSENSUS,INVARIABLE,False,False,False,0.047289148,0.41392467273385114,1.0,1.0,1.0,0.0,2009.2490234375,0.0,0.0,0.0,0.0,0.0,0.0,0.0,0.0,0.0,0.0
3883,E,E,E3883E,Core,NEGATIVE_CONSENSUS,INVARIABLE,False,False,False,0.17737707,0.33681854926235366,1.0,1.0,1.0,0.0,2009.2490234375,0.0,0.0,0.0,0.0,0.0,0.0,0.0,0.0,0.0,0.0
3884,I,I,I3884I,Core,NEGATIVE_CONSENSUS,INVARIABLE,False,False,False,1.0355865,0.15442508350662135,1.0,1.0,1.0,0.0,2009.2490234375,0.0,0.0,0.0,0.0,0.0,0.0,0.0,0.0,0.0,0.0
3885,T,T,T3885T,Core,NEGATIVE_CONSENSUS,INVARIABLE,False,False,False,0.05247797,0.40940309383979834,1.0,1.0,1.0,0.0,2009.2490234375,0.0,0.0,0.0,0.0,0.0,0.0,0.0,0.0,0.0,0.0
3886,F,F,F3886F,Core,NEGATIVE_CONSENSUS,INVARIABLE,False,False,False,0.03677015,0.42396688710899644,1.0,1.0,1.0,0.0,2009.2490234375,0.0,0.0,0.0,0.0,0.0,0.0,0.0,0.0,0.0,0.0
3887,H,H,H3887H,Core,NEGATIVE_CONSENSUS,INVARIABLE,False,False,False,0.18790461,0.3323331716817506,1.0,1.0,1.0,0.0,2009.2490234375,0.0,0.0,0.0,0.0,0.0,0.0,0.0,0.0,0.0,0.0
3888,G,G,G3888G,Core,NEGATIVE_CONSENSUS,INVARIABLE,False,False,False,0.10198707,0.37472898848367453,1.0,1.0,1.0,0.0,2009.2490234375,0.0,0.0,0.0,0.0,0.0,0.0,0.0,0.0,0.0,0.0
3889,A,A,A3889A,Core,NEGATIVE_CONSENSUS,INVARIABLE,False,False,False,1.0132155,0.15706686261615616,1.0,1.0,1.0,0.0,2009.2490234375,0.0,0.0,0.0,0.0,0.0,0.0,0.0,0.0,0.0,0.0
3890,K,K,K3890K,Core,NEGATIVE_CONSENSUS,INVARIABLE,False,False,False,0.2995089,0.2920952302947697,1.0,1.0,1.0,0.0,2009.2490234375,0.0,0.0,0.0,0.0,0.0,0.0,0.0,0.0,0.0,0.0
3891,E,E,E3891E,Core,NEGATIVE_CONSENSUS,INVARIABLE,False,False,False,0.09971498,0.37608596908684694,1.0,1.0,1.0,0.0,2009.2490234375,0.0,0.0,0.0,0.0,0.0,0.0,0.0,0.0,0.0,0.0
3892,V,V,V3892V,Core,NEGATIVE_CONSENSUS,INVARIABLE,False,False,False,0.15838115,0.3453256737119521,1.0,1.0,1.0,0.0,2009.2490234375,0.0,0.0,0.0,0.0,0.0,0.0,0.0,0.0,0.0,0.0
3893,S,S,S3893S,Core,NEGATIVE_CONSENSUS,INVARIABLE,False,False,False,0.2075632,0.3243420394483918,1.0,1.0,1.0,0.0,2009.2490234375,0.0,0.0,0.0,0.0,0.0,0.0,0.0,0.0,0.0,0.0
3894,L,L,L3894L,Core,NEGATIVE_CONSENSUS,INVARIABLE,False,False,False,0.20977953,0.32347013020324433,1.0,1.0,1.0,0.0,2009.2490234375,0.0,0.0,0.0,0.0,0.0,0.0,0.0,0.0,0.0,0.0
3895,S,S,S3895S,Core,NEGATIVE_CONSENSUS,INVARIABLE,False,False,False,0.49796218,0.2401984475468799,1.0,1.0,1.0,0.0,2009.2490234375,0.0,0.0,0.0,0.0,0.0,0.0,0.0,0.0,0.0,0.0
3896,Y,Y,Y3896Y,Core,NEGATIVE_CONSENSUS,INVARIABLE,False,False,False,0.04160279,0.41918940090001205,1.0,1.0,1.0,0.0,2009.2490234375,0.0,0.0,0.0,0.0,0.0,0.0,0.0,0.0,0.0,0.0
3897,S,S,S3897S,Core,NEGATIVE_CONSENSUS,INVARIABLE,False,False,False,0.2075632,0.3243420394483918,1.0,1.0,1.0,0.0,2009.2490234375,0.0,0.0,0.0,0.0,0.0,0.0,0.0,0.0,0.0,0.0
3898,T,T,T3898T,Core,NEGATIVE_CONSENSUS,INVARIABLE,False,False,False,0.026892863,0.434869336287794,1.0,1.0,1.0,0.0,2009.2490234375,0.0,0.0,0.0,0.0,0.0,0.0,0.0,0.0,0.0,0.0
3899,G,G,G3899G,Core,NEGATIVE_CONSENSUS,INVARIABLE,False,False,False,0.15513371,0.3468384480856218,1.0,1.0,1.0,0.0,2009.2490234375,0.0,0.0,0.0,0.0,0.0,0.0,0.0,0.0,0.0,0.0
3900,A,A,A3900A,Core,NEGATIVE_CONSENSUS,INVARIABLE,False,False,False,0.50961536,0.23765270523878462,1.0,1.0,1.0,0.0,2009.2490234375,0.0,0.0,0.0,0.0,0.0,0.0,0.0,0.0,0.0,0.0
3901,L,L,L3901L,Core,NEGATIVE_CONSENSUS,INVARIABLE,False,False,False,0.1403902,0.3539467030420645,1.0,1.0,1.0,0.0,2009.2490234375,0.0,0.0,0.0,0.0,0.0,0.0,0.0,0.0,0.0,0.0
3902,A,A,A3902A,Core,NEGATIVE_CONSENSUS,INVARIABLE,False,False,False,1.0132155,0.15706686261615616,1.0,1.0,1.0,0.0,2009.2490234375,0.0,0.0,0.0,0.0,0.0,0.0,0.0,0.0,0.0,0.0
3903,S,S,S3903S,Core,NEGATIVE_CONSENSUS,INVARIABLE,False,False,False,0.5161936,0.23623495187969223,1.0,1.0,1.0,0.0,2009.2490234375,0.0,0.0,0.0,0.0,0.0,0.0,0.0,0.0,0.0,0.0
3904,C,C,C3904C,Core,NEGATIVE_CONSENSUS,INVARIABLE,False,False,False,0.098847605,0.3766084799559455,1.0,1.0,1.0,0.0,2009.2490234375,0.0,0.0,0.0,0.0,0.0,0.0,0.0,0.0,0.0,0.0
3905,M,M,M3905M,Core,NEGATIVE_CONSENSUS,INVARIABLE,False,False,False,0.04345588,0.4174346170740496,1.0,1.0,1.0,0.0,2009.2490234375,0.0,0.0,0.0,0.0,0.0,0.0,0.0,0.0,0.0,0.0
3906,G,G,G3906G,Core,NEGATIVE_CONSENSUS,INVARIABLE,False,False,False,0.32967013,0.2829266956761589,1.0,1.0,1.0,0.0,2009.2490234375,0.0,0.0,0.0,0.0,0.0,0.0,0.0,0.0,0.0,0.0
3907,L,L,L3907L,Core,NEGATIVE_CONSENSUS,INVARIABLE,False,False,False,0.17319994,0.3386417205269501,1.0,1.0,1.0,0.0,2009.2490234375,0.0,0.0,0.0,0.0,0.0,0.0,0.0,0.0,0.0,0.0
3908,I,I,I3908I,Core,NEGATIVE_CONSENSUS,INVARIABLE,False,False,False,1.0355865,0.15442508350662135,1.0,1.0,1.0,0.0,2009.2490234375,0.0,0.0,0.0,0.0,0.0,0.0,0.0,0.0,0.0,0.0
3909,Y,Y,Y3909Y,Core,NEGATIVE_CONSENSUS,INVARIABLE,False,False,False,0.08357149,0.38625726840274144,1.0,1.0,1.0,0.0,2009.2490234375,0.0,0.0,0.0,0.0,0.0,0.0,0.0,0.0,0.0,0.0
3910,N,N,N3910N,Core,NEGATIVE_CONSENSUS,INVARIABLE,False,False,False,0.2697167,0.3017609345059,1.0,1.0,1.0,0.0,2009.2490234375,0.0,0.0,0.0,0.0,0.0,0.0,0.0,0.0,0.0,0.0
3911,R,R,R3911R,Core,NEGATIVE_CONSENSUS,INVARIABLE,False,False,False,0.028509714,0.43295802331760885,1.0,1.0,1.0,0.0,2009.2490234375,0.0,0.0,0.0,0.0,0.0,0.0,0.0,0.0,0.0,0.0
3912,M,M,M3912M,Core,NEGATIVE_CONSENSUS,INVARIABLE,False,False,False,0.04345588,0.4174346170740496,1.0,1.0,1.0,0.0,2009.2490234375,0.0,0.0,0.0,0.0,0.0,0.0,0.0,0.0,0.0,0.0
3913,G,G,G3913G,Core,NEGATIVE_CONSENSUS,INVARIABLE,False,False,False,0.08983235,0.38219519767681476,1.0,1.0,1.0,0.0,2009.2490234375,0.0,0.0,0.0,0.0,0.0,0.0,0.0,0.0,0.0,0.0
3914,T,T,T3914T,Core,NEGATIVE_CONSENSUS,INVARIABLE,False,False,False,0.03364685,0.427230012532943,1.0,1.0,1.0,0.0,2009.2490234375,0.0,0.0,0.0,0.0,0.0,0.0,0.0,0.0,0.0,0.0
3915,V,V,V3915V,Core,NEGATIVE_CONSENSUS,INVARIABLE,False,False,False,0.15838115,0.3453256737119521,1.0,1.0,1.0,0.0,2009.2490234375,0.0,0.0,0.0,0.0,0.0,0.0,0.0,0.0,0.0,0.0
3916,T,T,T3916T,Core,NEGATIVE_CONSENSUS,INVARIABLE,False,False,False,0.033261508,0.42764328918344385,1.0,1.0,1.0,0.0,2009.2490234375,0.0,0.0,0.0,0.0,0.0,0.0,0.0,0.0,0.0,0.0
3917,T,T,T3917T,Core,NEGATIVE_CONSENSUS,INVARIABLE,False,False,False,0.03364685,0.427230012532943,1.0,1.0,1.0,0.0,2009.2490234375,0.0,0.0,0.0,0.0,0.0,0.0,0.0,0.0,0.0,0.0
3918,E,E,E3918E,Core,NEGATIVE_CONSENSUS,INVARIABLE,False,False,False,0.17737707,0.33681854926235366,1.0,1.0,1.0,0.0,2009.2490234375,0.0,0.0,0.0,0.0,0.0,0.0,0.0,0.0,0.0,0.0
3919,A,A,A3919A,Core,NEGATIVE_CONSENSUS,INVARIABLE,False,False,False,0.6177493,0.21594245077438262,1.0,1.0,1.0,0.0,2009.2490234375,0.0,0.0,0.0,0.0,0.0,0.0,0.0,0.0,0.0,0.0
3920,A,A,A3920A,Core,NEGATIVE_CONSENSUS,INVARIABLE,False,False,False,0.16894129,0.34052721821924314,1.0,1.0,1.0,0.0,2009.2490234375,0.0,0.0,0.0,0.0,0.0,0.0,0.0,0.0,0.0,0.0
3921,F,F,F3921F,Core,NEGATIVE_CONSENSUS,INVARIABLE,False,False,False,0.061055347,0.4024178149016429,1.0,1.0,1.0,0.0,2009.2490234375,0.0,0.0,0.0,0.0,0.0,0.0,0.0,0.0,0.0,0.0
3922,G,G,G3922G,Core,NEGATIVE_CONSENSUS,INVARIABLE,False,False,False,0.15513371,0.3468384480856218,1.0,1.0,1.0,0.0,2009.2490234375,0.0,0.0,0.0,0.0,0.0,0.0,0.0,0.0,0.0,0.0
3923,L,L,L3923L,Core,NEGATIVE_CONSENSUS,INVARIABLE,False,False,False,0.20977953,0.32347013020324433,1.0,1.0,1.0,0.0,2009.2490234375,0.0,0.0,0.0,0.0,0.0,0.0,0.0,0.0,0.0,0.0
3924,V,V,V3924V,Core,NEGATIVE_CONSENSUS,INVARIABLE,False,False,False,0.07988068,0.3887295892521472,1.0,1.0,1.0,0.0,2009.2490234375,0.0,0.0,0.0,0.0,0.0,0.0,0.0,0.0,0.0,0.0
3925,C,C,C3925C,Core,NEGATIVE_CONSENSUS,INVARIABLE,False,False,False,0.025839863,0.4361460100233292,1.0,1.0,1.0,0.0,2009.2490234375,0.0,0.0,0.0,0.0,0.0,0.0,0.0,0.0,0.0,0.0
3926,A,A,A3926A,Core,NEGATIVE_CONSENSUS,INVARIABLE,False,False,False,1.0132155,0.15706686261615616,1.0,1.0,1.0,0.0,2009.2490234375,0.0,0.0,0.0,0.0,0.0,0.0,0.0,0.0,0.0,0.0
3927,T,T,T3927T,Core,NEGATIVE_CONSENSUS,INVARIABLE,False,False,False,0.026892863,0.434869336287794,1.0,1.0,1.0,0.0,2009.2490234375,0.0,0.0,0.0,0.0,0.0,0.0,0.0,0.0,0.0,0.0
3928,C,C,C3928C,Core,NEGATIVE_CONSENSUS,INVARIABLE,False,False,False,0.025839863,0.4361460100233292,1.0,1.0,1.0,0.0,2009.2490234375,0.0,0.0,0.0,0.0,0.0,0.0,0.0,0.0,0.0,0.0
3929,E,E,E3929E,Core,NEGATIVE_CONSENSUS,INVARIABLE,False,False,False,0.17737707,0.33681854926235366,1.0,1.0,1.0,0.0,2009.2490234375,0.0,0.0,0.0,0.0,0.0,0.0,0.0,0.0,0.0,0.0
3930,Q,Q,Q3930Q,Core,NEGATIVE_CONSENSUS,INVARIABLE,False,False,False,0.14861211,0.3499326088640236,1.0,1.0,1.0,0.0,2009.2490234375,0.0,0.0,0.0,0.0,0.0,0.0,0.0,0.0,0.0,0.0
3931,I,I,I3931I,Core,NEGATIVE_CONSENSUS,INVARIABLE,False,False,False,0.7167717,0.19860244442133695,1.0,1.0,1.0,0.0,2009.2490234375,0.0,0.0,0.0,0.0,0.0,0.0,0.0,0.0,0.0,0.0
3932,A,A,A3932A,Core,NEGATIVE_CONSENSUS,INVARIABLE,False,False,False,0.6177493,0.21594245077438262,1.0,1.0,1.0,0.0,2009.2490234375,0.0,0.0,0.0,0.0,0.0,0.0,0.0,0.0,0.0,0.0
3933,D,D,D3933D,Core,NEGATIVE_CONSENSUS,INVARIABLE,False,False,False,0.24172953,0.3114798699800736,1.0,1.0,1.0,0.0,2009.2490234375,0.0,0.0,0.0,0.0,0.0,0.0,0.0,0.0,0.0,0.0
3934,S,S,S3934S,Core,NEGATIVE_CONSENSUS,INVARIABLE,False,False,False,0.2075632,0.3243420394483918,1.0,1.0,1.0,0.0,2009.2490234375,0.0,0.0,0.0,0.0,0.0,0.0,0.0,0.0,0.0,0.0
3935,Q,Q,Q3935Q,Core,NEGATIVE_CONSENSUS,INVARIABLE,False,False,False,0.14861211,0.3499326088640236,1.0,1.0,1.0,0.0,2009.2490234375,0.0,0.0,0.0,0.0,0.0,0.0,0.0,0.0,0.0,0.0
3936,H,H,H3936H,Core,NEGATIVE_CONSENSUS,INVARIABLE,False,False,False,0.18790461,0.3323331716817506,1.0,1.0,1.0,0.0,2009.2490234375,0.0,0.0,0.0,0.0,0.0,0.0,0.0,0.0,0.0,0.0
3937,R,R,R3937R,Core,NEGATIVE_CONSENSUS,INVARIABLE,False,False,False,0.031301104,0.42978515135323686,1.0,1.0,1.0,0.0,2009.2490234375,0.0,0.0,0.0,0.0,0.0,0.0,0.0,0.0,0.0,0.0
3938,S,S,S3938S,Core,NEGATIVE_CONSENSUS,INVARIABLE,False,False,False,0.26384795,0.30374440131695446,1.0,1.0,1.0,0.0,2009.2490234375,0.0,0.0,0.0,0.0,0.0,0.0,0.0,0.0,0.0,0.0
3939,H,H,H3939H,Core,NEGATIVE_CONSENSUS,FLAT_NO_SIGNAL,False,False,False,0.5733023,0.2244748174801644,0.3517909,1.0,1.0,0.0,2009.2490234375,0.0,0.0,0.0,0.0,0.0,0.0,0.0,0.0,0.0,0.0
3940,R,R,R3940R,Core,NEGATIVE_CONSENSUS,INVARIABLE,False,False,False,0.047289148,0.41392467273385114,1.0,1.0,1.0,0.0,2009.2490234375,0.0,0.0,0.0,0.0,0.0,0.0,0.0,0.0,0.0,0.0
3941,Q,Q,Q3941Q,Core,NEGATIVE_CONSENSUS,INVARIABLE,False,False,False,0.11007532,0.3700292022033709,1.0,1.0,1.0,0.0,2009.2490234375,0.0,0.0,0.0,0.0,0.0,0.0,0.0,0.0,0.0,0.0
3942,M,M,M3942M,Core,NEGATIVE_CONSENSUS,INVARIABLE,False,False,False,0.04345588,0.4174346170740496,1.0,1.0,1.0,0.0,2009.2490234375,0.0,0.0,0.0,0.0,0.0,0.0,0.0,0.0,0.0,0.0
3943,A,A,A3943A,Core,NEGATIVE_CONSENSUS,INVARIABLE,False,False,False,0.6177493,0.21594245077438262,1.0,1.0,1.0,0.0,2009.2490234375,0.0,0.0,0.0,0.0,0.0,0.0,0.0,0.0,0.0,0.0
3944,T,T,T3944T,Core,NEGATIVE_CONSENSUS,INVARIABLE,False,False,False,0.014418824,0.45221051896641934,1.0,1.0,1.0,0.0,2009.2490234375,0.0,0.0,0.0,0.0,0.0,0.0,0.0,0.0,0.0,0.0
3945,T,T,T3945T,Core,NEGATIVE_CONSENSUS,INVARIABLE,False,False,False,0.034903254,0.425899264748948,1.0,1.0,1.0,0.0,2009.2490234375,0.0,0.0,0.0,0.0,0.0,0.0,0.0,0.0,0.0,0.0
3946,T,T,T3946T,Core,NEGATIVE_CONSENSUS,INVARIABLE,False,False,False,0.033261508,0.42764328918344385,1.0,1.0,1.0,0.0,2009.2490234375,0.0,0.0,0.0,0.0,0.0,0.0,0.0,0.0,0.0,0.0
3947,N,N,N3947N,Core,NEGATIVE_CONSENSUS,INVARIABLE,False,False,False,0.14756067,0.3504387265808948,1.0,1.0,1.0,0.0,2009.2490234375,0.0,0.0,0.0,0.0,0.0,0.0,0.0,0.0,0.0,0.0
3948,P,P,P3948P,Core,NEGATIVE_CONSENSUS,INVARIABLE,False,False,False,0.09249291,0.3805157715681833,1.0,1.0,1.0,0.0,2009.2490234375,0.0,0.0,0.0,0.0,0.0,0.0,0.0,0.0,0.0,0.0
3949,L,L,L3949L,Core,NEGATIVE_CONSENSUS,INVARIABLE,False,False,False,0.20977953,0.32347013020324433,1.0,1.0,1.0,0.0,2009.2490234375,0.0,0.0,0.0,0.0,0.0,0.0,0.0,0.0,0.0,0.0
3950,I,I,I3950I,Core,NEGATIVE_CONSENSUS,INVARIABLE,False,False,False,0.41026053,0.2609186505464557,1.0,1.0,1.0,0.0,2009.2490234375,0.0,0.0,0.0,0.0,0.0,0.0,0.0,0.0,0.0,0.0
3951,R,R,R3951R,Core,NEGATIVE_CONSENSUS,INVARIABLE,False,False,False,0.026146797,0.43577116494005275,1.0,1.0,1.0,0.0,2009.2490234375,0.0,0.0,0.0,0.0,0.0,0.0,0.0,0.0,0.0,0.0
3952,H,H,H3952H,Core,NEGATIVE_CONSENSUS,INVARIABLE,False,False,False,0.18790461,0.3323331716817506,1.0,1.0,1.0,0.0,2009.2490234375,0.0,0.0,0.0,0.0,0.0,0.0,0.0,0.0,0.0,0.0
3953,E,E,E3953E,Core,NEGATIVE_CONSENSUS,INVARIABLE,False,False,False,0.17737707,0.33681854926235366,1.0,1.0,1.0,0.0,2009.2490234375,0.0,0.0,0.0,0.0,0.0,0.0,0.0,0.0,0.0,0.0
3954,N,N,N3954N,Core,NEGATIVE_CONSENSUS,INVARIABLE,False,False,False,0.2697167,0.3017609345059,1.0,1.0,1.0,0.0,2009.2490234375,0.0,0.0,0.0,0.0,0.0,0.0,0.0,0.0,0.0,0.0
3955,R,R,R3955R,Core,NEGATIVE_CONSENSUS,INVARIABLE,False,False,False,0.047289148,0.41392467273385114,1.0,1.0,1.0,0.0,2009.2490234375,0.0,0.0,0.0,0.0,0.0,0.0,0.0,0.0,0.0,0.0
3956,M,M,M3956M,Core,NEGATIVE_CONSENSUS,INVARIABLE,False,False,False,0.04345588,0.4174346170740496,1.0,1.0,1.0,0.0,2009.2490234375,0.0,0.0,0.0,0.0,0.0,0.0,0.0,0.0,0.0,0.0
3957,V,V,V3957V,Core,NEGATIVE_CONSENSUS,INVARIABLE,False,False,False,2.3260536,0.06361202566854329,1.0,1.0,1.0,0.0,2009.2490234375,0.0,0.0,0.0,0.0,0.0,0.0,0.0,0.0,0.0,0.0
3958,L,L,L3958L,Core,NEGATIVE_CONSENSUS,INVARIABLE,False,False,False,0.15878537,0.3451386324350256,1.0,1.0,1.0,0.0,2009.2490234375,0.0,0.0,0.0,0.0,0.0,0.0,0.0,0.0,0.0,0.0
3959,A,A,A3959A,Core,NEGATIVE_CONSENSUS,INVARIABLE,False,False,False,0.6177493,0.21594245077438262,1.0,1.0,1.0,0.0,2009.2490234375,0.0,0.0,0.0,0.0,0.0,0.0,0.0,0.0,0.0,0.0
3960,S,S,S3960S,Core,NEGATIVE_CONSENSUS,INVARIABLE,False,False,False,0.49796218,0.2401984475468799,1.0,1.0,1.0,0.0,2009.2490234375,0.0,0.0,0.0,0.0,0.0,0.0,0.0,0.0,0.0,0.0
3961,T,T,T3961T,Core,NEGATIVE_CONSENSUS,INVARIABLE,False,False,False,0.026892863,0.434869336287794,1.0,1.0,1.0,0.0,2009.2490234375,0.0,0.0,0.0,0.0,0.0,0.0,0.0,0.0,0.0,0.0
3962,T,T,T3962T,Core,NEGATIVE_CONSENSUS,INVARIABLE,False,False,False,0.11330447,0.3682064767541504,1.0,1.0,1.0,0.0,2009.2490234375,0.0,0.0,0.0,0.0,0.0,0.0,0.0,0.0,0.0,0.0
3963,A,A,A3963A,Core,NEGATIVE_CONSENSUS,INVARIABLE,False,False,False,0.50961536,0.23765270523878462,1.0,1.0,1.0,0.0,2009.2490234375,0.0,0.0,0.0,0.0,0.0,0.0,0.0,0.0,0.0,0.0
3964,K,R,K3964R,Core,NEGATIVE_CONSENSUS,TEMPORAL_NOISE,False,False,False,0.7193487,0.1981788105331294,0.3517909,0.43564355,0.6669024,0.69969094,2009.8021550582628,0.05860972936364178,2009.757,2009.8247,0.067730404,0.007894179863914868,0.00534675979924638,0.113286175,1.9671967,-5.4294314,2.4652379
3965,A,A,A3965A,Core,NEGATIVE_CONSENSUS,INVARIABLE,False,False,False,0.6177493,0.21594245077438262,1.0,1.0,1.0,0.0,2009.2490234375,0.0,0.0,0.0,0.0,0.0,0.0,0.0,0.0,0.0,0.0
3966,M,M,M3966M,Core,NEGATIVE_CONSENSUS,INVARIABLE,False,False,False,0.04345588,0.4174346170740496,1.0,1.0,1.0,0.0,2009.2490234375,0.0,0.0,0.0,0.0,0.0,0.0,0.0,0.0,0.0,0.0
3967,E,E,E3967E,Core,NEGATIVE_CONSENSUS,INVARIABLE,False,False,False,0.17737707,0.33681854926235366,1.0,1.0,1.0,0.0,2009.2490234375,0.0,0.0,0.0,0.0,0.0,0.0,0.0,0.0,0.0,0.0
3968,Q,Q,Q3968Q,Core,NEGATIVE_CONSENSUS,INVARIABLE,False,False,False,0.1040592,0.3735058842188141,1.0,1.0,1.0,0.0,2009.2490234375,0.0,0.0,0.0,0.0,0.0,0.0,0.0,0.0,0.0,0.0
3969,M,M,M3969M,Core,NEGATIVE_CONSENSUS,INVARIABLE,False,False,False,0.04345588,0.4174346170740496,1.0,1.0,1.0,0.0,2009.2490234375,0.0,0.0,0.0,0.0,0.0,0.0,0.0,0.0,0.0,0.0
3970,A,A,A3970A,Core,NEGATIVE_CONSENSUS,INVARIABLE,False,False,False,0.6177493,0.21594245077438262,1.0,1.0,1.0,0.0,2009.2490234375,0.0,0.0,0.0,0.0,0.0,0.0,0.0,0.0,0.0,0.0
3971,G,G,G3971G,Core,NEGATIVE_CONSENSUS,INVARIABLE,False,False,False,0.08983235,0.38219519767681476,1.0,1.0,1.0,0.0,2009.2490234375,0.0,0.0,0.0,0.0,0.0,0.0,0.0,0.0,0.0,0.0
3972,S,S,S3972S,Core,NEGATIVE_CONSENSUS,INVARIABLE,False,False,False,0.18248166,0.33462457870506984,1.0,1.0,1.0,0.0,2009.2490234375,0.0,0.0,0.0,0.0,0.0,0.0,0.0,0.0,0.0,0.0
3973,S,S,S3973S,Core,NEGATIVE_CONSENSUS,INVARIABLE,False,False,False,0.5161936,0.23623495187969223,1.0,1.0,1.0,0.0,2009.2490234375,0.0,0.0,0.0,0.0,0.0,0.0,0.0,0.0,0.0,0.0
3974,E,E,E3974E,Core,NEGATIVE_CONSENSUS,INVARIABLE,False,False,False,0.17737707,0.33681854926235366,1.0,1.0,1.0,0.0,2009.2490234375,0.0,0.0,0.0,0.0,0.0,0.0,0.0,0.0,0.0,0.0
3975,Q,Q,Q3975Q,Core,NEGATIVE_CONSENSUS,INVARIABLE,False,False,False,0.14861211,0.3499326088640236,1.0,1.0,1.0,0.0,2009.2490234375,0.0,0.0,0.0,0.0,0.0,0.0,0.0,0.0,0.0,0.0
3976,A,A,A3976A,Core,NEGATIVE_CONSENSUS,INVARIABLE,False,False,False,0.50961536,0.23765270523878462,1.0,1.0,1.0,0.0,2009.2490234375,0.0,0.0,0.0,0.0,0.0,0.0,0.0,0.0,0.0,0.0
3977,A,T,A3977T,Core,NEGATIVE_CONSENSUS,TEMPORAL_NOISE,False,False,False,0.17557275,0.3376029413171284,0.37618613,0.12871288,0.54592013,0.48349413,2009.5312334480932,0.09690114073807815,2009.4861,2009.5538,0.067730404,0.011642903866531395,0.00788578557258416,-2.6648457,-1.0082332,0.36451197,-4.912821
3978,E,E,E3978E,Core,NEGATIVE_CONSENSUS,INVARIABLE,False,False,False,0.09971498,0.37608596908684694,1.0,1.0,1.0,0.0,2009.2490234375,0.0,0.0,0.0,0.0,0.0,0.0,0.0,0.0,0.0,0.0
3979,A,A,A3979A,Core,NEGATIVE_CONSENSUS,INVARIABLE,False,False,False,1.0132155,0.15706686261615616,1.0,1.0,1.0,0.0,2009.2490234375,0.0,0.0,0.0,0.0,0.0,0.0,0.0,0.0,0.0,0.0
3980,M,M,M3980M,Core,NEGATIVE_CONSENSUS,INVARIABLE,False,False,False,0.04345588,0.4174346170740496,1.0,1.0,1.0,0.0,2009.2490234375,0.0,0.0,0.0,0.0,0.0,0.0,0.0,0.0,0.0,0.0
3981,E,E,E3981E,Core,NEGATIVE_CONSENSUS,INVARIABLE,False,False,False,0.09971498,0.37608596908684694,1.0,1.0,1.0,0.0,2009.2490234375,0.0,0.0,0.0,0.0,0.0,0.0,0.0,0.0,0.0,0.0
3982,V,V,V3982V,Core,NEGATIVE_CONSENSUS,INVARIABLE,False,False,False,0.27149606,0.3011649827004066,1.0,1.0,1.0,0.0,2009.2490234375,0.0,0.0,0.0,0.0,0.0,0.0,0.0,0.0,0.0,0.0
3983,A,A,A3983A,Core,NEGATIVE_CONSENSUS,INVARIABLE,False,False,False,0.6177493,0.21594245077438262,1.0,1.0,1.0,0.0,2009.2490234375,0.0,0.0,0.0,0.0,0.0,0.0,0.0,0.0,0.0,0.0
3984,N,N,N3984N,Core,NEGATIVE_CONSENSUS,INVARIABLE,False,False,False,0.14756067,0.3504387265808948,1.0,1.0,1.0,0.0,2009.2490234375,0.0,0.0,0.0,0.0,0.0,0.0,0.0,0.0,0.0,0.0
3985,Q,Q,Q3985Q,Core,NEGATIVE_CONSENSUS,INVARIABLE,False,False,False,0.14861211,0.3499326088640236,1.0,1.0,1.0,0.0,2009.2490234375,0.0,0.0,0.0,0.0,0.0,0.0,0.0,0.0,0.0,0.0
3986,T,T,T3986T,Core,NEGATIVE_CONSENSUS,INVARIABLE,False,False,False,0.026892863,0.434869336287794,1.0,1.0,1.0,0.0,2009.2490234375,0.0,0.0,0.0,0.0,0.0,0.0,0.0,0.0,0.0,0.0
3987,R,R,R3987R,Core,NEGATIVE_CONSENSUS,INVARIABLE,False,False,False,0.026146797,0.43577116494005275,1.0,1.0,1.0,0.0,2009.2490234375,0.0,0.0,0.0,0.0,0.0,0.0,0.0,0.0,0.0,0.0
3988,Q,Q,Q3988Q,Core,NEGATIVE_CONSENSUS,INVARIABLE,False,False,False,0.14861211,0.3499326088640236,1.0,1.0,1.0,0.0,2009.2490234375,0.0,0.0,0.0,0.0,0.0,0.0,0.0,0.0,0.0,0.0
3989,M,M,M3989M,Core,NEGATIVE_CONSENSUS,INVARIABLE,False,False,False,0.04345588,0.4174346170740496,1.0,1.0,1.0,0.0,2009.2490234375,0.0,0.0,0.0,0.0,0.0,0.0,0.0,0.0,0.0,0.0
3990,V,V,V3990V,Core,NEGATIVE_CONSENSUS,INVARIABLE,False,False,False,0.6353333,0.21270287323256643,1.0,1.0,1.0,0.0,2009.2490234375,0.0,0.0,0.0,0.0,0.0,0.0,0.0,0.0,0.0,0.0
3991,H,H,H3991H,Core,NEGATIVE_CONSENSUS,INVARIABLE,False,False,False,0.18790461,0.3323331716817506,1.0,1.0,1.0,0.0,2009.2490234375,0.0,0.0,0.0,0.0,0.0,0.0,0.0,0.0,0.0,0.0
3992,A,A,A3992A,Core,NEGATIVE_CONSENSUS,INVARIABLE,False,False,False,0.50961536,0.23765270523878462,1.0,1.0,1.0,0.0,2009.2490234375,0.0,0.0,0.0,0.0,0.0,0.0,0.0,0.0,0.0,0.0
3993,M,M,M3993M,Core,NEGATIVE_CONSENSUS,INVARIABLE,False,False,False,0.04345588,0.4174346170740496,1.0,1.0,1.0,0.0,2009.2490234375,0.0,0.0,0.0,0.0,0.0,0.0,0.0,0.0,0.0,0.0
3994,R,R,R3994R,Core,NEGATIVE_CONSENSUS,INVARIABLE,False,False,False,0.047289148,0.41392467273385114,1.0,1.0,1.0,0.0,2009.2490234375,0.0,0.0,0.0,0.0,0.0,0.0,0.0,0.0,0.0,0.0
3995,T,T,T3995T,Core,NEGATIVE_CONSENSUS,INVARIABLE,False,False,False,0.026892863,0.434869336287794,1.0,1.0,1.0,0.0,2009.2490234375,0.0,0.0,0.0,0.0,0.0,0.0,0.0,0.0,0.0,0.0
3996,I,I,I3996I,Core,NEGATIVE_CONSENSUS,INVARIABLE,False,False,False,0.7167717,0.19860244442133695,1.0,1.0,1.0,0.0,2009.2490234375,0.0,0.0,0.0,0.0,0.0,0.0,0.0,0.0,0.0,0.0
3997,G,G,G3997G,Core,NEGATIVE_CONSENSUS,INVARIABLE,False,False,False,0.10198707,0.37472898848367453,1.0,1.0,1.0,0.0,2009.2490234375,0.0,0.0,0.0,0.0,0.0,0.0,0.0,0.0,0.0,0.0
3998,T,T,T3998T,Core,NEGATIVE_CONSENSUS,INVARIABLE,False,False,False,0.026892863,0.434869336287794,1.0,1.0,1.0,0.0,2009.2490234375,0.0,0.0,0.0,0.0,0.0,0.0,0.0,0.0,0.0,0.0
3999,H,H,H3999H,Core,NEGATIVE_CONSENSUS,INVARIABLE,False,False,False,0.18790461,0.3323331716817506,1.0,1.0,1.0,0.0,2009.2490234375,0.0,0.0,0.0,0.0,0.0,0.0,0.0,0.0,0.0,0.0
4000,P,P,P4000P,Core,NEGATIVE_CONSENSUS,INVARIABLE,False,False,False,0.18130763,0.33512594256133826,1.0,1.0,1.0,0.0,2009.2490234375,0.0,0.0,0.0,0.0,0.0,0.0,0.0,0.0,0.0,0.0
4001,S,S,S4001S,Core,NEGATIVE_CONSENSUS,INVARIABLE,False,False,False,0.49796218,0.2401984475468799,1.0,1.0,1.0,0.0,2009.2490234375,0.0,0.0,0.0,0.0,0.0,0.0,0.0,0.0,0.0,0.0
4002,S,S,S4002S,Core,NEGATIVE_CONSENSUS,INVARIABLE,False,False,False,0.48222643,0.24370778088239314,1.0,1.0,1.0,0.0,2009.2490234375,0.0,0.0,0.0,0.0,0.0,0.0,0.0,0.0,0.0,0.0
4003,S,S,S4003S,Core,NEGATIVE_CONSENSUS,INVARIABLE,False,False,False,0.5161936,0.23623495187969223,1.0,1.0,1.0,0.0,2009.2490234375,0.0,0.0,0.0,0.0,0.0,0.0,0.0,0.0,0.0,0.0
4004,A,A,A4004A,Core,NEGATIVE_CONSENSUS,FLAT_NO_SIGNAL,False,False,False,1.133733,0.1434902372385293,0.3517909,1.0,1.0,0.0,2009.2490234375,0.0,0.0,0.0,0.0,0.0,0.0,0.0,0.0,0.0,0.0
4005,G,G,G4005G,Core,NEGATIVE_CONSENSUS,INVARIABLE,False,False,False,0.15513371,0.3468384480856218,1.0,1.0,1.0,0.0,2009.2490234375,0.0,0.0,0.0,0.0,0.0,0.0,0.0,0.0,0.0,0.0
4006,L,L,L4006L,Core,NEGATIVE_CONSENSUS,INVARIABLE,False,False,False,0.2713958,0.30119849473270965,1.0,1.0,1.0,0.0,2009.2490234375,0.0,0.0,0.0,0.0,0.0,0.0,0.0,0.0,0.0,0.0
4007,K,K,K4007K,Core,NEGATIVE_CONSENSUS,INVARIABLE,False,False,False,1.2671006,0.13015565800770462,1.0,1.0,1.0,0.0,2009.2490234375,0.0,0.0,0.0,0.0,0.0,0.0,0.0,0.0,0.0,0.0
4008,D,D,D4008D,Core,NEGATIVE_CONSENSUS,INVARIABLE,False,False,False,0.24172953,0.3114798699800736,1.0,1.0,1.0,0.0,2009.2490234375,0.0,0.0,0.0,0.0,0.0,0.0,0.0,0.0,0.0,0.0
4009,D,D,D4009D,Core,NEGATIVE_CONSENSUS,INVARIABLE,False,False,False,0.7905746,0.18696321626779472,1.0,1.0,1.0,0.0,2009.2490234375,0.0,0.0,0.0,0.0,0.0,0.0,0.0,0.0,0.0,0.0
4010,L,L,L4010L,Core,NEGATIVE_CONSENSUS,INVARIABLE,False,False,False,0.1403902,0.3539467030420645,1.0,1.0,1.0,0.0,2009.2490234375,0.0,0.0,0.0,0.0,0.0,0.0,0.0,0.0,0.0,0.0
4011,L,L,L4011L,Core,NEGATIVE_CONSENSUS,INVARIABLE,False,False,False,0.1403902,0.3539467030420645,1.0,1.0,1.0,0.0,2009.2490234375,0.0,0.0,0.0,0.0,0.0,0.0,0.0,0.0,0.0,0.0
4012,E,E,E4012E,Core,NEGATIVE_CONSENSUS,INVARIABLE,False,False,False,0.17737707,0.33681854926235366,1.0,1.0,1.0,0.0,2009.2490234375,0.0,0.0,0.0,0.0,0.0,0.0,0.0,0.0,0.0,0.0
4013,N,N,N4013N,Core,NEGATIVE_CONSENSUS,INVARIABLE,False,False,False,0.14756067,0.3504387265808948,1.0,1.0,1.0,0.0,2009.2490234375,0.0,0.0,0.0,0.0,0.0,0.0,0.0,0.0,0.0,0.0
4014,L,L,L4014L,Core,NEGATIVE_CONSENSUS,INVARIABLE,False,False,False,0.11684559,0.36624060240780854,1.0,1.0,1.0,0.0,2009.2490234375,0.0,0.0,0.0,0.0,0.0,0.0,0.0,0.0,0.0,0.0
4015,Q,Q,Q4015Q,Core,NEGATIVE_CONSENSUS,INVARIABLE,False,False,False,0.14861211,0.3499326088640236,1.0,1.0,1.0,0.0,2009.2490234375,0.0,0.0,0.0,0.0,0.0,0.0,0.0,0.0,0.0,0.0
4016,A,A,A4016A,Core,NEGATIVE_CONSENSUS,INVARIABLE,False,False,False,0.2620974,0.3043414343386872,1.0,1.0,1.0,0.0,2009.2490234375,0.0,0.0,0.0,0.0,0.0,0.0,0.0,0.0,0.0,0.0
4017,Y,Y,Y4017Y,Core,NEGATIVE_CONSENSUS,INVARIABLE,False,False,False,0.08357149,0.38625726840274144,1.0,1.0,1.0,0.0,2009.2490234375,0.0,0.0,0.0,0.0,0.0,0.0,0.0,0.0,0.0,0.0
4018,Q,Q,Q4018Q,Core,NEGATIVE_CONSENSUS,INVARIABLE,False,False,False,0.14861211,0.3499326088640236,1.0,1.0,1.0,0.0,2009.2490234375,0.0,0.0,0.0,0.0,0.0,0.0,0.0,0.0,0.0,0.0
4019,K,K,K4019K,Core,NEGATIVE_CONSENSUS,INVARIABLE,False,False,False,0.2995089,0.2920952302947697,1.0,1.0,1.0,0.0,2009.2490234375,0.0,0.0,0.0,0.0,0.0,0.0,0.0,0.0,0.0,0.0
4020,R,R,R4020R,Core,NEGATIVE_CONSENSUS,INVARIABLE,False,False,False,0.03805447,0.4226669018003123,1.0,1.0,1.0,0.0,2009.2490234375,0.0,0.0,0.0,0.0,0.0,0.0,0.0,0.0,0.0,0.0
4021,M,M,M4021M,Core,NEGATIVE_CONSENSUS,INVARIABLE,False,False,False,0.04345588,0.4174346170740496,1.0,1.0,1.0,0.0,2009.2490234375,0.0,0.0,0.0,0.0,0.0,0.0,0.0,0.0,0.0,0.0
4022,G,G,G4022G,Core,NEGATIVE_CONSENSUS,INVARIABLE,False,False,False,0.08983235,0.38219519767681476,1.0,1.0,1.0,0.0,2009.2490234375,0.0,0.0,0.0,0.0,0.0,0.0,0.0,0.0,0.0,0.0
4023,V,V,V4023V,Core,NEGATIVE_CONSENSUS,INVARIABLE,False,False,False,0.15838115,0.3453256737119521,1.0,1.0,1.0,0.0,2009.2490234375,0.0,0.0,0.0,0.0,0.0,0.0,0.0,0.0,0.0,0.0
4024,Q,Q,Q4024Q,Core,NEGATIVE_CONSENSUS,INVARIABLE,False,False,False,0.14861211,0.3499326088640236,1.0,1.0,1.0,0.0,2009.2490234375,0.0,0.0,0.0,0.0,0.0,0.0,0.0,0.0,0.0,0.0
4025,M,M,M4025M,Core,NEGATIVE_CONSENSUS,INVARIABLE,False,False,False,0.04345588,0.4174346170740496,1.0,1.0,1.0,0.0,2009.2490234375,0.0,0.0,0.0,0.0,0.0,0.0,0.0,0.0,0.0,0.0
4026,Q,Q,Q4026Q,Core,NEGATIVE_CONSENSUS,INVARIABLE,False,False,False,0.14861211,0.3499326088640236,1.0,1.0,1.0,0.0,2009.2490234375,0.0,0.0,0.0,0.0,0.0,0.0,0.0,0.0,0.0,0.0
4027,R,R,R4027R,Core,NEGATIVE_CONSENSUS,INVARIABLE,False,False,False,0.03523141,0.4255557883149065,1.0,1.0,1.0,0.0,2009.2490234375,0.0,0.0,0.0,0.0,0.0,0.0,0.0,0.0,0.0,0.0
4028,F,F,F4028F,Core,NEGATIVE_CONSENSUS,INVARIABLE,False,False,False,0.03677015,0.42396688710899644,1.0,1.0,1.0,0.0,2009.2490234375,0.0,0.0,0.0,0.0,0.0,0.0,0.0,0.0,0.0,0.0
4029,K,K,K4029K,Core,NEGATIVE_CONSENSUS,INVARIABLE,False,False,False,0.2995089,0.2920952302947697,1.0,1.0,1.0,0.0,2009.2490234375,0.0,0.0,0.0,0.0,0.0,0.0,0.0,0.0,0.0,0.0
4030,A,A,A4030A,Core,NEGATIVE_CONSENSUS,INVARIABLE,False,False,False,0.07253021,0.3938439016477709,1.0,1.0,1.0,0.0,2009.2490234375,0.0,0.0,0.0,0.0,0.0,0.0,0.0,0.0,0.0,0.0
4031,S,P,S4031P,Core,NEGATIVE_CONSENSUS,TEMPORAL_NOISE,False,False,False,0.36759812,0.2721582100994004,0.3564026,0.22772278,0.5809792,0.73944235,2009.6441174523304,0.06843042329957322,2009.599,2009.678,0.0790188,0.009018544428725187,0.006108296445035185,-1.3342258,-1.2067862,-0.48299333,-0.4977241
4032,S,S,S4032S,Core,NEGATIVE_CONSENSUS,INVARIABLE,False,False,False,0.26384795,0.30374440131695446,1.0,1.0,1.0,0.0,2009.2490234375,0.0,0.0,0.0,0.0,0.0,0.0,0.0,0.0,0.0,0.0
4033,R,R,R4033R,Core,NEGATIVE_CONSENSUS,INVARIABLE,False,False,False,0.06321867,0.40073959023730843,1.0,1.0,1.0,0.0,2009.2490234375,0.0,0.0,0.0,0.0,0.0,0.0,0.0,0.0,0.0,0.0
4034,H,H,H4034H,Core,NEGATIVE_CONSENSUS,INVARIABLE,False,False,False,0.18790461,0.3323331716817506,1.0,1.0,1.0,0.0,2009.2490234375,0.0,0.0,0.0,0.0,0.0,0.0,0.0,0.0,0.0,0.0
4035,C,C,C4035C,Core,NEGATIVE_CONSENSUS,INVARIABLE,False,False,False,0.098847605,0.3766084799559455,1.0,1.0,1.0,0.0,2009.2490234375,0.0,0.0,0.0,0.0,0.0,0.0,0.0,0.0,0.0,0.0
4036,S,S,S4036S,Core,NEGATIVE_CONSENSUS,INVARIABLE,False,False,False,0.49796218,0.2401984475468799,1.0,1.0,1.0,0.0,2009.2490234375,0.0,0.0,0.0,0.0,0.0,0.0,0.0,0.0,0.0,0.0
4037,K,K,K4037K,Core,NEGATIVE_CONSENSUS,INVARIABLE,False,False,False,1.2671006,0.13015565800770462,1.0,1.0,1.0,0.0,2009.2490234375,0.0,0.0,0.0,0.0,0.0,0.0,0.0,0.0,0.0,0.0
4038,Y,Y,Y4038Y,Core,NEGATIVE_CONSENSUS,INVARIABLE,False,False,False,0.04160279,0.41918940090001205,1.0,1.0,1.0,0.0,2009.2490234375,0.0,0.0,0.0,0.0,0.0,0.0,0.0,0.0,0.0,0.0
4039,H,H,H4039H,Core,NEGATIVE_CONSENSUS,INVARIABLE,False,False,False,0.18790461,0.3323331716817506,1.0,1.0,1.0,0.0,2009.2490234375,0.0,0.0,0.0,0.0,0.0,0.0,0.0,0.0,0.0,0.0
4040,W,W,W4040W,Core,NEGATIVE_CONSENSUS,INVARIABLE,False,False,False,0.14326186,0.3525297858631183,1.0,1.0,1.0,0.0,2009.2490234375,0.0,0.0,0.0,0.0,0.0,0.0,0.0,0.0,0.0,0.0
4041,D,D,D4041D,Core,NEGATIVE_CONSENSUS,INVARIABLE,False,False,False,0.24172953,0.3114798699800736,1.0,1.0,1.0,0.0,2009.2490234375,0.0,0.0,0.0,0.0,0.0,0.0,0.0,0.0,0.0,0.0
4042,L,L,L4042L,Core,NEGATIVE_CONSENSUS,INVARIABLE,False,False,False,0.1403902,0.3539467030420645,1.0,1.0,1.0,0.0,2009.2490234375,0.0,0.0,0.0,0.0,0.0,0.0,0.0,0.0,0.0,0.0
4043,A,A,A4043A,Core,NEGATIVE_CONSENSUS,INVARIABLE,False,False,False,0.50961536,0.23765270523878462,1.0,1.0,1.0,0.0,2009.2490234375,0.0,0.0,0.0,0.0,0.0,0.0,0.0,0.0,0.0,0.0
4044,P,P,P4044P,Core,NEGATIVE_CONSENSUS,INVARIABLE,False,False,False,0.18130763,0.33512594256133826,1.0,1.0,1.0,0.0,2009.2490234375,0.0,0.0,0.0,0.0,0.0,0.0,0.0,0.0,0.0,0.0
4045,D,D,D4045D,Core,NEGATIVE_CONSENSUS,INVARIABLE,False,False,False,0.28124472,0.29794326908358343,1.0,1.0,1.0,0.0,2009.2490234375,0.0,0.0,0.0,0.0,0.0,0.0,0.0,0.0,0.0,0.0
4046,I,I,I4046I,Core,NEGATIVE_CONSENSUS,INVARIABLE,False,False,False,0.7167717,0.19860244442133695,1.0,1.0,1.0,0.0,2009.2490234375,0.0,0.0,0.0,0.0,0.0,0.0,0.0,0.0,0.0,0.0
4047,V,V,V4047V,Core,NEGATIVE_CONSENSUS,INVARIABLE,False,False,False,0.15838115,0.3453256737119521,1.0,1.0,1.0,0.0,2009.2490234375,0.0,0.0,0.0,0.0,0.0,0.0,0.0,0.0,0.0,0.0
4048,D,D,D4048D,Core,NEGATIVE_CONSENSUS,INVARIABLE,False,False,False,0.24172953,0.3114798699800736,1.0,1.0,1.0,0.0,2009.2490234375,0.0,0.0,0.0,0.0,0.0,0.0,0.0,0.0,0.0,0.0
4049,Y,Y,Y4049Y,Core,NEGATIVE_CONSENSUS,INVARIABLE,False,False,False,0.08357149,0.38625726840274144,1.0,1.0,1.0,0.0,2009.2490234375,0.0,0.0,0.0,0.0,0.0,0.0,0.0,0.0,0.0,0.0
4050,A,A,A4050A,Core,NEGATIVE_CONSENSUS,INVARIABLE,False,False,False,0.07253021,0.3938439016477709,1.0,1.0,1.0,0.0,2009.2490234375,0.0,0.0,0.0,0.0,0.0,0.0,0.0,0.0,0.0,0.0
4051,S,S,S4051S,Core,NEGATIVE_CONSENSUS,INVARIABLE,False,False,False,0.28062758,0.29814508717257127,1.0,1.0,1.0,0.0,2009.2490234375,0.0,0.0,0.0,0.0,0.0,0.0,0.0,0.0,0.0,0.0
4052,S,S,S4052S,Core,NEGATIVE_CONSENSUS,INVARIABLE,False,False,False,0.26384795,0.30374440131695446,1.0,1.0,1.0,0.0,2009.2490234375,0.0,0.0,0.0,0.0,0.0,0.0,0.0,0.0,0.0,0.0
4053,F,F,F4053F,Core,NEGATIVE_CONSENSUS,INVARIABLE,False,False,False,0.061055347,0.4024178149016429,1.0,1.0,1.0,0.0,2009.2490234375,0.0,0.0,0.0,0.0,0.0,0.0,0.0,0.0,0.0,0.0
4054,F,V,F4054V,Core,NEGATIVE_CONSENSUS,TEMPORAL_NOISE,False,False,False,1.2961224,0.12746136132120642,0.3517909,0.15841584,0.57686293,0.70823,2009.8360202595338,0.10519956141201986,2009.7909,2009.8699,0.0790188,0.015225912736975992,0.010312571987499132,0.54099715,5.503955,-0.96334803,1.5474579
4055,Q,Q,Q4055Q,Core,NEGATIVE_CONSENSUS,INVARIABLE,False,False,False,0.1328033,0.35777149996023005,1.0,1.0,1.0,0.0,2009.2490234375,0.0,0.0,0.0,0.0,0.0,0.0,0.0,0.0,0.0,0.0
4056,M,I,M4056I,Core,NEGATIVE_CONSENSUS,TEMPORAL_NOISE,False,False,False,0.07088171,0.39502865602087023,0.39941788,0.44554454,0.6669024,0.7516659,2009.7795782574153,0.03901399101476723,2009.7344,2009.8135,0.0790188,0.005145373529688868,0.0034849822039661185,0.010017693,0.8124242,-6.655941,2.8008537
4057,Y,Y,Y4057Y,Core,NEGATIVE_CONSENSUS,INVARIABLE,False,False,False,0.04160279,0.41918940090001205,1.0,1.0,1.0,0.0,2009.2490234375,0.0,0.0,0.0,0.0,0.0,0.0,0.0,0.0,0.0,0.0
4058,L,L,L4058L,Core,NEGATIVE_CONSENSUS,INVARIABLE,False,False,False,0.28021458,0.2982803046346809,1.0,1.0,1.0,0.0,2009.2490234375,0.0,0.0,0.0,0.0,0.0,0.0,0.0,0.0,0.0,0.0
4059,S,S,S4059S,Core,NEGATIVE_CONSENSUS,INVARIABLE,False,False,False,0.28062758,0.29814508717257127,1.0,1.0,1.0,0.0,2009.2490234375,0.0,0.0,0.0,0.0,0.0,0.0,0.0,0.0,0.0,0.0
4060,S,S,S4060S,Core,NEGATIVE_CONSENSUS,INVARIABLE,False,False,False,0.28062758,0.29814508717257127,1.0,1.0,1.0,0.0,2009.2490234375,0.0,0.0,0.0,0.0,0.0,0.0,0.0,0.0,0.0,0.0
4061,L,L,L4061L,Core,NEGATIVE_CONSENSUS,INVARIABLE,False,False,False,0.1403902,0.3539467030420645,1.0,1.0,1.0,0.0,2009.2490234375,0.0,0.0,0.0,0.0,0.0,0.0,0.0,0.0,0.0,0.0
4062,A,A,A4062A,Core,NEGATIVE_CONSENSUS,INVARIABLE,False,False,False,0.07253021,0.3938439016477709,1.0,1.0,1.0,0.0,2009.2490234375,0.0,0.0,0.0,0.0,0.0,0.0,0.0,0.0,0.0,0.0
4063,I,I,I4063I,Core,NEGATIVE_CONSENSUS,INVARIABLE,False,False,False,1.0355865,0.15442508350662135,1.0,1.0,1.0,0.0,2009.2490234375,0.0,0.0,0.0,0.0,0.0,0.0,0.0,0.0,0.0,0.0
4064,R,R,R4064R,Core,NEGATIVE_CONSENSUS,INVARIABLE,False,False,False,0.031301104,0.42978515135323686,1.0,1.0,1.0,0.0,2009.2490234375,0.0,0.0,0.0,0.0,0.0,0.0,0.0,0.0,0.0,0.0
4065,F,L,F4065L,Core,NEGATIVE_CONSENSUS,TEMPORAL_NOISE,False,False,False,0.08491614,0.3853712789093504,0.39941788,0.25742576,0.5809792,0.9031898,2009.4973682468221,0.06908189685984906,2009.4523,2009.5312,0.0790188,0.009253564681618361,0.006267474344307435,0.02696039,-0.7812629,-0.30159953,-7.0660043
4066,E,E,E4066E,Core,NEGATIVE_CONSENSUS,INVARIABLE,False,False,False,0.17737707,0.33681854926235366,1.0,1.0,1.0,0.0,2009.2490234375,0.0,0.0,0.0,0.0,0.0,0.0,0.0,0.0,0.0,0.0
4067,K,K,K4067K,Core,NEGATIVE_CONSENSUS,INVARIABLE,False,False,False,0.2995089,0.2920952302947697,1.0,1.0,1.0,0.0,2009.2490234375,0.0,0.0,0.0,0.0,0.0,0.0,0.0,0.0,0.0,0.0
4068,R,R,R4068R,Core,NEGATIVE_CONSENSUS,INVARIABLE,False,False,False,0.026146797,0.43577116494005275,1.0,1.0,1.0,0.0,2009.2490234375,0.0,0.0,0.0,0.0,0.0,0.0,0.0,0.0,0.0,0.0
4069,A,A,A4069A,Core,NEGATIVE_CONSENSUS,INVARIABLE,False,False,False,1.0132155,0.15706686261615616,1.0,1.0,1.0,0.0,2009.2490234375,0.0,0.0,0.0,0.0,0.0,0.0,0.0,0.0,0.0,0.0
4070,F,F,F4070F,Core,NEGATIVE_CONSENSUS,INVARIABLE,False,False,False,0.03677015,0.42396688710899644,1.0,1.0,1.0,0.0,2009.2490234375,0.0,0.0,0.0,0.0,0.0,0.0,0.0,0.0,0.0,0.0
4071,Y,Y,Y4071Y,Core,NEGATIVE_CONSENSUS,INVARIABLE,False,False,False,0.08357149,0.38625726840274144,1.0,1.0,1.0,0.0,2009.2490234375,0.0,0.0,0.0,0.0,0.0,0.0,0.0,0.0,0.0,0.0
4072,G,R,G4072R,Core,NEGATIVE_CONSENSUS,TEMPORAL_NOISE,False,False,False,0.6268538,0.21425585297242933,0.3517909,0.07920792,0.42981946,0.5983266,2009.8811738612287,0.14234891672894018,2009.8247,2009.915,0.090307206,0.02098527477858052,0.01347974305815018,0.78194445,7.361145,1.833929,1.219769
4073,R,R,R4073R,Core,NEGATIVE_CONSENSUS,INVARIABLE,False,False,False,0.026146797,0.43577116494005275,1.0,1.0,1.0,0.0,2009.2490234375,0.0,0.0,0.0,0.0,0.0,0.0,0.0,0.0,0.0,0.0
4074,S,S,S4074S,Core,NEGATIVE_CONSENSUS,INVARIABLE,False,False,False,0.5161936,0.23623495187969223,1.0,1.0,1.0,0.0,2009.2490234375,0.0,0.0,0.0,0.0,0.0,0.0,0.0,0.0,0.0,0.0
4075,A,T,A4075T,Core,NEGATIVE_CONSENSUS,TEMPORAL_NOISE,False,False,False,4.9092355,0.013356731232513732,0.3517909,0.4950495,0.6765677,0.26511785,2009.2490234375,0.041458388735281196,2009.249,2009.3054,0.056442004,0.004224818559451697,0.0026274871705192935,2.3125727,-3.1073403,2.988112,2.8066828
4076,A,A,A4076A,Core,NEGATIVE_CONSENSUS,INVARIABLE,False,False,False,0.07253021,0.3938439016477709,1.0,1.0,1.0,0.0,2009.2490234375,0.0,0.0,0.0,0.0,0.0,0.0,0.0,0.0,0.0,0.0
4077,V,V,V4077V,Core,NEGATIVE_CONSENSUS,INVARIABLE,False,False,False,0.91231257,0.1697507851367119,1.0,1.0,1.0,0.0,2009.2490234375,0.0,0.0,0.0,0.0,0.0,0.0,0.0,0.0,0.0,0.0
4078,H,P,H4078P,Core,NEGATIVE_CONSENSUS,TEMPORAL_NOISE,False,False,False,0.585488,0.222084597961965,0.3517909,0.95049506,0.96222955,0.024463033,2009.2490234375,0.0035381874545427827,2009.249,2009.249,0.0,5.8969790909046376e-05,1.9970238380737255e-05,0.7951207,-1.0744749,1.0007164,0.92345035
4079,E,E,E4079E,Core,NEGATIVE_CONSENSUS,INVARIABLE,False,False,False,0.09971498,0.37608596908684694,1.0,1.0,1.0,0.0,2009.2490234375,0.0,0.0,0.0,0.0,0.0,0.0,0.0,0.0,0.0,0.0
4080,G,R,G4080R,Core,NEGATIVE_CONSENSUS,TEMPORAL_NOISE,False,False,False,0.7645913,0.19094775132118869,0.3517909,0.84158415,0.8962325,0.44885147,2009.294177039195,0.031215507469373793,2009.249,2009.3394,0.090307206,0.004130953294270845,0.002667774048450049,2.6323519,-3.501627,3.3665764,3.146344
4081,R,R,R4081R,Core,NEGATIVE_CONSENSUS,INVARIABLE,False,False,False,0.047289148,0.41392467273385114,1.0,1.0,1.0,0.0,2009.2490234375,0.0,0.0,0.0,0.0,0.0,0.0,0.0,0.0,0.0,0.0
4082,I,I,I4082I,Core,NEGATIVE_CONSENSUS,INVARIABLE,False,False,False,1.0355865,0.15442508350662135,1.0,1.0,1.0,0.0,2009.2490234375,0.0,0.0,0.0,0.0,0.0,0.0,0.0,0.0,0.0,0.0
4083,S,S,S4083S,Core,NEGATIVE_CONSENSUS,INVARIABLE,False,False,False,0.2075632,0.3243420394483918,1.0,1.0,1.0,0.0,2009.2490234375,0.0,0.0,0.0,0.0,0.0,0.0,0.0,0.0,0.0,0.0
4084,T,T,T4084T,Core,NEGATIVE_CONSENSUS,INVARIABLE,False,False,False,0.03364685,0.427230012532943,1.0,1.0,1.0,0.0,2009.2490234375,0.0,0.0,0.0,0.0,0.0,0.0,0.0,0.0,0.0,0.0
4085,G,G,G4085G,Core,NEGATIVE_CONSENSUS,INVARIABLE,False,False,False,0.08983235,0.38219519767681476,1.0,1.0,1.0,0.0,2009.2490234375,0.0,0.0,0.0,0.0,0.0,0.0,0.0,0.0,0.0,0.0
4086,T,T,T4086T,Core,NEGATIVE_CONSENSUS,INVARIABLE,False,False,False,0.03364685,0.427230012532943,1.0,1.0,1.0,0.0,2009.2490234375,0.0,0.0,0.0,0.0,0.0,0.0,0.0,0.0,0.0,0.0
4087,A,A,A4087A,Core,NEGATIVE_CONSENSUS,INVARIABLE,False,False,False,0.50961536,0.23765270523878462,1.0,1.0,1.0,0.0,2009.2490234375,0.0,0.0,0.0,0.0,0.0,0.0,0.0,0.0,0.0,0.0
4088,E,K,E4088K,Core,RESCUED_SWEEP,CONFIRMED_SWEEP,True,False,True,0.31223577,0.2881557278291018,0.36189717,0.00990099,0.42981946,0.38633186,2009.576387049788,0.19209089828758275,2009.5425,2009.5876,0.045153603,0.018237756027578607,0.012352505572152422,-7.4723115,-1.1335758,1.6074433,-0.04410354
4089,C,C,C4089C,Core,NEGATIVE_CONSENSUS,INVARIABLE,False,False,False,0.097604975,0.37736145546547106,1.0,1.0,1.0,0.0,2009.2490234375,0.0,0.0,0.0,0.0,0.0,0.0,0.0,0.0,0.0,0.0
4090,C,C,C4090C,Core,NEGATIVE_CONSENSUS,INVARIABLE,False,False,False,0.025839863,0.4361460100233292,1.0,1.0,1.0,0.0,2009.2490234375,0.0,0.0,0.0,0.0,0.0,0.0,0.0,0.0,0.0,0.0
4091,G,G,G4091G,Core,NEGATIVE_CONSENSUS,INVARIABLE,False,False,False,0.08983235,0.38219519767681476,1.0,1.0,1.0,0.0,2009.2490234375,0.0,0.0,0.0,0.0,0.0,0.0,0.0,0.0,0.0,0.0
4092,C,C,C4092C,Core,NEGATIVE_CONSENSUS,INVARIABLE,False,False,False,0.025839863,0.4361460100233292,1.0,1.0,1.0,0.0,2009.2490234375,0.0,0.0,0.0,0.0,0.0,0.0,0.0,0.0,0.0,0.0
4093,A,A,A4093A,Core,NEGATIVE_CONSENSUS,INVARIABLE,False,False,False,0.07253021,0.3938439016477709,1.0,1.0,1.0,0.0,2009.2490234375,0.0,0.0,0.0,0.0,0.0,0.0,0.0,0.0,0.0,0.0
4094,R,R,R4094R,Core,NEGATIVE_CONSENSUS,INVARIABLE,False,False,False,0.03523141,0.4255557883149065,1.0,1.0,1.0,0.0,2009.2490234375,0.0,0.0,0.0,0.0,0.0,0.0,0.0,0.0,0.0,0.0
4095,W,W,W4095W,Core,NEGATIVE_CONSENSUS,INVARIABLE,False,False,False,0.14326186,0.3525297858631183,1.0,1.0,1.0,0.0,2009.2490234375,0.0,0.0,0.0,0.0,0.0,0.0,0.0,0.0,0.0,0.0
4096,S,S,S4096S,Core,NEGATIVE_CONSENSUS,INVARIABLE,False,False,False,0.2075632,0.3243420394483918,1.0,1.0,1.0,0.0,2009.2490234375,0.0,0.0,0.0,0.0,0.0,0.0,0.0,0.0,0.0,0.0
4097,F,F,F4097F,Core,NEGATIVE_CONSENSUS,INVARIABLE,False,False,False,0.061055347,0.4024178149016429,1.0,1.0,1.0,0.0,2009.2490234375,0.0,0.0,0.0,0.0,0.0,0.0,0.0,0.0,0.0,0.0
4098,C,C,C4098C,Core,NEGATIVE_CONSENSUS,INVARIABLE,False,False,False,0.025839863,0.4361460100233292,1.0,1.0,1.0,0.0,2009.2490234375,0.0,0.0,0.0,0.0,0.0,0.0,0.0,0.0,0.0,0.0
4099,Q,Q,Q4099Q,Core,NEGATIVE_CONSENSUS,INVARIABLE,False,False,False,0.1328033,0.35777149996023005,1.0,1.0,1.0,0.0,2009.2490234375,0.0,0.0,0.0,0.0,0.0,0.0,0.0,0.0,0.0,0.0
4100,H,H,H4100H,Core,NEGATIVE_CONSENSUS,INVARIABLE,False,False,False,0.18790461,0.3323331716817506,1.0,1.0,1.0,0.0,2009.2490234375,0.0,0.0,0.0,0.0,0.0,0.0,0.0,0.0,0.0,0.0
4101,R,R,R4101R,Core,NEGATIVE_CONSENSUS,INVARIABLE,False,False,False,0.047289148,0.41392467273385114,1.0,1.0,1.0,0.0,2009.2490234375,0.0,0.0,0.0,0.0,0.0,0.0,0.0,0.0,0.0,0.0
4102,A,A,A4102A,Core,NEGATIVE_CONSENSUS,INVARIABLE,False,False,False,0.6177493,0.21594245077438262,1.0,1.0,1.0,0.0,2009.2490234375,0.0,0.0,0.0,0.0,0.0,0.0,0.0,0.0,0.0,0.0
4103,R,R,R4103R,Core,NEGATIVE_CONSENSUS,INVARIABLE,False,False,False,0.047289148,0.41392467273385114,1.0,1.0,1.0,0.0,2009.2490234375,0.0,0.0,0.0,0.0,0.0,0.0,0.0,0.0,0.0,0.0
4104,V,V,V4104V,Core,NEGATIVE_CONSENSUS,INVARIABLE,False,False,False,0.60705686,0.21794905634298722,1.0,1.0,1.0,0.0,2009.2490234375,0.0,0.0,0.0,0.0,0.0,0.0,0.0,0.0,0.0,0.0
4105,A,A,A4105A,Core,NEGATIVE_CONSENSUS,INVARIABLE,False,False,False,0.07253021,0.3938439016477709,1.0,1.0,1.0,0.0,2009.2490234375,0.0,0.0,0.0,0.0,0.0,0.0,0.0,0.0,0.0,0.0
4106,A,A,A4106A,Core,NEGATIVE_CONSENSUS,INVARIABLE,False,False,False,0.07253021,0.3938439016477709,1.0,1.0,1.0,0.0,2009.2490234375,0.0,0.0,0.0,0.0,0.0,0.0,0.0,0.0,0.0,0.0
4107,G,E,G4107E,Core,NEGATIVE_CONSENSUS,TEMPORAL_NOISE,False,False,False,0.5503085,0.22909582908226994,0.35271603,0.31683168,0.63701445,0.93786025,2009.4747914459747,0.11439053929953485,2009.4409,2009.5087,0.067730404,0.015252073373716871,0.01033027525297286,0.78436476,-0.72558486,-0.34782538,-7.0020757
4108,L,L,L4108L,Core,NEGATIVE_CONSENSUS,INVARIABLE,False,False,False,0.17319994,0.3386417205269501,1.0,1.0,1.0,0.0,2009.2490234375,0.0,0.0,0.0,0.0,0.0,0.0,0.0,0.0,0.0,0.0
4109,Q,Q,Q4109Q,Core,NEGATIVE_CONSENSUS,INVARIABLE,False,False,False,0.1328033,0.35777149996023005,1.0,1.0,1.0,0.0,2009.2490234375,0.0,0.0,0.0,0.0,0.0,0.0,0.0,0.0,0.0,0.0
4110,H,H,H4110H,Core,NEGATIVE_CONSENSUS,INVARIABLE,False,False,False,0.534049,0.23245477158082695,1.0,1.0,1.0,0.0,2009.2490234375,0.0,0.0,0.0,0.0,0.0,0.0,0.0,0.0,0.0,0.0
4111,H,H,H4111H,Core,NEGATIVE_CONSENSUS,INVARIABLE,False,False,False,0.18790461,0.3323331716817506,1.0,1.0,1.0,0.0,2009.2490234375,0.0,0.0,0.0,0.0,0.0,0.0,0.0,0.0,0.0,0.0
4112,V,V,V4112V,Core,NEGATIVE_CONSENSUS,INVARIABLE,False,False,False,0.91231257,0.1697507851367119,1.0,1.0,1.0,0.0,2009.2490234375,0.0,0.0,0.0,0.0,0.0,0.0,0.0,0.0,0.0,0.0
4113,K,K,K4113K,Core,NEGATIVE_CONSENSUS,INVARIABLE,False,False,False,0.2995089,0.2920952302947697,1.0,1.0,1.0,0.0,2009.2490234375,0.0,0.0,0.0,0.0,0.0,0.0,0.0,0.0,0.0,0.0
4114,L,L,L4114L,Core,NEGATIVE_CONSENSUS,INVARIABLE,False,False,False,0.1403902,0.3539467030420645,1.0,1.0,1.0,0.0,2009.2490234375,0.0,0.0,0.0,0.0,0.0,0.0,0.0,0.0,0.0,0.0
4115,S,S,S4115S,Core,NEGATIVE_CONSENSUS,INVARIABLE,False,False,False,0.2075632,0.3243420394483918,1.0,1.0,1.0,0.0,2009.2490234375,0.0,0.0,0.0,0.0,0.0,0.0,0.0,0.0,0.0,0.0
4116,G,G,G4116G,Core,NEGATIVE_CONSENSUS,INVARIABLE,False,False,False,0.15513371,0.3468384480856218,1.0,1.0,1.0,0.0,2009.2490234375,0.0,0.0,0.0,0.0,0.0,0.0,0.0,0.0,0.0,0.0
4117,R,R,R4117R,Core,NEGATIVE_CONSENSUS,INVARIABLE,False,False,False,0.047289148,0.41392467273385114,1.0,1.0,1.0,0.0,2009.2490234375,0.0,0.0,0.0,0.0,0.0,0.0,0.0,0.0,0.0,0.0
4118,L,L,L4118L,Core,NEGATIVE_CONSENSUS,INVARIABLE,False,False,False,0.15878537,0.3451386324350256,1.0,1.0,1.0,0.0,2009.2490234375,0.0,0.0,0.0,0.0,0.0,0.0,0.0,0.0,0.0,0.0
4119,F,F,F4119F,Core,NEGATIVE_CONSENSUS,INVARIABLE,False,False,False,0.061055347,0.4024178149016429,1.0,1.0,1.0,0.0,2009.2490234375,0.0,0.0,0.0,0.0,0.0,0.0,0.0,0.0,0.0,0.0
4120,P,P,P4120P,Core,NEGATIVE_CONSENSUS,INVARIABLE,False,False,False,0.18130763,0.33512594256133826,1.0,1.0,1.0,0.0,2009.2490234375,0.0,0.0,0.0,0.0,0.0,0.0,0.0,0.0,0.0,0.0
4121,L,L,L4121L,Core,NEGATIVE_CONSENSUS,INVARIABLE,False,False,False,0.11684559,0.36624060240780854,1.0,1.0,1.0,0.0,2009.2490234375,0.0,0.0,0.0,0.0,0.0,0.0,0.0,0.0,0.0,0.0
4122,A,E,A4122E,Core,NEGATIVE_CONSENSUS,TEMPORAL_NOISE,False,False,False,2.027003,0.07726252955339143,0.3517909,0.44554454,0.6669024,0.7839902,2009.7570014565679,0.09317995344766247,2009.7231,2009.7909,0.067730404,0.012255356427499826,0.008300602241347686,0.02819419,0.18511504,-6.826845,2.8018982
4123,Y,C,Y4123C,Core,NEGATIVE_CONSENSUS,TEMPORAL_NOISE,False,False,False,0.3659413,0.272612484960162,0.3564026,0.089108914,0.42981946,0.8429518,2009.7005594544491,0.08986654873705463,2009.6554,2009.7231,0.067730404,0.01131049275132489,0.007660642270004546,0.75544894,-1.2846481,-2.3585944,0.60279787
4124,P,P,P4124P,Core,NEGATIVE_CONSENSUS,INVARIABLE,False,False,False,0.084023274,0.3859587324025193,1.0,1.0,1.0,0.0,2009.2490234375,0.0,0.0,0.0,0.0,0.0,0.0,0.0,0.0,0.0,0.0
4125,Q,Q,Q4125Q,Core,NEGATIVE_CONSENSUS,INVARIABLE,False,False,False,0.1328033,0.35777149996023005,1.0,1.0,1.0,0.0,2009.2490234375,0.0,0.0,0.0,0.0,0.0,0.0,0.0,0.0,0.0,0.0
4126,A,A,A4126A,Core,NEGATIVE_CONSENSUS,INVARIABLE,False,False,False,0.112414464,0.36870593513800987,1.0,1.0,1.0,0.0,2009.2490234375,0.0,0.0,0.0,0.0,0.0,0.0,0.0,0.0,0.0,0.0
4127,I,I,I4127I,Core,NEGATIVE_CONSENSUS,INVARIABLE,False,False,False,0.7167717,0.19860244442133695,1.0,1.0,1.0,0.0,2009.2490234375,0.0,0.0,0.0,0.0,0.0,0.0,0.0,0.0,0.0,0.0
4128,C,C,C4128C,Core,NEGATIVE_CONSENSUS,INVARIABLE,False,False,False,0.098847605,0.3766084799559455,1.0,1.0,1.0,0.0,2009.2490234375,0.0,0.0,0.0,0.0,0.0,0.0,0.0,0.0,0.0,0.0
4129,R,R,R4129R,Core,NEGATIVE_CONSENSUS,INVARIABLE,False,False,False,0.047289148,0.41392467273385114,1.0,1.0,1.0,0.0,2009.2490234375,0.0,0.0,0.0,0.0,0.0,0.0,0.0,0.0,0.0,0.0
4130,Q,Q,Q4130Q,Core,NEGATIVE_CONSENSUS,FLAT_NO_SIGNAL,False,False,False,0.3384112,0.28037386959756516,0.3593524,1.0,1.0,0.0,2009.2490234375,0.0,0.0,0.0,0.0,0.0,0.0,0.0,0.0,0.0,0.0
4131,W,R,W4131R,Core,NEGATIVE_CONSENSUS,TEMPORAL_NOISE,False,False,False,0.6270376,0.214222016957698,0.3517909,0.7128713,0.82331616,0.8410483,2009.3506190413136,0.0426669027172589,2009.2942,2009.3845,0.090307206,0.006135563783702151,0.004104987716700187,2.79651,-3.4963548,3.2565124,2.744619
4132,I,T,I4132T,Core,NEGATIVE_CONSENSUS,TEMPORAL_NOISE,False,False,False,1.15157,0.14161037126432188,0.3517909,0.17821783,0.57686293,0.9184373,2009.4973682468221,0.07220883756056837,2009.4523,2009.5312,0.0790188,0.009726125347523115,0.006587540886554416,0.16317254,-0.7678571,-0.32156882,-7.107177
4133,G,G,G4133G,Core,NEGATIVE_CONSENSUS,INVARIABLE,False,False,False,0.10198707,0.37472898848367453,1.0,1.0,1.0,0.0,2009.2490234375,0.0,0.0,0.0,0.0,0.0,0.0,0.0,0.0,0.0,0.0
4134,A,A,A4134A,Core,NEGATIVE_CONSENSUS,INVARIABLE,False,False,False,0.07253021,0.3938439016477709,1.0,1.0,1.0,0.0,2009.2490234375,0.0,0.0,0.0,0.0,0.0,0.0,0.0,0.0,0.0,0.0
4135,C,C,C4135C,Core,NEGATIVE_CONSENSUS,INVARIABLE,False,False,False,0.098847605,0.3766084799559455,1.0,1.0,1.0,0.0,2009.2490234375,0.0,0.0,0.0,0.0,0.0,0.0,0.0,0.0,0.0,0.0
4136,P,P,P4136P,Core,NEGATIVE_CONSENSUS,INVARIABLE,False,False,False,0.13949645,0.35439106371219375,1.0,1.0,1.0,0.0,2009.2490234375,0.0,0.0,0.0,0.0,0.0,0.0,0.0,0.0,0.0,0.0
4137,I,I,I4137I,Core,NEGATIVE_CONSENSUS,INVARIABLE,False,False,False,0.7167717,0.19860244442133695,1.0,1.0,1.0,0.0,2009.2490234375,0.0,0.0,0.0,0.0,0.0,0.0,0.0,0.0,0.0,0.0
4138,P,P,P4138P,Core,NEGATIVE_CONSENSUS,INVARIABLE,False,False,False,0.18130763,0.33512594256133826,1.0,1.0,1.0,0.0,2009.2490234375,0.0,0.0,0.0,0.0,0.0,0.0,0.0,0.0,0.0,0.0
4139,A,A,A4139A,Core,NEGATIVE_CONSENSUS,INVARIABLE,False,False,False,0.07253021,0.3938439016477709,1.0,1.0,1.0,0.0,2009.2490234375,0.0,0.0,0.0,0.0,0.0,0.0,0.0,0.0,0.0,0.0
4140,S,S,S4140S,Core,NEGATIVE_CONSENSUS,INVARIABLE,False,False,False,0.28062758,0.29814508717257127,1.0,1.0,1.0,0.0,2009.2490234375,0.0,0.0,0.0,0.0,0.0,0.0,0.0,0.0,0.0,0.0
4141,A,A,A4141A,Core,NEGATIVE_CONSENSUS,INVARIABLE,False,False,False,0.6177493,0.21594245077438262,1.0,1.0,1.0,0.0,2009.2490234375,0.0,0.0,0.0,0.0,0.0,0.0,0.0,0.0,0.0,0.0
4142,P,P,P4142P,Core,NEGATIVE_CONSENSUS,INVARIABLE,False,False,False,0.084023274,0.3859587324025193,1.0,1.0,1.0,0.0,2009.2490234375,0.0,0.0,0.0,0.0,0.0,0.0,0.0,0.0,0.0,0.0
4143,P,P,P4143P,Core,NEGATIVE_CONSENSUS,INVARIABLE,False,False,False,0.084023274,0.3859587324025193,1.0,1.0,1.0,0.0,2009.2490234375,0.0,0.0,0.0,0.0,0.0,0.0,0.0,0.0,0.0,0.0
4144,R,R,R4144R,Core,NEGATIVE_CONSENSUS,INVARIABLE,False,False,False,0.047289148,0.41392467273385114,1.0,1.0,1.0,0.0,2009.2490234375,0.0,0.0,0.0,0.0,0.0,0.0,0.0,0.0,0.0,0.0
4145,S,S,S4145S,Core,NEGATIVE_CONSENSUS,INVARIABLE,False,False,False,0.2075632,0.3243420394483918,1.0,1.0,1.0,0.0,2009.2490234375,0.0,0.0,0.0,0.0,0.0,0.0,0.0,0.0,0.0,0.0
4146,K,K,K4146K,Core,NEGATIVE_CONSENSUS,INVARIABLE,False,False,False,1.2671006,0.13015565800770462,1.0,1.0,1.0,0.0,2009.2490234375,0.0,0.0,0.0,0.0,0.0,0.0,0.0,0.0,0.0,0.0
4147,V,V,V4147V,Core,NEGATIVE_CONSENSUS,INVARIABLE,False,False,False,0.91231257,0.1697507851367119,1.0,1.0,1.0,0.0,2009.2490234375,0.0,0.0,0.0,0.0,0.0,0.0,0.0,0.0,0.0,0.0
4148,L,L,L4148L,Core,NEGATIVE_CONSENSUS,INVARIABLE,False,False,False,0.1403902,0.3539467030420645,1.0,1.0,1.0,0.0,2009.2490234375,0.0,0.0,0.0,0.0,0.0,0.0,0.0,0.0,0.0,0.0
4149,K,K,K4149K,Core,NEGATIVE_CONSENSUS,INVARIABLE,False,False,False,1.2671006,0.13015565800770462,1.0,1.0,1.0,0.0,2009.2490234375,0.0,0.0,0.0,0.0,0.0,0.0,0.0,0.0,0.0,0.0
4150,R,R,R4150R,Core,NEGATIVE_CONSENSUS,INVARIABLE,False,False,False,0.026146797,0.43577116494005275,1.0,1.0,1.0,0.0,2009.2490234375,0.0,0.0,0.0,0.0,0.0,0.0,0.0,0.0,0.0,0.0
4151,K,E,K4151E,Core,NEGATIVE_CONSENSUS,TEMPORAL_NOISE,False,False,False,0.64993566,0.21006784136673262,0.3517909,0.43564355,0.6669024,0.8121201,2009.745713056144,0.06334430866507904,2009.7006,2009.7683,0.067730404,0.008250967999629074,0.005588413839792786,0.21736479,-0.45596308,-5.984714,2.3703673
4152,R,R,R4152R,Core,NEGATIVE_CONSENSUS,INVARIABLE,False,False,False,0.026146797,0.43577116494005275,1.0,1.0,1.0,0.0,2009.2490234375,0.0,0.0,0.0,0.0,0.0,0.0,0.0,0.0,0.0,0.0
4153,Q,Q,Q4153Q,Core,NEGATIVE_CONSENSUS,INVARIABLE,False,False,False,0.124209076,0.3622567484188922,1.0,1.0,1.0,0.0,2009.2490234375,0.0,0.0,0.0,0.0,0.0,0.0,0.0,0.0,0.0,0.0
4154,H,H,H4154H,Core,NEGATIVE_CONSENSUS,INVARIABLE,False,False,False,0.534049,0.23245477158082695,1.0,1.0,1.0,0.0,2009.2490234375,0.0,0.0,0.0,0.0,0.0,0.0,0.0,0.0,0.0,0.0
4155,P,H,P4155H,Core,NEGATIVE_CONSENSUS,TEMPORAL_NOISE,False,False,False,0.2993599,0.29214199605440805,0.36189717,0.85148513,0.90286785,0.14237796,2009.2490234375,0.03155456691042267,2009.249,2009.2828,0.033865202,0.00212349618410271,0.001260152220224744,1.8815888,-2.540717,2.4311442,2.278723
4156,W,W,W4156W,Core,NEGATIVE_CONSENSUS,INVARIABLE,False,False,False,0.14326186,0.3525297858631183,1.0,1.0,1.0,0.0,2009.2490234375,0.0,0.0,0.0,0.0,0.0,0.0,0.0,0.0,0.0,0.0
4157,P,S,P4157S,Core,NEGATIVE_CONSENSUS,TEMPORAL_NOISE,False,False,False,0.49200344,0.24151748697631814,0.35271603,0.9108911,0.93366337,0.044636585,2009.2490234375,0.014953241886726287,2009.249,2009.2603,0.011288401,0.0003889126969929293,0.00017901304418734798,1.0942655,-1.4791144,1.3849952,1.2817513
4158,R,Q,R4158Q,Core,RESCUED_SWEEP,CONFIRMED_SWEEP,True,False,True,0.4399418,0.2535752752035135,0.35272044,0.00990099,0.42981946,0.38633186,2009.576387049788,0.24442480291415442,2009.5425,2009.5876,0.045153603,0.023206512970560107,0.015717864650979782,-7.472312,-1.1335759,1.6074435,-0.044103544
4159,Y,Y,Y4159Y,Core,NEGATIVE_CONSENSUS,INVARIABLE,False,False,False,0.04160279,0.41918940090001205,1.0,1.0,1.0,0.0,2009.2490234375,0.0,0.0,0.0,0.0,0.0,0.0,0.0,0.0,0.0,0.0
4160,R,R,R4160R,Core,NEGATIVE_CONSENSUS,INVARIABLE,False,False,False,0.03369615,0.42717731920506985,1.0,1.0,1.0,0.0,2009.2490234375,0.0,0.0,0.0,0.0,0.0,0.0,0.0,0.0,0.0,0.0
4161,N,N,N4161N,Core,NEGATIVE_CONSENSUS,INVARIABLE,False,False,False,0.2697167,0.3017609345059,1.0,1.0,1.0,0.0,2009.2490234375,0.0,0.0,0.0,0.0,0.0,0.0,0.0,0.0,0.0,0.0
4162,S,S,S4162S,Core,NEGATIVE_CONSENSUS,INVARIABLE,False,False,False,0.49796218,0.2401984475468799,1.0,1.0,1.0,0.0,2009.2490234375,0.0,0.0,0.0,0.0,0.0,0.0,0.0,0.0,0.0,0.0
4163,H,Y,H4163Y,Core,NEGATIVE_CONSENSUS,TEMPORAL_NOISE,False,False,False,1.3506533,0.12258197005718563,0.3517909,0.25742576,0.5809792,0.9031898,2009.4973682468221,0.1389056635456168,2009.4523,2009.5312,0.0790188,0.01860650330534787,0.01260225503531513,0.026960397,-0.7812631,-0.30159962,-7.066006
4164,S,Y,S4164Y,Core,NEGATIVE_CONSENSUS,TEMPORAL_NOISE,False,False,False,0.99395925,0.1593883106026499,0.3517909,0.38613862,0.6669024,0.845471,2009.711847854873,0.10806230642195722,2009.678,2009.7457,0.067730404,0.013699044556369019,0.00927841802249435,0.5749622,-0.99087286,-3.9980528,1.4176294
4165,C,C,C4165C,Core,NEGATIVE_CONSENSUS,INVARIABLE,False,False,False,0.025839863,0.4361460100233292,1.0,1.0,1.0,0.0,2009.2490234375,0.0,0.0,0.0,0.0,0.0,0.0,0.0,0.0,0.0,0.0
4166,W,W,W4166W,Core,NEGATIVE_CONSENSUS,INVARIABLE,False,False,False,0.14326186,0.3525297858631183,1.0,1.0,1.0,0.0,2009.2490234375,0.0,0.0,0.0,0.0,0.0,0.0,0.0,0.0,0.0,0.0
4167,E,E,E4167E,Core,NEGATIVE_CONSENSUS,INVARIABLE,False,False,False,0.17737707,0.33681854926235366,1.0,1.0,1.0,0.0,2009.2490234375,0.0,0.0,0.0,0.0,0.0,0.0,0.0,0.0,0.0,0.0
4168,T,T,T4168T,Core,NEGATIVE_CONSENSUS,INVARIABLE,False,False,False,0.03364685,0.427230012532943,1.0,1.0,1.0,0.0,2009.2490234375,0.0,0.0,0.0,0.0,0.0,0.0,0.0,0.0,0.0,0.0
4169,N,D,N4169D,Core,NEGATIVE_CONSENSUS,TEMPORAL_NOISE,False,False,False,1.9606079,0.0807241605223507,0.3517909,0.089108914,0.42981946,0.73347086,2009.5989638506355,0.11274149221965388,2009.5764,2009.6328,0.056442004,0.012919515498017311,0.008750439853326897,-4.5751147,-0.9904233,0.2141419,-0.10819288
4170,R,R,R4170R,Core,NEGATIVE_CONSENSUS,INVARIABLE,False,False,False,0.06321867,0.40073959023730843,1.0,1.0,1.0,0.0,2009.2490234375,0.0,0.0,0.0,0.0,0.0,0.0,0.0,0.0,0.0,0.0
4171,G,G,G4171G,Core,NEGATIVE_CONSENSUS,INVARIABLE,False,False,False,0.08983235,0.38219519767681476,1.0,1.0,1.0,0.0,2009.2490234375,0.0,0.0,0.0,0.0,0.0,0.0,0.0,0.0,0.0,0.0
4172,M,M,M4172M,Core,NEGATIVE_CONSENSUS,INVARIABLE,False,False,False,0.04345588,0.4174346170740496,1.0,1.0,1.0,0.0,2009.2490234375,0.0,0.0,0.0,0.0,0.0,0.0,0.0,0.0,0.0,0.0
4173,D,D,D4173D,Core,NEGATIVE_CONSENSUS,INVARIABLE,False,False,False,0.24172953,0.3114798699800736,1.0,1.0,1.0,0.0,2009.2490234375,0.0,0.0,0.0,0.0,0.0,0.0,0.0,0.0,0.0,0.0
4174,L,L,L4174L,Core,NEGATIVE_CONSENSUS,INVARIABLE,False,False,False,0.1403902,0.3539467030420645,1.0,1.0,1.0,0.0,2009.2490234375,0.0,0.0,0.0,0.0,0.0,0.0,0.0,0.0,0.0,0.0
4175,E,E,E4175E,Core,NEGATIVE_CONSENSUS,INVARIABLE,False,False,False,0.17737707,0.33681854926235366,1.0,1.0,1.0,0.0,2009.2490234375,0.0,0.0,0.0,0.0,0.0,0.0,0.0,0.0,0.0,0.0
4176,R,R,R4176R,Core,NEGATIVE_CONSENSUS,INVARIABLE,False,False,False,0.047289148,0.41392467273385114,1.0,1.0,1.0,0.0,2009.2490234375,0.0,0.0,0.0,0.0,0.0,0.0,0.0,0.0,0.0,0.0
4177,G,R,G4177R,Core,NEGATIVE_CONSENSUS,TEMPORAL_NOISE,False,False,False,0.6845292,0.20401573237486592,0.3517909,0.16831683,0.57686293,0.755377,2009.621540651483,0.11536572612365556,2009.5876,2009.6554,0.067730404,0.014805171768670966,0.010027602436005457,-2.4533112,-1.100948,-0.31520945,-0.4212557
4178,I,I,I4178I,Core,NEGATIVE_CONSENSUS,INVARIABLE,False,False,False,0.41026053,0.2609186505464557,1.0,1.0,1.0,0.0,2009.2490234375,0.0,0.0,0.0,0.0,0.0,0.0,0.0,0.0,0.0,0.0
4179,Q,Q,Q4179Q,Core,NEGATIVE_CONSENSUS,INVARIABLE,False,False,False,0.14861211,0.3499326088640236,1.0,1.0,1.0,0.0,2009.2490234375,0.0,0.0,0.0,0.0,0.0,0.0,0.0,0.0,0.0,0.0
4180,R,R,R4180R,Core,NEGATIVE_CONSENSUS,INVARIABLE,False,False,False,0.03523141,0.4255557883149065,1.0,1.0,1.0,0.0,2009.2490234375,0.0,0.0,0.0,0.0,0.0,0.0,0.0,0.0,0.0,0.0
4181,D,D,D4181D,Core,NEGATIVE_CONSENSUS,INVARIABLE,False,False,False,2.8818045,0.044792789968923004,1.0,1.0,1.0,0.0,2009.2490234375,0.0,0.0,0.0,0.0,0.0,0.0,0.0,0.0,0.0,0.0
4182,T,T,T4182T,Core,NEGATIVE_CONSENSUS,INVARIABLE,False,False,False,0.026892863,0.434869336287794,1.0,1.0,1.0,0.0,2009.2490234375,0.0,0.0,0.0,0.0,0.0,0.0,0.0,0.0,0.0,0.0
4183,A,A,A4183A,Core,NEGATIVE_CONSENSUS,INVARIABLE,False,False,False,0.07253021,0.3938439016477709,1.0,1.0,1.0,0.0,2009.2490234375,0.0,0.0,0.0,0.0,0.0,0.0,0.0,0.0,0.0,0.0
4184,N,N,N4184N,Core,NEGATIVE_CONSENSUS,INVARIABLE,False,False,False,0.14756067,0.3504387265808948,1.0,1.0,1.0,0.0,2009.2490234375,0.0,0.0,0.0,0.0,0.0,0.0,0.0,0.0,0.0,0.0
4185,D,G,D4185G,Core,NEGATIVE_CONSENSUS,TEMPORAL_NOISE,False,False,False,5.4143434,0.009985981932011211,0.3517909,0.25742576,0.5809792,0.9031898,2009.4973682468221,0.08311878536616793,2009.4523,2009.5312,0.0790188,0.011133814958842305,0.00754097496583408,0.026960392,-0.78126293,-0.30159956,-7.0660048
4186,N,N,N4186N,Core,NEGATIVE_CONSENSUS,INVARIABLE,False,False,False,0.14756067,0.3504387265808948,1.0,1.0,1.0,0.0,2009.2490234375,0.0,0.0,0.0,0.0,0.0,0.0,0.0,0.0,0.0,0.0
4187,C,C,C4187C,Core,NEGATIVE_CONSENSUS,INVARIABLE,False,False,False,0.098847605,0.3766084799559455,1.0,1.0,1.0,0.0,2009.2490234375,0.0,0.0,0.0,0.0,0.0,0.0,0.0,0.0,0.0,0.0
4188,I,I,I4188I,Core,NEGATIVE_CONSENSUS,INVARIABLE,False,False,False,0.41026053,0.2609186505464557,1.0,1.0,1.0,0.0,2009.2490234375,0.0,0.0,0.0,0.0,0.0,0.0,0.0,0.0,0.0,0.0
4189,C,C,C4189C,Core,NEGATIVE_CONSENSUS,INVARIABLE,False,False,False,0.025839863,0.4361460100233292,1.0,1.0,1.0,0.0,2009.2490234375,0.0,0.0,0.0,0.0,0.0,0.0,0.0,0.0,0.0,0.0
4190,T,A,T4190A,Core,NEGATIVE_CONSENSUS,TEMPORAL_NOISE,False,False,False,0.13199307,0.3581872201335896,0.3852647,0.089108914,0.42981946,0.84295195,2009.7005594544491,0.09939475077574897,2009.6554,2009.7231,0.067730404,0.012509699629948743,0.008472869916212974,0.7554489,-1.2846476,-2.3585982,0.6027998
4191,Y,Y,Y4191Y,Core,NEGATIVE_CONSENSUS,INVARIABLE,False,False,False,0.08357149,0.38625726840274144,1.0,1.0,1.0,0.0,2009.2490234375,0.0,0.0,0.0,0.0,0.0,0.0,0.0,0.0,0.0,0.0
4192,F,F,F4192F,Core,NEGATIVE_CONSENSUS,INVARIABLE,False,False,False,0.03677015,0.42396688710899644,1.0,1.0,1.0,0.0,2009.2490234375,0.0,0.0,0.0,0.0,0.0,0.0,0.0,0.0,0.0,0.0
4193,A,A,A4193A,Core,NEGATIVE_CONSENSUS,INVARIABLE,False,False,False,0.112414464,0.36870593513800987,1.0,1.0,1.0,0.0,2009.2490234375,0.0,0.0,0.0,0.0,0.0,0.0,0.0,0.0,0.0,0.0
4194,L,L,L4194L,Core,NEGATIVE_CONSENSUS,INVARIABLE,False,False,False,0.20977953,0.32347013020324433,1.0,1.0,1.0,0.0,2009.2490234375,0.0,0.0,0.0,0.0,0.0,0.0,0.0,0.0,0.0,0.0
4195,P,P,P4195P,Core,NEGATIVE_CONSENSUS,INVARIABLE,False,False,False,0.18130763,0.33512594256133826,1.0,1.0,1.0,0.0,2009.2490234375,0.0,0.0,0.0,0.0,0.0,0.0,0.0,0.0,0.0,0.0
4196,F,F,F4196F,Core,NEGATIVE_CONSENSUS,INVARIABLE,False,False,False,0.03677015,0.42396688710899644,1.0,1.0,1.0,0.0,2009.2490234375,0.0,0.0,0.0,0.0,0.0,0.0,0.0,0.0,0.0,0.0
4197,A,A,A4197A,Core,NEGATIVE_CONSENSUS,INVARIABLE,False,False,False,0.07253021,0.3938439016477709,1.0,1.0,1.0,0.0,2009.2490234375,0.0,0.0,0.0,0.0,0.0,0.0,0.0,0.0,0.0,0.0
4198,H,H,H4198H,Core,NEGATIVE_CONSENSUS,INVARIABLE,False,False,False,0.18790461,0.3323331716817506,1.0,1.0,1.0,0.0,2009.2490234375,0.0,0.0,0.0,0.0,0.0,0.0,0.0,0.0,0.0,0.0
4199,D,N,D4199N,Core,RESCUED_SWEEP,CONFIRMED_SWEEP,True,False,True,7.941931,0.0024151135372047082,0.329663,0.03960396,0.42981946,0.5824501,2009.869885460805,0.0956738037964589,2009.4183,2009.915,0.49668962,0.02645750008617068,0.01748690009010985,1.7700231,6.2709255,1.6554008,-2.7169845
4200,P,P,P4200P,Core,NEGATIVE_CONSENSUS,INVARIABLE,False,False,False,0.18130763,0.33512594256133826,1.0,1.0,1.0,0.0,2009.2490234375,0.0,0.0,0.0,0.0,0.0,0.0,0.0,0.0,0.0,0.0
4201,R,R,R4201R,Core,NEGATIVE_CONSENSUS,INVARIABLE,False,False,False,0.03523141,0.4255557883149065,1.0,1.0,1.0,0.0,2009.2490234375,0.0,0.0,0.0,0.0,0.0,0.0,0.0,0.0,0.0,0.0
4202,G,G,G4202G,Core,NEGATIVE_CONSENSUS,INVARIABLE,False,False,False,0.08983235,0.38219519767681476,1.0,1.0,1.0,0.0,2009.2490234375,0.0,0.0,0.0,0.0,0.0,0.0,0.0,0.0,0.0,0.0
4203,N,N,N4203N,Core,NEGATIVE_CONSENSUS,INVARIABLE,False,False,False,0.14756067,0.3504387265808948,1.0,1.0,1.0,0.0,2009.2490234375,0.0,0.0,0.0,0.0,0.0,0.0,0.0,0.0,0.0,0.0
4204,V,A,V4204A,Core,NEGATIVE_CONSENSUS,TEMPORAL_NOISE,False,False,False,1.4215664,0.11657287936221727,0.3517909,0.44554454,0.6669024,0.7839902,2009.7570014565679,0.09416443981193218,2009.7231,2009.7909,0.067730404,0.012384839549627763,0.008388301681189364,0.02819419,0.18511504,-6.826845,2.8018982
4205,T,T,T4205T,Core,NEGATIVE_CONSENSUS,INVARIABLE,False,False,False,0.082995705,0.3866390184146743,1.0,1.0,1.0,0.0,2009.2490234375,0.0,0.0,0.0,0.0,0.0,0.0,0.0,0.0,0.0,0.0
4206,R,R,R4206R,Core,NEGATIVE_CONSENSUS,INVARIABLE,False,False,False,0.047289148,0.41392467273385114,1.0,1.0,1.0,0.0,2009.2490234375,0.0,0.0,0.0,0.0,0.0,0.0,0.0,0.0,0.0,0.0
4207,L,L,L4207L,Core,NEGATIVE_CONSENSUS,INVARIABLE,False,False,False,0.15878537,0.3451386324350256,1.0,1.0,1.0,0.0,2009.2490234375,0.0,0.0,0.0,0.0,0.0,0.0,0.0,0.0,0.0,0.0
4208,V,V,V4208V,Core,NEGATIVE_CONSENSUS,INVARIABLE,False,False,False,0.27149606,0.3011649827004066,1.0,1.0,1.0,0.0,2009.2490234375,0.0,0.0,0.0,0.0,0.0,0.0,0.0,0.0,0.0,0.0
4209,H,H,H4209H,Core,NEGATIVE_CONSENSUS,INVARIABLE,False,False,False,0.18790461,0.3323331716817506,1.0,1.0,1.0,0.0,2009.2490234375,0.0,0.0,0.0,0.0,0.0,0.0,0.0,0.0,0.0,0.0
4210,A,A,A4210A,Core,NEGATIVE_CONSENSUS,INVARIABLE,False,False,False,0.6177493,0.21594245077438262,1.0,1.0,1.0,0.0,2009.2490234375,0.0,0.0,0.0,0.0,0.0,0.0,0.0,0.0,0.0,0.0
4211,H,H,H4211H,Core,NEGATIVE_CONSENSUS,INVARIABLE,False,False,False,0.18790461,0.3323331716817506,1.0,1.0,1.0,0.0,2009.2490234375,0.0,0.0,0.0,0.0,0.0,0.0,0.0,0.0,0.0,0.0
4212,A,A,A4212A,Core,NEGATIVE_CONSENSUS,INVARIABLE,False,False,False,1.0132155,0.15706686261615616,1.0,1.0,1.0,0.0,2009.2490234375,0.0,0.0,0.0,0.0,0.0,0.0,0.0,0.0,0.0,0.0
4213,A,A,A4213A,Core,NEGATIVE_CONSENSUS,INVARIABLE,False,False,False,0.07253021,0.3938439016477709,1.0,1.0,1.0,0.0,2009.2490234375,0.0,0.0,0.0,0.0,0.0,0.0,0.0,0.0,0.0,0.0
4214,A,A,A4214A,Core,NEGATIVE_CONSENSUS,INVARIABLE,False,False,False,0.50961536,0.23765270523878462,1.0,1.0,1.0,0.0,2009.2490234375,0.0,0.0,0.0,0.0,0.0,0.0,0.0,0.0,0.0,0.0
4215,K,K,K4215K,Core,NEGATIVE_CONSENSUS,INVARIABLE,False,False,False,1.2671006,0.13015565800770462,1.0,1.0,1.0,0.0,2009.2490234375,0.0,0.0,0.0,0.0,0.0,0.0,0.0,0.0,0.0,0.0
4216,D,N,D4216N,Core,NEGATIVE_CONSENSUS,TEMPORAL_NOISE,False,False,False,0.29932705,0.292152305261726,0.36189717,0.8019802,0.85777014,0.7179019,2009.576387049788,0.04800513936757883,2009.4409,2009.5876,0.1467492,0.009812329819826205,0.006580793083723476,-4.5260696,-1.3656855,0.9341729,-5.0738916
4217,N,D,N4217D,Core,NEGATIVE_CONSENSUS,TEMPORAL_NOISE,False,False,False,0.74578446,0.19390709304029774,0.3517909,0.4950495,0.6765677,0.6093378,2009.452214645127,0.06522801402245523,2009.4071,2009.4747,0.067730404,0.008400121177735245,0.0056892971333767865,1.5754443,-0.96000654,0.14802709,-4.7926764
4218,R,G,R4218G,Core,RESCUED_SWEEP,CONFIRMED_SWEEP,True,False,True,0.115935504,0.36674263488393544,0.38644052,0.02970297,0.42981946,0.68936,2009.869885460805,0.15474336547555934,2009.8135,2009.915,0.1015956,0.02441239616741308,0.01594149309223268,0.76853853,7.3332577,1.3053017,1.3396217
4219,P,P,P4219P,Core,NEGATIVE_CONSENSUS,INVARIABLE,False,False,False,0.13949645,0.35439106371219375,1.0,1.0,1.0,0.0,2009.2490234375,0.0,0.0,0.0,0.0,0.0,0.0,0.0,0.0,0.0,0.0
4220,S,S,S4220S,Core,NEGATIVE_CONSENSUS,INVARIABLE,False,False,False,0.26384795,0.30374440131695446,1.0,1.0,1.0,0.0,2009.2490234375,0.0,0.0,0.0,0.0,0.0,0.0,0.0,0.0,0.0,0.0
4221,L,L,L4221L,Core,NEGATIVE_CONSENSUS,INVARIABLE,False,False,False,0.11684559,0.36624060240780854,1.0,1.0,1.0,0.0,2009.2490234375,0.0,0.0,0.0,0.0,0.0,0.0,0.0,0.0,0.0,0.0
4222,R,R,R4222R,Core,NEGATIVE_CONSENSUS,INVARIABLE,False,False,False,0.06321867,0.40073959023730843,1.0,1.0,1.0,0.0,2009.2490234375,0.0,0.0,0.0,0.0,0.0,0.0,0.0,0.0,0.0,0.0
4223,A,A,A4223A,Core,NEGATIVE_CONSENSUS,INVARIABLE,False,False,False,0.112414464,0.36870593513800987,1.0,1.0,1.0,0.0,2009.2490234375,0.0,0.0,0.0,0.0,0.0,0.0,0.0,0.0,0.0,0.0
4224,I,I,I4224I,Core,NEGATIVE_CONSENSUS,INVARIABLE,False,False,False,0.7167717,0.19860244442133695,1.0,1.0,1.0,0.0,2009.2490234375,0.0,0.0,0.0,0.0,0.0,0.0,0.0,0.0,0.0,0.0
4225,G,G,G4225G,Core,NEGATIVE_CONSENSUS,INVARIABLE,False,False,False,0.08983235,0.38219519767681476,1.0,1.0,1.0,0.0,2009.2490234375,0.0,0.0,0.0,0.0,0.0,0.0,0.0,0.0,0.0,0.0
4226,P,S,P4226S,Core,NEGATIVE_CONSENSUS,TEMPORAL_NOISE,False,False,False,0.37167707,0.271045768525062,0.3564026,0.38613862,0.6669024,0.7592911,2009.7570014565679,0.08703438910149963,2009.4409,2009.7909,0.34994042,0.01894135846457543,0.012829033784785391,0.75123876,-0.27166018,-6.445844,-1.3488265
4227,G,G,G4227G,Core,NEGATIVE_CONSENSUS,INVARIABLE,False,False,False,0.31973153,0.28588451406953874,1.0,1.0,1.0,0.0,2009.2490234375,0.0,0.0,0.0,0.0,0.0,0.0,0.0,0.0,0.0,0.0
4228,D,G,D4228G,Core,NEGATIVE_CONSENSUS,TEMPORAL_NOISE,False,False,False,0.59776163,0.21971667096207792,0.3517909,0.13861386,0.57686293,0.87948275,2009.6892710540253,0.028860063164738936,2009.4071,2009.7344,0.3273636,0.010038180392907419,0.006743157199631278,2.3737307,-3.1515024,-1.3608662,-4.312436
4229,H,N,H4229N,Core,NEGATIVE_CONSENSUS,TEMPORAL_NOISE,False,False,False,0.21211462,0.32255750673980826,0.36387685,0.23762377,0.5809792,0.8129555,2009.6892710540253,0.0884230791681791,2009.6442,2009.7118,0.067730404,0.011141315516139557,0.007546057847602709,0.7196978,-1.3696164,-1.6886715,0.24020633
4230,G,G,G4230G,Core,NEGATIVE_CONSENSUS,INVARIABLE,False,False,False,0.08983235,0.38219519767681476,1.0,1.0,1.0,0.0,2009.2490234375,0.0,0.0,0.0,0.0,0.0,0.0,0.0,0.0,0.0,0.0
4231,K,K,K4231K,Core,NEGATIVE_CONSENSUS,INVARIABLE,False,False,False,1.2671006,0.13015565800770462,1.0,1.0,1.0,0.0,2009.2490234375,0.0,0.0,0.0,0.0,0.0,0.0,0.0,0.0,0.0,0.0
4232,E,E,E4232E,Core,NEGATIVE_CONSENSUS,INVARIABLE,False,False,False,0.17737707,0.33681854926235366,1.0,1.0,1.0,0.0,2009.2490234375,0.0,0.0,0.0,0.0,0.0,0.0,0.0,0.0,0.0,0.0
4233,H,Y,H4233Y,Core,NEGATIVE_CONSENSUS,TEMPORAL_NOISE,False,False,False,0.38871393,0.26648809625810577,0.3564026,0.25742576,0.5809792,0.7429007,2009.6666942531779,0.13001507850538863,2009.6216,2009.7006,0.0790188,0.016779482387024904,0.011364810965261138,0.2046964,-1.3833969,-0.84847176,-0.29866296
4234,S,S,S4234S,Core,NEGATIVE_CONSENSUS,INVARIABLE,False,False,False,0.5161936,0.23623495187969223,1.0,1.0,1.0,0.0,2009.2490234375,0.0,0.0,0.0,0.0,0.0,0.0,0.0,0.0,0.0,0.0
4235,T,T,T4235T,Core,NEGATIVE_CONSENSUS,INVARIABLE,False,False,False,0.026892863,0.434869336287794,1.0,1.0,1.0,0.0,2009.2490234375,0.0,0.0,0.0,0.0,0.0,0.0,0.0,0.0,0.0,0.0
4236,E,E,E4236E,Core,NEGATIVE_CONSENSUS,INVARIABLE,False,False,False,0.17737707,0.33681854926235366,1.0,1.0,1.0,0.0,2009.2490234375,0.0,0.0,0.0,0.0,0.0,0.0,0.0,0.0,0.0,0.0
4237,S,S,S4237S,Core,NEGATIVE_CONSENSUS,INVARIABLE,False,False,False,0.49796218,0.2401984475468799,1.0,1.0,1.0,0.0,2009.2490234375,0.0,0.0,0.0,0.0,0.0,0.0,0.0,0.0,0.0,0.0
4238,E,E,E4238E,Core,NEGATIVE_CONSENSUS,INVARIABLE,False,False,False,0.17737707,0.33681854926235366,1.0,1.0,1.0,0.0,2009.2490234375,0.0,0.0,0.0,0.0,0.0,0.0,0.0,0.0,0.0,0.0
4239,L,F,L4239F,Core,NEGATIVE_CONSENSUS,TEMPORAL_NOISE,False,False,False,0.10060952,0.3755497052062404,0.39155424,0.28712872,0.61959356,0.6853037,2009.8021550582628,0.10912147544511178,2009.757,2009.836,0.0790188,0.014592291897682796,0.009883418042454455,0.1624932,2.371491,-4.885447,2.3157809
4240,Q,Q,Q4240Q,Core,NEGATIVE_CONSENSUS,INVARIABLE,False,False,False,0.14861211,0.3499326088640236,1.0,1.0,1.0,0.0,2009.2490234375,0.0,0.0,0.0,0.0,0.0,0.0,0.0,0.0,0.0,0.0
4241,C,C,C4241C,Core,NEGATIVE_CONSENSUS,INVARIABLE,False,False,False,0.025839863,0.4361460100233292,1.0,1.0,1.0,0.0,2009.2490234375,0.0,0.0,0.0,0.0,0.0,0.0,0.0,0.0,0.0,0.0
4242,N,N,N4242N,Core,NEGATIVE_CONSENSUS,INVARIABLE,False,False,False,0.14756067,0.3504387265808948,1.0,1.0,1.0,0.0,2009.2490234375,0.0,0.0,0.0,0.0,0.0,0.0,0.0,0.0,0.0,0.0
4243,L,L,L4243L,Core,NEGATIVE_CONSENSUS,INVARIABLE,False,False,False,0.1403902,0.3539467030420645,1.0,1.0,1.0,0.0,2009.2490234375,0.0,0.0,0.0,0.0,0.0,0.0,0.0,0.0,0.0,0.0
4244,A,A,A4244A,Core,NEGATIVE_CONSENSUS,INVARIABLE,False,False,False,0.07253021,0.3938439016477709,1.0,1.0,1.0,0.0,2009.2490234375,0.0,0.0,0.0,0.0,0.0,0.0,0.0,0.0,0.0,0.0
4245,P,P,P4245P,Core,NEGATIVE_CONSENSUS,INVARIABLE,False,False,False,0.084023274,0.3859587324025193,1.0,1.0,1.0,0.0,2009.2490234375,0.0,0.0,0.0,0.0,0.0,0.0,0.0,0.0,0.0,0.0
4246,I,T,I4246T,Core,NEGATIVE_CONSENSUS,TEMPORAL_NOISE,False,False,False,1.1998792,0.13667291487941707,0.3517909,0.28712872,0.61959356,0.94163907,2009.4860798463983,0.06922949145530621,2009.4409,2009.5199,0.0790188,0.009215993874576774,0.0062420243035613675,0.54648584,-0.733361,-0.35793746,-7.1162252
4247,R,R,R4247R,Core,NEGATIVE_CONSENSUS,INVARIABLE,False,False,False,0.047289148,0.41392467273385114,1.0,1.0,1.0,0.0,2009.2490234375,0.0,0.0,0.0,0.0,0.0,0.0,0.0,0.0,0.0,0.0
4248,D,V,D4248V,Core,NEGATIVE_CONSENSUS,TEMPORAL_NOISE,False,False,False,10.18997,0.0007060330563360554,0.19274703,0.33663365,0.63701445,0.85016704,2009.7005594544491,0.0683396452551555,2009.6554,2009.7344,0.0790188,0.008572573998136957,0.005806238877185745,0.73562676,-1.2265162,-2.7302048,0.7932508
4249,L,L,L4249L,Core,NEGATIVE_CONSENSUS,INVARIABLE,False,False,False,0.1403902,0.3539467030420645,1.0,1.0,1.0,0.0,2009.2490234375,0.0,0.0,0.0,0.0,0.0,0.0,0.0,0.0,0.0,0.0
4250,D,N,D4250N,Core,NEGATIVE_CONSENSUS,TEMPORAL_NOISE,False,False,False,0.7013163,0.20117087627373215,0.3517909,0.77227724,0.83691716,0.24107337,2009.2603118379238,0.03134307804738848,2009.249,2009.3054,0.056442004,0.003138624718224489,0.0019499564629389008,2.24712,-3.0232096,2.9087934,2.7343986
4251,T,T,T4251T,Core,NEGATIVE_CONSENSUS,INVARIABLE,False,False,False,0.026892863,0.434869336287794,1.0,1.0,1.0,0.0,2009.2490234375,0.0,0.0,0.0,0.0,0.0,0.0,0.0,0.0,0.0,0.0
4252,T,T,T4252T,Core,NEGATIVE_CONSENSUS,INVARIABLE,False,False,False,0.026892863,0.434869336287794,1.0,1.0,1.0,0.0,2009.2490234375,0.0,0.0,0.0,0.0,0.0,0.0,0.0,0.0,0.0,0.0
4253,K,K,K4253K,Core,NEGATIVE_CONSENSUS,INVARIABLE,False,False,False,0.2995089,0.2920952302947697,1.0,1.0,1.0,0.0,2009.2490234375,0.0,0.0,0.0,0.0,0.0,0.0,0.0,0.0,0.0,0.0
4254,G,G,G4254G,Core,NEGATIVE_CONSENSUS,INVARIABLE,False,False,False,0.31973153,0.28588451406953874,1.0,1.0,1.0,0.0,2009.2490234375,0.0,0.0,0.0,0.0,0.0,0.0,0.0,0.0,0.0,0.0
4255,F,S,F4255S,Core,NEGATIVE_CONSENSUS,TEMPORAL_NOISE,False,False,False,0.73573375,0.1955154738417486,0.3517909,0.24752475,0.5809792,0.7553893,2009.6102522510594,0.12714085880824105,2009.5764,2009.6554,0.0790188,0.015649642232286654,0.010599565680363514,-3.3389256,-1.0365664,-0.13262609,-0.31109798
4256,H,Q,H4256Q,Core,NEGATIVE_CONSENSUS,TEMPORAL_NOISE,False,False,False,0.18990146,0.3314993236393941,0.37089884,0.44554454,0.6669024,0.7516659,2009.7795782574153,0.056408425982186386,2009.7344,2009.8135,0.0790188,0.007439444526203322,0.005038765724512803,0.010017696,0.8124244,-6.6559424,2.8008547
4257,R,R,R4257R,Core,NEGATIVE_CONSENSUS,INVARIABLE,False,False,False,0.35454476,0.2757758293204583,1.0,1.0,1.0,0.0,2009.2490234375,0.0,0.0,0.0,0.0,0.0,0.0,0.0,0.0,0.0,0.0
4258,G,G,G4258G,Core,NEGATIVE_CONSENSUS,INVARIABLE,False,False,False,0.08983235,0.38219519767681476,1.0,1.0,1.0,0.0,2009.2490234375,0.0,0.0,0.0,0.0,0.0,0.0,0.0,0.0,0.0,0.0
4259,G,G,G4259G,Core,NEGATIVE_CONSENSUS,INVARIABLE,False,False,False,0.10198707,0.37472898848367453,1.0,1.0,1.0,0.0,2009.2490234375,0.0,0.0,0.0,0.0,0.0,0.0,0.0,0.0,0.0,0.0
4260,S,S,S4260S,Core,NEGATIVE_CONSENSUS,INVARIABLE,False,False,False,0.49796218,0.2401984475468799,1.0,1.0,1.0,0.0,2009.2490234375,0.0,0.0,0.0,0.0,0.0,0.0,0.0,0.0,0.0,0.0
4261,N,N,N4261N,Core,NEGATIVE_CONSENSUS,INVARIABLE,False,False,False,0.14756067,0.3504387265808948,1.0,1.0,1.0,0.0,2009.2490234375,0.0,0.0,0.0,0.0,0.0,0.0,0.0,0.0,0.0,0.0
4262,S,S,S4262S,Core,NEGATIVE_CONSENSUS,INVARIABLE,False,False,False,0.5161936,0.23623495187969223,1.0,1.0,1.0,0.0,2009.2490234375,0.0,0.0,0.0,0.0,0.0,0.0,0.0,0.0,0.0,0.0
4263,W,W,W4263W,Core,NEGATIVE_CONSENSUS,INVARIABLE,False,False,False,0.14326186,0.3525297858631183,1.0,1.0,1.0,0.0,2009.2490234375,0.0,0.0,0.0,0.0,0.0,0.0,0.0,0.0,0.0,0.0
4264,R,R,R4264R,Core,NEGATIVE_CONSENSUS,INVARIABLE,False,False,False,0.047289148,0.41392467273385114,1.0,1.0,1.0,0.0,2009.2490234375,0.0,0.0,0.0,0.0,0.0,0.0,0.0,0.0,0.0,0.0
4265,N,N,N4265N,Core,NEGATIVE_CONSENSUS,INVARIABLE,False,False,False,0.14756067,0.3504387265808948,1.0,1.0,1.0,0.0,2009.2490234375,0.0,0.0,0.0,0.0,0.0,0.0,0.0,0.0,0.0,0.0
4266,F,F,F4266F,Core,NEGATIVE_CONSENSUS,INVARIABLE,False,False,False,0.03677015,0.42396688710899644,1.0,1.0,1.0,0.0,2009.2490234375,0.0,0.0,0.0,0.0,0.0,0.0,0.0,0.0,0.0,0.0
4267,T,T,T4267T,Core,NEGATIVE_CONSENSUS,INVARIABLE,False,False,False,0.033261508,0.42764328918344385,1.0,1.0,1.0,0.0,2009.2490234375,0.0,0.0,0.0,0.0,0.0,0.0,0.0,0.0,0.0,0.0
4268,I,V,I4268V,Core,NEGATIVE_CONSENSUS,TEMPORAL_NOISE,False,False,False,0.6869283,0.2036055792231044,0.3517909,0.23762377,0.5809792,0.8129555,2009.6892710540253,0.05471232166807931,2009.6442,2009.7118,0.067730404,0.006893757196186355,0.0046691694992742425,0.7196976,-1.369616,-1.688671,0.24020626
4269,T,T,T4269T,Core,NEGATIVE_CONSENSUS,INVARIABLE,False,False,False,0.033261508,0.42764328918344385,1.0,1.0,1.0,0.0,2009.2490234375,0.0,0.0,0.0,0.0,0.0,0.0,0.0,0.0,0.0,0.0
4270,F,F,F4270F,Core,NEGATIVE_CONSENSUS,INVARIABLE,False,False,False,0.03677015,0.42396688710899644,1.0,1.0,1.0,0.0,2009.2490234375,0.0,0.0,0.0,0.0,0.0,0.0,0.0,0.0,0.0,0.0
4271,S,S,S4271S,Core,NEGATIVE_CONSENSUS,INVARIABLE,False,False,False,0.26384795,0.30374440131695446,1.0,1.0,1.0,0.0,2009.2490234375,0.0,0.0,0.0,0.0,0.0,0.0,0.0,0.0,0.0,0.0
4272,S,S,S4272S,Core,NEGATIVE_CONSENSUS,INVARIABLE,False,False,False,0.48222643,0.24370778088239314,1.0,1.0,1.0,0.0,2009.2490234375,0.0,0.0,0.0,0.0,0.0,0.0,0.0,0.0,0.0,0.0
4273,R,R,R4273R,Core,NEGATIVE_CONSENSUS,INVARIABLE,False,False,False,0.026146797,0.43577116494005275,1.0,1.0,1.0,0.0,2009.2490234375,0.0,0.0,0.0,0.0,0.0,0.0,0.0,0.0,0.0,0.0
4274,T,T,T4274T,Core,NEGATIVE_CONSENSUS,INVARIABLE,False,False,False,0.03364685,0.427230012532943,1.0,1.0,1.0,0.0,2009.2490234375,0.0,0.0,0.0,0.0,0.0,0.0,0.0,0.0,0.0,0.0
4275,Y,Y,Y4275Y,Core,NEGATIVE_CONSENSUS,INVARIABLE,False,False,False,0.08357149,0.38625726840274144,1.0,1.0,1.0,0.0,2009.2490234375,0.0,0.0,0.0,0.0,0.0,0.0,0.0,0.0,0.0,0.0
4276,L,L,L4276L,Core,NEGATIVE_CONSENSUS,INVARIABLE,False,False,False,0.28021458,0.2982803046346809,1.0,1.0,1.0,0.0,2009.2490234375,0.0,0.0,0.0,0.0,0.0,0.0,0.0,0.0,0.0,0.0
4277,A,A,A4277A,Core,NEGATIVE_CONSENSUS,INVARIABLE,False,False,False,0.07253021,0.3938439016477709,1.0,1.0,1.0,0.0,2009.2490234375,0.0,0.0,0.0,0.0,0.0,0.0,0.0,0.0,0.0,0.0
4278,G,E,G4278E,Core,NEGATIVE_CONSENSUS,TEMPORAL_NOISE,False,False,False,0.5301606,0.23326967263025722,0.35271603,0.05940594,0.42981946,0.58577424,2009.587675450212,0.21437519700563257,2009.5538,2009.6102,0.056442004,0.021056652559653846,0.014261755540594792,-6.7540183,-1.0309974,1.103052,0.2786557
4279,C,C,C4279C,Core,NEGATIVE_CONSENSUS,INVARIABLE,False,False,False,0.025839863,0.4361460100233292,1.0,1.0,1.0,0.0,2009.2490234375,0.0,0.0,0.0,0.0,0.0,0.0,0.0,0.0,0.0,0.0
4280,Q,Q,Q4280Q,Core,NEGATIVE_CONSENSUS,INVARIABLE,False,False,False,0.1328033,0.35777149996023005,1.0,1.0,1.0,0.0,2009.2490234375,0.0,0.0,0.0,0.0,0.0,0.0,0.0,0.0,0.0,0.0
4281,K,K,K4281K,Core,NEGATIVE_CONSENSUS,INVARIABLE,False,False,False,1.2671006,0.13015565800770462,1.0,1.0,1.0,0.0,2009.2490234375,0.0,0.0,0.0,0.0,0.0,0.0,0.0,0.0,0.0,0.0
4282,C,C,C4282C,Core,NEGATIVE_CONSENSUS,INVARIABLE,False,False,False,0.098847605,0.3766084799559455,1.0,1.0,1.0,0.0,2009.2490234375,0.0,0.0,0.0,0.0,0.0,0.0,0.0,0.0,0.0,0.0
4283,S,S,S4283S,Core,NEGATIVE_CONSENSUS,FLAT_NO_SIGNAL,False,False,False,0.51120055,0.23730980486414288,0.35271603,1.0,1.0,0.0,2009.2490234375,0.0,0.0,0.0,0.0,0.0,0.0,0.0,0.0,0.0,0.0
4284,W,W,W4284W,Core,NEGATIVE_CONSENSUS,INVARIABLE,False,False,False,0.14326186,0.3525297858631183,1.0,1.0,1.0,0.0,2009.2490234375,0.0,0.0,0.0,0.0,0.0,0.0,0.0,0.0,0.0,0.0
4285,G,S,G4285S,Core,NEGATIVE_CONSENSUS,TEMPORAL_NOISE,False,False,False,1.0694654,0.1505331153829116,0.3517909,0.12871288,0.54592013,0.6816526,2009.5989638506355,0.10200898230508651,2009.5651,2009.6216,0.056442004,0.01078621499512249,0.007305546835278497,-5.6773734,-0.9894014,0.61528003,0.10140422
4286,P,P,P4286P,Core,NEGATIVE_CONSENSUS,INVARIABLE,False,False,False,0.18130763,0.33512594256133826,1.0,1.0,1.0,0.0,2009.2490234375,0.0,0.0,0.0,0.0,0.0,0.0,0.0,0.0,0.0,0.0
4287,H,H,H4287H,Core,NEGATIVE_CONSENSUS,INVARIABLE,False,False,False,0.18790461,0.3323331716817506,1.0,1.0,1.0,0.0,2009.2490234375,0.0,0.0,0.0,0.0,0.0,0.0,0.0,0.0,0.0,0.0
4288,R,R,R4288R,Core,NEGATIVE_CONSENSUS,INVARIABLE,False,False,False,0.031301104,0.42978515135323686,1.0,1.0,1.0,0.0,2009.2490234375,0.0,0.0,0.0,0.0,0.0,0.0,0.0,0.0,0.0,0.0
4289,R,R,R4289R,Core,NEGATIVE_CONSENSUS,INVARIABLE,False,False,False,0.026146797,0.43577116494005275,1.0,1.0,1.0,0.0,2009.2490234375,0.0,0.0,0.0,0.0,0.0,0.0,0.0,0.0,0.0,0.0
4290,T,T,T4290T,Core,NEGATIVE_CONSENSUS,INVARIABLE,False,False,False,0.026892863,0.434869336287794,1.0,1.0,1.0,0.0,2009.2490234375,0.0,0.0,0.0,0.0,0.0,0.0,0.0,0.0,0.0,0.0
4291,A,A,A4291A,Core,NEGATIVE_CONSENSUS,INVARIABLE,False,False,False,0.07253021,0.3938439016477709,1.0,1.0,1.0,0.0,2009.2490234375,0.0,0.0,0.0,0.0,0.0,0.0,0.0,0.0,0.0,0.0
4292,M,M,M4292M,Core,NEGATIVE_CONSENSUS,INVARIABLE,False,False,False,0.04345588,0.4174346170740496,1.0,1.0,1.0,0.0,2009.2490234375,0.0,0.0,0.0,0.0,0.0,0.0,0.0,0.0,0.0,0.0
4293,E,E,E4293E,Core,NEGATIVE_CONSENSUS,INVARIABLE,False,False,False,0.17737707,0.33681854926235366,1.0,1.0,1.0,0.0,2009.2490234375,0.0,0.0,0.0,0.0,0.0,0.0,0.0,0.0,0.0,0.0
4294,W,W,W4294W,Core,NEGATIVE_CONSENSUS,INVARIABLE,False,False,False,2.1288266,0.07227568664070856,1.0,1.0,1.0,0.0,2009.2490234375,0.0,0.0,0.0,0.0,0.0,0.0,0.0,0.0,0.0,0.0
4295,A,A,A4295A,Core,NEGATIVE_CONSENSUS,INVARIABLE,False,False,False,0.07253021,0.3938439016477709,1.0,1.0,1.0,0.0,2009.2490234375,0.0,0.0,0.0,0.0,0.0,0.0,0.0,0.0,0.0,0.0
4296,H,R,H4296R,Core,RESCUED_SWEEP,CONFIRMED_SWEEP,True,False,True,1.5964279,0.10320508118777418,0.3517909,0.02970297,0.42981946,0.4868767,2009.9150390625,0.13068483392515232,2009.8473,2009.915,0.067730404,0.01542006906002921,0.009706463479344334,0.76258487,7.098541,2.1424088,1.1059299
4297,G,G,G4297G,Core,NEGATIVE_CONSENSUS,INVARIABLE,False,False,False,0.15513371,0.3468384480856218,1.0,1.0,1.0,0.0,2009.2490234375,0.0,0.0,0.0,0.0,0.0,0.0,0.0,0.0,0.0,0.0
4298,S,S,S4298S,Core,NEGATIVE_CONSENSUS,INVARIABLE,False,False,False,0.14440139,0.35197203052455506,1.0,1.0,1.0,0.0,2009.2490234375,0.0,0.0,0.0,0.0,0.0,0.0,0.0,0.0,0.0,0.0
4299,S,S,S4299S,Core,NEGATIVE_CONSENSUS,INVARIABLE,False,False,False,0.5161936,0.23623495187969223,1.0,1.0,1.0,0.0,2009.2490234375,0.0,0.0,0.0,0.0,0.0,0.0,0.0,0.0,0.0,0.0
4300,L,L,L4300L,Core,NEGATIVE_CONSENSUS,INVARIABLE,False,False,False,0.17319994,0.3386417205269501,1.0,1.0,1.0,0.0,2009.2490234375,0.0,0.0,0.0,0.0,0.0,0.0,0.0,0.0,0.0,0.0
4301,A,A,A4301A,Core,NEGATIVE_CONSENSUS,INVARIABLE,False,False,False,0.07253021,0.3938439016477709,1.0,1.0,1.0,0.0,2009.2490234375,0.0,0.0,0.0,0.0,0.0,0.0,0.0,0.0,0.0,0.0
4302,K,K,K4302K,Core,NEGATIVE_CONSENSUS,INVARIABLE,False,False,False,1.2671006,0.13015565800770462,1.0,1.0,1.0,0.0,2009.2490234375,0.0,0.0,0.0,0.0,0.0,0.0,0.0,0.0,0.0,0.0
4303,Y,C,Y4303C,Core,NEGATIVE_CONSENSUS,TEMPORAL_NOISE,False,False,False,0.24298656,0.31102866821581354,0.36189717,0.7425743,0.83033305,0.66952634,2009.3280422404662,0.02450460040402154,2009.2603,2009.3619,0.1015956,0.0035084292911713422,0.0023131361504836715,2.80984,-3.6641865,3.4902477,3.1843703
4304,T,T,T4304T,Core,NEGATIVE_CONSENSUS,INVARIABLE,False,False,False,0.03364685,0.427230012532943,1.0,1.0,1.0,0.0,2009.2490234375,0.0,0.0,0.0,0.0,0.0,0.0,0.0,0.0,0.0,0.0
4305,E,E,E4305E,Core,NEGATIVE_CONSENSUS,INVARIABLE,False,False,False,0.09971498,0.37608596908684694,1.0,1.0,1.0,0.0,2009.2490234375,0.0,0.0,0.0,0.0,0.0,0.0,0.0,0.0,0.0,0.0
4306,I,I,I4306I,Core,NEGATIVE_CONSENSUS,INVARIABLE,False,False,False,0.7167717,0.19860244442133695,1.0,1.0,1.0,0.0,2009.2490234375,0.0,0.0,0.0,0.0,0.0,0.0,0.0,0.0,0.0,0.0
4307,R,R,R4307R,Core,NEGATIVE_CONSENSUS,INVARIABLE,False,False,False,0.100597985,0.37555660265095264,1.0,1.0,1.0,0.0,2009.2490234375,0.0,0.0,0.0,0.0,0.0,0.0,0.0,0.0,0.0,0.0
4308,L,L,L4308L,Core,NEGATIVE_CONSENSUS,INVARIABLE,False,False,False,0.11684559,0.36624060240780854,1.0,1.0,1.0,0.0,2009.2490234375,0.0,0.0,0.0,0.0,0.0,0.0,0.0,0.0,0.0,0.0
4309,E,E,E4309E,Core,NEGATIVE_CONSENSUS,INVARIABLE,False,False,False,0.09971498,0.37608596908684694,1.0,1.0,1.0,0.0,2009.2490234375,0.0,0.0,0.0,0.0,0.0,0.0,0.0,0.0,0.0,0.0
4310,K,K,K4310K,Core,NEGATIVE_CONSENSUS,INVARIABLE,False,False,False,1.2671006,0.13015565800770462,1.0,1.0,1.0,0.0,2009.2490234375,0.0,0.0,0.0,0.0,0.0,0.0,0.0,0.0,0.0,0.0
4311,L,L,L4311L,Core,NEGATIVE_CONSENSUS,INVARIABLE,False,False,False,0.15878537,0.3451386324350256,1.0,1.0,1.0,0.0,2009.2490234375,0.0,0.0,0.0,0.0,0.0,0.0,0.0,0.0,0.0,0.0
4312,A,A,A4312A,Core,NEGATIVE_CONSENSUS,INVARIABLE,False,False,False,0.07253021,0.3938439016477709,1.0,1.0,1.0,0.0,2009.2490234375,0.0,0.0,0.0,0.0,0.0,0.0,0.0,0.0,0.0,0.0
4313,A,A,A4313A,Core,NEGATIVE_CONSENSUS,INVARIABLE,False,False,False,0.07253021,0.3938439016477709,1.0,1.0,1.0,0.0,2009.2490234375,0.0,0.0,0.0,0.0,0.0,0.0,0.0,0.0,0.0,0.0
4314,E,E,E4314E,Core,NEGATIVE_CONSENSUS,INVARIABLE,False,False,False,0.17737707,0.33681854926235366,1.0,1.0,1.0,0.0,2009.2490234375,0.0,0.0,0.0,0.0,0.0,0.0,0.0,0.0,0.0,0.0
4315,W,L,W4315L,Core,NEGATIVE_CONSENSUS,TEMPORAL_NOISE,False,False,False,0.35566676,0.27546135646141534,0.3564026,0.07920792,0.42981946,0.58577424,2009.587675450212,0.05022883528495934,2009.5538,2009.6102,0.056442004,0.0049336450664284725,0.0033415776635021383,-6.754014,-1.0309967,1.1030513,0.27865553
4316,E,E,E4316E,Core,NEGATIVE_CONSENSUS,INVARIABLE,False,False,False,0.09971498,0.37608596908684694,1.0,1.0,1.0,0.0,2009.2490234375,0.0,0.0,0.0,0.0,0.0,0.0,0.0,0.0,0.0,0.0
4317,T,T,T4317T,Core,NEGATIVE_CONSENSUS,INVARIABLE,False,False,False,0.033261508,0.42764328918344385,1.0,1.0,1.0,0.0,2009.2490234375,0.0,0.0,0.0,0.0,0.0,0.0,0.0,0.0,0.0,0.0
4318,F,F,F4318F,Core,NEGATIVE_CONSENSUS,INVARIABLE,False,False,False,0.03677015,0.42396688710899644,1.0,1.0,1.0,0.0,2009.2490234375,0.0,0.0,0.0,0.0,0.0,0.0,0.0,0.0,0.0,0.0
4319,T,T,T4319T,Core,NEGATIVE_CONSENSUS,INVARIABLE,False,False,False,0.014114572,0.4527150175029818,1.0,1.0,1.0,0.0,2009.2490234375,0.0,0.0,0.0,0.0,0.0,0.0,0.0,0.0,0.0,0.0
4320,T,I,T4320I,Core,NEGATIVE_CONSENSUS,TEMPORAL_NOISE,False,False,False,0.15331328,0.34769448347044984,0.3812072,0.089108914,0.42981946,0.73347086,2009.5989638506355,0.1546997048855627,2009.5764,2009.6328,0.056442004,0.017727681224174126,0.012007029854555649,-4.575115,-0.9904234,0.21414192,-0.10819289
4321,S,S,S4321S,Core,NEGATIVE_CONSENSUS,INVARIABLE,False,False,False,0.48222643,0.24370778088239314,1.0,1.0,1.0,0.0,2009.2490234375,0.0,0.0,0.0,0.0,0.0,0.0,0.0,0.0,0.0,0.0
4322,R,R,R4322R,Core,NEGATIVE_CONSENSUS,INVARIABLE,False,False,False,0.047289148,0.41392467273385114,1.0,1.0,1.0,0.0,2009.2490234375,0.0,0.0,0.0,0.0,0.0,0.0,0.0,0.0,0.0,0.0
4323,A,A,A4323A,Core,NEGATIVE_CONSENSUS,INVARIABLE,False,False,False,0.50961536,0.23765270523878462,1.0,1.0,1.0,0.0,2009.2490234375,0.0,0.0,0.0,0.0,0.0,0.0,0.0,0.0,0.0,0.0
4324,E,E,E4324E,Core,NEGATIVE_CONSENSUS,INVARIABLE,False,False,False,0.17737707,0.33681854926235366,1.0,1.0,1.0,0.0,2009.2490234375,0.0,0.0,0.0,0.0,0.0,0.0,0.0,0.0,0.0,0.0
4325,M,M,M4325M,Core,NEGATIVE_CONSENSUS,INVARIABLE,False,False,False,0.04345588,0.4174346170740496,1.0,1.0,1.0,0.0,2009.2490234375,0.0,0.0,0.0,0.0,0.0,0.0,0.0,0.0,0.0,0.0
4326,K,K,K4326K,Core,NEGATIVE_CONSENSUS,INVARIABLE,False,False,False,1.2671006,0.13015565800770462,1.0,1.0,1.0,0.0,2009.2490234375,0.0,0.0,0.0,0.0,0.0,0.0,0.0,0.0,0.0,0.0
4327,S,N,S4327N,Core,NEGATIVE_CONSENSUS,TEMPORAL_NOISE,False,False,False,3.1764853,0.03735263029138342,0.3517909,0.5346535,0.7187145,0.5094443,2009.4409262447034,0.11361044285585425,2009.3958,2009.4747,0.0790188,0.014563583055105014,0.009863474092082778,1.7068601,-1.119075,0.38989523,-3.9370856
4328,G,G,G4328G,Core,NEGATIVE_CONSENSUS,INVARIABLE,False,False,False,0.31973153,0.28588451406953874,1.0,1.0,1.0,0.0,2009.2490234375,0.0,0.0,0.0,0.0,0.0,0.0,0.0,0.0,0.0,0.0
4329,E,E,E4329E,Core,NEGATIVE_CONSENSUS,INVARIABLE,False,False,False,0.09971498,0.37608596908684694,1.0,1.0,1.0,0.0,2009.2490234375,0.0,0.0,0.0,0.0,0.0,0.0,0.0,0.0,0.0,0.0
4330,S,S,S4330S,Core,NEGATIVE_CONSENSUS,INVARIABLE,False,False,False,0.49796218,0.2401984475468799,1.0,1.0,1.0,0.0,2009.2490234375,0.0,0.0,0.0,0.0,0.0,0.0,0.0,0.0,0.0,0.0
4331,N,N,N4331N,Core,NEGATIVE_CONSENSUS,INVARIABLE,False,False,False,0.14756067,0.3504387265808948,1.0,1.0,1.0,0.0,2009.2490234375,0.0,0.0,0.0,0.0,0.0,0.0,0.0,0.0,0.0,0.0
4332,W,W,W4332W,Core,NEGATIVE_CONSENSUS,INVARIABLE,False,False,False,1.8037323,0.08963096751762924,1.0,1.0,1.0,0.0,2009.2490234375,0.0,0.0,0.0,0.0,0.0,0.0,0.0,0.0,0.0,0.0
4333,D,G,D4333G,Core,NEGATIVE_CONSENSUS,TEMPORAL_NOISE,False,False,False,5.4906163,0.009559401101054302,0.3517909,0.75247526,0.8338239,0.74940133,2009.3280422404662,0.024864728187595594,2009.2716,2009.3619,0.090307206,0.00358248041935164,0.0023767345086839033,2.831308,-3.647192,3.4517431,3.0883074
4334,R,K,R4334K,Core,NEGATIVE_CONSENSUS,TEMPORAL_NOISE,False,False,False,0.2875259,0.2959051881781356,0.36189717,0.17821783,0.57686293,0.9184373,2009.4973682468221,0.15950117789322488,2009.4523,2009.5312,0.0790188,0.021483913904109624,0.014551134823959321,0.16317259,-0.76785725,-0.3215689,-7.1071787
4335,N,N,N4335N,Core,NEGATIVE_CONSENSUS,INVARIABLE,False,False,False,0.14756067,0.3504387265808948,1.0,1.0,1.0,0.0,2009.2490234375,0.0,0.0,0.0,0.0,0.0,0.0,0.0,0.0,0.0,0.0
4336,L,L,L4336L,Core,NEGATIVE_CONSENSUS,INVARIABLE,False,False,False,0.11684559,0.36624060240780854,1.0,1.0,1.0,0.0,2009.2490234375,0.0,0.0,0.0,0.0,0.0,0.0,0.0,0.0,0.0,0.0
4337,R,K,R4337K,Core,NEGATIVE_CONSENSUS,TEMPORAL_NOISE,False,False,False,0.4307148,0.25581921096206045,0.35272044,0.44554454,0.6669024,0.7839902,2009.7570014565679,0.1019410840121705,2009.7231,2009.7909,0.067730404,0.013407651248469203,0.009081056162065112,0.02819419,0.18511504,-6.8268456,2.8018982
4338,K,K,K4338K,Core,NEGATIVE_CONSENSUS,INVARIABLE,False,False,False,1.2671006,0.13015565800770462,1.0,1.0,1.0,0.0,2009.2490234375,0.0,0.0,0.0,0.0,0.0,0.0,0.0,0.0,0.0,0.0
4339,A,A,A4339A,Core,NEGATIVE_CONSENSUS,INVARIABLE,False,False,False,0.07253021,0.3938439016477709,1.0,1.0,1.0,0.0,2009.2490234375,0.0,0.0,0.0,0.0,0.0,0.0,0.0,0.0,0.0,0.0
4340,G,G,G4340G,Core,NEGATIVE_CONSENSUS,INVARIABLE,False,False,False,0.15513371,0.3468384480856218,1.0,1.0,1.0,0.0,2009.2490234375,0.0,0.0,0.0,0.0,0.0,0.0,0.0,0.0,0.0,0.0
4341,G,G,G4341G,Core,NEGATIVE_CONSENSUS,INVARIABLE,False,False,False,0.15513371,0.3468384480856218,1.0,1.0,1.0,0.0,2009.2490234375,0.0,0.0,0.0,0.0,0.0,0.0,0.0,0.0,0.0,0.0
4342,A,A,A4342A,Core,NEGATIVE_CONSENSUS,INVARIABLE,False,False,False,0.07253021,0.3938439016477709,1.0,1.0,1.0,0.0,2009.2490234375,0.0,0.0,0.0,0.0,0.0,0.0,0.0,0.0,0.0,0.0
4343,L,L,L4343L,Core,NEGATIVE_CONSENSUS,INVARIABLE,False,False,False,0.11684559,0.36624060240780854,1.0,1.0,1.0,0.0,2009.2490234375,0.0,0.0,0.0,0.0,0.0,0.0,0.0,0.0,0.0,0.0
4344,K,K,K4344K,Core,NEGATIVE_CONSENSUS,INVARIABLE,False,False,False,0.2995089,0.2920952302947697,1.0,1.0,1.0,0.0,2009.2490234375,0.0,0.0,0.0,0.0,0.0,0.0,0.0,0.0,0.0,0.0
4345,K,K,K4345K,Core,NEGATIVE_CONSENSUS,INVARIABLE,False,False,False,1.2671006,0.13015565800770462,1.0,1.0,1.0,0.0,2009.2490234375,0.0,0.0,0.0,0.0,0.0,0.0,0.0,0.0,0.0,0.0
4346,C,C,C4346C,Core,NEGATIVE_CONSENSUS,INVARIABLE,False,False,False,0.098847605,0.3766084799559455,1.0,1.0,1.0,0.0,2009.2490234375,0.0,0.0,0.0,0.0,0.0,0.0,0.0,0.0,0.0,0.0
4347,G,D,G4347D,Core,NEGATIVE_CONSENSUS,TEMPORAL_NOISE,False,False,False,4.384185,0.018136916797784928,0.3517909,0.1980198,0.5809792,0.88397694,2009.6102522510594,0.11175641120999574,2009.5764,2009.6667,0.090307206,0.017272540012982514,0.011698760880082081,-3.3703213,-1.3561548,-0.1907331,-0.21969686
4348,T,T,T4348T,Core,NEGATIVE_CONSENSUS,INVARIABLE,False,False,False,0.03364685,0.427230012532943,1.0,1.0,1.0,0.0,2009.2490234375,0.0,0.0,0.0,0.0,0.0,0.0,0.0,0.0,0.0,0.0
4349,D,D,D4349D,Core,NEGATIVE_CONSENSUS,INVARIABLE,False,False,False,0.24172953,0.3114798699800736,1.0,1.0,1.0,0.0,2009.2490234375,0.0,0.0,0.0,0.0,0.0,0.0,0.0,0.0,0.0,0.0
4350,A,A,A4350A,Core,NEGATIVE_CONSENSUS,INVARIABLE,False,False,False,0.07253021,0.3938439016477709,1.0,1.0,1.0,0.0,2009.2490234375,0.0,0.0,0.0,0.0,0.0,0.0,0.0,0.0,0.0,0.0
4351,K,K,K4351K,Core,NEGATIVE_CONSENSUS,INVARIABLE,False,False,False,0.2995089,0.2920952302947697,1.0,1.0,1.0,0.0,2009.2490234375,0.0,0.0,0.0,0.0,0.0,0.0,0.0,0.0,0.0,0.0
4352,R,R,R4352R,Core,NEGATIVE_CONSENSUS,INVARIABLE,False,False,False,2.0886812,0.07419706063040338,1.0,1.0,1.0,0.0,2009.2490234375,0.0,0.0,0.0,0.0,0.0,0.0,0.0,0.0,0.0,0.0
4353,Q,Q,Q4353Q,Core,NEGATIVE_CONSENSUS,INVARIABLE,False,False,False,0.14861211,0.3499326088640236,1.0,1.0,1.0,0.0,2009.2490234375,0.0,0.0,0.0,0.0,0.0,0.0,0.0,0.0,0.0,0.0
4354,R,R,R4354R,Core,NEGATIVE_CONSENSUS,INVARIABLE,False,False,False,0.047289148,0.41392467273385114,1.0,1.0,1.0,0.0,2009.2490234375,0.0,0.0,0.0,0.0,0.0,0.0,0.0,0.0,0.0,0.0
4355,I,I,I4355I,Core,NEGATIVE_CONSENSUS,INVARIABLE,False,False,False,1.0355865,0.15442508350662135,1.0,1.0,1.0,0.0,2009.2490234375,0.0,0.0,0.0,0.0,0.0,0.0,0.0,0.0,0.0,0.0
4356,V,V,V4356V,Core,NEGATIVE_CONSENSUS,INVARIABLE,False,False,False,0.27149606,0.3011649827004066,1.0,1.0,1.0,0.0,2009.2490234375,0.0,0.0,0.0,0.0,0.0,0.0,0.0,0.0,0.0,0.0
4357,S,S,S4357S,Core,NEGATIVE_CONSENSUS,INVARIABLE,False,False,False,0.28062758,0.29814508717257127,1.0,1.0,1.0,0.0,2009.2490234375,0.0,0.0,0.0,0.0,0.0,0.0,0.0,0.0,0.0,0.0
4358,N,N,N4358N,Core,NEGATIVE_CONSENSUS,INVARIABLE,False,False,False,0.2697167,0.3017609345059,1.0,1.0,1.0,0.0,2009.2490234375,0.0,0.0,0.0,0.0,0.0,0.0,0.0,0.0,0.0,0.0
4359,K,K,K4359K,Core,NEGATIVE_CONSENSUS,INVARIABLE,False,False,False,1.2671006,0.13015565800770462,1.0,1.0,1.0,0.0,2009.2490234375,0.0,0.0,0.0,0.0,0.0,0.0,0.0,0.0,0.0,0.0
4360,A,A,A4360A,Core,NEGATIVE_CONSENSUS,INVARIABLE,False,False,False,0.07253021,0.3938439016477709,1.0,1.0,1.0,0.0,2009.2490234375,0.0,0.0,0.0,0.0,0.0,0.0,0.0,0.0,0.0,0.0
4361,H,H,H4361H,Core,NEGATIVE_CONSENSUS,INVARIABLE,False,False,False,0.18790461,0.3323331716817506,1.0,1.0,1.0,0.0,2009.2490234375,0.0,0.0,0.0,0.0,0.0,0.0,0.0,0.0,0.0,0.0
4362,L,S,L4362S,Core,NEGATIVE_CONSENSUS,TEMPORAL_NOISE,False,False,False,2.4488432,0.05880575581404708,0.3517909,0.41584158,0.6669024,0.8324433,2009.7231362552966,0.15945199538012172,2009.678,2009.757,0.0790188,0.020230083624387107,0.013701917073463958,0.4433798,-0.818946,-4.770707,1.7892638
4363,C,C,C4363C,Core,NEGATIVE_CONSENSUS,INVARIABLE,False,False,False,0.098847605,0.3766084799559455,1.0,1.0,1.0,0.0,2009.2490234375,0.0,0.0,0.0,0.0,0.0,0.0,0.0,0.0,0.0,0.0
4364,K,K,K4364K,Core,NEGATIVE_CONSENSUS,INVARIABLE,False,False,False,0.2995089,0.2920952302947697,1.0,1.0,1.0,0.0,2009.2490234375,0.0,0.0,0.0,0.0,0.0,0.0,0.0,0.0,0.0,0.0
4365,P,P,P4365P,Core,NEGATIVE_CONSENSUS,INVARIABLE,False,False,False,0.18130763,0.33512594256133826,1.0,1.0,1.0,0.0,2009.2490234375,0.0,0.0,0.0,0.0,0.0,0.0,0.0,0.0,0.0,0.0
4366,Y,Y,Y4366Y,Core,NEGATIVE_CONSENSUS,INVARIABLE,False,False,False,0.08357149,0.38625726840274144,1.0,1.0,1.0,0.0,2009.2490234375,0.0,0.0,0.0,0.0,0.0,0.0,0.0,0.0,0.0,0.0
4367,N,S,N4367S,Core,NEGATIVE_CONSENSUS,TEMPORAL_NOISE,False,False,False,0.96829844,0.1625524555722622,0.3517909,0.7326733,0.8267781,0.7712912,2009.3393306408898,0.023276916158871258,2009.2828,2009.3732,0.090307206,0.0033637148313431517,0.0022355371300285445,2.8309283,-3.6302836,3.4274492,3.04257
4368,Y,Y,Y4368Y,Core,NEGATIVE_CONSENSUS,INVARIABLE,False,False,False,0.08357149,0.38625726840274144,1.0,1.0,1.0,0.0,2009.2490234375,0.0,0.0,0.0,0.0,0.0,0.0,0.0,0.0,0.0,0.0
4369,C,C,C4369C,Core,NEGATIVE_CONSENSUS,INVARIABLE,False,False,False,0.098847605,0.3766084799559455,1.0,1.0,1.0,0.0,2009.2490234375,0.0,0.0,0.0,0.0,0.0,0.0,0.0,0.0,0.0,0.0
4370,L,L,L4370L,Core,NEGATIVE_CONSENSUS,INVARIABLE,False,False,False,0.11684559,0.36624060240780854,1.0,1.0,1.0,0.0,2009.2490234375,0.0,0.0,0.0,0.0,0.0,0.0,0.0,0.0,0.0,0.0
4371,K,K,K4371K,Core,NEGATIVE_CONSENSUS,INVARIABLE,False,False,False,0.2995089,0.2920952302947697,1.0,1.0,1.0,0.0,2009.2490234375,0.0,0.0,0.0,0.0,0.0,0.0,0.0,0.0,0.0,0.0
4372,A,A,A4372A,Core,NEGATIVE_CONSENSUS,INVARIABLE,False,False,False,0.07253021,0.3938439016477709,1.0,1.0,1.0,0.0,2009.2490234375,0.0,0.0,0.0,0.0,0.0,0.0,0.0,0.0,0.0,0.0
4373,N,N,N4373N,Core,NEGATIVE_CONSENSUS,INVARIABLE,False,False,False,0.2697167,0.3017609345059,1.0,1.0,1.0,0.0,2009.2490234375,0.0,0.0,0.0,0.0,0.0,0.0,0.0,0.0,0.0,0.0
4374,K,K,K4374K,Core,NEGATIVE_CONSENSUS,INVARIABLE,False,False,False,0.2995089,0.2920952302947697,1.0,1.0,1.0,0.0,2009.2490234375,0.0,0.0,0.0,0.0,0.0,0.0,0.0,0.0,0.0,0.0
4375,R,K,R4375K,Core,NEGATIVE_CONSENSUS,TEMPORAL_NOISE,False,False,False,0.3176535,0.28651061268155076,0.36189717,0.6831683,0.8002829,0.6590514,2009.3844842425847,0.07382825054286313,2009.3394,2009.4183,0.0790188,0.01010420438273624,0.006830449714555015,2.4021733,-2.5525358,2.1679878,0.7647023
4376,A,A,A4376A,Core,NEGATIVE_CONSENSUS,INVARIABLE,False,False,False,0.07253021,0.3938439016477709,1.0,1.0,1.0,0.0,2009.2490234375,0.0,0.0,0.0,0.0,0.0,0.0,0.0,0.0,0.0,0.0
4377,E,E,E4377E,Core,NEGATIVE_CONSENSUS,INVARIABLE,False,False,False,0.09971498,0.37608596908684694,1.0,1.0,1.0,0.0,2009.2490234375,0.0,0.0,0.0,0.0,0.0,0.0,0.0,0.0,0.0,0.0
4378,L,L,L4378L,Core,NEGATIVE_CONSENSUS,INVARIABLE,False,False,False,0.1403902,0.3539467030420645,1.0,1.0,1.0,0.0,2009.2490234375,0.0,0.0,0.0,0.0,0.0,0.0,0.0,0.0,0.0,0.0
4379,S,S,S4379S,Core,NEGATIVE_CONSENSUS,INVARIABLE,False,False,False,0.26384795,0.30374440131695446,1.0,1.0,1.0,0.0,2009.2490234375,0.0,0.0,0.0,0.0,0.0,0.0,0.0,0.0,0.0,0.0
4380,R,R,R4380R,Core,NEGATIVE_CONSENSUS,INVARIABLE,False,False,False,0.06321867,0.40073959023730843,1.0,1.0,1.0,0.0,2009.2490234375,0.0,0.0,0.0,0.0,0.0,0.0,0.0,0.0,0.0,0.0
4381,F,F,F4381F,Core,NEGATIVE_CONSENSUS,INVARIABLE,False,False,False,0.03677015,0.42396688710899644,1.0,1.0,1.0,0.0,2009.2490234375,0.0,0.0,0.0,0.0,0.0,0.0,0.0,0.0,0.0,0.0
4382,S,S,S4382S,Core,NEGATIVE_CONSENSUS,INVARIABLE,False,False,False,0.49796218,0.2401984475468799,1.0,1.0,1.0,0.0,2009.2490234375,0.0,0.0,0.0,0.0,0.0,0.0,0.0,0.0,0.0,0.0
4383,L,L,L4383L,Core,NEGATIVE_CONSENSUS,INVARIABLE,False,False,False,0.28021458,0.2982803046346809,1.0,1.0,1.0,0.0,2009.2490234375,0.0,0.0,0.0,0.0,0.0,0.0,0.0,0.0,0.0,0.0
4384,F,F,F4384F,Core,NEGATIVE_CONSENSUS,INVARIABLE,False,False,False,0.061055347,0.4024178149016429,1.0,1.0,1.0,0.0,2009.2490234375,0.0,0.0,0.0,0.0,0.0,0.0,0.0,0.0,0.0,0.0
