alignment_id,experiment,cell_id,rep_id,n_taxa,genome_length,tract_length,divergence,rho_over_theta,mosaic_fraction,mutational_payload,is_recombinant,true_bps,num_true_bps,rhiz_detected,rhiz_num_bps,rhiz_bps,event_power,dual_power,bp_mae,min_error,is_false_positive,frame_rigidity,max_kinetic_z,max_l_pir,max_fiedler_shift,nonconformity_score,runtime_ms,conformal_p_null,conformal_prediction_set
expA_L1000_d0.002_rep00,A,L1000_d0.002,0,20,3000,1000,0.002,0.0,0.05,2.0,True,1000;2000,2,False,0,,False,False,,,False,0.9493222171981114,0.0,0.0,1.4944600625809645,4.483380187742894,34.77862499999995,0.3225806451612903,"{""Recombination"", ""Clonal Null""}"
expA_L1000_d0.002_rep01,A,L1000_d0.002,1,20,3000,1000,0.002,0.0,0.05,2.0,True,1000;2000,2,False,0,,False,False,,,False,0.8810240378086368,0.0,0.0,1.808503550941823,5.425510652825469,38.02666700000002,0.22580645161290322,"{""Recombination"", ""Clonal Null""}"
expA_L1000_d0.002_rep02,A,L1000_d0.002,2,20,3000,1000,0.002,0.0,0.05,2.0,True,1000;2000,2,False,0,,False,False,,,False,0.9535586043963158,0.0,0.0,1.3976253196468205,4.192875958940461,34.07695900000007,0.3225806451612903,"{""Recombination"", ""Clonal Null""}"
expA_L1000_d0.002_rep03,A,L1000_d0.002,3,20,3000,1000,0.002,0.0,0.05,2.0,True,1000;2000,2,False,0,,False,False,,,False,0.9573681293011381,0.0,0.0,1.3450327796979793,4.035098339093938,31.17695900000017,0.3225806451612903,"{""Recombination"", ""Clonal Null""}"
expA_L1000_d0.002_rep04,A,L1000_d0.002,4,20,3000,1000,0.002,0.0,0.05,2.0,True,1000;2000,2,False,0,,False,False,,,False,0.9749127945480893,0.0,0.0,1.2240189441941618,3.672056832582485,30.967915999999818,0.3225806451612903,"{""Recombination"", ""Clonal Null""}"
expA_L1000_d0.002_rep05,A,L1000_d0.002,5,20,3000,1000,0.002,0.0,0.05,2.0,True,1000;2000,2,False,0,,False,False,,,False,0.9769658183269763,0.0,0.0,1.3112649540300265,3.9337948620900796,35.45208300000002,0.3225806451612903,"{""Recombination"", ""Clonal Null""}"
expA_L1000_d0.002_rep06,A,L1000_d0.002,6,20,3000,1000,0.002,0.0,0.05,2.0,True,1000;2000,2,False,0,,False,False,,,False,0.8718311144277436,0.0,0.0,1.225933683340747,3.677801050022241,35.553542000000164,0.3225806451612903,"{""Recombination"", ""Clonal Null""}"
expA_L1000_d0.002_rep07,A,L1000_d0.002,7,20,3000,1000,0.002,0.0,0.05,2.0,True,1000;2000,2,False,0,,False,False,,,False,0.9148957558183816,0.0,0.0,1.4543739594337755,4.363121878301326,37.41933399999997,0.3225806451612903,"{""Recombination"", ""Clonal Null""}"
expA_L1000_d0.002_rep08,A,L1000_d0.002,8,20,3000,1000,0.002,0.0,0.05,2.0,True,1000;2000,2,False,0,,False,False,,,False,0.9890752110229741,0.0,0.0,1.8176317341604467,5.45289520248134,32.8745829999999,0.22580645161290322,"{""Recombination"", ""Clonal Null""}"
expA_L1000_d0.002_rep09,A,L1000_d0.002,9,20,3000,1000,0.002,0.0,0.05,2.0,True,1000;2000,2,False,0,,False,False,,,False,0.9676567311523105,0.0,0.0,1.3333333333329955,3.9999999999989866,28.20066699999968,0.3225806451612903,"{""Recombination"", ""Clonal Null""}"
expA_L1000_d0.002_rep10,A,L1000_d0.002,10,20,3000,1000,0.002,0.0,0.05,2.0,True,1000;2000,2,False,0,,False,False,,,False,0.9776814464600031,0.0,0.0,1.244599795160477,3.733799385481431,34.216333999999904,0.3225806451612903,"{""Recombination"", ""Clonal Null""}"
expA_L1000_d0.002_rep11,A,L1000_d0.002,11,20,3000,1000,0.002,0.0,0.05,2.0,True,1000;2000,2,False,0,,False,False,,,False,0.9825536943628617,0.0,0.0,1.2273118345307348,3.6819355035922046,34.794084000000055,0.3225806451612903,"{""Recombination"", ""Clonal Null""}"
expA_L1000_d0.002_rep12,A,L1000_d0.002,12,20,3000,1000,0.002,0.0,0.05,2.0,True,1000;2000,2,True,1,912,True,False,88.0,88.0,False,0.9319997956083805,6.2254411088383215,1.0,1.7938688005630095,6.2254411088383215,61.618833000000265,0.03225806451612903,"{""Recombination""}"
expA_L1000_d0.002_rep13,A,L1000_d0.002,13,20,3000,1000,0.002,0.0,0.05,2.0,True,1000;2000,2,False,0,,False,False,,,False,0.9242977150805425,0.0,0.0,1.746116521515292,5.238349564545876,53.08566700000039,0.2903225806451613,"{""Recombination"", ""Clonal Null""}"
expA_L1000_d0.002_rep14,A,L1000_d0.002,14,20,3000,1000,0.002,0.0,0.05,2.0,True,1000;2000,2,False,0,,False,False,,,False,0.9471407443037609,0.0,0.0,1.17369816829232,3.52109450487696,31.265374999999818,0.3225806451612903,"{""Recombination"", ""Clonal Null""}"
expA_L1000_d0.005_rep00,A,L1000_d0.005,0,20,3000,1000,0.005,0.0,0.05,5.0,True,1000;2000,2,True,2,1698;1994,True,False,154.0,6.0,False,0.9765398741524283,4.999999999999978,0.6,1.856689286227486,5.570067858682458,67.63308400000012,0.22580645161290322,"{""Recombination"", ""Clonal Null""}"
expA_L1000_d0.005_rep01,A,L1000_d0.005,1,20,3000,1000,0.005,0.0,0.05,5.0,True,1000;2000,2,False,0,,False,False,,,False,0.9919476446427437,0.0,0.0,1.3198146576121046,3.959443972836314,40.64204199999999,0.3225806451612903,"{""Recombination"", ""Clonal Null""}"
expA_L1000_d0.005_rep02,A,L1000_d0.005,2,20,3000,1000,0.005,0.0,0.05,5.0,True,1000;2000,2,False,0,,False,False,,,False,0.9820438300504932,0.0,0.0,1.756623070196461,5.269869210589382,38.47579199999984,0.2903225806451613,"{""Recombination"", ""Clonal Null""}"
expA_L1000_d0.005_rep03,A,L1000_d0.005,3,20,3000,1000,0.005,0.0,0.05,5.0,True,1000;2000,2,True,2,1148;1976,True,False,86.0,24.0,False,0.9876711238766157,500.00000000000006,1.0,1.8929973320290645,500.00000000000006,73.9562079999998,0.03225806451612903,"{""Recombination""}"
expA_L1000_d0.005_rep04,A,L1000_d0.005,4,20,3000,1000,0.005,0.0,0.05,5.0,True,1000;2000,2,False,0,,False,False,,,False,0.993344340767156,0.0,0.0,1.8849106929857888,5.654732078957366,44.17804199999998,0.1935483870967742,"{""Recombination"", ""Clonal Null""}"
expA_L1000_d0.005_rep05,A,L1000_d0.005,5,20,3000,1000,0.005,0.0,0.05,5.0,True,1000;2000,2,False,0,,False,False,,,False,0.9857924390775737,0.0,0.0,1.5081796477560796,4.524538943268238,35.778375000000025,0.3225806451612903,"{""Recombination"", ""Clonal Null""}"
expA_L1000_d0.005_rep06,A,L1000_d0.005,6,20,3000,1000,0.005,0.0,0.05,5.0,True,1000;2000,2,False,0,,False,False,,,False,0.9843089199209432,0.0,0.0,1.822319701701689,5.466959105105067,41.91833299999992,0.22580645161290322,"{""Recombination"", ""Clonal Null""}"
expA_L1000_d0.005_rep07,A,L1000_d0.005,7,20,3000,1000,0.005,0.0,0.05,5.0,True,1000;2000,2,True,1,1941,True,False,59.0,59.0,False,0.9719041537706486,47.683474990189204,1.0,1.833563886080856,47.683474990189204,55.70033300000033,0.03225806451612903,"{""Recombination""}"
expA_L1000_d0.005_rep08,A,L1000_d0.005,8,20,3000,1000,0.005,0.0,0.05,5.0,True,1000;2000,2,False,0,,False,False,,,False,0.962144734849433,0.0,0.0,1.8328341221699802,5.498502366509941,38.56733300000003,0.22580645161290322,"{""Recombination"", ""Clonal Null""}"
expA_L1000_d0.005_rep09,A,L1000_d0.005,9,20,3000,1000,0.005,0.0,0.05,5.0,True,1000;2000,2,True,3,466;944;2097,True,True,229.0,56.0,False,0.992923653752202,500.00000000000057,1.0,1.8814901335777907,500.00000000000057,67.48699999999985,0.03225806451612903,"{""Recombination""}"
expA_L1000_d0.005_rep10,A,L1000_d0.005,10,20,3000,1000,0.005,0.0,0.05,5.0,True,1000;2000,2,False,0,,False,False,,,False,0.9709694539280743,0.0,0.0,1.218965013505147,3.6568950405154412,37.476042000000206,0.3225806451612903,"{""Recombination"", ""Clonal Null""}"
expA_L1000_d0.005_rep11,A,L1000_d0.005,11,20,3000,1000,0.005,0.0,0.05,5.0,True,1000;2000,2,False,0,,False,False,,,False,0.9707754658919266,0.0,0.0,1.5278834505424101,4.583650351627231,34.92020799999995,0.3225806451612903,"{""Recombination"", ""Clonal Null""}"
expA_L1000_d0.005_rep12,A,L1000_d0.005,12,20,3000,1000,0.005,0.0,0.05,5.0,True,1000;2000,2,False,0,,False,False,,,False,0.998487974173022,0.0,0.0,1.2248530059864424,3.6745590179593273,28.220750000000017,0.3225806451612903,"{""Recombination"", ""Clonal Null""}"
expA_L1000_d0.005_rep13,A,L1000_d0.005,13,20,3000,1000,0.005,0.0,0.05,5.0,True,1000;2000,2,False,0,,False,False,,,False,0.9909828320483051,0.0,0.0,1.7101133864354416,5.130340159306325,33.298165999999796,0.3225806451612903,"{""Recombination"", ""Clonal Null""}"
expA_L1000_d0.005_rep14,A,L1000_d0.005,14,20,3000,1000,0.005,0.0,0.05,5.0,True,1000;2000,2,False,0,,False,False,,,False,1.0,0.0,0.0,1.2248530059864424,3.6745590179593273,24.51749999999997,0.3225806451612903,"{""Recombination"", ""Clonal Null""}"
expA_L1000_d0.010_rep00,A,L1000_d0.01,0,20,3000,1000,0.01,0.0,0.05,10.0,True,1000;2000,2,True,2,953;2101,True,False,74.0,47.0,False,0.985557232746431,12.344408013315947,1.0,1.7612468159055839,12.344408013315947,55.55879100000016,0.03225806451612903,"{""Recombination""}"
expA_L1000_d0.010_rep01,A,L1000_d0.01,1,20,3000,1000,0.01,0.0,0.05,10.0,True,1000;2000,2,True,3,1066;1118;2051,True,True,78.33333333333333,51.0,False,0.9912490938253523,11.000000000000114,1.0,1.5921066313253407,11.000000000000114,65.57175000000015,0.03225806451612903,"{""Recombination""}"
expA_L1000_d0.010_rep02,A,L1000_d0.01,2,20,3000,1000,0.01,0.0,0.05,10.0,True,1000;2000,2,False,0,,False,False,,,False,0.9858535198563448,0.0,0.0,1.8856316849733752,5.656895054920126,42.533417000000014,0.1935483870967742,"{""Recombination"", ""Clonal Null""}"
expA_L1000_d0.010_rep03,A,L1000_d0.01,3,20,3000,1000,0.01,0.0,0.05,10.0,True,1000;2000,2,True,2,1022;2064,True,True,43.0,22.0,False,0.992713026920869,900.0,1.0,1.9040421520841926,900.0,68.67541700000012,0.03225806451612903,"{""Recombination""}"
expA_L1000_d0.010_rep04,A,L1000_d0.01,4,20,3000,1000,0.01,0.0,0.05,10.0,True,1000;2000,2,True,2,958;1886,True,False,78.0,42.0,False,0.9910337397603326,499.9999999999999,1.0,1.7795346925917295,499.9999999999999,61.20104199999999,0.03225806451612903,"{""Recombination""}"
expA_L1000_d0.010_rep05,A,L1000_d0.01,5,20,3000,1000,0.01,0.0,0.05,10.0,True,1000;2000,2,True,2,1028;2078,True,True,53.0,28.0,False,0.9972579029227431,13.214202637211246,1.0,1.8783133289215228,13.214202637211246,59.207290999999884,0.03225806451612903,"{""Recombination""}"
expA_L1000_d0.010_rep06,A,L1000_d0.01,6,20,3000,1000,0.01,0.0,0.05,10.0,True,1000;2000,2,True,2,974;1931,True,True,47.5,26.0,False,0.9881850440696786,29.95071371853456,1.0,1.8717155581105696,29.95071371853456,54.38304199999999,0.03225806451612903,"{""Recombination""}"
expA_L1000_d0.010_rep07,A,L1000_d0.01,7,20,3000,1000,0.01,0.0,0.05,10.0,True,1000;2000,2,False,0,,False,False,,,False,0.9929800526444704,0.0,0.0,1.899021915755994,5.697065747267982,40.50037500000015,0.1935483870967742,"{""Recombination"", ""Clonal Null""}"
expA_L1000_d0.010_rep08,A,L1000_d0.01,8,20,3000,1000,0.01,0.0,0.05,10.0,True,1000;2000,2,True,2,859;2026,True,False,83.5,26.0,False,0.9792816637171302,9.000000000000009,1.0,1.7514160330359418,9.000000000000009,66.65575000000024,0.03225806451612903,"{""Recombination""}"
expA_L1000_d0.010_rep09,A,L1000_d0.01,9,20,3000,1000,0.01,0.0,0.05,10.0,True,1000;2000,2,True,3,1004;1928;2000,True,True,25.333333333333332,0.0,False,0.97288059325802,1000.0000000000003,1.0,1.83283412216998,1000.0000000000003,59.04595800000001,0.03225806451612903,"{""Recombination""}"
expA_L1000_d0.010_rep10,A,L1000_d0.01,10,20,3000,1000,0.01,0.0,0.05,10.0,True,1000;2000,2,True,2,958;2151,True,False,96.5,42.0,False,0.9912998797558072,51.87442767552693,1.0,1.9213575671790948,51.87442767552693,65.15137499999967,0.03225806451612903,"{""Recombination""}"
expA_L1000_d0.010_rep11,A,L1000_d0.01,11,20,3000,1000,0.01,0.0,0.05,10.0,True,1000;2000,2,False,0,,False,False,,,False,0.9813200901906228,0.0,0.0,1.8997282905782558,5.699184871734767,36.0728749999999,0.1935483870967742,"{""Recombination"", ""Clonal Null""}"
expA_L1000_d0.010_rep12,A,L1000_d0.01,12,20,3000,1000,0.01,0.0,0.05,10.0,True,1000;2000,2,True,1,922,True,False,78.0,78.0,False,0.9870486295180059,499.99999827237167,1.0,1.377733351312523,499.99999827237167,49.79645799999987,0.03225806451612903,"{""Recombination""}"
expA_L1000_d0.010_rep13,A,L1000_d0.01,13,20,3000,1000,0.01,0.0,0.05,10.0,True,1000;2000,2,True,2,946;2040,True,True,47.0,40.0,False,0.9794313802527433,58.527033540143805,1.0,1.8321234791841037,58.527033540143805,54.73329199999988,0.03225806451612903,"{""Recombination""}"
expA_L1000_d0.010_rep14,A,L1000_d0.01,14,20,3000,1000,0.01,0.0,0.05,10.0,True,1000;2000,2,True,2,1132;1956,True,False,88.0,44.0,False,0.9803207596140777,135.9185389830342,1.0,1.8477256667063413,135.9185389830342,73.06862499999988,0.03225806451612903,"{""Recombination""}"
expA_L1000_d0.030_rep00,A,L1000_d0.03,0,20,3000,1000,0.03,0.0,0.05,30.0,True,1000;2000,2,True,2,961;2020,True,True,29.5,20.0,False,0.9822470223458403,12.157253953842542,1.0,1.8894425014175829,12.157253953842542,55.97629199999999,0.03225806451612903,"{""Recombination""}"
expA_L1000_d0.030_rep01,A,L1000_d0.03,1,20,3000,1000,0.03,0.0,0.05,30.0,True,1000;2000,2,True,3,898;992;1933,True,True,59.0,8.0,False,0.982796711809142,13.115141148146098,0.7777777777777779,1.9157601719131658,10.200665337446967,61.12833300000009,0.03225806451612903,"{""Recombination""}"
expA_L1000_d0.030_rep02,A,L1000_d0.03,2,20,3000,1000,0.03,0.0,0.05,30.0,True,1000;2000,2,True,2,947;1998,True,True,27.5,2.0,False,0.9720291362144142,4.923408188660361,0.8461538461538461,1.9053839889950765,5.71615196698523,58.03995799999973,0.16129032258064516,"{""Recombination"", ""Clonal Null""}"
expA_L1000_d0.030_rep03,A,L1000_d0.03,3,20,3000,1000,0.03,0.0,0.05,30.0,True,1000;2000,2,True,3,902;953;2003,True,True,49.333333333333336,3.0,False,0.9612979936001417,10.638585685444035,1.0,1.8899642008945066,10.638585685444035,57.78583300000007,0.03225806451612903,"{""Recombination""}"
expA_L1000_d0.030_rep04,A,L1000_d0.03,4,20,3000,1000,0.03,0.0,0.05,30.0,True,1000;2000,2,True,2,997;2018,True,True,10.5,3.0,False,0.9771667421770811,28.68203833801766,1.0,1.9053375414433142,28.68203833801766,58.400624999999984,0.03225806451612903,"{""Recombination""}"
expA_L1000_d0.030_rep05,A,L1000_d0.03,5,20,3000,1000,0.03,0.0,0.05,30.0,True,1000;2000,2,True,2,1006;1988,True,True,9.0,6.0,False,0.9849293017187095,6.802470983314249,1.0,1.8766337424512496,6.802470983314249,67.02616699999986,0.03225806451612903,"{""Recombination""}"
expA_L1000_d0.030_rep06,A,L1000_d0.03,6,20,3000,1000,0.03,0.0,0.05,30.0,True,1000;2000,2,True,2,994;1994,True,True,6.0,6.0,False,0.9934307567296561,5.493377575582471,1.0,1.9336436325492872,5.800930897647861,58.41979200000003,0.12903225806451613,"{""Recombination"", ""Clonal Null""}"
expA_L1000_d0.030_rep07,A,L1000_d0.03,7,20,3000,1000,0.03,0.0,0.05,30.0,True,1000;2000,2,True,2,1016;1983,True,True,16.5,16.0,False,0.9911710873158464,15.999999999999986,1.0,1.899384898636531,15.999999999999986,62.721999999999944,0.03225806451612903,"{""Recombination""}"
expA_L1000_d0.030_rep08,A,L1000_d0.03,8,20,3000,1000,0.03,0.0,0.05,30.0,True,1000;2000,2,True,2,1002;1974,True,True,14.0,2.0,False,0.9799972554378799,7.967484649370043,1.0,1.8353106984165692,7.967484649370043,60.909000000000106,0.03225806451612903,"{""Recombination""}"
expA_L1000_d0.030_rep09,A,L1000_d0.03,9,20,3000,1000,0.03,0.0,0.05,30.0,True,1000;2000,2,True,2,1000;2032,True,True,16.0,0.0,False,0.9937770088061079,8.00047210242597,1.0,1.847190882178145,8.00047210242597,56.58699999999995,0.03225806451612903,"{""Recombination""}"
expA_L1000_d0.030_rep10,A,L1000_d0.03,10,20,3000,1000,0.03,0.0,0.05,30.0,True,1000;2000,2,True,3,290;994;1998,True,True,239.33333333333334,2.0,False,0.9955709218318695,18.50842697223095,1.0,1.8850070385517959,18.50842697223095,62.42087499999993,0.03225806451612903,"{""Recombination""}"
expA_L1000_d0.030_rep11,A,L1000_d0.03,11,20,3000,1000,0.03,0.0,0.05,30.0,True,1000;2000,2,True,2,997;2010,True,True,6.5,3.0,False,0.9903292351638466,22.953274121417543,1.0,1.9369757813096653,22.953274121417543,61.964375000000075,0.03225806451612903,"{""Recombination""}"
expA_L1000_d0.030_rep12,A,L1000_d0.03,12,20,3000,1000,0.03,0.0,0.05,30.0,True,1000;2000,2,True,2,998;1988,True,True,7.0,2.0,False,0.9938507022115363,4.8732002670107555,0.6,1.8946372928659223,5.683911878597767,59.37541700000004,0.1935483870967742,"{""Recombination"", ""Clonal Null""}"
expA_L1000_d0.030_rep13,A,L1000_d0.03,13,20,3000,1000,0.03,0.0,0.05,30.0,True,1000;2000,2,True,3,998;1896;2012,True,True,39.333333333333336,2.0,False,0.9943467315900595,40.63307689111444,1.0,1.881189883933184,40.63307689111444,54.43629200000011,0.03225806451612903,"{""Recombination""}"
expA_L1000_d0.030_rep14,A,L1000_d0.03,14,20,3000,1000,0.03,0.0,0.05,30.0,True,1000;2000,2,True,2,983;2001,True,True,9.0,1.0,False,0.9929842038809593,6.739343363141075,1.0,1.8824319467413289,6.739343363141075,74.17537499999982,0.03225806451612903,"{""Recombination""}"
expA_L1000_d0.100_rep00,A,L1000_d0.1,0,20,3000,1000,0.1,0.0,0.05,100.0,True,1000;2000,2,True,2,999;2000,True,True,0.5,0.0,False,0.9874200075224108,16.877498559729926,0.5185185185185184,1.8986616198873811,8.751295549489589,57.37029199999988,0.03225806451612903,"{""Recombination""}"
expA_L1000_d0.100_rep01,A,L1000_d0.1,1,20,3000,1000,0.1,0.0,0.05,100.0,True,1000;2000,2,True,2,1002;1998,True,True,2.0,2.0,False,0.9933917359355176,19.28291543872841,0.9090909090909091,1.924708407311072,17.529923126116735,58.48604199999974,0.03225806451612903,"{""Recombination""}"
expA_L1000_d0.100_rep02,A,L1000_d0.1,2,20,3000,1000,0.1,0.0,0.05,100.0,True,1000;2000,2,True,3,1002;1104;1982,True,True,41.333333333333336,2.0,False,0.9950919248392177,24.06651095063897,1.0,1.9174756188991804,24.06651095063897,59.46583299999997,0.03225806451612903,"{""Recombination""}"
expA_L1000_d0.100_rep03,A,L1000_d0.1,3,20,3000,1000,0.1,0.0,0.05,100.0,True,1000;2000,2,True,3,554;984;1998,True,True,154.66666666666666,2.0,False,0.9800422784481514,13.674509487317687,1.0,1.9062337773825322,13.674509487317687,66.47512499999975,0.03225806451612903,"{""Recombination""}"
expA_L1000_d0.100_rep04,A,L1000_d0.1,4,20,3000,1000,0.1,0.0,0.05,100.0,True,1000;2000,2,True,3,948;1038;1985,True,True,35.0,15.0,False,0.9654960021766206,20.26277099755128,1.0,1.912651514663469,20.26277099755128,60.20850000000033,0.03225806451612903,"{""Recombination""}"
expA_L1000_d0.100_rep05,A,L1000_d0.1,5,20,3000,1000,0.1,0.0,0.05,100.0,True,1000;2000,2,True,2,986;2000,True,True,7.0,0.0,False,0.9763708772883557,18.313599769476518,1.0,1.9104053510847994,18.313599769476518,55.08124999999975,0.03225806451612903,"{""Recombination""}"
expA_L1000_d0.100_rep06,A,L1000_d0.1,6,20,3000,1000,0.1,0.0,0.05,100.0,True,1000;2000,2,True,2,1007;1988,True,True,9.5,7.0,False,0.9816234598834988,28.859495659890616,0.9130434782608695,1.9082857418697117,26.349974298160994,62.59987500000008,0.03225806451612903,"{""Recombination""}"
expA_L1000_d0.100_rep07,A,L1000_d0.1,7,20,3000,1000,0.1,0.0,0.05,100.0,True,1000;2000,2,True,5,835;1012;1998;2083;2570,True,True,166.4,2.0,False,0.9844702911623264,11.122356041188384,0.9999999999999998,1.904690094198125,11.122356041188382,61.23108300000002,0.03225806451612903,"{""Recombination""}"
expA_L1000_d0.100_rep08,A,L1000_d0.1,8,20,3000,1000,0.1,0.0,0.05,100.0,True,1000;2000,2,True,2,1000;1998,True,True,1.0,0.0,False,0.9717054249940471,23.44804710101347,0.7000000000000001,1.900116510977797,16.41363297070943,67.72229099999993,0.03225806451612903,"{""Recombination""}"
expA_L1000_d0.100_rep09,A,L1000_d0.1,9,20,3000,1000,0.1,0.0,0.05,100.0,True,1000;2000,2,True,3,982;1985;2258,True,True,97.0,15.0,False,0.9547343363639427,8.966870040561442,0.894736842105263,1.8925836577638018,8.022988983660237,61.60808399999995,0.03225806451612903,"{""Recombination""}"
expA_L1000_d0.100_rep10,A,L1000_d0.1,10,20,3000,1000,0.1,0.0,0.05,100.0,True,1000;2000,2,True,3,810;996;2014,True,True,69.33333333333333,4.0,False,0.9668932318131941,12.586789802430268,0.9,1.8937576093028456,11.328110822187242,62.409999999999854,0.03225806451612903,"{""Recombination""}"
expA_L1000_d0.100_rep11,A,L1000_d0.1,11,20,3000,1000,0.1,0.0,0.05,100.0,True,1000;2000,2,True,2,1004;2004,True,True,4.0,4.0,False,0.9887128034606554,20.409906781774524,0.8518518518518519,1.8929267698325833,17.386216888178296,65.8232080000003,0.03225806451612903,"{""Recombination""}"
expA_L1000_d0.100_rep12,A,L1000_d0.1,12,20,3000,1000,0.1,0.0,0.05,100.0,True,1000;2000,2,True,2,1002;2005,True,True,3.5,2.0,False,0.981008985824933,11.042659372759562,1.0,1.8849061700225147,11.042659372759562,56.734625000000264,0.03225806451612903,"{""Recombination""}"
expA_L1000_d0.100_rep13,A,L1000_d0.1,13,20,3000,1000,0.1,0.0,0.05,100.0,True,1000;2000,2,True,4,996;1632;2000;2317,True,True,172.25,0.0,False,0.9811535286621936,11.122530537939321,1.0,1.898894985609096,11.122530537939321,66.30845799999996,0.03225806451612903,"{""Recombination""}"
expA_L1000_d0.100_rep14,A,L1000_d0.1,14,20,3000,1000,0.1,0.0,0.05,100.0,True,1000;2000,2,True,2,1002;2000,True,True,1.0,0.0,False,0.9785988396699519,19.499957734208387,0.8461538461538461,1.9044064957236868,16.499964236637865,59.88204199999991,0.03225806451612903,"{""Recombination""}"
expA_L1000_d0.250_rep00,A,L1000_d0.25,0,20,3000,1000,0.25,0.0,0.05,250.0,True,1000;2000,2,True,2,1000;1998,True,True,1.0,0.0,False,0.9779510420285743,24.2674950510731,0.7187500000000001,1.891791627552487,17.442262067958794,67.32220899999986,0.03225806451612903,"{""Recombination""}"
expA_L1000_d0.250_rep01,A,L1000_d0.25,1,20,3000,1000,0.25,0.0,0.05,250.0,True,1000;2000,2,True,2,1000;2000,True,True,0.0,0.0,False,0.9655245422639016,24.388366806915567,0.9782608695652174,1.8945388298528925,23.858184919808707,66.07229200000032,0.03225806451612903,"{""Recombination""}"
expA_L1000_d0.250_rep02,A,L1000_d0.25,2,20,3000,1000,0.25,0.0,0.05,250.0,True,1000;2000,2,True,2,1000;2000,True,True,0.0,0.0,False,0.9445532836262828,13.663543961286154,0.65,1.9101205274366924,8.881303574836,60.402041000000125,0.03225806451612903,"{""Recombination""}"
expA_L1000_d0.250_rep03,A,L1000_d0.25,3,20,3000,1000,0.25,0.0,0.05,250.0,True,1000;2000,2,True,2,1000;1997,True,True,1.5,0.0,False,0.9637071145565932,18.35774176462639,0.92,1.9061438050696482,16.88912242345628,66.60762500000006,0.03225806451612903,"{""Recombination""}"
expA_L1000_d0.250_rep04,A,L1000_d0.25,4,20,3000,1000,0.25,0.0,0.05,250.0,True,1000;2000,2,True,2,1000;1992,True,True,4.0,0.0,False,0.9652557258270705,14.40346568490351,1.0,1.9014458845789841,14.40346568490351,64.27412499999986,0.03225806451612903,"{""Recombination""}"
expA_L1000_d0.250_rep05,A,L1000_d0.25,5,20,3000,1000,0.25,0.0,0.05,250.0,True,1000;2000,2,True,4,975;1948;1998;2354,True,True,108.25,2.0,False,0.9501528358886342,9.163979888337112,0.9375,1.902185355267088,8.591231145316042,57.23187499999982,0.03225806451612903,"{""Recombination""}"
expA_L1000_d0.250_rep06,A,L1000_d0.25,6,20,3000,1000,0.25,0.0,0.05,250.0,True,1000;2000,2,True,2,1002;2003,True,True,2.5,2.0,False,0.9437075781479981,13.207253531432437,1.0,1.8882297809861994,13.207253531432437,62.37300000000001,0.03225806451612903,"{""Recombination""}"
expA_L1000_d0.250_rep07,A,L1000_d0.25,7,20,3000,1000,0.25,0.0,0.05,250.0,True,1000;2000,2,True,2,991;1996,True,True,6.5,4.0,False,0.9527408619269869,7.806611108631603,0.696969696969697,1.8979666793181027,5.693900037954308,63.414875000000315,0.1935483870967742,"{""Recombination"", ""Clonal Null""}"
expA_L1000_d0.250_rep08,A,L1000_d0.25,8,20,3000,1000,0.25,0.0,0.05,250.0,True,1000;2000,2,True,2,1005;2001,True,True,3.0,1.0,False,0.9740959597832335,11.48038178792479,1.0,1.8990537274034451,11.48038178792479,58.00612499999991,0.03225806451612903,"{""Recombination""}"
expA_L1000_d0.250_rep09,A,L1000_d0.25,9,20,3000,1000,0.25,0.0,0.05,250.0,True,1000;2000,2,True,3,1000;1461;1999,True,True,154.0,0.0,False,0.9747487817705589,16.52262286553643,0.7142857142857143,1.8812267192291263,11.801873475383164,67.22604200000015,0.03225806451612903,"{""Recombination""}"
expA_L1000_d0.250_rep10,A,L1000_d0.25,10,20,3000,1000,0.25,0.0,0.05,250.0,True,1000;2000,2,True,2,1000;1998,True,True,1.0,0.0,False,0.979506309901793,20.48810228094137,0.761904761904762,1.906228178185203,15.609982690241045,63.41891699999991,0.03225806451612903,"{""Recombination""}"
expA_L1000_d0.250_rep11,A,L1000_d0.25,11,20,3000,1000,0.25,0.0,0.05,250.0,True,1000;2000,2,True,2,1002;1992,True,True,5.0,2.0,False,0.972824541899381,23.097272321135073,0.7777777777777778,1.9119120009252246,17.96454513866061,64.70262499999978,0.03225806451612903,"{""Recombination""}"
expA_L1000_d0.250_rep12,A,L1000_d0.25,12,20,3000,1000,0.25,0.0,0.05,250.0,True,1000;2000,2,True,2,998;2002,True,True,2.0,2.0,False,0.9654395287884555,16.098508918273748,0.823529411764706,1.9036159374212815,13.257595579754852,59.22762500000012,0.03225806451612903,"{""Recombination""}"
expA_L1000_d0.250_rep13,A,L1000_d0.25,13,20,3000,1000,0.25,0.0,0.05,250.0,True,1000;2000,2,True,2,996;1990,True,True,7.0,4.0,False,0.9802319161192528,23.5125089493683,0.5555555555555555,1.8824313341267822,13.062504971871276,59.24895900000004,0.03225806451612903,"{""Recombination""}"
expA_L1000_d0.250_rep14,A,L1000_d0.25,14,20,3000,1000,0.25,0.0,0.05,250.0,True,1000;2000,2,True,2,996;1994,True,True,5.0,4.0,False,0.9782132514390643,17.635275698355965,0.888888888888889,1.9041660800681406,15.675800620760858,62.930582999999984,0.03225806451612903,"{""Recombination""}"
expA_L100_d0.002_rep00,A,L100_d0.002,0,20,3000,100,0.002,0.0,0.05,0.2,True,1000;1100,2,False,0,,False,False,,,False,0.9921464777427174,0.0,0.0,1.3333333332873398,3.9999999998620197,27.71216600000015,0.3225806451612903,"{""Clonal Null""}"
expA_L100_d0.002_rep01,A,L100_d0.002,1,20,3000,100,0.002,0.0,0.05,0.2,True,1000;1100,2,False,0,,False,False,,,False,0.9833919499648888,0.0,0.0,1.5220607453318524,4.566182235995557,29.691416999999998,0.3225806451612903,"{""Clonal Null""}"
expA_L100_d0.002_rep02,A,L100_d0.002,2,20,3000,100,0.002,0.0,0.05,0.2,True,1000;1100,2,False,0,,False,False,,,False,0.8458216481568113,0.0,0.0,1.052631578955995,3.157894736867985,32.433791000000326,0.3225806451612903,"{""Clonal Null""}"
expA_L100_d0.002_rep03,A,L100_d0.002,3,20,3000,100,0.002,0.0,0.05,0.2,True,1000;1100,2,False,0,,False,False,,,False,0.9789620935602622,0.0,0.0,1.0378001635901957,3.1134004907705872,33.67045900000009,0.3225806451612903,"{""Clonal Null""}"
expA_L100_d0.002_rep04,A,L100_d0.002,4,20,3000,100,0.002,0.0,0.05,0.2,True,1000;1100,2,False,0,,False,False,,,False,0.9907866162070569,0.0,0.0,1.8427743009619133,5.52832290288574,25.60333299999984,0.22580645161290322,"{""Clonal Null""}"
expA_L100_d0.002_rep05,A,L100_d0.002,5,20,3000,100,0.002,0.0,0.05,0.2,True,1000;1100,2,False,0,,False,False,,,False,0.967291012203813,0.0,0.0,1.6546536706953239,4.963961012085972,35.85745800000018,0.3225806451612903,"{""Clonal Null""}"
expA_L100_d0.002_rep06,A,L100_d0.002,6,20,3000,100,0.002,0.0,0.05,0.2,True,1000;1100,2,False,0,,False,False,,,False,0.9901667616375178,0.0,0.0,1.0,3.0,32.772583000000296,0.3225806451612903,"{""Clonal Null""}"
expA_L100_d0.002_rep07,A,L100_d0.002,7,20,3000,100,0.002,0.0,0.05,0.2,True,1000;1100,2,False,0,,False,False,,,False,0.9901392561410264,0.0,0.0,1.410471071107277,4.231413213321831,32.21391699999998,0.3225806451612903,"{""Clonal Null""}"
expA_L100_d0.002_rep08,A,L100_d0.002,8,20,3000,100,0.002,0.0,0.05,0.2,True,1000;1100,2,False,0,,False,False,,,False,0.9834393618558119,0.0,0.0,1.504272322028537,4.512816966085611,27.837416999999753,0.3225806451612903,"{""Clonal Null""}"
expA_L100_d0.002_rep09,A,L100_d0.002,9,20,3000,100,0.002,0.0,0.05,0.2,True,1000;1100,2,False,0,,False,False,,,False,0.9777115429046439,0.0,0.0,1.696555090325469,5.089665270976407,38.26404200000022,0.3225806451612903,"{""Clonal Null""}"
expA_L100_d0.002_rep10,A,L100_d0.002,10,20,3000,100,0.002,0.0,0.05,0.2,True,1000;1100,2,False,0,,False,False,,,False,0.954133956973367,0.0,0.0,0.9653482345169336,2.896044703550801,38.21558400000002,0.3225806451612903,"{""Clonal Null""}"
expA_L100_d0.002_rep11,A,L100_d0.002,11,20,3000,100,0.002,0.0,0.05,0.2,True,1000;1100,2,False,0,,False,False,,,False,0.9763539466859874,0.0,0.0,1.743898789200649,5.231696367601947,38.68600000000022,0.2903225806451613,"{""Clonal Null""}"
expA_L100_d0.002_rep12,A,L100_d0.002,12,20,3000,100,0.002,0.0,0.05,0.2,True,1000;1100,2,False,0,,False,False,,,False,0.9920811100219518,0.0,0.0,0.9947566933911178,2.9842700801733537,30.15358300000015,0.3225806451612903,"{""Clonal Null""}"
expA_L100_d0.002_rep13,A,L100_d0.002,13,20,3000,100,0.002,0.0,0.05,0.2,True,1000;1100,2,False,0,,False,False,,,False,0.9215623791294646,0.0,0.0,1.524297938369359,4.572893815108077,35.63733299999994,0.3225806451612903,"{""Clonal Null""}"
expA_L100_d0.002_rep14,A,L100_d0.002,14,20,3000,100,0.002,0.0,0.05,0.2,True,1000;1100,2,False,0,,False,False,,,False,0.8863916678275496,0.0,0.0,1.8637377012278749,5.591213103683625,34.74158299999974,0.22580645161290322,"{""Clonal Null""}"
expA_L100_d0.005_rep00,A,L100_d0.005,0,20,3000,100,0.005,0.0,0.05,0.5,True,1000;1100,2,False,0,,False,False,,,False,0.9918285275273676,0.0,0.0,1.2064897880946657,3.6194693642839972,33.87858299999991,0.3225806451612903,"{""Clonal Null""}"
expA_L100_d0.005_rep01,A,L100_d0.005,1,20,3000,100,0.005,0.0,0.05,0.5,True,1000;1100,2,False,0,,False,False,,,False,0.9988423825682695,0.0,0.0,1.903273145109969,5.709819435329907,36.500874999999766,0.16129032258064516,"{""Clonal Null""}"
expA_L100_d0.005_rep02,A,L100_d0.005,2,20,3000,100,0.005,0.0,0.05,0.5,True,1000;1100,2,False,0,,False,False,,,False,0.9999999999999997,0.0,0.0,1.5000000000131597,4.5000000000394795,28.613,0.3225806451612903,"{""Clonal Null""}"
expA_L100_d0.005_rep03,A,L100_d0.005,3,20,3000,100,0.005,0.0,0.05,0.5,True,1000;1100,2,False,0,,False,False,,,False,0.9764749143330138,0.0,0.0,1.0346048038907527,3.103814411672258,38.22395899999975,0.3225806451612903,"{""Clonal Null""}"
expA_L100_d0.005_rep04,A,L100_d0.005,4,20,3000,100,0.005,0.0,0.05,0.5,True,1000;1100,2,False,0,,False,False,,,False,0.9917917370139486,0.0,0.0,1.7039182664309513,5.111754799292854,46.904041999999976,0.3225806451612903,"{""Clonal Null""}"
expA_L100_d0.005_rep05,A,L100_d0.005,5,20,3000,100,0.005,0.0,0.05,0.5,True,1000;1100,2,False,0,,False,False,,,False,0.9913217114939706,0.0,0.0,1.3333333333126576,3.9999999999379727,37.539000000000215,0.3225806451612903,"{""Clonal Null""}"
expA_L100_d0.005_rep06,A,L100_d0.005,6,20,3000,100,0.005,0.0,0.05,0.5,True,1000;1100,2,False,0,,False,False,,,False,0.9906611945193268,0.0,0.0,1.8630496054766041,5.589148816429812,35.06574999999978,0.22580645161290322,"{""Clonal Null""}"
expA_L100_d0.005_rep07,A,L100_d0.005,7,20,3000,100,0.005,0.0,0.05,0.5,True,1000;1100,2,False,0,,False,False,,,False,1.0,0.0,0.0,1.3386494732127145,4.015948419638144,35.190959000000355,0.3225806451612903,"{""Clonal Null""}"
expA_L100_d0.005_rep08,A,L100_d0.005,8,20,3000,100,0.005,0.0,0.05,0.5,True,1000;1100,2,False,0,,False,False,,,False,0.9724094273468674,0.0,0.0,1.2226218490002372,3.6678655470007113,36.800541999999936,0.3225806451612903,"{""Clonal Null""}"
expA_L100_d0.005_rep09,A,L100_d0.005,9,20,3000,100,0.005,0.0,0.05,0.5,True,1000;1100,2,False,0,,False,False,,,False,0.970634706608263,0.0,0.0,1.5852760432721387,4.7558281298164164,38.43850000000026,0.3225806451612903,"{""Clonal Null""}"
expA_L100_d0.005_rep10,A,L100_d0.005,10,20,3000,100,0.005,0.0,0.05,0.5,True,1000;1100,2,False,0,,False,False,,,False,0.9857801534688676,0.0,0.0,1.6909503211047372,5.072850963314211,37.52395900000005,0.3225806451612903,"{""Clonal Null""}"
expA_L100_d0.005_rep11,A,L100_d0.005,11,20,3000,100,0.005,0.0,0.05,0.5,True,1000;1100,2,False,0,,False,False,,,False,0.9939479887483001,0.0,0.0,1.229415734036845,3.688247202110535,41.538375000000016,0.3225806451612903,"{""Clonal Null""}"
expA_L100_d0.005_rep12,A,L100_d0.005,12,20,3000,100,0.005,0.0,0.05,0.5,True,1000;1100,2,False,0,,False,False,,,False,0.9791971878729783,0.0,0.0,1.486782068407896,4.460346205223688,50.40020800000011,0.3225806451612903,"{""Clonal Null""}"
expA_L100_d0.005_rep13,A,L100_d0.005,13,20,3000,100,0.005,0.0,0.05,0.5,True,1000;1100,2,False,0,,False,False,,,False,0.9732692049830917,0.0,0.0,1.5644247533255329,4.693274259976599,35.84666700000039,0.3225806451612903,"{""Clonal Null""}"
expA_L100_d0.005_rep14,A,L100_d0.005,14,20,3000,100,0.005,0.0,0.05,0.5,True,1000;1100,2,False,0,,False,False,,,False,0.9865301161831126,0.0,0.0,0.9746185481573506,2.923855644472052,36.45887500000011,0.3225806451612903,"{""Clonal Null""}"
expA_L100_d0.010_rep00,A,L100_d0.01,0,20,3000,100,0.01,0.0,0.05,1.0,True,1000;1100,2,False,0,,False,False,,,False,0.9859199340197267,0.0,0.0,1.918474161018187,5.755422483054561,37.760500000000086,0.16129032258064516,"{""Clonal Null""}"
expA_L100_d0.010_rep01,A,L100_d0.01,1,20,3000,100,0.01,0.0,0.05,1.0,True,1000;1100,2,False,0,,False,False,,,False,0.9912523554550022,0.0,0.0,1.1761695579010927,3.528508673703278,44.23375000000007,0.3225806451612903,"{""Clonal Null""}"
expA_L100_d0.010_rep02,A,L100_d0.01,2,20,3000,100,0.01,0.0,0.05,1.0,True,1000;1100,2,False,0,,False,False,,,False,0.9857671910366995,0.0,0.0,1.899733087082614,5.699199261247841,38.95266699999978,0.1935483870967742,"{""Clonal Null""}"
expA_L100_d0.010_rep03,A,L100_d0.01,3,20,3000,100,0.01,0.0,0.05,1.0,True,1000;1100,2,False,0,,False,False,,,False,0.988515040503262,0.0,0.0,1.895869574057521,5.6876087221725635,44.305958999999895,0.1935483870967742,"{""Clonal Null""}"
expA_L100_d0.010_rep04,A,L100_d0.01,4,20,3000,100,0.01,0.0,0.05,1.0,True,1000;1100,2,False,0,,False,False,,,False,0.9792945418645101,0.0,0.0,1.245478459242082,3.736435377726246,37.41604199999982,0.3225806451612903,"{""Clonal Null""}"
expA_L100_d0.010_rep05,A,L100_d0.01,5,20,3000,100,0.01,0.0,0.05,1.0,True,1000;1100,2,False,0,,False,False,,,False,0.9828019755909435,0.0,0.0,1.5967075950736203,4.790122785220861,44.671542000000116,0.3225806451612903,"{""Clonal Null""}"
expA_L100_d0.010_rep06,A,L100_d0.01,6,20,3000,100,0.01,0.0,0.05,1.0,True,1000;1100,2,False,0,,False,False,,,False,0.9862813521071574,0.0,0.0,1.325059653020483,3.975178959061449,48.05075000000025,0.3225806451612903,"{""Clonal Null""}"
expA_L100_d0.010_rep07,A,L100_d0.01,7,20,3000,100,0.01,0.0,0.05,1.0,True,1000;1100,2,False,0,,False,False,,,False,0.9881336495344167,0.0,0.0,1.8557442624173246,5.567232787251974,43.19829099999994,0.22580645161290322,"{""Clonal Null""}"
expA_L100_d0.010_rep08,A,L100_d0.01,8,20,3000,100,0.01,0.0,0.05,1.0,True,1000;1100,2,False,0,,False,False,,,False,0.9942438628691784,0.0,0.0,0.575122117629353,1.725366352888059,47.92291699999973,0.5161290322580645,"{""Clonal Null""}"
expA_L100_d0.010_rep09,A,L100_d0.01,9,20,3000,100,0.01,0.0,0.05,1.0,True,1000;1100,2,False,0,,False,False,,,False,0.981109099119903,0.0,0.0,1.763900691007553,5.291702073022659,44.12849999999979,0.2903225806451613,"{""Clonal Null""}"
expA_L100_d0.010_rep10,A,L100_d0.01,10,20,3000,100,0.01,0.0,0.05,1.0,True,1000;1100,2,False,0,,False,False,,,False,0.9787499181133278,0.0,0.0,0.893813829697994,2.6814414890939817,50.693250000000134,0.3548387096774194,"{""Clonal Null""}"
expA_L100_d0.010_rep11,A,L100_d0.01,11,20,3000,100,0.01,0.0,0.05,1.0,True,1000;1100,2,False,0,,False,False,,,False,0.9718643192186649,0.0,0.0,1.192437152816066,3.577311458448198,44.45983299999989,0.3225806451612903,"{""Clonal Null""}"
expA_L100_d0.010_rep12,A,L100_d0.01,12,20,3000,100,0.01,0.0,0.05,1.0,True,1000;1100,2,False,0,,False,False,,,False,0.9885240051839852,0.0,0.0,1.333333333343661,4.000000000030983,44.26958299999973,0.3225806451612903,"{""Clonal Null""}"
expA_L100_d0.010_rep13,A,L100_d0.01,13,20,3000,100,0.01,0.0,0.05,1.0,True,1000;1100,2,False,0,,False,False,,,False,0.9903697520707865,0.0,0.0,1.4200840251935123,4.260252075580537,39.290500000000335,0.3225806451612903,"{""Clonal Null""}"
expA_L100_d0.010_rep14,A,L100_d0.01,14,20,3000,100,0.01,0.0,0.05,1.0,True,1000;1100,2,False,0,,False,False,,,False,0.9897612211555723,0.0,0.0,1.9044578617017969,5.713373585105391,37.76225000000011,0.16129032258064516,"{""Clonal Null""}"
expA_L100_d0.030_rep00,A,L100_d0.03,0,20,3000,100,0.03,0.0,0.05,3.0,True,1000;1100,2,False,0,,False,False,,,False,0.9897926829751104,0.0,0.0,1.881049275318809,5.643147825956428,38.736708000000064,0.22580645161290322,"{""Recombination"", ""Clonal Null""}"
expA_L100_d0.030_rep01,A,L100_d0.03,1,20,3000,100,0.03,0.0,0.05,3.0,True,1000;1100,2,False,0,,False,False,,,False,0.9867569056135443,0.0,0.0,1.867166633435287,5.6014999003058605,45.54612499999999,0.22580645161290322,"{""Recombination"", ""Clonal Null""}"
expA_L100_d0.030_rep02,A,L100_d0.03,2,20,3000,100,0.03,0.0,0.05,3.0,True,1000;1100,2,False,0,,False,False,,,False,0.9775235860466913,0.0,0.0,1.8989329659161298,5.69679889774839,47.82195800000011,0.1935483870967742,"{""Recombination"", ""Clonal Null""}"
expA_L100_d0.030_rep03,A,L100_d0.03,3,20,3000,100,0.03,0.0,0.05,3.0,True,1000;1100,2,False,0,,False,False,,,False,0.9916841439940709,0.0,0.0,1.8976377893499705,5.692913368049911,44.605166000000196,0.1935483870967742,"{""Recombination"", ""Clonal Null""}"
expA_L100_d0.030_rep04,A,L100_d0.03,4,20,3000,100,0.03,0.0,0.05,3.0,True,1000;1100,2,False,0,,False,False,,,False,0.9889591663524343,0.0,0.0,0.48963074495738657,1.4688922348721598,50.93579100000012,0.5483870967741935,"{""Recombination"", ""Clonal Null""}"
expA_L100_d0.030_rep05,A,L100_d0.03,5,20,3000,100,0.03,0.0,0.05,3.0,True,1000;1100,2,False,0,,False,False,,,False,0.9782193223778466,0.0,0.0,1.9189728455058273,5.756918536517482,42.59791700000015,0.16129032258064516,"{""Recombination"", ""Clonal Null""}"
expA_L100_d0.030_rep06,A,L100_d0.03,6,20,3000,100,0.03,0.0,0.05,3.0,True,1000;1100,2,False,0,,False,False,,,False,0.9886079896540659,0.0,0.0,1.9397196676009796,5.819159002802939,38.83237500000014,0.12903225806451613,"{""Recombination"", ""Clonal Null""}"
expA_L100_d0.030_rep07,A,L100_d0.03,7,20,3000,100,0.03,0.0,0.05,3.0,True,1000;1100,2,False,0,,False,False,,,False,0.9896404486445648,0.0,0.0,1.937037068508753,5.8111112055262595,42.0407500000004,0.12903225806451613,"{""Recombination"", ""Clonal Null""}"
expA_L100_d0.030_rep08,A,L100_d0.03,8,20,3000,100,0.03,0.0,0.05,3.0,True,1000;1100,2,False,0,,False,False,,,False,0.9938397876811512,0.0,0.0,1.5409000885816004,4.622700265744801,38.978874999999746,0.3225806451612903,"{""Recombination"", ""Clonal Null""}"
expA_L100_d0.030_rep09,A,L100_d0.03,9,20,3000,100,0.03,0.0,0.05,3.0,True,1000;1100,2,False,0,,False,False,,,False,0.9989756186736144,0.0,0.0,1.9055910744776539,5.716773223432962,41.2478329999999,0.16129032258064516,"{""Recombination"", ""Clonal Null""}"
expA_L100_d0.030_rep10,A,L100_d0.03,10,20,3000,100,0.03,0.0,0.05,3.0,True,1000;1100,2,False,0,,False,False,,,False,0.9969507056941466,0.0,0.0,1.9573147827620643,5.871944348286193,41.90387499999959,0.0967741935483871,"{""Recombination"", ""Clonal Null""}"
expA_L100_d0.030_rep11,A,L100_d0.03,11,20,3000,100,0.03,0.0,0.05,3.0,True,1000;1100,2,False,0,,False,False,,,False,0.9948150823410612,0.0,0.0,0.04476904157892969,0.13430712473678907,45.99391700000011,0.8387096774193549,"{""Recombination"", ""Clonal Null""}"
expA_L100_d0.030_rep12,A,L100_d0.03,12,20,3000,100,0.03,0.0,0.05,3.0,True,1000;1100,2,False,0,,False,False,,,False,0.9849781773504186,0.0,0.0,0.5947852176795839,1.7843556530387517,39.48375000000004,0.5161290322580645,"{""Recombination"", ""Clonal Null""}"
expA_L100_d0.030_rep13,A,L100_d0.03,13,20,3000,100,0.03,0.0,0.05,3.0,True,1000;1100,2,False,0,,False,False,,,False,0.99089706622118,0.0,0.0,1.9174534770689224,5.7523604312067675,38.736375000000045,0.16129032258064516,"{""Recombination"", ""Clonal Null""}"
expA_L100_d0.030_rep14,A,L100_d0.03,14,20,3000,100,0.03,0.0,0.05,3.0,True,1000;1100,2,False,0,,False,False,,,False,0.9914954141903428,0.0,0.0,1.9213375576623486,5.764012672987046,44.25899999999983,0.16129032258064516,"{""Recombination"", ""Clonal Null""}"
expA_L100_d0.100_rep00,A,L100_d0.1,0,20,3000,100,0.1,0.0,0.05,10.0,True,1000;1100,2,False,0,,False,False,,,False,0.9783220486375833,0.0,0.0,0.03167476990000939,0.09502430970002818,43.2988329999997,0.9032258064516129,"{""Recombination"", ""Clonal Null""}"
expA_L100_d0.100_rep01,A,L100_d0.1,1,20,3000,100,0.1,0.0,0.05,10.0,True,1000;1100,2,True,1,1864,False,False,764.0,764.0,False,0.948417429934913,6.687283943844001,0.0833333333333333,0.03889378525403453,0.5572736619869999,73.53829200000028,0.6774193548387096,"{""Recombination"", ""Clonal Null""}"
expA_L100_d0.100_rep02,A,L100_d0.1,2,20,3000,100,0.1,0.0,0.05,10.0,True,1000;1100,2,True,1,1100,True,True,0.0,0.0,False,0.9690154471335153,6.686541852511351,0.3333333333333333,1.9244506013268294,5.773351803980488,62.64037499999997,0.12903225806451613,"{""Recombination"", ""Clonal Null""}"
expA_L100_d0.100_rep03,A,L100_d0.1,3,20,3000,100,0.1,0.0,0.05,10.0,True,1000;1100,2,False,0,,False,False,,,False,0.9604514939657447,0.0,0.0,1.9494688649799286,5.848406594939785,44.910417000000095,0.0967741935483871,"{""Recombination"", ""Clonal Null""}"
expA_L100_d0.100_rep04,A,L100_d0.1,4,20,3000,100,0.1,0.0,0.05,10.0,True,1000;1100,2,True,2,1474;2461,False,False,867.5,374.0,False,0.9760417398173898,3.5551532291221504,0.28571428571428575,1.9417781683521607,5.825334505056482,85.10679199999993,0.12903225806451613,"{""Recombination"", ""Clonal Null""}"
expA_L100_d0.100_rep05,A,L100_d0.1,5,20,3000,100,0.1,0.0,0.05,10.0,True,1000;1100,2,False,0,,False,False,,,False,0.9746595222401986,0.0,0.0,1.9480827952991326,5.844248385897398,41.95370899999995,0.0967741935483871,"{""Recombination"", ""Clonal Null""}"
expA_L100_d0.100_rep06,A,L100_d0.1,6,20,3000,100,0.1,0.0,0.05,10.0,True,1000;1100,2,True,1,2329,False,False,1229.0,1229.0,False,0.9571590325754863,2.6715912282736225,0.19999999999999998,1.9296634230741379,5.788990269222413,75.41841699999985,0.12903225806451613,"{""Recombination"", ""Clonal Null""}"
expA_L100_d0.100_rep07,A,L100_d0.1,7,20,3000,100,0.1,0.0,0.05,10.0,True,1000;1100,2,False,0,,False,False,,,False,0.9641606319434467,0.0,0.0,1.9400995315645637,5.820298594693691,42.301708000000104,0.12903225806451613,"{""Recombination"", ""Clonal Null""}"
expA_L100_d0.100_rep08,A,L100_d0.1,8,20,3000,100,0.1,0.0,0.05,10.0,True,1000;1100,2,False,0,,False,False,,,False,0.9811740432778695,0.0,0.0,1.9492727436777308,5.847818231033193,43.520790999999726,0.0967741935483871,"{""Recombination"", ""Clonal Null""}"
expA_L100_d0.100_rep09,A,L100_d0.1,9,20,3000,100,0.1,0.0,0.05,10.0,True,1000;1100,2,False,0,,False,False,,,False,0.9810241965444373,0.0,0.0,1.9487518855080705,5.846255656524212,45.49637499999992,0.0967741935483871,"{""Recombination"", ""Clonal Null""}"
expA_L100_d0.100_rep10,A,L100_d0.1,10,20,3000,100,0.1,0.0,0.05,10.0,True,1000;1100,2,True,2,2245;2535,False,False,1290.0,1145.0,False,0.9715140406372041,9.233907207730589,0.16666666666666674,1.9510242350864637,5.853072705259391,78.97695800000015,0.0967741935483871,"{""Recombination"", ""Clonal Null""}"
expA_L100_d0.100_rep11,A,L100_d0.1,11,20,3000,100,0.1,0.0,0.05,10.0,True,1000;1100,2,False,0,,False,False,,,False,0.9830592363316731,0.0,0.0,1.9661436843389541,5.898431053016862,45.9705829999999,0.06451612903225806,"{""Recombination"", ""Clonal Null""}"
expA_L100_d0.100_rep12,A,L100_d0.1,12,20,3000,100,0.1,0.0,0.05,10.0,True,1000;1100,2,False,0,,False,False,,,False,0.9871012459072174,0.0,0.0,1.9330959464362216,5.799287839308665,41.08424999999993,0.12903225806451613,"{""Recombination"", ""Clonal Null""}"
expA_L100_d0.100_rep13,A,L100_d0.1,13,20,3000,100,0.1,0.0,0.05,10.0,True,1000;1100,2,False,0,,False,False,,,False,0.9871783968752477,0.0,0.0,1.9526521495373834,5.85795644861215,52.31329099999993,0.0967741935483871,"{""Recombination"", ""Clonal Null""}"
expA_L100_d0.100_rep14,A,L100_d0.1,14,20,3000,100,0.1,0.0,0.05,10.0,True,1000;1100,2,False,0,,False,False,,,False,0.9854098183534883,0.0,0.0,1.940788701859288,5.8223661055778635,51.510874999999956,0.12903225806451613,"{""Recombination"", ""Clonal Null""}"
expA_L100_d0.250_rep00,A,L100_d0.25,0,20,3000,100,0.25,0.0,0.05,25.0,True,1000;1100,2,False,0,,False,False,,,False,0.9672544617232021,0.0,0.0,1.9384094172929198,5.815228251878759,48.39987499999987,0.12903225806451613,"{""Recombination"", ""Clonal Null""}"
expA_L100_d0.250_rep01,A,L100_d0.25,1,20,3000,100,0.25,0.0,0.05,25.0,True,1000;1100,2,False,0,,False,False,,,False,0.9574045401051867,0.0,0.0,1.954745135989275,5.864235407967825,50.67425000000014,0.0967741935483871,"{""Recombination"", ""Clonal Null""}"
expA_L100_d0.250_rep02,A,L100_d0.25,2,20,3000,100,0.25,0.0,0.05,25.0,True,1000;1100,2,False,0,,False,False,,,False,0.9655145205479914,0.0,0.0,1.9628548563137238,5.888564568941171,66.24495799999997,0.0967741935483871,"{""Recombination"", ""Clonal Null""}"
expA_L100_d0.250_rep03,A,L100_d0.25,3,20,3000,100,0.25,0.0,0.05,25.0,True,1000;1100,2,False,0,,False,False,,,False,0.9822104521083866,0.0,0.0,1.9285578506685013,5.785673552005504,55.763790999999955,0.12903225806451613,"{""Recombination"", ""Clonal Null""}"
expA_L100_d0.250_rep04,A,L100_d0.25,4,20,3000,100,0.25,0.0,0.05,25.0,True,1000;1100,2,False,0,,False,False,,,False,0.985384405675745,0.0,0.0,1.949637158280908,5.8489114748427244,51.21991700000006,0.0967741935483871,"{""Recombination"", ""Clonal Null""}"
expA_L100_d0.250_rep05,A,L100_d0.25,5,20,3000,100,0.25,0.0,0.05,25.0,True,1000;1100,2,False,0,,False,False,,,False,0.9878290468573381,0.0,0.0,1.9567961231646083,5.870388369493825,53.90949999999961,0.0967741935483871,"{""Recombination"", ""Clonal Null""}"
expA_L100_d0.250_rep06,A,L100_d0.25,6,20,3000,100,0.25,0.0,0.05,25.0,True,1000;1100,2,True,1,1535,False,False,435.0,435.0,False,0.9691694008993659,2.0500655319561827,0.5,1.952230483017517,5.856691449052551,128.6123749999999,0.0967741935483871,"{""Recombination"", ""Clonal Null""}"
expA_L100_d0.250_rep07,A,L100_d0.25,7,20,3000,100,0.25,0.0,0.05,25.0,True,1000;1100,2,False,0,,False,False,,,False,0.9803258904688322,0.0,0.0,1.9659161943761423,5.897748583128427,118.07833399999978,0.06451612903225806,"{""Recombination"", ""Clonal Null""}"
expA_L100_d0.250_rep08,A,L100_d0.25,8,20,3000,100,0.25,0.0,0.05,25.0,True,1000;1100,2,False,0,,False,False,,,False,0.9727867788548368,0.0,0.0,1.9462892908436726,5.838867872531018,117.8309590000004,0.12903225806451613,"{""Recombination"", ""Clonal Null""}"
expA_L100_d0.250_rep09,A,L100_d0.25,9,20,3000,100,0.25,0.0,0.05,25.0,True,1000;1100,2,True,2,1568;1972,False,False,670.0,468.0,False,0.9486123603910086,3.3080344534413846,0.15384615384615388,1.945470503450273,5.836411510350819,144.64695800000004,0.12903225806451613,"{""Recombination"", ""Clonal Null""}"
expA_L100_d0.250_rep10,A,L100_d0.25,10,20,3000,100,0.25,0.0,0.05,25.0,True,1000;1100,2,False,0,,False,False,,,False,0.9559624019008994,0.0,0.0,1.9596275199271989,5.878882559781596,109.19220800000006,0.0967741935483871,"{""Recombination"", ""Clonal Null""}"
expA_L100_d0.250_rep11,A,L100_d0.25,11,20,3000,100,0.25,0.0,0.05,25.0,True,1000;1100,2,False,0,,False,False,,,False,0.9579591419170205,0.0,0.0,1.9481768222846494,5.844530466853948,92.42570799999994,0.0967741935483871,"{""Recombination"", ""Clonal Null""}"
expA_L100_d0.250_rep12,A,L100_d0.25,12,20,3000,100,0.25,0.0,0.05,25.0,True,1000;1100,2,True,1,1096,True,True,4.0,4.0,False,0.9515441853434412,6.64080564476592,0.2279411764705883,1.9242479242941095,5.772743772882329,130.111125,0.12903225806451613,"{""Recombination"", ""Clonal Null""}"
expA_L100_d0.250_rep13,A,L100_d0.25,13,20,3000,100,0.25,0.0,0.05,25.0,True,1000;1100,2,False,0,,False,False,,,False,0.9894744792362512,0.0,0.0,1.9166325799575499,5.749897739872649,102.12783399999958,0.16129032258064516,"{""Recombination"", ""Clonal Null""}"
expA_L100_d0.250_rep14,A,L100_d0.25,14,20,3000,100,0.25,0.0,0.05,25.0,True,1000;1100,2,False,0,,False,False,,,False,0.9674684368176651,0.0,0.0,1.956494300146273,5.869482900438818,52.85412500000008,0.0967741935483871,"{""Recombination"", ""Clonal Null""}"
expA_L250_d0.002_rep00,A,L250_d0.002,0,20,3000,250,0.002,0.0,0.05,0.5,True,1000;1250,2,False,0,,False,False,,,False,0.9350151871439244,0.0,0.0,1.7559221948364065,5.26776658450922,80.78695900000011,0.2903225806451613,"{""Clonal Null""}"
expA_L250_d0.002_rep01,A,L250_d0.002,1,20,3000,250,0.002,0.0,0.05,0.5,True,1000;1250,2,False,0,,False,False,,,False,0.971318097392134,0.0,0.0,1.8204726370561057,5.461417911168317,88.10204200000004,0.22580645161290322,"{""Clonal Null""}"
expA_L250_d0.002_rep02,A,L250_d0.002,2,20,3000,250,0.002,0.0,0.05,0.5,True,1000;1250,2,False,0,,False,False,,,False,0.9641006027703576,0.0,0.0,1.5250476941961983,4.575143082588595,83.45241600000008,0.3225806451612903,"{""Clonal Null""}"
expA_L250_d0.002_rep03,A,L250_d0.002,3,20,3000,250,0.002,0.0,0.05,0.5,True,1000;1250,2,False,0,,False,False,,,False,0.9711518593509628,0.0,0.0,1.3444512556035337,4.033353766810601,83.94279200000021,0.3225806451612903,"{""Clonal Null""}"
expA_L250_d0.002_rep04,A,L250_d0.002,4,20,3000,250,0.002,0.0,0.05,0.5,True,1000;1250,2,False,0,,False,False,,,False,0.9309873291824711,0.0,0.0,1.3291795575499612,3.9875386726498836,56.99133300000003,0.3225806451612903,"{""Clonal Null""}"
expA_L250_d0.002_rep05,A,L250_d0.002,5,20,3000,250,0.002,0.0,0.05,0.5,True,1000;1250,2,False,0,,False,False,,,False,0.9921989673286683,0.0,0.0,1.9044578617017969,5.713373585105391,43.85229199999996,0.16129032258064516,"{""Clonal Null""}"
expA_L250_d0.002_rep06,A,L250_d0.002,6,20,3000,250,0.002,0.0,0.05,0.5,True,1000;1250,2,False,0,,False,False,,,False,0.9904405991821378,0.0,0.0,1.4200840251919222,4.2602520755757665,55.09679099999998,0.3225806451612903,"{""Clonal Null""}"
expA_L250_d0.002_rep07,A,L250_d0.002,7,20,3000,250,0.002,0.0,0.05,0.5,True,1000;1250,2,False,0,,False,False,,,False,0.9691211261948389,0.0,0.0,1.3829629987469674,4.148888996240903,49.942124999999834,0.3225806451612903,"{""Clonal Null""}"
expA_L250_d0.002_rep08,A,L250_d0.002,8,20,3000,250,0.002,0.0,0.05,0.5,True,1000;1250,2,False,0,,False,False,,,False,0.9527987193296811,0.0,0.0,1.3045326438936238,3.9135979316808713,46.136375000000115,0.3225806451612903,"{""Clonal Null""}"
expA_L250_d0.002_rep09,A,L250_d0.002,9,20,3000,250,0.002,0.0,0.05,0.5,True,1000;1250,2,False,0,,False,False,,,False,0.987250737290008,0.0,0.0,1.7181801833093853,5.154540549928155,33.90858300000011,0.3225806451612903,"{""Clonal Null""}"
expA_L250_d0.002_rep10,A,L250_d0.002,10,20,3000,250,0.002,0.0,0.05,0.5,True,1000;1250,2,False,0,,False,False,,,False,0.9488803620310197,0.0,0.0,1.8997330870826137,5.699199261247841,36.30354100000011,0.1935483870967742,"{""Clonal Null""}"
expA_L250_d0.002_rep11,A,L250_d0.002,11,20,3000,250,0.002,0.0,0.05,0.5,True,1000;1250,2,False,0,,False,False,,,False,0.9403613488256576,0.0,0.0,1.2190790053559122,3.6572370160677368,34.342167000000146,0.3225806451612903,"{""Clonal Null""}"
expA_L250_d0.002_rep12,A,L250_d0.002,12,20,3000,250,0.002,0.0,0.05,0.5,True,1000;1250,2,False,0,,False,False,,,False,0.9889391057703203,0.0,0.0,1.176556452443603,3.5296693573308087,27.65316699999998,0.3225806451612903,"{""Clonal Null""}"
expA_L250_d0.002_rep13,A,L250_d0.002,13,20,3000,250,0.002,0.0,0.05,0.5,True,1000;1250,2,False,0,,False,False,,,False,0.9950443616789872,0.0,0.0,1.3270433768103702,3.9811301304311106,31.79283299999991,0.3225806451612903,"{""Clonal Null""}"
expA_L250_d0.002_rep14,A,L250_d0.002,14,20,3000,250,0.002,0.0,0.05,0.5,True,1000;1250,2,False,0,,False,False,,,False,0.9611179160469059,0.0,0.0,1.5922675522706613,4.776802656811984,34.97062500000014,0.3225806451612903,"{""Clonal Null""}"
expA_L250_d0.005_rep00,A,L250_d0.005,0,20,3000,250,0.005,0.0,0.05,1.25,True,1000;1250,2,False,0,,False,False,,,False,0.9912724038364559,0.0,0.0,1.8828336562901504,5.648500968870451,45.38029200000038,0.1935483870967742,"{""Recombination"", ""Clonal Null""}"
expA_L250_d0.005_rep01,A,L250_d0.005,1,20,3000,250,0.005,0.0,0.05,1.25,True,1000;1250,2,False,0,,False,False,,,False,0.9854025252836752,0.0,0.0,1.9044578617017969,5.713373585105391,34.889415999999954,0.16129032258064516,"{""Recombination"", ""Clonal Null""}"
expA_L250_d0.005_rep02,A,L250_d0.005,2,20,3000,250,0.005,0.0,0.05,1.25,True,1000;1250,2,False,0,,False,False,,,False,0.9835442996519612,0.0,0.0,1.7502726930428116,5.250818079128435,40.584375000000335,0.2903225806451613,"{""Recombination"", ""Clonal Null""}"
expA_L250_d0.005_rep03,A,L250_d0.005,3,20,3000,250,0.005,0.0,0.05,1.25,True,1000;1250,2,False,0,,False,False,,,False,0.9700897763697107,0.0,0.0,1.8750478422375454,5.625143526712636,39.5594159999999,0.22580645161290322,"{""Recombination"", ""Clonal Null""}"
expA_L250_d0.005_rep04,A,L250_d0.005,4,20,3000,250,0.005,0.0,0.05,1.25,True,1000;1250,2,False,0,,False,False,,,False,0.974674353699892,0.0,0.0,1.9762849599318066,5.92885487979542,37.93683299999984,0.06451612903225806,"{""Recombination"", ""Clonal Null""}"
expA_L250_d0.005_rep05,A,L250_d0.005,5,20,3000,250,0.005,0.0,0.05,1.25,True,1000;1250,2,False,0,,False,False,,,False,0.9485909665635621,0.0,0.0,1.363011388174587,4.089034164523761,38.61887500000005,0.3225806451612903,"{""Recombination"", ""Clonal Null""}"
expA_L250_d0.005_rep06,A,L250_d0.005,6,20,3000,250,0.005,0.0,0.05,1.25,True,1000;1250,2,False,0,,False,False,,,False,0.9794738529401695,0.0,0.0,0.9441476183931323,2.832442855179397,39.12475000000004,0.3548387096774194,"{""Recombination"", ""Clonal Null""}"
expA_L250_d0.005_rep07,A,L250_d0.005,7,20,3000,250,0.005,0.0,0.05,1.25,True,1000;1250,2,False,0,,False,False,,,False,0.9933238731642942,0.0,0.0,1.5989503382218386,4.796851014665516,35.8892919999998,0.3225806451612903,"{""Recombination"", ""Clonal Null""}"
expA_L250_d0.005_rep08,A,L250_d0.005,8,20,3000,250,0.005,0.0,0.05,1.25,True,1000;1250,2,False,0,,False,False,,,False,0.9963920036396917,0.0,0.0,1.7337993857220892,5.201398157166268,22.13929200000031,0.3225806451612903,"{""Recombination"", ""Clonal Null""}"
expA_L250_d0.005_rep09,A,L250_d0.005,9,20,3000,250,0.005,0.0,0.05,1.25,True,1000;1250,2,False,0,,False,False,,,False,0.9655582715383639,0.0,0.0,1.2294157339935532,3.6882472019806594,42.237791999999885,0.3225806451612903,"{""Recombination"", ""Clonal Null""}"
expA_L250_d0.005_rep10,A,L250_d0.005,10,20,3000,250,0.005,0.0,0.05,1.25,True,1000;1250,2,False,0,,False,False,,,False,0.9857412400489676,0.0,0.0,1.9044578617017969,5.713373585105391,40.285750000000235,0.16129032258064516,"{""Recombination"", ""Clonal Null""}"
expA_L250_d0.005_rep11,A,L250_d0.005,11,20,3000,250,0.005,0.0,0.05,1.25,True,1000;1250,2,False,0,,False,False,,,False,0.9958238627681826,0.0,0.0,1.9044578617017969,5.713373585105391,37.56054200000003,0.16129032258064516,"{""Recombination"", ""Clonal Null""}"
expA_L250_d0.005_rep12,A,L250_d0.005,12,20,3000,250,0.005,0.0,0.05,1.25,True,1000;1250,2,False,0,,False,False,,,False,0.9978323460422667,0.0,0.0,1.2248530059864424,3.6745590179593273,38.38316699999966,0.3225806451612903,"{""Recombination"", ""Clonal Null""}"
expA_L250_d0.005_rep13,A,L250_d0.005,13,20,3000,250,0.005,0.0,0.05,1.25,True,1000;1250,2,False,0,,False,False,,,False,0.9876943852378735,0.0,0.0,1.8171881782310397,5.451564534693119,33.6186249999999,0.22580645161290322,"{""Recombination"", ""Clonal Null""}"
expA_L250_d0.005_rep14,A,L250_d0.005,14,20,3000,250,0.005,0.0,0.05,1.25,True,1000;1250,2,False,0,,False,False,,,False,0.9807481862851216,0.0,0.0,1.8933213600938053,5.679964080281415,34.6152919999998,0.1935483870967742,"{""Recombination"", ""Clonal Null""}"
expA_L250_d0.010_rep00,A,L250_d0.01,0,20,3000,250,0.01,0.0,0.05,2.5,True,1000;1250,2,False,0,,False,False,,,False,0.9934341166226422,0.0,0.0,1.89805559322063,5.69416677966189,41.057041999999825,0.1935483870967742,"{""Recombination"", ""Clonal Null""}"
expA_L250_d0.010_rep01,A,L250_d0.01,1,20,3000,250,0.01,0.0,0.05,2.5,True,1000;1250,2,False,0,,False,False,,,False,0.9771803576297928,0.0,0.0,1.9412163607413633,5.82364908222409,41.87275000000001,0.12903225806451613,"{""Recombination"", ""Clonal Null""}"
expA_L250_d0.010_rep02,A,L250_d0.01,2,20,3000,250,0.01,0.0,0.05,2.5,True,1000;1250,2,False,0,,False,False,,,False,0.9901529161648369,0.0,0.0,1.970202231672309,5.910606695016927,43.02087500000029,0.06451612903225806,"{""Recombination"", ""Clonal Null""}"
expA_L250_d0.010_rep03,A,L250_d0.01,3,20,3000,250,0.01,0.0,0.05,2.5,True,1000;1250,2,False,0,,False,False,,,False,0.9878522330061265,0.0,0.0,1.749731861150458,5.249195583451374,39.71170899999965,0.2903225806451613,"{""Recombination"", ""Clonal Null""}"
expA_L250_d0.010_rep04,A,L250_d0.01,4,20,3000,250,0.01,0.0,0.05,2.5,True,1000;1250,2,False,0,,False,False,,,False,0.9873694586398759,0.0,0.0,1.966866848720604,5.900600546161812,39.854957999999826,0.06451612903225806,"{""Recombination"", ""Clonal Null""}"
expA_L250_d0.010_rep05,A,L250_d0.01,5,20,3000,250,0.01,0.0,0.05,2.5,True,1000;1250,2,False,0,,False,False,,,False,0.9972113766006795,0.0,0.0,1.952870720362745,5.858612161088235,39.99579200000003,0.0967741935483871,"{""Recombination"", ""Clonal Null""}"
expA_L250_d0.010_rep06,A,L250_d0.01,6,20,3000,250,0.01,0.0,0.05,2.5,True,1000;1250,2,False,0,,False,False,,,False,0.980091688605415,0.0,0.0,1.8899288317050276,5.6697864951150825,38.42941699999969,0.1935483870967742,"{""Recombination"", ""Clonal Null""}"
expA_L250_d0.010_rep07,A,L250_d0.01,7,20,3000,250,0.01,0.0,0.05,2.5,True,1000;1250,2,False,0,,False,False,,,False,0.9855879652600517,0.0,0.0,1.8496947691317682,5.5490843073953044,41.894291000000194,0.22580645161290322,"{""Recombination"", ""Clonal Null""}"
expA_L250_d0.010_rep08,A,L250_d0.01,8,20,3000,250,0.01,0.0,0.05,2.5,True,1000;1250,2,False,0,,False,False,,,False,0.997725841546298,0.0,0.0,1.9044578617017969,5.713373585105391,40.657582999999775,0.16129032258064516,"{""Recombination"", ""Clonal Null""}"
expA_L250_d0.010_rep09,A,L250_d0.01,9,20,3000,250,0.01,0.0,0.05,2.5,True,1000;1250,2,False,0,,False,False,,,False,0.9902024604146901,0.0,0.0,1.8545313579814775,5.563594073944433,36.55433300000021,0.22580645161290322,"{""Recombination"", ""Clonal Null""}"
expA_L250_d0.010_rep10,A,L250_d0.01,10,20,3000,250,0.01,0.0,0.05,2.5,True,1000;1250,2,False,0,,False,False,,,False,0.9975578595811933,0.0,0.0,1.9627374418362908,5.8882123255088725,40.636582999999945,0.0967741935483871,"{""Recombination"", ""Clonal Null""}"
expA_L250_d0.010_rep11,A,L250_d0.01,11,20,3000,250,0.01,0.0,0.05,2.5,True,1000;1250,2,False,0,,False,False,,,False,1.0,0.0,0.0,1.7832227242702885,5.3496681728108655,39.66724999999993,0.25806451612903225,"{""Recombination"", ""Clonal Null""}"
expA_L250_d0.010_rep12,A,L250_d0.01,12,20,3000,250,0.01,0.0,0.05,2.5,True,1000;1250,2,False,0,,False,False,,,False,0.9806914289778272,0.0,0.0,1.2139886260715664,3.641965878214699,42.376957999999746,0.3225806451612903,"{""Recombination"", ""Clonal Null""}"
expA_L250_d0.010_rep13,A,L250_d0.01,13,20,3000,250,0.01,0.0,0.05,2.5,True,1000;1250,2,False,0,,False,False,,,False,0.9948770410002606,0.0,0.0,1.8535258356106368,5.56057750683191,40.357624999999956,0.22580645161290322,"{""Recombination"", ""Clonal Null""}"
expA_L250_d0.010_rep14,A,L250_d0.01,14,20,3000,250,0.01,0.0,0.05,2.5,True,1000;1250,2,False,0,,False,False,,,False,0.9951313493452384,0.0,0.0,1.8931161829093308,5.679348548727992,37.47474999999989,0.1935483870967742,"{""Recombination"", ""Clonal Null""}"
expA_L250_d0.030_rep00,A,L250_d0.03,0,20,3000,250,0.03,0.0,0.05,7.5,True,1000;1250,2,True,2,916;1272,True,True,53.0,22.0,False,0.9815820937304792,13.351942362843136,1.0000000000000002,1.9053232040944366,13.35194236284314,64.65154099999992,0.03225806451612903,"{""Recombination""}"
expA_L250_d0.030_rep01,A,L250_d0.03,1,20,3000,250,0.03,0.0,0.05,7.5,True,1000;1250,2,False,0,,False,False,,,False,0.9899733750547131,0.0,0.0,1.910846177584041,5.732538532752123,40.66812500000027,0.16129032258064516,"{""Recombination"", ""Clonal Null""}"
expA_L250_d0.030_rep02,A,L250_d0.03,2,20,3000,250,0.03,0.0,0.05,7.5,True,1000;1250,2,False,0,,False,False,,,False,0.993634627390147,0.0,0.0,1.9130962258319857,5.739288677495957,39.856249999999704,0.16129032258064516,"{""Recombination"", ""Clonal Null""}"
expA_L250_d0.030_rep03,A,L250_d0.03,3,20,3000,250,0.03,0.0,0.05,7.5,True,1000;1250,2,True,4,973;1254;1318;1995,True,True,211.0,4.0,False,0.9947452070569749,393.7167547458215,1.0,1.8802778625426155,393.7167547458215,75.50550000000023,0.03225806451612903,"{""Recombination""}"
expA_L250_d0.030_rep04,A,L250_d0.03,4,20,3000,250,0.03,0.0,0.05,7.5,True,1000;1250,2,True,2,975;1276,True,True,25.5,25.0,False,0.9943855760349846,5.241297917610423,1.0,1.8664174498011528,5.599252349403458,72.28229200000014,0.22580645161290322,"{""Recombination"", ""Clonal Null""}"
expA_L250_d0.030_rep05,A,L250_d0.03,5,20,3000,250,0.03,0.0,0.05,7.5,True,1000;1250,2,True,2,324;1206,True,False,360.0,44.0,False,0.9855611284621886,13.37906431210485,1.0,1.8879675169392143,13.37906431210485,65.82058399999991,0.03225806451612903,"{""Recombination""}"
expA_L250_d0.030_rep06,A,L250_d0.03,6,20,3000,250,0.03,0.0,0.05,7.5,True,1000;1250,2,True,1,1260,True,False,10.0,10.0,False,0.9951741770257037,7.233246913963097,0.6666666666666666,1.8136651666234784,5.440995499870436,66.28854200000012,0.22580645161290322,"{""Recombination"", ""Clonal Null""}"
expA_L250_d0.030_rep07,A,L250_d0.03,7,20,3000,250,0.03,0.0,0.05,7.5,True,1000;1250,2,True,1,1232,True,False,18.0,18.0,False,0.9814072576291379,8.306988081214731,1.0,1.9213902989420921,8.306988081214731,69.407875,0.03225806451612903,"{""Recombination""}"
expA_L250_d0.030_rep08,A,L250_d0.03,8,20,3000,250,0.03,0.0,0.05,7.5,True,1000;1250,2,False,0,,False,False,,,False,0.9645425116821694,0.0,0.0,1.900643867253053,5.701931601759159,48.89570799999987,0.1935483870967742,"{""Recombination"", ""Clonal Null""}"
expA_L250_d0.030_rep09,A,L250_d0.03,9,20,3000,250,0.03,0.0,0.05,7.5,True,1000;1250,2,True,3,956;1006;1243,True,True,19.0,6.0,False,0.987050136618153,6.637641752005252,1.0,1.941775998213773,6.637641752005252,69.82295800000004,0.03225806451612903,"{""Recombination""}"
expA_L250_d0.030_rep10,A,L250_d0.03,10,20,3000,250,0.03,0.0,0.05,7.5,True,1000;1250,2,True,3,1000;1250;1364,True,True,38.0,0.0,False,0.9763656946987375,14.675438307630866,1.0,1.8905427907737167,14.675438307630866,78.06979199999998,0.03225806451612903,"{""Recombination""}"
expA_L250_d0.030_rep11,A,L250_d0.03,11,20,3000,250,0.03,0.0,0.05,7.5,True,1000;1250,2,True,2,1003;1253,True,True,3.0,3.0,False,0.980453894567134,10.999999999999979,1.0,1.915273043733949,10.999999999999979,83.74579199999977,0.03225806451612903,"{""Recombination""}"
expA_L250_d0.030_rep12,A,L250_d0.03,12,20,3000,250,0.03,0.0,0.05,7.5,True,1000;1250,2,False,0,,False,False,,,False,0.9756586374512862,0.0,0.0,1.8953555770793349,5.686066731238005,44.24854200000006,0.1935483870967742,"{""Recombination"", ""Clonal Null""}"
expA_L250_d0.030_rep13,A,L250_d0.03,13,20,3000,250,0.03,0.0,0.05,7.5,True,1000;1250,2,True,2,1008;1232,True,True,13.0,8.0,False,0.9916249291934891,1839.080459770114,0.6363636363636365,1.916831751868872,1170.3239289446183,64.25649999999993,0.03225806451612903,"{""Recombination""}"
expA_L250_d0.030_rep14,A,L250_d0.03,14,20,3000,250,0.03,0.0,0.05,7.5,True,1000;1250,2,False,0,,False,False,,,False,0.9918867204195222,0.0,0.0,1.9052116510365287,5.715634953109586,45.61566699999986,0.16129032258064516,"{""Recombination"", ""Clonal Null""}"
expA_L250_d0.100_rep00,A,L250_d0.1,0,20,3000,250,0.1,0.0,0.05,25.0,True,1000;1250,2,False,0,,False,False,,,False,0.9642723491859211,0.0,0.0,1.9188320657767568,5.756496197330271,45.85037500000011,0.16129032258064516,"{""Recombination"", ""Clonal Null""}"
expA_L250_d0.100_rep01,A,L250_d0.1,1,20,3000,250,0.1,0.0,0.05,25.0,True,1000;1250,2,False,0,,False,False,,,False,0.9710471621457193,0.0,0.0,1.8955092931161857,5.6865278793485565,41.82258400000016,0.1935483870967742,"{""Recombination"", ""Clonal Null""}"
expA_L250_d0.100_rep02,A,L250_d0.1,2,20,3000,250,0.1,0.0,0.05,25.0,True,1000;1250,2,True,3,999;1254;1313,True,True,22.666666666666668,1.0,False,0.992508698863479,17.54102550149495,0.9047619047619048,1.8965953217150018,15.870451644209716,74.67691700000012,0.03225806451612903,"{""Recombination""}"
expA_L250_d0.100_rep03,A,L250_d0.1,3,20,3000,250,0.1,0.0,0.05,25.0,True,1000;1250,2,True,2,997;1252,True,True,2.5,2.0,False,0.9906330503586832,16.66464526089674,0.8620689655172414,1.9360195124921142,14.366073500773053,79.57804200000007,0.03225806451612903,"{""Recombination""}"
expA_L250_d0.100_rep04,A,L250_d0.1,4,20,3000,250,0.1,0.0,0.05,25.0,True,1000;1250,2,True,2,998;1228,True,True,12.0,2.0,False,0.993992121504255,15.348860790889173,0.625,1.919461703530395,9.593037994305734,68.8218749999998,0.03225806451612903,"{""Recombination""}"
expA_L250_d0.100_rep05,A,L250_d0.1,5,20,3000,250,0.1,0.0,0.05,25.0,True,1000;1250,2,True,2,1000;1250,True,True,0.0,0.0,False,0.9849942885394641,16.621629301556904,1.0,1.9729512363949946,16.621629301556904,77.76691699999994,0.03225806451612903,"{""Recombination""}"
expA_L250_d0.100_rep06,A,L250_d0.1,6,20,3000,250,0.1,0.0,0.05,25.0,True,1000;1250,2,True,1,1249,True,False,1.0,1.0,False,0.9832172814155226,8.092289426734098,0.8181818181818181,1.9102911057812415,6.620964076418807,63.94716700000025,0.03225806451612903,"{""Recombination""}"
expA_L250_d0.100_rep07,A,L250_d0.1,7,20,3000,250,0.1,0.0,0.05,25.0,True,1000;1250,2,False,0,,False,False,,,False,0.9779468407321542,0.0,0.0,1.9063008074899412,5.7189024224698235,41.06658299999965,0.16129032258064516,"{""Recombination"", ""Clonal Null""}"
expA_L250_d0.100_rep08,A,L250_d0.1,8,20,3000,250,0.1,0.0,0.05,25.0,True,1000;1250,2,False,0,,False,False,,,False,0.973975718498837,0.0,0.0,1.906941278219028,5.720823834657084,41.41704099999988,0.16129032258064516,"{""Recombination"", ""Clonal Null""}"
expA_L250_d0.100_rep09,A,L250_d0.1,9,20,3000,250,0.1,0.0,0.05,25.0,True,1000;1250,2,False,0,,False,False,,,False,0.9746570549900851,0.0,0.0,1.9586286240428583,5.875885872128575,46.18941599999982,0.0967741935483871,"{""Recombination"", ""Clonal Null""}"
expA_L250_d0.100_rep10,A,L250_d0.1,10,20,3000,250,0.1,0.0,0.05,25.0,True,1000;1250,2,True,2,994;1230,True,True,13.0,6.0,False,0.9854299417962809,11.268072333629714,0.7142857142857144,1.9277527740051477,8.048623095449797,80.1200419999999,0.03225806451612903,"{""Recombination""}"
expA_L250_d0.100_rep11,A,L250_d0.1,11,20,3000,250,0.1,0.0,0.05,25.0,True,1000;1250,2,True,2,994;1282,True,True,19.0,6.0,False,0.9854761916103598,17.522611808742045,1.0000000000000002,1.9731774293495792,17.52261180874205,79.26408299999999,0.03225806451612903,"{""Recombination""}"
expA_L250_d0.100_rep12,A,L250_d0.1,12,20,3000,250,0.1,0.0,0.05,25.0,True,1000;1250,2,True,5,464;640;996;1252;2423,True,True,415.0,2.0,False,0.9741664902009138,14.485434873376969,0.8636363636363636,1.9607966529101302,12.510148299734654,78.08937500000025,0.03225806451612903,"{""Recombination""}"
expA_L250_d0.100_rep13,A,L250_d0.1,13,20,3000,250,0.1,0.0,0.05,25.0,True,1000;1250,2,True,2,992;1250,True,True,4.0,0.0,False,0.9822190850719321,18.186825352667963,1.0,1.9422672315879432,18.186825352667963,75.4754580000001,0.03225806451612903,"{""Recombination""}"
expA_L250_d0.100_rep14,A,L250_d0.1,14,20,3000,250,0.1,0.0,0.05,25.0,True,1000;1250,2,True,2,1000;1249,True,True,0.5,0.0,False,0.9891706437555708,9.743191643207647,0.8260869565217391,1.950620067393938,8.048723531345447,74.77766699999977,0.03225806451612903,"{""Recombination""}"
expA_L250_d0.250_rep00,A,L250_d0.25,0,20,3000,250,0.25,0.0,0.05,62.5,True,1000;1250,2,True,2,998;1247,True,True,2.5,2.0,False,0.994344627054508,43.59253460328368,0.9722222222222222,1.9584597353633293,42.38163086430358,67.95741700000013,0.03225806451612903,"{""Recombination""}"
expA_L250_d0.250_rep01,A,L250_d0.25,1,20,3000,250,0.25,0.0,0.05,62.5,True,1000;1250,2,True,3,992;1248;1883,True,True,214.33333333333334,2.0,False,0.9901862455664292,32.74991743009416,1.0,1.9519434898972094,32.74991743009416,73.94462499999976,0.03225806451612903,"{""Recombination""}"
expA_L250_d0.250_rep02,A,L250_d0.25,2,20,3000,250,0.25,0.0,0.05,62.5,True,1000;1250,2,False,0,,False,False,,,False,0.9584929382040609,0.0,0.0,1.9615586495673525,5.884675948702057,43.373375000000266,0.0967741935483871,"{""Recombination"", ""Clonal Null""}"
expA_L250_d0.250_rep03,A,L250_d0.25,3,20,3000,250,0.25,0.0,0.05,62.5,True,1000;1250,2,False,0,,False,False,,,False,0.960263821197675,0.0,0.0,1.960088729456452,5.880266188369356,39.422624999999826,0.0967741935483871,"{""Recombination"", ""Clonal Null""}"
expA_L250_d0.250_rep04,A,L250_d0.25,4,20,3000,250,0.25,0.0,0.05,62.5,True,1000;1250,2,False,0,,False,False,,,False,0.9804502834545825,0.0,0.0,1.941952100239095,5.825856300717285,39.34970899999968,0.12903225806451613,"{""Recombination"", ""Clonal Null""}"
expA_L250_d0.250_rep05,A,L250_d0.25,5,20,3000,250,0.25,0.0,0.05,62.5,True,1000;1250,2,False,0,,False,False,,,False,0.9640349403614463,0.0,0.0,1.952844245633587,5.858532736900761,38.69816700000017,0.0967741935483871,"{""Recombination"", ""Clonal Null""}"
expA_L250_d0.250_rep06,A,L250_d0.25,6,20,3000,250,0.25,0.0,0.05,62.5,True,1000;1250,2,False,0,,False,False,,,False,0.9746797037517894,0.0,0.0,1.9461986787876557,5.838596036362967,42.61383299999988,0.12903225806451613,"{""Recombination"", ""Clonal Null""}"
expA_L250_d0.250_rep07,A,L250_d0.25,7,20,3000,250,0.25,0.0,0.05,62.5,True,1000;1250,2,True,3,999;1248;2364,True,True,372.3333333333333,1.0,False,0.9820563461681499,17.101851651575284,0.8421052631578947,1.9570395301115933,14.40155928553708,70.40020799999968,0.03225806451612903,"{""Recombination""}"
expA_L250_d0.250_rep08,A,L250_d0.25,8,20,3000,250,0.25,0.0,0.05,62.5,True,1000;1250,2,False,0,,False,False,,,False,0.9879583354039898,0.0,0.0,1.9444688470865135,5.83340654125954,42.83004199999985,0.12903225806451613,"{""Recombination"", ""Clonal Null""}"
expA_L250_d0.250_rep09,A,L250_d0.25,9,20,3000,250,0.25,0.0,0.05,62.5,True,1000;1250,2,True,2,1000;1262,True,True,6.0,0.0,False,0.9849555444475435,16.778699459097123,1.0,1.9551017771333221,16.778699459097123,72.58470799999995,0.03225806451612903,"{""Recombination""}"
expA_L250_d0.250_rep10,A,L250_d0.25,10,20,3000,250,0.25,0.0,0.05,62.5,True,1000;1250,2,True,2,999;1248,True,True,1.5,1.0,False,0.9814152640874036,8.797151703998386,0.7073170731707319,1.960699538992884,6.222375595511055,73.50849999999997,0.03225806451612903,"{""Recombination""}"
expA_L250_d0.250_rep11,A,L250_d0.25,11,20,3000,250,0.25,0.0,0.05,62.5,True,1000;1250,2,True,3,996;1246;2002,True,True,253.33333333333334,4.0,False,0.9824384945736387,9.451373196446012,1.0,1.963537441811745,9.451373196446012,69.14983399999963,0.03225806451612903,"{""Recombination""}"
expA_L250_d0.250_rep12,A,L250_d0.25,12,20,3000,250,0.25,0.0,0.05,62.5,True,1000;1250,2,False,0,,False,False,,,False,0.9629138695012688,0.0,0.0,1.9196502863670881,5.758950859101264,41.42304100000027,0.16129032258064516,"{""Recombination"", ""Clonal Null""}"
expA_L250_d0.250_rep13,A,L250_d0.25,13,20,3000,250,0.25,0.0,0.05,62.5,True,1000;1250,2,False,0,,False,False,,,False,0.9691751738092762,0.0,0.0,1.9263385428758686,5.779015628627606,44.4017080000001,0.12903225806451613,"{""Recombination"", ""Clonal Null""}"
expA_L250_d0.250_rep14,A,L250_d0.25,14,20,3000,250,0.25,0.0,0.05,62.5,True,1000;1250,2,True,2,997;1246,True,True,3.5,3.0,False,0.9800502963701261,30.66061541898154,0.7500000000000001,1.955590933758178,22.99546156423616,75.33512500000006,0.03225806451612903,"{""Recombination""}"
expA_L500_d0.002_rep00,A,L500_d0.002,0,20,3000,500,0.002,0.0,0.05,1.0,True,1000;1500,2,False,0,,False,False,,,False,0.9744033601168494,0.0,0.0,1.3909328236703637,4.172798471011092,23.756666999999787,0.3225806451612903,"{""Clonal Null""}"
expA_L500_d0.002_rep01,A,L500_d0.002,1,20,3000,500,0.002,0.0,0.05,1.0,True,1000;1500,2,False,0,,False,False,,,False,0.9935206911540132,0.0,0.0,1.3090007816145797,3.9270023448437392,33.06220800000004,0.3225806451612903,"{""Clonal Null""}"
expA_L500_d0.002_rep02,A,L500_d0.002,2,20,3000,500,0.002,0.0,0.05,1.0,True,1000;1500,2,False,0,,False,False,,,False,0.9965573804774239,0.0,0.0,1.430158844230279,4.290476532690837,27.653833000000017,0.3225806451612903,"{""Clonal Null""}"
expA_L500_d0.002_rep03,A,L500_d0.002,3,20,3000,500,0.002,0.0,0.05,1.0,True,1000;1500,2,False,0,,False,False,,,False,0.9783022570039467,0.0,0.0,1.6651174593809523,4.995352378142857,22.056540999999985,0.3225806451612903,"{""Clonal Null""}"
expA_L500_d0.002_rep04,A,L500_d0.002,4,20,3000,500,0.002,0.0,0.05,1.0,True,1000;1500,2,False,0,,False,False,,,False,0.9718525012571367,0.0,0.0,1.6412988606915508,4.9238965820746525,39.70383299999991,0.3225806451612903,"{""Clonal Null""}"
expA_L500_d0.002_rep05,A,L500_d0.002,5,20,3000,500,0.002,0.0,0.05,1.0,True,1000;1500,2,False,0,,False,False,,,False,0.9787610684287392,0.0,0.0,1.3779644729877942,4.133893418963383,33.56562500000004,0.3225806451612903,"{""Clonal Null""}"
expA_L500_d0.002_rep06,A,L500_d0.002,6,20,3000,500,0.002,0.0,0.05,1.0,True,1000;1500,2,False,0,,False,False,,,False,0.9574744513359214,0.0,0.0,1.7922347330132173,5.3767041990396525,40.362833000000094,0.22580645161290322,"{""Clonal Null""}"
expA_L500_d0.002_rep07,A,L500_d0.002,7,20,3000,500,0.002,0.0,0.05,1.0,True,1000;1500,2,False,0,,False,False,,,False,0.9652486336411101,0.0,0.0,1.7643079047181334,5.2929237141544,29.555999999999916,0.2903225806451613,"{""Clonal Null""}"
expA_L500_d0.002_rep08,A,L500_d0.002,8,20,3000,500,0.002,0.0,0.05,1.0,True,1000;1500,2,False,0,,False,False,,,False,0.99585392903914,0.0,0.0,1.3014859174572617,3.904457752371785,30.96941700000011,0.3225806451612903,"{""Clonal Null""}"
expA_L500_d0.002_rep09,A,L500_d0.002,9,20,3000,500,0.002,0.0,0.05,1.0,True,1000;1500,2,False,0,,False,False,,,False,0.9830484447291731,0.0,0.0,1.2182323129223696,3.654696938767109,33.08362500000017,0.3225806451612903,"{""Clonal Null""}"
expA_L500_d0.002_rep10,A,L500_d0.002,10,20,3000,500,0.002,0.0,0.05,1.0,True,1000;1500,2,False,0,,False,False,,,False,0.992036230830511,0.0,0.0,1.7453559924969857,5.236067977490957,26.13875000000032,0.2903225806451613,"{""Clonal Null""}"
expA_L500_d0.002_rep11,A,L500_d0.002,11,20,3000,500,0.002,0.0,0.05,1.0,True,1000;1500,2,False,0,,False,False,,,False,0.9493856914043218,0.0,0.0,1.6415021898026758,4.9245065694080274,38.34833400000015,0.3225806451612903,"{""Clonal Null""}"
expA_L500_d0.002_rep12,A,L500_d0.002,12,20,3000,500,0.002,0.0,0.05,1.0,True,1000;1500,2,False,0,,False,False,,,False,0.9334561236687273,0.0,0.0,1.6935224069114507,5.080567220734352,35.43470799999993,0.3225806451612903,"{""Clonal Null""}"
expA_L500_d0.002_rep13,A,L500_d0.002,13,20,3000,500,0.002,0.0,0.05,1.0,True,1000;1500,2,False,0,,False,False,,,False,0.929113730302831,0.0,0.0,1.537433395735783,4.6123001872073495,30.606916999999623,0.3225806451612903,"{""Clonal Null""}"
expA_L500_d0.002_rep14,A,L500_d0.002,14,20,3000,500,0.002,0.0,0.05,1.0,True,1000;1500,2,False,0,,False,False,,,False,0.9743703482635138,0.0,0.0,1.4778258900542502,4.433477670162751,33.75787500000005,0.3225806451612903,"{""Clonal Null""}"
expA_L500_d0.005_rep00,A,L500_d0.005,0,20,3000,500,0.005,0.0,0.05,2.5,True,1000;1500,2,False,0,,False,False,,,False,0.9880475329512532,0.0,0.0,1.900874451307344,5.702623353922032,33.265792000000346,0.1935483870967742,"{""Recombination"", ""Clonal Null""}"
expA_L500_d0.005_rep01,A,L500_d0.005,1,20,3000,500,0.005,0.0,0.05,2.5,True,1000;1500,2,False,0,,False,False,,,False,0.994522923939015,0.0,0.0,1.8817479441217477,5.645243832365243,33.73358300000007,0.1935483870967742,"{""Recombination"", ""Clonal Null""}"
expA_L500_d0.005_rep02,A,L500_d0.005,2,20,3000,500,0.005,0.0,0.05,2.5,True,1000;1500,2,False,0,,False,False,,,False,0.997538979146342,0.0,0.0,1.9044578617017969,5.713373585105391,37.969708999999966,0.16129032258064516,"{""Recombination"", ""Clonal Null""}"
expA_L500_d0.005_rep03,A,L500_d0.005,3,20,3000,500,0.005,0.0,0.05,2.5,True,1000;1500,2,False,0,,False,False,,,False,0.9970296900159463,0.0,0.0,1.8817479441217475,5.645243832365242,31.530958999999914,0.1935483870967742,"{""Recombination"", ""Clonal Null""}"
expA_L500_d0.005_rep04,A,L500_d0.005,4,20,3000,500,0.005,0.0,0.05,2.5,True,1000;1500,2,False,0,,False,False,,,False,0.9857591914666319,0.0,0.0,1.606863555322011,4.820590665966033,35.46762499999989,0.3225806451612903,"{""Recombination"", ""Clonal Null""}"
expA_L500_d0.005_rep05,A,L500_d0.005,5,20,3000,500,0.005,0.0,0.05,2.5,True,1000;1500,2,False,0,,False,False,,,False,0.9914337732582233,0.0,0.0,1.333333333304468,3.9999999999134035,40.50250000000011,0.3225806451612903,"{""Recombination"", ""Clonal Null""}"
expA_L500_d0.005_rep06,A,L500_d0.005,6,20,3000,500,0.005,0.0,0.05,2.5,True,1000;1500,2,False,0,,False,False,,,False,0.9882072121230423,0.0,0.0,1.5940298255467844,4.782089476640353,33.54595900000001,0.3225806451612903,"{""Recombination"", ""Clonal Null""}"
expA_L500_d0.005_rep07,A,L500_d0.005,7,20,3000,500,0.005,0.0,0.05,2.5,True,1000;1500,2,False,0,,False,False,,,False,0.9953068306447762,0.0,0.0,1.8649579940772631,5.594873982231789,32.492833000000054,0.22580645161290322,"{""Recombination"", ""Clonal Null""}"
expA_L500_d0.005_rep08,A,L500_d0.005,8,20,3000,500,0.005,0.0,0.05,2.5,True,1000;1500,2,False,0,,False,False,,,False,0.9696890387707213,0.0,0.0,1.888580512062524,5.665741536187572,34.818500000000085,0.1935483870967742,"{""Recombination"", ""Clonal Null""}"
expA_L500_d0.005_rep09,A,L500_d0.005,9,20,3000,500,0.005,0.0,0.05,2.5,True,1000;1500,2,False,0,,False,False,,,False,0.9503958590328867,0.0,0.0,1.3666350309906363,4.099905092971909,35.596791000000124,0.3225806451612903,"{""Recombination"", ""Clonal Null""}"
expA_L500_d0.005_rep10,A,L500_d0.005,10,20,3000,500,0.005,0.0,0.05,2.5,True,1000;1500,2,True,1,1502,True,False,2.0,2.0,False,0.989144569049443,13.999999999999938,1.0,1.9752554077755722,13.999999999999938,59.58558300000006,0.03225806451612903,"{""Recombination""}"
expA_L500_d0.005_rep11,A,L500_d0.005,11,20,3000,500,0.005,0.0,0.05,2.5,True,1000;1500,2,False,0,,False,False,,,False,0.9910552165630192,0.0,0.0,1.2240640103313585,3.6721920309940757,33.24766699999992,0.3225806451612903,"{""Recombination"", ""Clonal Null""}"
expA_L500_d0.005_rep12,A,L500_d0.005,12,20,3000,500,0.005,0.0,0.05,2.5,True,1000;1500,2,True,1,1421,True,False,79.0,79.0,False,0.987468402045532,849.9999999999997,1.0,1.8909525136382186,849.9999999999997,53.1888330000001,0.03225806451612903,"{""Recombination""}"
expA_L500_d0.005_rep13,A,L500_d0.005,13,20,3000,500,0.005,0.0,0.05,2.5,True,1000;1500,2,False,0,,False,False,,,False,0.9774141091110775,0.0,0.0,1.200049766922432,3.6001493007672956,32.76841700000021,0.3225806451612903,"{""Recombination"", ""Clonal Null""}"
expA_L500_d0.005_rep14,A,L500_d0.005,14,20,3000,500,0.005,0.0,0.05,2.5,True,1000;1500,2,False,0,,False,False,,,False,0.9863805497221302,0.0,0.0,1.369804779574288,4.109414338722864,39.06325000000032,0.3225806451612903,"{""Recombination"", ""Clonal Null""}"
expA_L500_d0.010_rep00,A,L500_d0.01,0,20,3000,500,0.01,0.0,0.05,5.0,True,1000;1500,2,False,0,,False,False,,,False,0.9873829680901699,0.0,0.0,1.8218554337635817,5.465566301290745,39.92091699999989,0.22580645161290322,"{""Recombination"", ""Clonal Null""}"
expA_L500_d0.010_rep01,A,L500_d0.01,1,20,3000,500,0.01,0.0,0.05,5.0,True,1000;1500,2,False,0,,False,False,,,False,0.9929474084571311,0.0,0.0,1.931272805150039,5.793818415450117,41.14454200000006,0.12903225806451613,"{""Recombination"", ""Clonal Null""}"
expA_L500_d0.010_rep02,A,L500_d0.01,2,20,3000,500,0.01,0.0,0.05,5.0,True,1000;1500,2,False,0,,False,False,,,False,0.9913283886220154,0.0,0.0,1.944945948988081,5.834837846964243,45.768875000000264,0.12903225806451613,"{""Recombination"", ""Clonal Null""}"
expA_L500_d0.010_rep03,A,L500_d0.01,3,20,3000,500,0.01,0.0,0.05,5.0,True,1000;1500,2,False,0,,False,False,,,False,0.9878217356774386,0.0,0.0,1.854328933071078,5.562986799213234,40.984083999999754,0.22580645161290322,"{""Recombination"", ""Clonal Null""}"
expA_L500_d0.010_rep04,A,L500_d0.01,4,20,3000,500,0.01,0.0,0.05,5.0,True,1000;1500,2,False,0,,False,False,,,False,0.9432597696240843,0.0,0.0,1.4200840251935216,4.260252075580565,39.8071670000002,0.3225806451612903,"{""Recombination"", ""Clonal Null""}"
expA_L500_d0.010_rep05,A,L500_d0.01,5,20,3000,500,0.01,0.0,0.05,5.0,True,1000;1500,2,False,0,,False,False,,,False,0.9531429116507573,0.0,0.0,1.8965682274779188,5.6897046824337565,40.75583299999997,0.1935483870967742,"{""Recombination"", ""Clonal Null""}"
expA_L500_d0.010_rep06,A,L500_d0.01,6,20,3000,500,0.01,0.0,0.05,5.0,True,1000;1500,2,False,0,,False,False,,,False,0.9525460769369136,0.0,0.0,1.780975629722162,5.342926889166486,38.93716699999983,0.2903225806451613,"{""Recombination"", ""Clonal Null""}"
expA_L500_d0.010_rep07,A,L500_d0.01,7,20,3000,500,0.01,0.0,0.05,5.0,True,1000;1500,2,False,0,,False,False,,,False,0.985272149029571,0.0,0.0,1.8872574416124803,5.661772324837441,40.79366600000034,0.1935483870967742,"{""Recombination"", ""Clonal Null""}"
expA_L500_d0.010_rep08,A,L500_d0.01,8,20,3000,500,0.01,0.0,0.05,5.0,True,1000;1500,2,False,0,,False,False,,,False,0.9696788270557549,0.0,0.0,1.9067615392473451,5.720284617742036,41.549874999999844,0.16129032258064516,"{""Recombination"", ""Clonal Null""}"
expA_L500_d0.010_rep09,A,L500_d0.01,9,20,3000,500,0.01,0.0,0.05,5.0,True,1000;1500,2,False,0,,False,False,,,False,0.9601092467250903,0.0,0.0,1.8138693259713152,5.441607977913946,37.99979199999992,0.22580645161290322,"{""Recombination"", ""Clonal Null""}"
expA_L500_d0.010_rep10,A,L500_d0.01,10,20,3000,500,0.01,0.0,0.05,5.0,True,1000;1500,2,False,0,,False,False,,,False,0.9588044282509344,0.0,0.0,1.7679308026958405,5.303792408087522,43.82312499999985,0.2903225806451613,"{""Recombination"", ""Clonal Null""}"
expA_L500_d0.010_rep11,A,L500_d0.01,11,20,3000,500,0.01,0.0,0.05,5.0,True,1000;1500,2,True,1,1558,True,False,58.0,58.0,False,0.9955182496763786,850.0,1.0,1.3788288496352172,850.0,59.04845799999991,0.03225806451612903,"{""Recombination""}"
expA_L500_d0.010_rep12,A,L500_d0.01,12,20,3000,500,0.01,0.0,0.05,5.0,True,1000;1500,2,False,0,,False,False,,,False,0.98778325462515,0.0,0.0,1.4741296752623194,4.422389025786958,38.33262499999979,0.3225806451612903,"{""Recombination"", ""Clonal Null""}"
expA_L500_d0.010_rep13,A,L500_d0.01,13,20,3000,500,0.01,0.0,0.05,5.0,True,1000;1500,2,False,0,,False,False,,,False,0.9764756020226816,0.0,0.0,1.4180185695477174,4.254055708643152,40.043499999999895,0.3225806451612903,"{""Recombination"", ""Clonal Null""}"
expA_L500_d0.010_rep14,A,L500_d0.01,14,20,3000,500,0.01,0.0,0.05,5.0,True,1000;1500,2,False,0,,False,False,,,False,0.9698936536956076,0.0,0.0,1.2507449092455873,3.752234727736762,38.35937499999975,0.3225806451612903,"{""Recombination"", ""Clonal Null""}"
expA_L500_d0.030_rep00,A,L500_d0.03,0,20,3000,500,0.03,0.0,0.05,15.0,True,1000;1500,2,False,0,,False,False,,,False,0.9933626008619723,0.0,0.0,1.509568404745648,4.528705214236943,40.174249999999745,0.3225806451612903,"{""Recombination"", ""Clonal Null""}"
expA_L500_d0.030_rep01,A,L500_d0.03,1,20,3000,500,0.03,0.0,0.05,15.0,True,1000;1500,2,True,2,1185;1518,True,False,101.5,18.0,False,0.9936214152425303,4.765238568953807,0.9999999999999998,1.8714670712592905,5.614401213777871,59.55445800000003,0.22580645161290322,"{""Recombination"", ""Clonal Null""}"
expA_L500_d0.030_rep02,A,L500_d0.03,2,20,3000,500,0.03,0.0,0.05,15.0,True,1000;1500,2,True,2,992;1506,True,True,7.0,6.0,False,0.9861571938477672,7.185207625950335,0.75,1.8775512212020118,5.632653663606035,65.41158299999994,0.22580645161290322,"{""Recombination"", ""Clonal Null""}"
expA_L500_d0.030_rep03,A,L500_d0.03,3,20,3000,500,0.03,0.0,0.05,15.0,True,1000;1500,2,True,1,980,True,False,20.0,20.0,False,0.9652262314443528,6.239058701917687,1.0000000000000002,1.901887151699312,6.239058701917688,63.31762499999982,0.03225806451612903,"{""Recombination""}"
expA_L500_d0.030_rep04,A,L500_d0.03,4,20,3000,500,0.03,0.0,0.05,15.0,True,1000;1500,2,True,3,994;1480;1578,True,True,34.666666666666664,6.0,False,0.9830423172132352,6.39243466156165,1.0,1.8416719543706683,6.39243466156165,68.06299999999999,0.03225806451612903,"{""Recombination""}"
expA_L500_d0.030_rep05,A,L500_d0.03,5,20,3000,500,0.03,0.0,0.05,15.0,True,1000;1500,2,True,2,992;1498,True,True,5.0,2.0,False,0.9931712050995275,25.613817785492508,0.8749999999999999,1.8842128476754334,22.41209056230594,69.8354590000001,0.03225806451612903,"{""Recombination""}"
expA_L500_d0.030_rep06,A,L500_d0.03,6,20,3000,500,0.03,0.0,0.05,15.0,True,1000;1500,2,True,3,916;995;1511,True,True,33.333333333333336,5.0,False,0.9841088575668667,9.11428725913583,0.9999999999999998,1.9100051819511608,9.114287259135828,59.3854170000001,0.03225806451612903,"{""Recombination""}"
expA_L500_d0.030_rep07,A,L500_d0.03,7,20,3000,500,0.03,0.0,0.05,15.0,True,1000;1500,2,True,2,1004;1556,True,True,30.0,4.0,False,0.9914041668139335,3.9979749527227093,1.0,1.901975885922511,5.705927657767534,63.37204200000013,0.16129032258064516,"{""Recombination"", ""Clonal Null""}"
expA_L500_d0.030_rep08,A,L500_d0.03,8,20,3000,500,0.03,0.0,0.05,15.0,True,1000;1500,2,True,3,970;1062;1499,True,True,31.0,1.0,False,0.9953190229013148,17.839754844607203,1.0000000000000002,1.5992440027640282,17.839754844607207,53.47483400000019,0.03225806451612903,"{""Recombination""}"
expA_L500_d0.030_rep09,A,L500_d0.03,9,20,3000,500,0.03,0.0,0.05,15.0,True,1000;1500,2,True,2,996;1494,True,True,5.0,4.0,False,0.9866939700723755,19.644349655355835,1.0,1.8942663359115977,19.644349655355835,59.16687499999984,0.03225806451612903,"{""Recombination""}"
expA_L500_d0.030_rep10,A,L500_d0.03,10,20,3000,500,0.03,0.0,0.05,15.0,True,1000;1500,2,True,2,1006;1476,True,True,15.0,6.0,False,0.9859569601257793,11.820500491239173,1.0,1.8973750774108167,11.820500491239173,69.32537500000002,0.03225806451612903,"{""Recombination""}"
expA_L500_d0.030_rep11,A,L500_d0.03,11,20,3000,500,0.03,0.0,0.05,15.0,True,1000;1500,2,True,2,970;1496,True,True,17.0,4.0,False,0.9990726392356853,9.33030311077722,0.625,1.982882255604285,5.948646766812855,71.26433399999988,0.06451612903225806,"{""Recombination"", ""Clonal Null""}"
expA_L500_d0.030_rep12,A,L500_d0.03,12,20,3000,500,0.03,0.0,0.05,15.0,True,1000;1500,2,True,2,984;1498,True,True,9.0,2.0,False,0.9910810984055883,44.01886270955116,1.0,1.952574298711568,44.01886270955116,62.99154199999979,0.03225806451612903,"{""Recombination""}"
expA_L500_d0.030_rep13,A,L500_d0.03,13,20,3000,500,0.03,0.0,0.05,15.0,True,1000;1500,2,True,1,1024,True,False,24.0,24.0,False,0.9893996516694299,24.0921931676019,1.0,1.956178851724629,24.0921931676019,63.661000000000186,0.03225806451612903,"{""Recombination""}"
expA_L500_d0.030_rep14,A,L500_d0.03,14,20,3000,500,0.03,0.0,0.05,15.0,True,1000;1500,2,True,2,997;1528,True,True,15.5,3.0,False,0.9939592269565579,12.415691786768843,1.0,1.8967715167241117,12.415691786768843,65.33545799999985,0.03225806451612903,"{""Recombination""}"
expA_L500_d0.100_rep00,A,L500_d0.1,0,20,3000,500,0.1,0.0,0.05,50.0,True,1000;1500,2,True,2,1000;1512,True,True,6.0,0.0,False,0.9772873915083475,11.941488574668448,1.0000000000000002,1.8929847925866254,11.94148857466845,72.85387500000029,0.03225806451612903,"{""Recombination""}"
expA_L500_d0.100_rep01,A,L500_d0.1,1,20,3000,500,0.1,0.0,0.05,50.0,True,1000;1500,2,True,2,965;1506,True,True,20.5,6.0,False,0.9866111395425977,15.934638496765405,0.6956521739130436,1.9610374538958197,11.084965910793327,69.81112499999975,0.03225806451612903,"{""Recombination""}"
expA_L500_d0.100_rep02,A,L500_d0.1,2,20,3000,500,0.1,0.0,0.05,50.0,True,1000;1500,2,True,2,994;1490,True,True,8.0,6.0,False,0.9859702833101567,9.127281612666902,0.6288819875776397,1.89381000202483,5.739983001754806,60.170832999999924,0.16129032258064516,"{""Recombination"", ""Clonal Null""}"
expA_L500_d0.100_rep03,A,L500_d0.1,3,20,3000,500,0.1,0.0,0.05,50.0,True,1000;1500,2,True,2,1012;1482,True,True,15.0,12.0,False,0.9821825689050073,30.741657805085136,1.0,1.9046854985511006,30.741657805085136,58.21650000000034,0.03225806451612903,"{""Recombination""}"
expA_L500_d0.100_rep04,A,L500_d0.1,4,20,3000,500,0.1,0.0,0.05,50.0,True,1000;1500,2,True,3,994;1498;2040,True,True,182.66666666666666,2.0,False,0.98634262572097,18.523958220484992,1.0,1.9013610838673451,18.523958220484992,55.44491699999998,0.03225806451612903,"{""Recombination""}"
expA_L500_d0.100_rep05,A,L500_d0.1,5,20,3000,500,0.1,0.0,0.05,50.0,True,1000;1500,2,True,2,1004;1494,True,True,5.0,4.0,False,0.9827806946272265,10.92806604539257,0.7058823529411764,1.9014049492185352,7.713928973218285,71.01104099999978,0.03225806451612903,"{""Recombination""}"
expA_L500_d0.100_rep06,A,L500_d0.1,6,20,3000,500,0.1,0.0,0.05,50.0,True,1000;1500,2,True,2,995;1474,True,True,15.5,5.0,False,0.9738359678271848,20.550310605074177,1.0,1.9022344044816486,20.550310605074177,75.57241700000006,0.03225806451612903,"{""Recombination""}"
expA_L500_d0.100_rep07,A,L500_d0.1,7,20,3000,500,0.1,0.0,0.05,50.0,True,1000;1500,2,True,2,996;1500,True,True,2.0,0.0,False,0.9800396408331297,19.320289563499795,0.7961904761904762,1.9034502187644413,15.38263054770079,61.13324999999969,0.03225806451612903,"{""Recombination""}"
expA_L500_d0.100_rep08,A,L500_d0.1,8,20,3000,500,0.1,0.0,0.05,50.0,True,1000;1500,2,True,2,1006;1503,True,True,4.5,3.0,False,0.9809549895555283,8.272259016370608,0.5652173913043478,1.9212252964384064,5.76367588931522,73.32583300000017,0.16129032258064516,"{""Recombination"", ""Clonal Null""}"
expA_L500_d0.100_rep09,A,L500_d0.1,9,20,3000,500,0.1,0.0,0.05,50.0,True,1000;1500,2,True,2,992;1503,True,True,5.5,3.0,False,0.9591838389690691,7.242546981504673,0.8947368421052629,1.9667611320306957,6.480173615030496,61.71524999999978,0.03225806451612903,"{""Recombination""}"
expA_L500_d0.100_rep10,A,L500_d0.1,10,20,3000,500,0.1,0.0,0.05,50.0,True,1000;1500,2,True,3,1000;1493;2580,True,True,362.3333333333333,0.0,False,0.9741038728832306,17.004229017945534,1.0000000000000002,1.8695066801804974,17.004229017945537,65.90441599999997,0.03225806451612903,"{""Recombination""}"
expA_L500_d0.100_rep11,A,L500_d0.1,11,20,3000,500,0.1,0.0,0.05,50.0,True,1000;1500,2,True,3,996;1502;1791,True,True,99.0,2.0,False,0.9772354429322402,14.968915687554306,0.9130434782608695,1.901804985564843,13.667270845158278,71.05383300000013,0.03225806451612903,"{""Recombination""}"
expA_L500_d0.100_rep12,A,L500_d0.1,12,20,3000,500,0.1,0.0,0.05,50.0,True,1000;1500,2,True,2,1000;1500,True,True,0.0,0.0,False,0.985749441447437,17.18877913442602,0.6799999999999999,1.9644658833415154,11.688369811409693,58.256290999999734,0.03225806451612903,"{""Recombination""}"
expA_L500_d0.100_rep13,A,L500_d0.1,13,20,3000,500,0.1,0.0,0.05,50.0,True,1000;1500,2,True,3,981;1500;1740,True,True,86.33333333333333,0.0,False,0.9769666287929867,7.284344058295709,1.0,1.9261848106082415,7.284344058295709,59.98649999999994,0.03225806451612903,"{""Recombination""}"
expA_L500_d0.100_rep14,A,L500_d0.1,14,20,3000,500,0.1,0.0,0.05,50.0,True,1000;1500,2,True,2,998;1512,True,True,7.0,2.0,False,0.9875999707348124,16.286134608879966,1.0,1.9234013930294862,16.286134608879966,66.10570800000026,0.03225806451612903,"{""Recombination""}"
expA_L500_d0.250_rep00,A,L500_d0.25,0,20,3000,500,0.25,0.0,0.05,125.0,True,1000;1500,2,True,3,994;1504;1741,True,True,83.66666666666667,4.0,False,0.9497422819842546,12.962356328681155,0.6959706959706959,1.8945536838593442,9.021420155492379,81.16449999999986,0.03225806451612903,"{""Recombination""}"
expA_L500_d0.250_rep01,A,L500_d0.25,1,20,3000,500,0.25,0.0,0.05,125.0,True,1000;1500,2,True,3,1002;1486;2705,True,True,407.0,2.0,False,0.9583770234849602,22.283348189589674,0.7560975609756098,1.889588568542272,16.848385216519024,76.34645800000017,0.03225806451612903,"{""Recombination""}"
expA_L500_d0.250_rep02,A,L500_d0.25,2,20,3000,500,0.25,0.0,0.05,125.0,True,1000;1500,2,True,3,1007;1498;1984,True,True,164.33333333333334,2.0,False,0.9732862212048283,17.762042182318957,0.7583333333333334,1.9220686308237116,13.46954865492521,65.41812500000033,0.03225806451612903,"{""Recombination""}"
expA_L500_d0.250_rep03,A,L500_d0.25,3,20,3000,500,0.25,0.0,0.05,125.0,True,1000;1500,2,True,2,994;1501,True,True,3.5,1.0,False,0.9687606478489935,15.014913449962767,0.8048780487804879,1.9035815392304944,12.085174240213936,63.61304099999998,0.03225806451612903,"{""Recombination""}"
expA_L500_d0.250_rep04,A,L500_d0.25,4,20,3000,500,0.25,0.0,0.05,125.0,True,1000;1500,2,True,4,862;998;1502;1582,True,True,56.0,2.0,False,0.9525661054071597,10.015654711174015,0.9024390243902439,1.951442580876049,9.038517666181429,68.9621250000001,0.03225806451612903,"{""Recombination""}"
expA_L500_d0.250_rep05,A,L500_d0.25,5,20,3000,500,0.25,0.0,0.05,125.0,True,1000;1500,2,True,3,808;998;1500,True,True,64.66666666666667,0.0,False,0.9624766644643115,17.542378956181064,0.7435897435897436,1.9013014432289288,13.044333069980793,66.44041600000028,0.03225806451612903,"{""Recombination""}"
expA_L500_d0.250_rep06,A,L500_d0.25,6,20,3000,500,0.25,0.0,0.05,125.0,True,1000;1500,2,True,2,996;1501,True,True,2.5,1.0,False,0.9547131343200527,16.905767357605633,0.8431372549019608,1.8976076985883976,14.253882281902788,69.51491700000022,0.03225806451612903,"{""Recombination""}"
expA_L500_d0.250_rep07,A,L500_d0.25,7,20,3000,500,0.25,0.0,0.05,125.0,True,1000;1500,2,True,2,1000;1506,True,True,3.0,0.0,False,0.9532721974377615,14.61785931755944,0.8749999999999999,1.8800018482415932,12.790626902864508,64.00566699999999,0.03225806451612903,"{""Recombination""}"
expA_L500_d0.250_rep08,A,L500_d0.25,8,20,3000,500,0.25,0.0,0.05,125.0,True,1000;1500,2,True,2,989;1504,True,True,7.5,4.0,False,0.9870197036942796,13.729294233740147,0.6097560975609756,1.9025581650448609,8.371520874231797,67.55670799999969,0.03225806451612903,"{""Recombination""}"
expA_L500_d0.250_rep09,A,L500_d0.25,9,20,3000,500,0.25,0.0,0.05,125.0,True,1000;1500,2,True,2,982;1494,True,True,12.0,6.0,False,0.9942450424787524,35.69012505659976,1.0,1.8675486705344173,35.69012505659976,78.35695800000009,0.03225806451612903,"{""Recombination""}"
expA_L500_d0.250_rep10,A,L500_d0.25,10,20,3000,500,0.25,0.0,0.05,125.0,True,1000;1500,2,True,3,995;1496;1648,True,True,52.333333333333336,4.0,False,0.9870413788780911,8.541250855039998,1.0000000000000002,1.8705236511517038,8.54125085504,65.70366699999974,0.03225806451612903,"{""Recombination""}"
expA_L500_d0.250_rep11,A,L500_d0.25,11,20,3000,500,0.25,0.0,0.05,125.0,True,1000;1500,2,True,2,1000;1506,True,True,3.0,0.0,False,0.9868405281163369,20.00876947664106,1.0,1.8936397088938621,20.00876947664106,60.22366600000018,0.03225806451612903,"{""Recombination""}"
expA_L500_d0.250_rep12,A,L500_d0.25,12,20,3000,500,0.25,0.0,0.05,125.0,True,1000;1500,2,True,2,990;1496,True,True,7.0,4.0,False,0.9826087195193101,19.171787336572766,0.9375,1.8931506703250915,17.973550628036968,73.32054100000019,0.03225806451612903,"{""Recombination""}"
expA_L500_d0.250_rep13,A,L500_d0.25,13,20,3000,500,0.25,0.0,0.05,125.0,True,1000;1500,2,True,2,1007;1498,True,True,4.5,2.0,False,0.9677005941936008,11.211191700721088,0.9767441860465116,1.9089252035098077,10.950466312332225,72.7104999999999,0.03225806451612903,"{""Recombination""}"
expA_L500_d0.250_rep14,A,L500_d0.25,14,20,3000,500,0.25,0.0,0.05,125.0,True,1000;1500,2,True,3,996;1490;1756,True,True,90.0,4.0,False,0.9484423001513586,23.54788916930702,0.7183673469387757,1.8955382991186687,16.916034668563412,74.62545799999987,0.03225806451612903,"{""Recombination""}"
expA_L50_d0.002_rep00,A,L50_d0.002,0,20,3000,50,0.002,0.0,0.05,0.1,True,1000;1050,2,False,0,,False,False,,,False,0.9771874579267308,0.0,0.0,1.7338089028854724,5.201426708656417,42.12245900000022,0.3225806451612903,"{""Clonal Null""}"
expA_L50_d0.002_rep01,A,L50_d0.002,1,20,3000,50,0.002,0.0,0.05,0.1,True,1000;1050,2,False,0,,False,False,,,False,0.9521149131038245,0.0,0.0,1.702582277646845,5.107746832940535,60.16237500000044,0.3225806451612903,"{""Clonal Null""}"
expA_L50_d0.002_rep02,A,L50_d0.002,2,20,3000,50,0.002,0.0,0.05,0.1,True,1000;1050,2,False,0,,False,False,,,False,0.960991682117098,0.0,0.0,1.5402094086214113,4.620628225864234,42.3577909999997,0.3225806451612903,"{""Clonal Null""}"
expA_L50_d0.002_rep03,A,L50_d0.002,3,20,3000,50,0.002,0.0,0.05,0.1,True,1000;1050,2,False,0,,False,False,,,False,0.9850993963011249,0.0,0.0,1.2142379128540324,3.6427137385620973,43.61704200000016,0.3225806451612903,"{""Clonal Null""}"
expA_L50_d0.002_rep04,A,L50_d0.002,4,20,3000,50,0.002,0.0,0.05,0.1,True,1000;1050,2,False,0,,False,False,,,False,0.9559088161481821,0.0,0.0,1.314289131034137,3.9428673931024107,70.3266659999997,0.3225806451612903,"{""Clonal Null""}"
expA_L50_d0.002_rep05,A,L50_d0.002,5,20,3000,50,0.002,0.0,0.05,0.1,True,1000;1050,2,False,0,,False,False,,,False,0.9773447464505665,0.0,0.0,1.3333333333621704,4.000000000086511,54.31895800000008,0.3225806451612903,"{""Clonal Null""}"
expA_L50_d0.002_rep06,A,L50_d0.002,6,20,3000,50,0.002,0.0,0.05,0.1,True,1000;1050,2,False,0,,False,False,,,False,0.9641946562771487,0.0,0.0,1.7254762499380216,5.176428749814065,48.14045800000022,0.3225806451612903,"{""Clonal Null""}"
expA_L50_d0.002_rep07,A,L50_d0.002,7,20,3000,50,0.002,0.0,0.05,0.1,True,1000;1050,2,False,0,,False,False,,,False,0.9568554869688887,0.0,0.0,1.3465800364028522,4.039740109208557,39.61379100000029,0.3225806451612903,"{""Clonal Null""}"
expA_L50_d0.002_rep08,A,L50_d0.002,8,20,3000,50,0.002,0.0,0.05,0.1,True,1000;1050,2,False,0,,False,False,,,False,0.997009108924521,0.0,0.0,1.3923132710417079,4.176939813125124,41.54041699999978,0.3225806451612903,"{""Clonal Null""}"
expA_L50_d0.002_rep09,A,L50_d0.002,9,20,3000,50,0.002,0.0,0.05,0.1,True,1000;1050,2,False,0,,False,False,,,False,0.979521821021824,0.0,0.0,1.05267144641262,3.1580143392378597,48.411290999999856,0.3225806451612903,"{""Clonal Null""}"
expA_L50_d0.002_rep10,A,L50_d0.002,10,20,3000,50,0.002,0.0,0.05,0.1,True,1000;1050,2,False,0,,False,False,,,False,0.9814074205497447,0.0,0.0,1.0678094269501928,3.203428280850578,51.19537499999982,0.3225806451612903,"{""Clonal Null""}"
expA_L50_d0.002_rep11,A,L50_d0.002,11,20,3000,50,0.002,0.0,0.05,0.1,True,1000;1050,2,False,0,,False,False,,,False,0.9828157994620385,0.0,0.0,1.1562675177378798,3.4688025532136395,43.88137499999978,0.3225806451612903,"{""Clonal Null""}"
expA_L50_d0.002_rep12,A,L50_d0.002,12,20,3000,50,0.002,0.0,0.05,0.1,True,1000;1050,2,False,0,,False,False,,,False,0.971007938999654,0.0,0.0,1.2201342484850555,3.6604027454551664,51.41495800000007,0.3225806451612903,"{""Clonal Null""}"
expA_L50_d0.002_rep13,A,L50_d0.002,13,20,3000,50,0.002,0.0,0.05,0.1,True,1000;1050,2,False,0,,False,False,,,False,0.9440081860704341,0.0,0.0,1.4200840252050582,4.260252075615174,48.61804199999975,0.3225806451612903,"{""Clonal Null""}"
expA_L50_d0.002_rep14,A,L50_d0.002,14,20,3000,50,0.002,0.0,0.05,0.1,True,1000;1050,2,False,0,,False,False,,,False,0.9451262384472929,0.0,0.0,1.2146514627611626,3.643954388283488,56.8010000000001,0.3225806451612903,"{""Clonal Null""}"
expA_L50_d0.005_rep00,A,L50_d0.005,0,20,3000,50,0.005,0.0,0.05,0.25,True,1000;1050,2,False,0,,False,False,,,False,0.9969507856759954,0.0,0.0,1.816231782819925,5.4486953484597755,57.554207999999996,0.22580645161290322,"{""Clonal Null""}"
expA_L50_d0.005_rep01,A,L50_d0.005,1,20,3000,50,0.005,0.0,0.05,0.25,True,1000;1050,2,False,0,,False,False,,,False,0.9997194122830131,0.0,0.0,1.4431464039313124,4.329439211793938,55.420333999999905,0.3225806451612903,"{""Clonal Null""}"
expA_L50_d0.005_rep02,A,L50_d0.005,2,20,3000,50,0.005,0.0,0.05,0.25,True,1000;1050,2,False,0,,False,False,,,False,0.9944846054009018,0.0,0.0,1.2294157338837473,3.688247201651242,61.80191699999993,0.3225806451612903,"{""Clonal Null""}"
expA_L50_d0.005_rep03,A,L50_d0.005,3,20,3000,50,0.005,0.0,0.05,0.25,True,1000;1050,2,False,0,,False,False,,,False,0.9879601958126224,0.0,0.0,1.229415734036845,3.688247202110535,42.62633399999993,0.3225806451612903,"{""Clonal Null""}"
expA_L50_d0.005_rep04,A,L50_d0.005,4,20,3000,50,0.005,0.0,0.05,0.25,True,1000;1050,2,False,0,,False,False,,,False,0.9876979996198155,0.0,0.0,1.3637909465964988,4.091372839789496,39.911833000000115,0.3225806451612903,"{""Clonal Null""}"
expA_L50_d0.005_rep05,A,L50_d0.005,5,20,3000,50,0.005,0.0,0.05,0.25,True,1000;1050,2,False,0,,False,False,,,False,0.98697940414698,0.0,0.0,1.5182951789230907,4.554885536769272,40.59133300000006,0.3225806451612903,"{""Clonal Null""}"
expA_L50_d0.005_rep06,A,L50_d0.005,6,20,3000,50,0.005,0.0,0.05,0.25,True,1000;1050,2,False,0,,False,False,,,False,0.9858298210650315,0.0,0.0,1.0465704028417466,3.13971120852524,35.695958000000246,0.3225806451612903,"{""Clonal Null""}"
expA_L50_d0.005_rep07,A,L50_d0.005,7,20,3000,50,0.005,0.0,0.05,0.25,True,1000;1050,2,False,0,,False,False,,,False,0.9834509841980705,0.0,0.0,1.4705170423949045,4.411551127184714,44.103749999999664,0.3225806451612903,"{""Clonal Null""}"
expA_L50_d0.005_rep08,A,L50_d0.005,8,20,3000,50,0.005,0.0,0.05,0.25,True,1000;1050,2,False,0,,False,False,,,False,0.9874517315017477,0.0,0.0,1.1817538940598031,3.5452616821794094,29.233749999999947,0.3225806451612903,"{""Clonal Null""}"
expA_L50_d0.005_rep09,A,L50_d0.005,9,20,3000,50,0.005,0.0,0.05,0.25,True,1000;1050,2,False,0,,False,False,,,False,0.9753732744489974,0.0,0.0,1.5403608048664266,4.62108241459928,42.82729200000013,0.3225806451612903,"{""Clonal Null""}"
expA_L50_d0.005_rep10,A,L50_d0.005,10,20,3000,50,0.005,0.0,0.05,0.25,True,1000;1050,2,False,0,,False,False,,,False,0.998415629476614,0.0,0.0,1.17369816829232,3.52109450487696,38.16541600000001,0.3225806451612903,"{""Clonal Null""}"
expA_L50_d0.005_rep11,A,L50_d0.005,11,20,3000,50,0.005,0.0,0.05,0.25,True,1000;1050,2,False,0,,False,False,,,False,0.9978802878197719,0.0,0.0,1.4116796375016423,4.235038912504927,36.8902499999999,0.3225806451612903,"{""Clonal Null""}"
expA_L50_d0.005_rep12,A,L50_d0.005,12,20,3000,50,0.005,0.0,0.05,0.25,True,1000;1050,2,False,0,,False,False,,,False,0.9963722797457153,0.0,0.0,1.8162317828199257,5.448695348459777,32.31412500000008,0.22580645161290322,"{""Clonal Null""}"
expA_L50_d0.005_rep13,A,L50_d0.005,13,20,3000,50,0.005,0.0,0.05,0.25,True,1000;1050,2,False,0,,False,False,,,False,0.9928982000748962,0.0,0.0,1.8159905171382091,5.447971551414628,41.18304100000003,0.22580645161290322,"{""Clonal Null""}"
expA_L50_d0.005_rep14,A,L50_d0.005,14,20,3000,50,0.005,0.0,0.05,0.25,True,1000;1050,2,False,0,,False,False,,,False,0.9999999999999998,0.0,0.0,1.5458647428352301,4.637594228505691,20.442749999999954,0.3225806451612903,"{""Clonal Null""}"
expA_L50_d0.010_rep00,A,L50_d0.01,0,20,3000,50,0.01,0.0,0.05,0.5,True,1000;1050,2,False,0,,False,False,,,False,0.989009718071311,0.0,0.0,1.625157323416556,4.875471970249668,41.81449999999964,0.3225806451612903,"{""Clonal Null""}"
expA_L50_d0.010_rep01,A,L50_d0.01,1,20,3000,50,0.01,0.0,0.05,0.5,True,1000;1050,2,False,0,,False,False,,,False,0.9991035727519544,0.0,0.0,0.12841292347410904,0.3852387704223271,38.621000000000016,0.7096774193548387,"{""Clonal Null""}"
expA_L50_d0.010_rep02,A,L50_d0.01,2,20,3000,50,0.01,0.0,0.05,0.5,True,1000;1050,2,False,0,,False,False,,,False,0.998053832104407,0.0,0.0,1.6302863933349614,4.890859180004885,39.68725000000006,0.3225806451612903,"{""Clonal Null""}"
expA_L50_d0.010_rep03,A,L50_d0.01,3,20,3000,50,0.01,0.0,0.05,0.5,True,1000;1050,2,False,0,,False,False,,,False,0.9981282887294617,0.0,0.0,0.7838366436212375,2.3515099308637124,49.704541000000106,0.3548387096774194,"{""Clonal Null""}"
expA_L50_d0.010_rep04,A,L50_d0.01,4,20,3000,50,0.01,0.0,0.05,0.5,True,1000;1050,2,False,0,,False,False,,,False,0.9977717857349043,0.0,0.0,1.7152449308474131,5.145734792542239,39.42675000000007,0.3225806451612903,"{""Clonal Null""}"
expA_L50_d0.010_rep05,A,L50_d0.01,5,20,3000,50,0.01,0.0,0.05,0.5,True,1000;1050,2,False,0,,False,False,,,False,0.9966794840707592,0.0,0.0,1.7964240644280594,5.389272193284178,36.1457500000002,0.22580645161290322,"{""Clonal Null""}"
expA_L50_d0.010_rep06,A,L50_d0.01,6,20,3000,50,0.01,0.0,0.05,0.5,True,1000;1050,2,False,0,,False,False,,,False,0.9873514659928052,0.0,0.0,1.3374986707982108,4.0124960123946325,38.43579200000002,0.3225806451612903,"{""Clonal Null""}"
expA_L50_d0.010_rep07,A,L50_d0.01,7,20,3000,50,0.01,0.0,0.05,0.5,True,1000;1050,2,False,0,,False,False,,,False,0.9964106929454271,0.0,0.0,1.000000000011963,3.0000000000358895,41.83945800000011,0.3225806451612903,"{""Clonal Null""}"
expA_L50_d0.010_rep08,A,L50_d0.01,8,20,3000,50,0.01,0.0,0.05,0.5,True,1000;1050,2,False,0,,False,False,,,False,0.9991149826940223,0.0,0.0,0.7814376081940908,2.344312824582272,40.114041999999905,0.3548387096774194,"{""Clonal Null""}"
expA_L50_d0.010_rep09,A,L50_d0.01,9,20,3000,50,0.01,0.0,0.05,0.5,True,1000;1050,2,False,0,,False,False,,,False,0.9955982263875933,0.0,0.0,0.6969908135254261,2.0909724405762784,42.38537500000028,0.45161290322580644,"{""Clonal Null""}"
expA_L50_d0.010_rep10,A,L50_d0.01,10,20,3000,50,0.01,0.0,0.05,0.5,True,1000;1050,2,False,0,,False,False,,,False,0.9875622489292495,0.0,0.0,0.8828625814847892,2.6485877444543675,41.30062499999987,0.3548387096774194,"{""Clonal Null""}"
expA_L50_d0.010_rep11,A,L50_d0.01,11,20,3000,50,0.01,0.0,0.05,0.5,True,1000;1050,2,False,0,,False,False,,,False,0.9908532901570293,0.0,0.0,1.29586546139172,3.88759638417516,36.391457999999766,0.3225806451612903,"{""Clonal Null""}"
expA_L50_d0.010_rep12,A,L50_d0.01,12,20,3000,50,0.01,0.0,0.05,0.5,True,1000;1050,2,False,0,,False,False,,,False,0.9832308141199637,0.0,0.0,1.5918485337257238,4.775545601177171,40.57191700000029,0.3225806451612903,"{""Clonal Null""}"
expA_L50_d0.010_rep13,A,L50_d0.01,13,20,3000,50,0.01,0.0,0.05,0.5,True,1000;1050,2,False,0,,False,False,,,False,0.9904677894242215,0.0,0.0,1.838486739097751,5.515460217293253,45.512374999999935,0.22580645161290322,"{""Clonal Null""}"
expA_L50_d0.010_rep14,A,L50_d0.01,14,20,3000,50,0.01,0.0,0.05,0.5,True,1000;1050,2,False,0,,False,False,,,False,0.995298794993145,0.0,0.0,1.7863066044872413,5.358919813461724,34.073083000000004,0.22580645161290322,"{""Clonal Null""}"
expA_L50_d0.030_rep00,A,L50_d0.03,0,20,3000,50,0.03,0.0,0.05,1.5,True,1000;1050,2,False,0,,False,False,,,False,0.9784505947525302,0.0,0.0,0.06841099196646439,0.20523297589939316,49.93541699999993,0.7741935483870968,"{""Recombination"", ""Clonal Null""}"
expA_L50_d0.030_rep01,A,L50_d0.03,1,20,3000,50,0.03,0.0,0.05,1.5,True,1000;1050,2,False,0,,False,False,,,False,0.9762926330169771,0.0,0.0,0.49736006746326766,1.492080202389803,39.81445900000003,0.5483870967741935,"{""Recombination"", ""Clonal Null""}"
expA_L50_d0.030_rep02,A,L50_d0.03,2,20,3000,50,0.03,0.0,0.05,1.5,True,1000;1050,2,False,0,,False,False,,,False,0.9904720948097205,0.0,0.0,0.272732309099727,0.818196927299181,42.58858300000013,0.6451612903225806,"{""Recombination"", ""Clonal Null""}"
expA_L50_d0.030_rep03,A,L50_d0.03,3,20,3000,50,0.03,0.0,0.05,1.5,True,1000;1050,2,False,0,,False,False,,,False,0.9806636541190811,0.0,0.0,0.12492882988556087,0.3747864896566826,49.31854099999988,0.7096774193548387,"{""Recombination"", ""Clonal Null""}"
expA_L50_d0.030_rep04,A,L50_d0.03,4,20,3000,50,0.03,0.0,0.05,1.5,True,1000;1050,2,False,0,,False,False,,,False,0.9949413465035443,0.0,0.0,0.04197045552442846,0.1259113665732854,47.01874999999988,0.8709677419354839,"{""Recombination"", ""Clonal Null""}"
expA_L50_d0.030_rep05,A,L50_d0.03,5,20,3000,50,0.03,0.0,0.05,1.5,True,1000;1050,2,False,0,,False,False,,,False,0.9926513743300857,0.0,0.0,0.1467452528053742,0.4402357584161226,38.50850000000028,0.7096774193548387,"{""Recombination"", ""Clonal Null""}"
expA_L50_d0.030_rep06,A,L50_d0.03,6,20,3000,50,0.03,0.0,0.05,1.5,True,1000;1050,2,False,0,,False,False,,,False,0.9956763202047836,0.0,0.0,0.14296842748248473,0.4289052824474542,45.00912499999998,0.7096774193548387,"{""Recombination"", ""Clonal Null""}"
expA_L50_d0.030_rep07,A,L50_d0.03,7,20,3000,50,0.03,0.0,0.05,1.5,True,1000;1050,2,False,0,,False,False,,,False,0.9964274878273316,0.0,0.0,1.365903968553345,4.097711905660034,38.32008399999998,0.3225806451612903,"{""Recombination"", ""Clonal Null""}"
expA_L50_d0.030_rep08,A,L50_d0.03,8,20,3000,50,0.03,0.0,0.05,1.5,True,1000;1050,2,False,0,,False,False,,,False,0.9979209659878556,0.0,0.0,0.11199004875382235,0.33597014626146704,40.10862499999979,0.7096774193548387,"{""Recombination"", ""Clonal Null""}"
expA_L50_d0.030_rep09,A,L50_d0.03,9,20,3000,50,0.03,0.0,0.05,1.5,True,1000;1050,2,False,0,,False,False,,,False,0.9938135595322874,0.0,0.0,0.8100680365946675,2.4302041097840026,44.90445799999998,0.3548387096774194,"{""Recombination"", ""Clonal Null""}"
expA_L50_d0.030_rep10,A,L50_d0.03,10,20,3000,50,0.03,0.0,0.05,1.5,True,1000;1050,2,True,1,2365,False,False,1315.0,1315.0,False,0.9943198468627431,4.297151134184454,1.0,1.2663250794612182,4.297151134184454,60.343916000000334,0.3225806451612903,"{""Recombination"", ""Clonal Null""}"
expA_L50_d0.030_rep11,A,L50_d0.03,11,20,3000,50,0.03,0.0,0.05,1.5,True,1000;1050,2,False,0,,False,False,,,False,0.9875757032095818,0.0,0.0,0.10574263545346652,0.31722790636039955,39.3021250000003,0.7096774193548387,"{""Recombination"", ""Clonal Null""}"
expA_L50_d0.030_rep12,A,L50_d0.03,12,20,3000,50,0.03,0.0,0.05,1.5,True,1000;1050,2,False,0,,False,False,,,False,0.9795521116348674,0.0,0.0,0.06722050905797383,0.2016615271739215,40.603167,0.7741935483870968,"{""Recombination"", ""Clonal Null""}"
expA_L50_d0.030_rep13,A,L50_d0.03,13,20,3000,50,0.03,0.0,0.05,1.5,True,1000;1050,2,False,0,,False,False,,,False,0.9863562579671484,0.0,0.0,1.9654148888053626,5.896244666416088,38.48237500000007,0.06451612903225806,"{""Recombination"", ""Clonal Null""}"
expA_L50_d0.030_rep14,A,L50_d0.03,14,20,3000,50,0.03,0.0,0.05,1.5,True,1000;1050,2,False,0,,False,False,,,False,0.9881049515565682,0.0,0.0,1.6028991592550024,4.808697477765007,38.62079200000012,0.3225806451612903,"{""Recombination"", ""Clonal Null""}"
expA_L50_d0.100_rep00,A,L50_d0.1,0,20,3000,50,0.1,0.0,0.05,5.0,True,1000;1050,2,False,0,,False,False,,,False,0.9928023669946977,0.0,0.0,0.027370446464431097,0.08211133939329329,41.24920799999998,0.9032258064516129,"{""Recombination"", ""Clonal Null""}"
expA_L50_d0.100_rep01,A,L50_d0.1,1,20,3000,50,0.1,0.0,0.05,5.0,True,1000;1050,2,False,0,,False,False,,,False,0.9966648636953819,0.0,0.0,0.034082182902245406,0.10224654870673622,37.02579200000011,0.8709677419354839,"{""Recombination"", ""Clonal Null""}"
expA_L50_d0.100_rep02,A,L50_d0.1,2,20,3000,50,0.1,0.0,0.05,5.0,True,1000;1050,2,False,0,,False,False,,,False,0.9923610574048438,0.0,0.0,0.03921815871266565,0.11765447613799696,46.91512500000039,0.8709677419354839,"{""Recombination"", ""Clonal Null""}"
expA_L50_d0.100_rep03,A,L50_d0.1,3,20,3000,50,0.1,0.0,0.05,5.0,True,1000;1050,2,False,0,,False,False,,,False,0.982103180332764,0.0,0.0,1.9446248474159797,5.833874542247939,45.585541999999975,0.12903225806451613,"{""Recombination"", ""Clonal Null""}"
expA_L50_d0.100_rep04,A,L50_d0.1,4,20,3000,50,0.1,0.0,0.05,5.0,True,1000;1050,2,False,0,,False,False,,,False,0.9895745630757339,0.0,0.0,0.03642044761256802,0.10926134283770406,41.320792000000054,0.8709677419354839,"{""Recombination"", ""Clonal Null""}"
expA_L50_d0.100_rep05,A,L50_d0.1,5,20,3000,50,0.1,0.0,0.05,5.0,True,1000;1050,2,False,0,,False,False,,,False,0.993323160032542,0.0,0.0,0.008725918396502719,0.026177755189508156,40.40404200000003,1.0,"{""Recombination"", ""Clonal Null""}"
expA_L50_d0.100_rep06,A,L50_d0.1,6,20,3000,50,0.1,0.0,0.05,5.0,True,1000;1050,2,True,1,1894,False,False,844.0,844.0,False,0.9658833158992999,9.155652128339517,0.5,0.012527295189683318,4.577826064169758,60.68037500000001,0.3225806451612903,"{""Recombination"", ""Clonal Null""}"
expA_L50_d0.100_rep07,A,L50_d0.1,7,20,3000,50,0.1,0.0,0.05,5.0,True,1000;1050,2,True,2,770;1232,False,False,206.0,182.0,False,0.9507058177860835,3.497990559786451,0.3636363636363637,0.041072267888871083,1.2719965671950733,63.58466700000021,0.5806451612903226,"{""Recombination"", ""Clonal Null""}"
expA_L50_d0.100_rep08,A,L50_d0.1,8,20,3000,50,0.1,0.0,0.05,5.0,True,1000;1050,2,False,0,,False,False,,,False,0.9919614231803323,0.0,0.0,0.012400620389757644,0.03720186116927293,39.48558299999982,1.0,"{""Recombination"", ""Clonal Null""}"
expA_L50_d0.100_rep09,A,L50_d0.1,9,20,3000,50,0.1,0.0,0.05,5.0,True,1000;1050,2,False,0,,False,False,,,False,0.9865464315092517,0.0,0.0,0.03177486245075567,0.09532458735226701,40.86258300000001,0.9032258064516129,"{""Recombination"", ""Clonal Null""}"
expA_L50_d0.100_rep10,A,L50_d0.1,10,20,3000,50,0.1,0.0,0.05,5.0,True,1000;1050,2,False,0,,False,False,,,False,0.9813836979341108,0.0,0.0,0.028606053863745373,0.08581816159123612,40.98020899999977,0.9032258064516129,"{""Recombination"", ""Clonal Null""}"
expA_L50_d0.100_rep11,A,L50_d0.1,11,20,3000,50,0.1,0.0,0.05,5.0,True,1000;1050,2,False,0,,False,False,,,False,0.9931300124117907,0.0,0.0,0.025775854669391585,0.07732756400817475,38.27216699999969,0.9032258064516129,"{""Recombination"", ""Clonal Null""}"
expA_L50_d0.100_rep12,A,L50_d0.1,12,20,3000,50,0.1,0.0,0.05,5.0,True,1000;1050,2,False,0,,False,False,,,False,0.9893116697901256,0.0,0.0,0.024616255349017346,0.07384876604705204,41.33587499999969,0.9032258064516129,"{""Recombination"", ""Clonal Null""}"
expA_L50_d0.100_rep13,A,L50_d0.1,13,20,3000,50,0.1,0.0,0.05,5.0,True,1000;1050,2,False,0,,False,False,,,False,0.9804764162242005,0.0,0.0,0.014303685566539937,0.04291105669961981,39.81716599999974,1.0,"{""Recombination"", ""Clonal Null""}"
expA_L50_d0.100_rep14,A,L50_d0.1,14,20,3000,50,0.1,0.0,0.05,5.0,True,1000;1050,2,False,0,,False,False,,,False,0.9890783592750306,0.0,0.0,0.019834158134605206,0.05950247440381562,38.7215000000003,0.9354838709677419,"{""Recombination"", ""Clonal Null""}"
expA_L50_d0.250_rep00,A,L50_d0.25,0,20,3000,50,0.25,0.0,0.05,12.5,True,1000;1050,2,False,0,,False,False,,,False,0.9459030844664114,0.0,0.0,0.017124757399065715,0.051374272197197146,43.25695800000018,0.967741935483871,"{""Recombination"", ""Clonal Null""}"
expA_L50_d0.250_rep01,A,L50_d0.25,1,20,3000,50,0.25,0.0,0.05,12.5,True,1000;1050,2,False,0,,False,False,,,False,0.9636721242840436,0.0,0.0,0.018545632224247433,0.0556368966727423,40.158874999999924,0.9354838709677419,"{""Recombination"", ""Clonal Null""}"
expA_L50_d0.250_rep02,A,L50_d0.25,2,20,3000,50,0.25,0.0,0.05,12.5,True,1000;1050,2,False,0,,False,False,,,False,0.9657683349551347,0.0,0.0,0.013947798688292878,0.041843396064878635,40.69300000000009,1.0,"{""Recombination"", ""Clonal Null""}"
expA_L50_d0.250_rep03,A,L50_d0.25,3,20,3000,50,0.25,0.0,0.05,12.5,True,1000;1050,2,False,0,,False,False,,,False,0.9786436854861512,0.0,0.0,0.010897962598474642,0.032693887795423926,41.374415999999584,1.0,"{""Recombination"", ""Clonal Null""}"
expA_L50_d0.250_rep04,A,L50_d0.25,4,20,3000,50,0.25,0.0,0.05,12.5,True,1000;1050,2,False,0,,False,False,,,False,0.9740822652554052,0.0,0.0,0.010596595267736042,0.031789785803208126,42.66279200000022,1.0,"{""Recombination"", ""Clonal Null""}"
expA_L50_d0.250_rep05,A,L50_d0.25,5,20,3000,50,0.25,0.0,0.05,12.5,True,1000;1050,2,False,0,,False,False,,,False,0.9707234175914988,0.0,0.0,0.009710212421143782,0.029130637263431347,41.35962500000012,1.0,"{""Recombination"", ""Clonal Null""}"
expA_L50_d0.250_rep06,A,L50_d0.25,6,20,3000,50,0.25,0.0,0.05,12.5,True,1000;1050,2,True,1,1770,False,False,720.0,720.0,False,0.9630897821787926,4.358859841876507,0.12820512820512822,0.01212537501315425,0.5588281848559625,66.11941600000026,0.6774193548387096,"{""Recombination"", ""Clonal Null""}"
expA_L50_d0.250_rep07,A,L50_d0.25,7,20,3000,50,0.25,0.0,0.05,12.5,True,1000;1050,2,False,0,,False,False,,,False,0.9750006602058707,0.0,0.0,0.024308069294631807,0.07292420788389542,41.9037499999999,0.9032258064516129,"{""Recombination"", ""Clonal Null""}"
expA_L50_d0.250_rep08,A,L50_d0.25,8,20,3000,50,0.25,0.0,0.05,12.5,True,1000;1050,2,False,0,,False,False,,,False,0.9766747248992921,0.0,0.0,0.02200333563786494,0.06601000691359482,39.907041999999834,0.9354838709677419,"{""Recombination"", ""Clonal Null""}"
expA_L50_d0.250_rep09,A,L50_d0.25,9,20,3000,50,0.25,0.0,0.05,12.5,True,1000;1050,2,False,0,,False,False,,,False,0.9390160312221842,0.0,0.0,0.015078049510687253,0.04523414853206176,38.24291700000026,1.0,"{""Recombination"", ""Clonal Null""}"
expA_L50_d0.250_rep10,A,L50_d0.25,10,20,3000,50,0.25,0.0,0.05,12.5,True,1000;1050,2,False,0,,False,False,,,False,0.94244054744948,0.0,0.0,0.012442454431880301,0.0373273632956409,38.921541999999754,1.0,"{""Recombination"", ""Clonal Null""}"
expA_L50_d0.250_rep11,A,L50_d0.25,11,20,3000,50,0.25,0.0,0.05,12.5,True,1000;1050,2,False,0,,False,False,,,False,0.9655428065075065,0.0,0.0,0.02602083730843241,0.07806251192529723,39.53183399999993,0.9032258064516129,"{""Recombination"", ""Clonal Null""}"
expA_L50_d0.250_rep12,A,L50_d0.25,12,20,3000,50,0.25,0.0,0.05,12.5,True,1000;1050,2,False,0,,False,False,,,False,0.9814152409665023,0.0,0.0,0.02512856874281344,0.07538570622844032,38.06870799999995,0.9032258064516129,"{""Recombination"", ""Clonal Null""}"
expA_L50_d0.250_rep13,A,L50_d0.25,13,20,3000,50,0.25,0.0,0.05,12.5,True,1000;1050,2,False,0,,False,False,,,False,0.9802146866410826,0.0,0.0,0.011268834953938933,0.0338065048618168,40.68333400000013,1.0,"{""Recombination"", ""Clonal Null""}"
expA_L50_d0.250_rep14,A,L50_d0.25,14,20,3000,50,0.25,0.0,0.05,12.5,True,1000;1050,2,False,0,,False,False,,,False,0.9688521075519185,0.0,0.0,0.010994804618665643,0.03298441385599693,41.25058300000006,1.0,"{""Recombination"", ""Clonal Null""}"
expB_N20_rho0.05_rep00,B,rho_0.05_N20,0,20,3000,500,0.05,0.05,0.05,25.0,True,1225;1698,2,False,0,,False,False,,,False,0.9539565906843556,0.0,0.0,1.7344007565129353,5.2032022695388065,42.72208300000013,0.3225806451612903,"{""Recombination"", ""Clonal Null""}"
expB_N20_rho0.05_rep01,B,rho_0.05_N20,1,20,3000,500,0.05,0.05,0.05,25.0,True,1187;1561,2,True,2,1192;1558,True,True,4.0,3.0,False,0.9372752316447882,8.458442158433346,0.8823529411764705,0.5681704758222831,7.463331316264716,64.46779100000022,0.03225806451612903,"{""Recombination""}"
expB_N20_rho0.05_rep02,B,rho_0.05_N20,2,20,3000,500,0.05,0.05,0.0,25.0,False,,0,False,0,,False,False,,,False,0.9776616615890632,0.0,0.0,1.1269223368973353,3.380767010692006,39.507083000000165,0.3225806451612903,"{""Recombination"", ""Clonal Null""}"
expB_N20_rho0.05_rep03,B,rho_0.05_N20,3,20,3000,500,0.05,0.05,0.0,25.0,False,,0,False,0,,False,False,,,False,0.9421869720082017,0.0,0.0,1.9278565184938037,5.783569555481411,48.317749999999826,0.12903225806451613,"{""Recombination"", ""Clonal Null""}"
expB_N20_rho0.05_rep04,B,rho_0.05_N20,4,20,3000,500,0.05,0.05,0.1,25.0,True,1249;1299;1615;2179,4,True,2,1620;2187,True,True,6.5,5.0,False,0.9648217958182124,10.25128221875342,0.45333333333333325,0.43722963082606814,4.647247939168216,74.87570799999999,0.3225806451612903,"{""Recombination"", ""Clonal Null""}"
expB_N20_rho0.05_rep05,B,rho_0.05_N20,5,20,3000,500,0.05,0.05,0.0,25.0,False,,0,False,0,,False,False,,,False,0.9972385857906173,0.0,0.0,0.0339080895672077,0.1017242687016231,40.97187499999988,0.8709677419354839,"{""Recombination"", ""Clonal Null""}"
expB_N20_rho0.05_rep06,B,rho_0.05_N20,6,20,3000,500,0.05,0.05,0.0,25.0,False,,0,True,1,982,False,False,,,True,0.9152295849521921,2.1220120825555773,0.07142857142857147,0.053082850399462034,0.1592485511983861,67.79958300000021,0.8387096774193549,"{""Recombination"", ""Clonal Null""}"
expB_N20_rho0.05_rep07,B,rho_0.05_N20,7,20,3000,500,0.05,0.05,0.05,25.0,True,2018;2068,2,False,0,,False,False,,,False,0.9484079566193941,0.0,0.0,0.3855408801083313,1.156622640324994,38.42258300000001,0.5806451612903226,"{""Recombination"", ""Clonal Null""}"
expB_N20_rho0.05_rep08,B,rho_0.05_N20,8,20,3000,500,0.05,0.05,0.05,25.0,True,1423;1985,2,True,3,1386;1992;2422,True,True,160.33333333333334,7.0,False,0.9317560865618604,9.776458377956075,0.9166666666666667,1.0187975956952071,8.961753513126403,64.98158299999979,0.03225806451612903,"{""Recombination""}"
expB_N20_rho0.05_rep09,B,rho_0.05_N20,9,20,3000,500,0.05,0.05,0.0,25.0,False,,0,False,0,,False,False,,,False,0.9857531775367557,0.0,0.0,1.4787022435388417,4.436106730616525,38.80337500000009,0.3225806451612903,"{""Recombination"", ""Clonal Null""}"
expB_N20_rho0.05_rep10,B,rho_0.05_N20,10,20,3000,500,0.05,0.05,0.0,25.0,False,,0,False,0,,False,False,,,False,0.9539515679474271,0.0,0.0,1.881460136159126,5.644380408477378,41.61370799999986,0.1935483870967742,"{""Recombination"", ""Clonal Null""}"
expB_N20_rho0.05_rep11,B,rho_0.05_N20,11,20,3000,500,0.05,0.05,0.0,25.0,False,,0,False,0,,False,False,,,False,0.8770313746220679,0.0,0.0,0.4626552371907454,1.3879657115722361,50.20174999999982,0.5806451612903226,"{""Recombination"", ""Clonal Null""}"
expB_N20_rho0.05_rep12,B,rho_0.05_N20,12,20,3000,500,0.05,0.05,0.0,25.0,False,,0,False,0,,False,False,,,False,0.9586554182169547,0.0,0.0,1.7442285685968755,5.232685705790626,39.654375000000016,0.2903225806451613,"{""Recombination"", ""Clonal Null""}"
expB_N20_rho0.05_rep13,B,rho_0.05_N20,13,20,3000,500,0.05,0.05,0.0,25.0,False,,0,False,0,,False,False,,,False,0.9287273308761591,0.0,0.0,0.8194418996725208,2.4583256990175624,45.77233300000039,0.3548387096774194,"{""Recombination"", ""Clonal Null""}"
expB_N20_rho0.05_rep14,B,rho_0.05_N20,14,20,3000,500,0.05,0.05,0.0,25.0,False,,0,False,0,,False,False,,,False,0.959623487313798,0.0,0.0,1.8991446445205304,5.697433933561591,45.86924999999997,0.1935483870967742,"{""Recombination"", ""Clonal Null""}"
expB_N50_rho0.05_rep00,B,rho_0.05_N50,0,50,3000,500,0.05,0.05,0.04,25.0,True,1392;1928;2362;2592,4,False,0,,False,False,,,False,0.9310928140322089,0.0,0.0,1.8451913750562343,5.5355741251687025,156.06816599999985,0.22580645161290322,"{""Recombination"", ""Clonal Null""}"
expB_N50_rho0.05_rep01,B,rho_0.05_N50,1,50,3000,500,0.05,0.05,0.0,25.0,False,,0,False,0,,False,False,,,False,0.761474239864827,0.0,0.0,1.6964765849540648,5.089429754862195,157.66533399999983,0.3225806451612903,"{""Recombination"", ""Clonal Null""}"
expB_N50_rho0.05_rep02,B,rho_0.05_N50,2,50,3000,500,0.05,0.05,0.02,25.0,True,1090;1146,2,False,0,,False,False,,,False,0.9791072706753948,0.0,0.0,0.01873150279169966,0.056194508375098984,156.56016599999933,0.9354838709677419,"{""Recombination"", ""Clonal Null""}"
expB_N50_rho0.05_rep03,B,rho_0.05_N50,3,50,3000,500,0.05,0.05,0.02,25.0,True,1685;1735,2,False,0,,False,False,,,False,0.9420950834365326,0.0,0.0,1.9546913873301706,5.864074161990512,161.82008399999947,0.0967741935483871,"{""Recombination"", ""Clonal Null""}"
expB_N50_rho0.05_rep04,B,rho_0.05_N50,4,50,3000,500,0.05,0.05,0.02,25.0,True,275;365,2,False,0,,False,False,,,False,0.953421348129362,0.0,0.0,0.04449037286507618,0.13347111859522853,158.74654200000026,0.8387096774193549,"{""Recombination"", ""Clonal Null""}"
expB_N50_rho0.05_rep05,B,rho_0.05_N50,5,50,3000,500,0.05,0.05,0.0,25.0,False,,0,False,0,,False,False,,,False,0.9274055428351411,0.0,0.0,0.8839895968720275,2.6519687906160825,167.4120410000004,0.3548387096774194,"{""Recombination"", ""Clonal Null""}"
expB_N50_rho0.05_rep06,B,rho_0.05_N50,6,50,3000,500,0.05,0.05,0.02,25.0,True,238;473,2,True,1,499,True,False,26.0,26.0,False,0.9712956833351535,1.816044227589836,1.0000000000000002,0.011641067494525092,1.8160442275898365,219.07191699999996,0.5161290322580645,"{""Recombination"", ""Clonal Null""}"
expB_N50_rho0.05_rep07,B,rho_0.05_N50,7,50,3000,500,0.05,0.05,0.0,25.0,False,,0,False,0,,False,False,,,False,0.8360269074667946,0.0,0.0,1.657842144828236,4.973526434484708,165.21495900000005,0.3225806451612903,"{""Recombination"", ""Clonal Null""}"
expB_N50_rho0.05_rep08,B,rho_0.05_N50,8,50,3000,500,0.05,0.05,0.0,25.0,False,,0,False,0,,False,False,,,False,0.9569006238589933,0.0,0.0,0.07091056863795941,0.21273170591387824,166.68637500000028,0.7741935483870968,"{""Recombination"", ""Clonal Null""}"
expB_N50_rho0.05_rep09,B,rho_0.05_N50,9,50,3000,500,0.05,0.05,0.02,25.0,True,439;788,2,False,0,,False,False,,,False,0.9560260161882499,0.0,0.0,0.3383504045838689,1.0150512137516068,166.79216699999967,0.6129032258064516,"{""Recombination"", ""Clonal Null""}"
expB_N50_rho0.05_rep10,B,rho_0.05_N50,10,50,3000,500,0.05,0.05,0.04,25.0,True,726;1414;2685;2879,4,True,3,714;1354;1416,True,True,24.666666666666668,2.0,False,0.9696770656387125,17.933533407128216,1.0,1.7707556720234288,17.933533407128216,232.47516700000048,0.03225806451612903,"{""Recombination""}"
expB_N50_rho0.05_rep11,B,rho_0.05_N50,11,50,3000,500,0.05,0.05,0.0,25.0,False,,0,False,0,,False,False,,,False,0.9330574780008827,0.0,0.0,0.9642969277794792,2.8928907833384376,154.49879200000004,0.3225806451612903,"{""Recombination"", ""Clonal Null""}"
expB_N50_rho0.05_rep12,B,rho_0.05_N50,12,50,3000,500,0.05,0.05,0.02,25.0,True,2265;2510,2,True,3,1482;2266;2505,True,True,263.0,1.0,False,0.7708275010040305,4.9924547140654205,1.0,1.4238916092302056,4.9924547140654205,229.51887500000012,0.3225806451612903,"{""Recombination"", ""Clonal Null""}"
expB_N50_rho0.05_rep13,B,rho_0.05_N50,13,50,3000,500,0.05,0.05,0.0,25.0,False,,0,False,0,,False,False,,,False,0.9400606433277965,0.0,0.0,1.175402921017467,3.5262087630524013,152.80058300000033,0.3225806451612903,"{""Recombination"", ""Clonal Null""}"
expB_N50_rho0.05_rep14,B,rho_0.05_N50,14,50,3000,500,0.05,0.05,0.0,25.0,False,,0,False,0,,False,False,,,False,0.9274549667262767,0.0,0.0,0.9319490542241614,2.795847162672484,155.34616699999935,0.3548387096774194,"{""Recombination"", ""Clonal Null""}"
expB_N20_rho0.0_rep00,B,rho_0.0_N20,0,20,3000,0,0.05,0.0,0.0,0.0,False,,0,False,0,,False,False,,,False,0.9730948222739894,0.0,0.0,0.9716686285339307,2.9150058856017917,39.4071669999998,0.3225806451612903,"{""Clonal Null""}"
expB_N20_rho0.0_rep01,B,rho_0.0_N20,1,20,3000,0,0.05,0.0,0.0,0.0,False,,0,False,0,,False,False,,,False,0.9939922489774589,0.0,0.0,0.00811523633911948,0.02434570901735844,39.730542000000035,1.0,"{""Clonal Null""}"
expB_N20_rho0.0_rep02,B,rho_0.0_N20,2,20,3000,0,0.05,0.0,0.0,0.0,False,,0,False,0,,False,False,,,False,0.9955664080755939,0.0,0.0,0.046459810747580654,0.13937943224274196,40.063916000000255,0.8387096774193549,"{""Clonal Null""}"
expB_N20_rho0.0_rep03,B,rho_0.0_N20,3,20,3000,0,0.05,0.0,0.0,0.0,False,,0,False,0,,False,False,,,False,0.9707209471676271,0.0,0.0,0.15291656737961867,0.458749702138856,42.511541999999736,0.7096774193548387,"{""Clonal Null""}"
expB_N20_rho0.0_rep04,B,rho_0.0_N20,4,20,3000,0,0.05,0.0,0.0,0.0,False,,0,True,1,2465,False,False,,,True,0.8923744046281776,7.071905150750914,0.3496503496503498,0.17053206333589999,2.4726941086541667,81.8468750000001,0.3548387096774194,"{""Recombination"", ""Clonal Null""}"
expB_N20_rho0.0_rep05,B,rho_0.0_N20,5,20,3000,0,0.05,0.0,0.0,0.0,False,,0,True,1,1420,False,False,,,True,0.924862414926209,3.687318622272079,0.18181818181818174,1.9612522996609207,5.883756898982762,70.93900000000008,0.0967741935483871,"{""Recombination"", ""Clonal Null""}"
expB_N20_rho0.0_rep06,B,rho_0.0_N20,6,20,3000,0,0.05,0.0,0.0,0.0,False,,0,False,0,,False,False,,,False,0.9309347149573585,0.0,0.0,1.88489190706201,5.65467572118603,42.50845799999992,0.1935483870967742,"{""Clonal Null""}"
expB_N20_rho0.0_rep07,B,rho_0.0_N20,7,20,3000,0,0.05,0.0,0.0,0.0,False,,0,False,0,,False,False,,,False,0.9878395858985886,0.0,0.0,0.8011115997039272,2.4033347991117817,43.35429099999999,0.3548387096774194,"{""Clonal Null""}"
expB_N20_rho0.0_rep08,B,rho_0.0_N20,8,20,3000,0,0.05,0.0,0.0,0.0,False,,0,False,0,,False,False,,,False,0.8469163440406365,0.0,0.0,1.9407668212473626,5.822300463742088,43.420208999999765,0.12903225806451613,"{""Clonal Null""}"
expB_N20_rho0.0_rep09,B,rho_0.0_N20,9,20,3000,0,0.05,0.0,0.0,0.0,False,,0,False,0,,False,False,,,False,0.9739432465890204,0.0,0.0,1.8422997388212985,5.526899216463896,42.431749999999994,0.22580645161290322,"{""Clonal Null""}"
expB_N20_rho0.0_rep10,B,rho_0.0_N20,10,20,3000,0,0.05,0.0,0.0,0.0,False,,0,False,0,,False,False,,,False,0.9157832765877207,0.0,0.0,0.09077312443827035,0.27231937331481104,42.949040999999966,0.7096774193548387,"{""Clonal Null""}"
expB_N20_rho0.0_rep11,B,rho_0.0_N20,11,20,3000,0,0.05,0.0,0.0,0.0,False,,0,False,0,,False,False,,,False,0.9568588028496571,0.0,0.0,0.3018208121040785,0.9054624363122356,43.045958,0.6451612903225806,"{""Clonal Null""}"
expB_N20_rho0.0_rep12,B,rho_0.0_N20,12,20,3000,0,0.05,0.0,0.0,0.0,False,,0,False,0,,False,False,,,False,0.9656840805223056,0.0,0.0,0.07123790525186768,0.21371371575560305,45.156582999999806,0.7741935483870968,"{""Clonal Null""}"
expB_N20_rho0.0_rep13,B,rho_0.0_N20,13,20,3000,0,0.05,0.0,0.0,0.0,False,,0,False,0,,False,False,,,False,0.9566357450386194,0.0,0.0,1.9964014543471447,5.989204363041434,47.51204200000014,0.03225806451612903,"{""Recombination""}"
expB_N20_rho0.0_rep14,B,rho_0.0_N20,14,20,3000,0,0.05,0.0,0.0,0.0,False,,0,False,0,,False,False,,,False,0.9896729549160642,0.0,0.0,0.2820480024324197,0.846144007297259,47.750541999999726,0.6451612903225806,"{""Clonal Null""}"
expB_N50_rho0.0_rep00,B,rho_0.0_N50,0,50,3000,0,0.05,0.0,0.0,0.0,False,,0,False,0,,False,False,,,False,0.9540739141567448,0.0,0.0,0.05788225047696749,0.17364675143090247,163.08899999999937,0.7741935483870968,"{""Clonal Null""}"
expB_N50_rho0.0_rep01,B,rho_0.0_N50,1,50,3000,0,0.05,0.0,0.0,0.0,False,,0,False,0,,False,False,,,False,0.982055698872995,0.0,0.0,0.03451825212087434,0.10355475636262301,162.91245900000018,0.8709677419354839,"{""Clonal Null""}"
expB_N50_rho0.0_rep02,B,rho_0.0_N50,2,50,3000,0,0.05,0.0,0.0,0.0,False,,0,False,0,,False,False,,,False,0.981343242638377,0.0,0.0,1.363175981139733,4.089527943419199,159.19150000000036,0.3225806451612903,"{""Clonal Null""}"
expB_N50_rho0.0_rep03,B,rho_0.0_N50,3,50,3000,0,0.05,0.0,0.0,0.0,False,,0,False,0,,False,False,,,False,0.765273938697731,0.0,0.0,1.5909867817147871,4.772960345144361,164.50562499999944,0.3225806451612903,"{""Clonal Null""}"
expB_N50_rho0.0_rep04,B,rho_0.0_N50,4,50,3000,0,0.05,0.0,0.0,0.0,False,,0,False,0,,False,False,,,False,0.9399641583873258,0.0,0.0,1.8725509781644563,5.6176529344933686,171.67149999999953,0.22580645161290322,"{""Clonal Null""}"
expB_N50_rho0.0_rep05,B,rho_0.0_N50,5,50,3000,0,0.05,0.0,0.0,0.0,False,,0,False,0,,False,False,,,False,0.7574555114054101,0.0,0.0,1.8903111893996971,5.670933568199091,165.53474999999995,0.1935483870967742,"{""Clonal Null""}"
expB_N50_rho0.0_rep06,B,rho_0.0_N50,6,50,3000,0,0.05,0.0,0.0,0.0,False,,0,False,0,,False,False,,,False,0.9418571768335712,0.0,0.0,1.9288170982731017,5.7864512948193045,164.16179199999982,0.12903225806451613,"{""Clonal Null""}"
expB_N50_rho0.0_rep07,B,rho_0.0_N50,7,50,3000,0,0.05,0.0,0.0,0.0,False,,0,True,1,2748,False,False,,,True,0.9501453682056606,11.365671317805688,0.3076923076923077,1.0454433555822824,3.4971296362479043,230.46074999999976,0.3225806451612903,"{""Recombination"", ""Clonal Null""}"
expB_N50_rho0.0_rep08,B,rho_0.0_N50,8,50,3000,0,0.05,0.0,0.0,0.0,False,,0,True,1,2651,False,False,,,True,0.9696034144755243,3.911693206242192,1.0,0.21226002070106276,3.911693206242192,241.82029199999988,0.3225806451612903,"{""Recombination"", ""Clonal Null""}"
expB_N50_rho0.0_rep09,B,rho_0.0_N50,9,50,3000,0,0.05,0.0,0.0,0.0,False,,0,False,0,,False,False,,,False,0.8451720665400673,0.0,0.0,1.4652063518759832,4.39561905562795,160.3601250000004,0.3225806451612903,"{""Clonal Null""}"
expB_N50_rho0.0_rep10,B,rho_0.0_N50,10,50,3000,0,0.05,0.0,0.0,0.0,False,,0,False,0,,False,False,,,False,0.9877822137916903,0.0,0.0,0.00959221682749023,0.02877665048247069,163.00320800000011,1.0,"{""Clonal Null""}"
expB_N50_rho0.0_rep11,B,rho_0.0_N50,11,50,3000,0,0.05,0.0,0.0,0.0,False,,0,False,0,,False,False,,,False,0.888169411402219,0.0,0.0,0.37778291938896547,1.1333487581668964,158.01020799999944,0.6129032258064516,"{""Clonal Null""}"
expB_N50_rho0.0_rep12,B,rho_0.0_N50,12,50,3000,0,0.05,0.0,0.0,0.0,False,,0,True,1,1073,False,False,,,True,0.9544186154343955,3.179677717298084,1.0,0.024152142471459248,3.179677717298084,223.56700000000006,0.3225806451612903,"{""Recombination"", ""Clonal Null""}"
expB_N50_rho0.0_rep13,B,rho_0.0_N50,13,50,3000,0,0.05,0.0,0.0,0.0,False,,0,True,1,662,False,False,,,True,0.922517277641277,4.954483739965457,0.1127819548872181,0.10254171649373511,0.5587763616502397,214.2830419999999,0.6774193548387096,"{""Recombination"", ""Clonal Null""}"
expB_N50_rho0.0_rep14,B,rho_0.0_N50,14,50,3000,0,0.05,0.0,0.0,0.0,False,,0,True,1,2604,False,False,,,True,0.9065101702673779,2.2845982236821536,0.13846153846153855,0.24802271473810467,0.744068144214314,230.84787499999936,0.6451612903225806,"{""Recombination"", ""Clonal Null""}"
expB_N20_rho0.2_rep00,B,rho_0.2_N20,0,20,3000,500,0.05,0.2,0.1,25.0,True,836;961;1926;2226,4,False,0,,False,False,,,False,0.9567451077730462,0.0,0.0,1.977520429197951,5.9325612875938525,45.359667000000044,0.06451612903225806,"{""Recombination"", ""Clonal Null""}"
expB_N20_rho0.2_rep01,B,rho_0.2_N20,1,20,3000,500,0.05,0.2,0.05,25.0,True,2774;2824,2,False,0,,False,False,,,False,0.9349303845750564,0.0,0.0,0.7889901851669322,2.3669705555007967,47.004583000000096,0.3548387096774194,"{""Recombination"", ""Clonal Null""}"
expB_N20_rho0.2_rep02,B,rho_0.2_N20,2,20,3000,500,0.05,0.2,0.1,25.0,True,311;1511;1963;2108,4,True,3,319;1510;1963,True,True,3.0,0.0,False,0.876737695608765,10.77150686007896,1.0,1.795352642501225,10.77150686007896,76.32787500000005,0.03225806451612903,"{""Recombination""}"
expB_N20_rho0.2_rep03,B,rho_0.2_N20,3,20,3000,500,0.05,0.2,0.05,25.0,True,2333;2400,2,False,0,,False,False,,,False,0.9731061418988411,0.0,0.0,0.9852957881560019,2.9558873644680057,38.08325000000012,0.3225806451612903,"{""Recombination"", ""Clonal Null""}"
expB_N20_rho0.2_rep04,B,rho_0.2_N20,4,20,3000,500,0.05,0.2,0.15,25.0,True,53;802;852;987;1223;1253,6,True,3,632;1266;1349,True,True,93.0,13.0,False,0.9400606590775075,4.430589744314133,0.769230769230769,1.2537231037641905,3.7611693112925715,74.47175000000028,0.3225806451612903,"{""Recombination"", ""Clonal Null""}"
expB_N20_rho0.2_rep05,B,rho_0.2_N20,5,20,3000,500,0.05,0.2,0.05,25.0,True,580;641,2,False,0,,False,False,,,False,0.9944606575875463,0.0,0.0,0.8287339316255375,2.486201794876613,38.40262500000024,0.3548387096774194,"{""Recombination"", ""Clonal Null""}"
expB_N20_rho0.2_rep06,B,rho_0.2_N20,6,20,3000,500,0.05,0.2,0.1,25.0,True,111;1240;2332;2780,4,False,0,,False,False,,,False,0.9020953232854247,0.0,0.0,1.910361685359482,5.731085056078446,47.60141699999964,0.16129032258064516,"{""Recombination"", ""Clonal Null""}"
expB_N20_rho0.2_rep07,B,rho_0.2_N20,7,20,3000,500,0.05,0.2,0.0,25.0,False,,0,True,1,2771,False,False,,,True,0.981197449281333,5.480307368240175,0.14035087719298242,0.7594170105062525,2.2782510315187574,62.79100000000027,0.3548387096774194,"{""Recombination"", ""Clonal Null""}"
expB_N20_rho0.2_rep08,B,rho_0.2_N20,8,20,3000,500,0.05,0.2,0.1,25.0,True,362;881;2866;2958,4,False,0,,False,False,,,False,0.9826268405670487,0.0,0.0,0.05950972919139086,0.17852918757417258,44.95475000000005,0.7741935483870968,"{""Recombination"", ""Clonal Null""}"
expB_N20_rho0.2_rep09,B,rho_0.2_N20,9,20,3000,500,0.05,0.2,0.1,25.0,True,1262;2135;2806;2856,4,True,2,1277;2136,True,True,8.0,1.0,False,0.9825745156620483,9.400746937845971,1.0,0.8807711908923316,9.400746937845971,65.5759159999998,0.03225806451612903,"{""Recombination""}"
expB_N20_rho0.2_rep10,B,rho_0.2_N20,10,20,3000,500,0.05,0.2,0.0,25.0,False,,0,False,0,,False,False,,,False,0.9464025400628622,0.0,0.0,0.1357222701268892,0.4071668103806676,39.73904200000034,0.7096774193548387,"{""Recombination"", ""Clonal Null""}"
expB_N20_rho0.2_rep11,B,rho_0.2_N20,11,20,3000,500,0.05,0.2,0.1,25.0,True,123;954;1764;2024,4,True,9,448;794;945;1084;1768;2022;2352;2552;2699,True,True,240.11111111111111,2.0,False,0.6940846536809123,3.8746410206592734,0.6,0.7794475375597567,2.33834261267927,105.26054200000034,0.3548387096774194,"{""Recombination"", ""Clonal Null""}"
expB_N20_rho0.2_rep12,B,rho_0.2_N20,12,20,3000,500,0.05,0.2,0.1,25.0,True,824;1553;1784;2024,4,True,2,820;2026,True,True,3.0,2.0,False,0.95037942743412,52.3165392237491,1.0000000000000002,0.5622497514876243,52.31653922374912,60.01662499999982,0.03225806451612903,"{""Recombination""}"
expB_N20_rho0.2_rep13,B,rho_0.2_N20,13,20,3000,500,0.05,0.2,0.1,25.0,True,478;598;1158;1980,4,True,2,1159;1971,True,True,5.0,1.0,False,0.9590879830098077,6.027867902947757,0.6923076923076923,1.521976097359389,4.565928292078167,64.35033399999979,0.3225806451612903,"{""Recombination"", ""Clonal Null""}"
expB_N20_rho0.2_rep14,B,rho_0.2_N20,14,20,3000,500,0.05,0.2,0.05,25.0,True,399;571,2,False,0,,False,False,,,False,0.9817229143526783,0.0,0.0,0.19357975603842204,0.5807392681152661,49.95620900000031,0.6774193548387096,"{""Recombination"", ""Clonal Null""}"
expB_N50_rho0.2_rep00,B,rho_0.2_N50,0,50,3000,500,0.05,0.2,0.02,25.0,True,2121;2171,2,True,1,507,False,False,1614.0,1614.0,False,0.9307725399030475,2.5697449110103476,0.1666666666666667,1.7175767123319297,5.152730136995789,228.87087499999924,0.3225806451612903,"{""Recombination"", ""Clonal Null""}"
expB_N50_rho0.2_rep01,B,rho_0.2_N50,1,50,3000,500,0.05,0.2,0.02,25.0,True,231;852,2,True,1,855,True,False,3.0,3.0,False,0.9453957125752375,11.685789973737089,0.7456140350877194,1.2890509488534347,8.713089015505725,212.03137500000048,0.03225806451612903,"{""Recombination""}"
expB_N50_rho0.2_rep02,B,rho_0.2_N50,2,50,3000,500,0.05,0.2,0.02,25.0,True,1474;1691,2,True,1,544,False,False,930.0,930.0,False,0.9439952365244171,2.201487013639286,0.3333333333333335,1.0260819654335074,3.078245896300522,242.06204099999962,0.3225806451612903,"{""Recombination"", ""Clonal Null""}"
expB_N50_rho0.2_rep03,B,rho_0.2_N50,3,50,3000,500,0.05,0.2,0.04,25.0,True,760;1249;2337;2827,4,True,3,732;1248;2322,True,True,14.666666666666666,1.0,False,0.8787051910589889,6.222675139873356,0.7142857142857142,1.9549924811428385,5.864977443428516,249.94054200000005,0.0967741935483871,"{""Recombination"", ""Clonal Null""}"
expB_N50_rho0.2_rep04,B,rho_0.2_N50,4,50,3000,500,0.05,0.2,0.14,25.0,True,229;930;964;1159;1429;1506;1579;1744;1801;1808;1970;2187;2387;2666,14,True,7,230;1154;1428;1540;1790;1972;2223,True,True,12.857142857142858,1.0,False,0.9325025959531523,9.336034574632697,1.0,0.059223246194842316,9.336034574632697,240.00033300000024,0.03225806451612903,"{""Recombination""}"
expB_N50_rho0.2_rep05,B,rho_0.2_N50,5,50,3000,500,0.05,0.2,0.02,25.0,True,1346;1503,2,True,2,1346;1508,True,True,2.5,0.0,False,0.9597705667895752,5.731904983220782,0.7142857142857143,1.9209377148319144,5.762813144495743,202.47504099999958,0.16129032258064516,"{""Recombination"", ""Clonal Null""}"
expB_N50_rho0.2_rep06,B,rho_0.2_N50,6,50,3000,500,0.05,0.2,0.04,25.0,True,1523;1817;1851;1960,4,False,0,,False,False,,,False,0.9278473068825043,0.0,0.0,0.11024600325833567,0.330738009775007,153.69783399999992,0.7096774193548387,"{""Recombination"", ""Clonal Null""}"
expB_N50_rho0.2_rep07,B,rho_0.2_N50,7,50,3000,500,0.05,0.2,0.04,25.0,True,1504;2111;2520;2700,4,False,0,,False,False,,,False,0.9783349189437065,0.0,0.0,0.022639832343321453,0.06791949702996436,143.538167,0.9354838709677419,"{""Recombination"", ""Clonal Null""}"
expB_N50_rho0.2_rep08,B,rho_0.2_N50,8,50,3000,500,0.05,0.2,0.06,25.0,True,1039;1755;1980;2003;2011;2206,6,True,2,1000;1756,True,True,20.0,1.0,False,0.9048068021751144,3.5775188389090773,1.0,1.682511235352399,5.047533706057197,221.25612500000003,0.3225806451612903,"{""Recombination"", ""Clonal Null""}"
expB_N50_rho0.2_rep09,B,rho_0.2_N50,9,50,3000,500,0.05,0.2,0.04,25.0,True,76;407;1135;1382,4,True,3,76;191;396,True,True,42.0,0.0,False,0.9649154721476567,10.559396282161025,1.0000000000000002,1.979580261213519,10.559396282161027,241.37837500000003,0.03225806451612903,"{""Recombination""}"
expB_N50_rho0.2_rep10,B,rho_0.2_N50,10,50,3000,500,0.05,0.2,0.04,25.0,True,1389;1847;2628;2678,4,True,3,1387;1472;1850,True,True,29.333333333333332,2.0,False,0.9621067566864159,10.948533161206147,1.0,0.050331753510327815,10.948533161206147,221.228333,0.03225806451612903,"{""Recombination""}"
expB_N50_rho0.2_rep11,B,rho_0.2_N50,11,50,3000,500,0.05,0.2,0.06,25.0,True,336;866;867;1349;1684;2323,6,True,4,866;1333;1451;2234,True,True,51.75,0.0,False,0.7636939054621569,7.520668709490534,0.6470588235294116,0.460574568361814,4.866315047317403,250.13825,0.3225806451612903,"{""Recombination"", ""Clonal Null""}"
expB_N50_rho0.2_rep12,B,rho_0.2_N50,12,50,3000,500,0.05,0.2,0.06,25.0,True,1009;1235;1366;1445;1661;2209,6,True,6,1019;1343;1496;1655;2195;2719,True,True,102.33333333333333,6.0,False,0.9288501324855496,8.463539788158748,1.0,1.8184267748555056,8.463539788158748,217.41533299999992,0.03225806451612903,"{""Recombination""}"
expB_N50_rho0.2_rep13,B,rho_0.2_N50,13,50,3000,500,0.05,0.2,0.04,25.0,True,722;1432;1463;2632,4,True,2,344;432,False,False,334.0,290.0,False,0.8934786757377849,4.828604658146725,0.23809523809523797,1.378040308849173,4.134120926547519,214.61550000000074,0.3225806451612903,"{""Recombination"", ""Clonal Null""}"
expB_N50_rho0.2_rep14,B,rho_0.2_N50,14,50,3000,500,0.05,0.2,0.02,25.0,True,1777;1859,2,False,0,,False,False,,,False,0.8752726473049391,0.0,0.0,1.2884365133799447,3.865309540139834,161.8238329999997,0.3225806451612903,"{""Recombination"", ""Clonal Null""}"
expB_N20_rho0.5_rep00,B,rho_0.5_N20,0,20,3000,500,0.05,0.5,0.3,25.0,True,267;359;480;929;1491;1504;1554;1986;2004;2036;2506;2810,12,True,5,100;682;768;922;2541,True,True,114.4,7.0,False,0.9595164921758182,6.859255708899989,0.47058823529411753,0.1917173740773901,3.227885039482347,73.21891699999972,0.3225806451612903,"{""Recombination"", ""Clonal Null""}"
expB_N20_rho0.5_rep01,B,rho_0.5_N20,1,20,3000,500,0.05,0.5,0.0,25.0,False,,0,False,0,,False,False,,,False,0.8712229049730774,0.0,0.0,0.9483467652167757,2.8450402956503273,40.73312500000004,0.3225806451612903,"{""Recombination"", ""Clonal Null""}"
expB_N20_rho0.5_rep02,B,rho_0.5_N20,2,20,3000,500,0.05,0.5,0.4,25.0,True,284;446;586;674;981;1165;1226;1245;1424;1647;1677;1734;1786;2092;2342;2354,16,True,7,306;392;672;980;1250;1533;2362,True,True,28.714285714285715,1.0,False,0.9473258677790231,9.689872504931204,1.0,0.1269855812116658,9.689872504931204,89.79162500000015,0.03225806451612903,"{""Recombination""}"
expB_N20_rho0.5_rep03,B,rho_0.5_N20,3,20,3000,500,0.05,0.5,0.25,25.0,True,623;751;1333;1393;1607;2291;2432;2482;2532;2858,10,True,4,762;2302;2531;2844,True,True,9.25,1.0,False,0.9512284508057202,26.852819506459337,0.8181818181818182,0.18126136893386846,21.970488687103096,64.53829199999994,0.03225806451612903,"{""Recombination""}"
expB_N20_rho0.5_rep04,B,rho_0.5_N20,4,20,3000,500,0.05,0.5,0.25,25.0,True,224;1240;1283;1357;1407;1424;1548;1997;2440;2959,10,True,3,228;1228;1428,True,True,6.666666666666667,4.0,False,0.8304834508034451,7.18572003954502,0.6923076923076923,1.2478519915988247,4.974729258146552,74.388291,0.3225806451612903,"{""Recombination"", ""Clonal Null""}"
expB_N20_rho0.5_rep05,B,rho_0.5_N20,5,20,3000,500,0.05,0.5,0.3,25.0,True,292;309;574;1117;1285;1498;1590;1730;1941;2317;2758;2986,12,True,6,330;1109;1592;1904;2314;2728,True,True,16.833333333333332,2.0,False,0.9316711088045212,18.12573297284239,1.0,1.3160358858689438,18.12573297284239,67.04545900000002,0.03225806451612903,"{""Recombination""}"
expB_N20_rho0.5_rep06,B,rho_0.5_N20,6,20,3000,500,0.05,0.5,0.2,25.0,True,254;304;903;1408;1415;1676;1909;2372,8,True,5,906;1400;1709;1892;2362,True,True,14.2,3.0,False,0.9745873650401635,32.987535792804316,0.888888888888889,0.17496637368969048,29.322254038048282,80.1114169999999,0.03225806451612903,"{""Recombination""}"
expB_N20_rho0.5_rep07,B,rho_0.5_N20,7,20,3000,500,0.05,0.5,0.15,25.0,True,691;850;1038;1336;1350;1794,6,True,4,609;678;1341;1850,True,True,39.0,5.0,False,0.8675911730770482,9.340104435097714,1.0,1.7778918201927874,9.340104435097714,73.69704099999996,0.03225806451612903,"{""Recombination""}"
expB_N20_rho0.5_rep08,B,rho_0.5_N20,8,20,3000,500,0.05,0.5,0.1,25.0,True,1975;2352;2402;2758,4,False,0,,False,False,,,False,0.9140584068313915,0.0,0.0,1.7767755016264566,5.33032650487937,38.43141699999997,0.2903225806451613,"{""Recombination"", ""Clonal Null""}"
expB_N20_rho0.5_rep09,B,rho_0.5_N20,9,20,3000,500,0.05,0.5,0.25,25.0,True,53;239;337;512;547;945;1304;1420;1684;1866,10,True,3,382;495;1282,True,True,28.0,17.0,False,0.9359746796845775,11.598841590949128,1.0,0.9480708263292233,11.598841590949128,63.93904199999989,0.03225806451612903,"{""Recombination""}"
expB_N20_rho0.5_rep10,B,rho_0.5_N20,10,20,3000,500,0.05,0.5,0.2,25.0,True,130;487;629;1469;1591;1829;2427;2860,8,False,0,,False,False,,,False,0.9806891575550155,0.0,0.0,0.043934965899636635,0.1318048976989099,38.27512500000019,0.8387096774193549,"{""Recombination"", ""Clonal Null""}"
expB_N20_rho0.5_rep11,B,rho_0.5_N20,11,20,3000,500,0.05,0.5,0.2,25.0,True,1061;1613;1722;1952;1975;2003;2480;2990,8,True,3,1720;1977;2478,True,True,2.0,2.0,False,0.9580327169012318,13.323750446328724,1.0,0.25192978375639496,13.323750446328724,89.39391699999976,0.03225806451612903,"{""Recombination""}"
expB_N20_rho0.5_rep12,B,rho_0.5_N20,12,20,3000,500,0.05,0.5,0.3,25.0,True,147;197;464;644;723;976;1254;1533;1921;1930;1995;2171,12,True,4,974;1190;1503;1952,True,True,29.5,2.0,False,0.9309495231821985,10.187043726933627,1.0,0.1656260770472895,10.187043726933627,80.95029199999982,0.03225806451612903,"{""Recombination""}"
expB_N20_rho0.5_rep13,B,rho_0.5_N20,13,20,3000,500,0.05,0.5,0.05,25.0,True,1737;1787,2,False,0,,False,False,,,False,0.8729320187551124,0.0,0.0,0.060205554569058295,0.18061666370717488,45.05995799999995,0.7741935483870968,"{""Recombination"", ""Clonal Null""}"
expB_N20_rho0.5_rep14,B,rho_0.5_N20,14,20,3000,500,0.05,0.5,0.2,25.0,True,2023;2101;2153;2295;2576;2651;2657;2918,8,True,1,2655,True,True,2.0,2.0,False,0.8840249066603925,5.6950653945536205,0.9047619047619048,0.06800696324950062,5.152678214119942,78.23145799999986,0.3225806451612903,"{""Recombination"", ""Clonal Null""}"
expB_N50_rho0.5_rep00,B,rho_0.5_N50,0,50,3000,500,0.05,0.5,0.16,25.0,True,17;107;113;404;467;539;603;987;1322;1604;2214;2268;2460;2482;2536;2708,16,False,0,,False,False,,,False,0.735517840945008,0.0,0.0,0.7671721005448143,2.301516301634443,161.36933299999967,0.3548387096774194,"{""Recombination"", ""Clonal Null""}"
expB_N50_rho0.5_rep01,B,rho_0.5_N50,1,50,3000,500,0.05,0.5,0.1,25.0,True,498;723;1018;1128;1205;1628;1900;2260;2366;2783,10,True,8,220;710;1202;1568;1626;1904;2345;2750,True,True,51.75,2.0,False,0.909322150026285,10.732657351817172,1.0,1.4776914556905165,10.732657351817172,199.78704199999964,0.03225806451612903,"{""Recombination""}"
expB_N50_rho0.5_rep02,B,rho_0.5_N50,2,50,3000,500,0.05,0.5,0.18,25.0,True,527;680;736;750;756;1059;1217;1296;1430;1439;1499;1681;1825;1862;1915;2136;2481;2953,18,True,8,514;748;1057;1224;1428;1666;1906;2490,True,True,7.375,2.0,False,0.930002560317329,18.04448854882704,1.0,0.0657829143002221,18.04448854882704,242.57437499999935,0.03225806451612903,"{""Recombination""}"
expB_N50_rho0.5_rep03,B,rho_0.5_N50,3,50,3000,500,0.05,0.5,0.1,25.0,True,344;580;812;1101;1674;1923;1965;2280;2399;2455,10,True,4,332;1083;1680;1962,True,True,9.75,3.0,False,0.9513688458602713,10.728066371335824,1.0,0.05229607749474163,10.728066371335824,239.1780419999998,0.03225806451612903,"{""Recombination""}"
expB_N50_rho0.5_rep04,B,rho_0.5_N50,4,50,3000,500,0.05,0.5,0.16,25.0,True,632;689;1059;1448;1639;1832;2036;2181;2255;2270;2325;2696;2715;2839;2853;2915,16,True,8,672;915;1050;1452;1622;2171;2280;2713,True,True,26.625,2.0,False,0.951072414771,7.513372454331199,1.0,0.6092632504780022,7.513372454331199,213.20824999999923,0.03225806451612903,"{""Recombination""}"
expB_N50_rho0.5_rep05,B,rho_0.5_N50,5,50,3000,500,0.05,0.5,0.1,25.0,True,14;143;165;261;289;719;1343;1461;2946;2996,10,True,4,166;284;675;1658,True,True,61.75,1.0,False,0.9656238145207625,9.37432843669233,0.625,0.03548766020678984,5.858955272932707,201.6142089999997,0.0967741935483871,"{""Recombination"", ""Clonal Null""}"
expB_N50_rho0.5_rep06,B,rho_0.5_N50,6,50,3000,500,0.05,0.5,0.08,25.0,True,60;110;1519;1760;1798;1979;2157;2702,8,True,4,1534;1778;2158;2667,True,True,17.25,1.0,False,0.9184302429217297,10.150295102193489,1.0,0.9037378368127345,10.150295102193489,221.12020799999942,0.03225806451612903,"{""Recombination""}"
expB_N50_rho0.5_rep07,B,rho_0.5_N50,7,50,3000,500,0.05,0.5,0.1,25.0,True,225;605;736;1038;1154;1711;2186;2193;2911;2942,10,True,4,257;594;1013;1150,True,True,18.0,4.0,False,0.950948700759561,14.744205029065233,0.8999999999999999,0.074829195516671,13.269784526158709,220.1533330000007,0.03225806451612903,"{""Recombination""}"
expB_N50_rho0.5_rep08,B,rho_0.5_N50,8,50,3000,500,0.05,0.5,0.2,25.0,True,59;111;390;592;896;946;1311;1350;1460;1627;1637;1752;1800;1819;2011;2027;2157;2230;2755;2801,20,True,8,396;577;1343;1459;1641;1802;2044;2156,True,True,6.625,1.0,False,0.8979695827530895,7.710215168709367,1.0,0.17912723579034695,7.710215168709367,230.05112499999925,0.03225806451612903,"{""Recombination""}"
expB_N50_rho0.5_rep09,B,rho_0.5_N50,9,50,3000,500,0.05,0.5,0.06,25.0,True,1205;1549;1936;2148;2198;2310,6,True,5,310;1202;1548;1942;2373,True,True,193.6,1.0,False,0.9511163102042755,11.777897525995192,1.0,0.8535039020093873,11.777897525995192,269.39137499999964,0.03225806451612903,"{""Recombination""}"
expB_N50_rho0.5_rep10,B,rho_0.5_N50,10,50,3000,500,0.05,0.5,0.14,25.0,True,298;631;710;757;833;907;1050;1166;1224;1462;1498;1681;2133;2250,14,True,6,298;760;1162;1456;1668;1918,True,True,40.166666666666664,0.0,False,0.9555338931011319,17.702468489298006,1.0000000000000002,0.054782812693629834,17.70246848929801,209.1156249999999,0.03225806451612903,"{""Recombination""}"
expB_N50_rho0.5_rep11,B,rho_0.5_N50,11,50,3000,500,0.05,0.5,0.12,25.0,True,699;768;905;1261;1285;1850;1950;2050;2139;2223;2353;2534,12,True,7,751;903;988;1356;1891;2050;2552,True,True,33.142857142857146,0.0,False,0.9629047974313324,12.415971439681153,0.75,1.2598971638271623,9.311978579760865,261.8047919999995,0.03225806451612903,"{""Recombination""}"
expB_N50_rho0.5_rep12,B,rho_0.5_N50,12,50,3000,500,0.05,0.5,0.16,25.0,True,366;439;539;743;772;796;981;1409;1599;1938;2056;2182;2277;2609;2852;2951,16,True,3,810;1328;1918,True,True,38.333333333333336,14.0,False,0.8167813304779522,6.458105167924157,1.0,1.0831529398154862,6.458105167924157,199.1051669999999,0.03225806451612903,"{""Recombination""}"
expB_N50_rho0.5_rep13,B,rho_0.5_N50,13,50,3000,500,0.05,0.5,0.06,25.0,True,149;467;882;1516;2159;2281,6,True,2,125;464,True,True,13.5,3.0,False,0.9886413057827256,12.557495859220642,0.8181818181818182,1.1361240680456395,10.274314793907799,224.002209,0.03225806451612903,"{""Recombination""}"
expB_N50_rho0.5_rep14,B,rho_0.5_N50,14,50,3000,500,0.05,0.5,0.08,25.0,True,157;207;410;1094;1448;1696;2059;2143,8,True,2,1454;1693,True,True,4.5,3.0,False,0.9475417521836338,12.176327759565297,0.8095238095238094,0.07157471370537538,9.85702723393381,227.21654099999978,0.03225806451612903,"{""Recombination""}"
expB_N20_rho1.0_rep00,B,rho_1.0_N20,0,20,3000,500,0.05,1.0,0.9,25.0,True,69;93;180;288;391;623;727;798;812;848;866;960;1072;1106;1136;1185;1219;1304;1398;1603;1640;1830;1927;2177;2297;2357;2390;2391;2461;2511;2534;2627;2687;2803;2821;2870,36,True,12,280;398;630;728;932;1110;1407;1692;1939;2290;2534;2616,True,True,12.166666666666666,0.0,False,0.8408732390255836,9.858372074010461,1.0,0.4708422752274035,9.858372074010461,71.63929199999953,0.03225806451612903,"{""Recombination""}"
expB_N20_rho1.0_rep01,B,rho_1.0_N20,1,20,3000,500,0.05,1.0,0.55,25.0,True,105;297;326;463;541;573;608;790;970;1203;1598;1619;1626;1648;1896;1933;2071;2103;2153;2546;2553;2742,22,True,4,331;570;1057;1744,True,True,47.75,3.0,False,0.9294730488419007,5.6193012224155625,1.0,0.15314095380434467,5.6193012224155625,69.72383399999993,0.22580645161290322,"{""Recombination"", ""Clonal Null""}"
expB_N20_rho1.0_rep02,B,rho_1.0_N20,2,20,3000,500,0.05,1.0,0.3,25.0,True,374;664;867;889;1419;1434;1539;1661;1760;1891;2189;2619,12,True,2,369;791,True,True,40.5,5.0,False,0.9940033453903333,22.326586751101246,0.9047619047619048,0.06676628822592146,20.20024515575827,78.03870799999979,0.03225806451612903,"{""Recombination""}"
expB_N20_rho1.0_rep03,B,rho_1.0_N20,3,20,3000,500,0.05,1.0,0.5,25.0,True,48;98;324;453;625;664;726;901;992;1085;1342;1525;1555;1605;1718;1774;1864;1931;1939;2285,20,True,3,997;1712;1930,True,True,4.0,1.0,False,0.9406751887303323,9.129812230297201,1.0,0.1141579679887057,9.129812230297201,74.365625,0.03225806451612903,"{""Recombination""}"
expB_N20_rho1.0_rep04,B,rho_1.0_N20,4,20,3000,500,0.05,1.0,0.25,25.0,True,41;91;581;1164;1362;1412;1608;1865;2875;2955,10,False,0,,False,False,,,False,0.9904166403976522,0.0,0.0,0.047462202354287,0.142386607062861,46.46620900000009,0.8387096774193549,"{""Recombination"", ""Clonal Null""}"
expB_N20_rho1.0_rep05,B,rho_1.0_N20,5,20,3000,500,0.05,1.0,0.45,25.0,True,80;96;246;296;528;699;749;886;1280;1305;1333;1355;1779;1873;2213;2268;2339;2874,18,True,2,748;2347,True,True,4.5,1.0,False,0.9772911567897211,4.939755081297354,0.6,1.7182807115604897,5.154842134681469,60.68091599999947,0.3225806451612903,"{""Recombination"", ""Clonal Null""}"
expB_N20_rho1.0_rep06,B,rho_1.0_N20,6,20,3000,500,0.05,1.0,0.75,25.0,True,280;296;301;351;470;597;626;813;848;920;923;949;953;986;1329;1423;1488;1527;1570;1590;1665;1674;1680;1772;1793;2032;2123;2189;2727;2874,30,True,9,286;628;930;1224;1578;1804;2028;2078;2726,True,True,21.0,1.0,False,0.7897725075246549,7.322936968111612,1.0000000000000002,1.8402037882495228,7.322936968111613,77.53208299999991,0.03225806451612903,"{""Recombination""}"
expB_N20_rho1.0_rep07,B,rho_1.0_N20,7,20,3000,500,0.05,1.0,0.25,25.0,True,949;1014;1113;2045;2155;2448;2695;2750;2884;2934,10,True,7,1010;1118;2052;2152;2439;2685;2762,True,True,7.142857142857143,3.0,False,0.9699487693617947,53.835279832752306,1.0000000000000002,1.9236063590976495,53.83527983275232,73.1809590000001,0.03225806451612903,"{""Recombination""}"
expB_N20_rho1.0_rep08,B,rho_1.0_N20,8,20,3000,500,0.05,1.0,0.35,25.0,True,530;602;859;1381;1618;1879;1916;1992;2015;2193;2285;2398;2448;2605,14,True,3,864;1383;1963,True,True,12.0,2.0,False,0.9487791226925764,9.357163014530283,0.9047619047619048,0.8210011465331246,8.466004632194066,83.4880410000003,0.03225806451612903,"{""Recombination""}"
expB_N20_rho1.0_rep09,B,rho_1.0_N20,9,20,3000,500,0.05,1.0,0.4,25.0,True,12;464;490;564;705;721;1037;1467;1659;1670;1732;1764;1842;2220;2270;2870,16,True,4,304;489;726;1658,True,True,41.75,1.0,False,0.9723053443514537,8.235043014486678,0.8260869565217391,0.10058915037025229,6.802861620662908,66.41704100000024,0.03225806451612903,"{""Recombination""}"
expB_N20_rho1.0_rep10,B,rho_1.0_N20,10,20,3000,500,0.05,1.0,0.45,25.0,True,64;132;543;586;589;643;996;1070;1151;1264;1441;1503;1546;1586;1699;1742;1948;2779,18,True,8,546;870;1006;1278;1496;1596;1740;2780,True,True,21.625,1.0,False,0.9052169128007047,10.89613872934286,1.0,1.8538326134435774,10.89613872934286,75.12408299999996,0.03225806451612903,"{""Recombination""}"
expB_N20_rho1.0_rep11,B,rho_1.0_N20,11,20,3000,500,0.05,1.0,0.5,25.0,True,135;331;517;696;874;1335;1353;1399;1510;1593;1674;1716;1717;1725;2090;2307;2423;2465;2876;2964,20,True,7,676;859;1158;1338;1734;1891;2322,True,True,57.857142857142854,3.0,False,0.8012639413357984,9.445365974001302,1.0,1.7917966422623248,9.445365974001302,69.94541699999957,0.03225806451612903,"{""Recombination""}"
expB_N20_rho1.0_rep12,B,rho_1.0_N20,12,20,3000,500,0.05,1.0,0.5,25.0,True,23;73;173;206;215;265;721;773;858;1373;1434;1534;1889;1920;2086;2216;2376;2412;2912;2919,20,True,6,232;878;1614;1894;2082;2478,True,True,32.0,4.0,False,0.7689341788837829,6.628339281610989,1.0,1.1174613183297417,6.628339281610989,79.14174999999979,0.03225806451612903,"{""Recombination""}"
expB_N20_rho1.0_rep13,B,rho_1.0_N20,13,20,3000,500,0.05,1.0,0.55,25.0,True,102;294;297;334;411;497;591;712;803;997;1041;1428;1465;1494;1528;1789;1815;2021;2025;2135;2485;2980,22,True,8,249;534;1123;1436;1818;2012;2130;2408,True,True,33.25,3.0,False,0.9613471457578413,14.010534792541407,1.0,0.15635139303875178,14.010534792541407,89.05787499999951,0.03225806451612903,"{""Recombination""}"
expB_N20_rho1.0_rep14,B,rho_1.0_N20,14,20,3000,500,0.05,1.0,0.4,25.0,True,47;59;362;368;653;678;778;1247;1395;1526;1720;2369;2518;2639;2709;2905,16,True,7,358;662;780;1242;1501;2092;2576,True,True,54.285714285714285,2.0,False,0.8527717147143141,14.34057004436235,1.0,1.8428672335441498,14.34057004436235,77.28470900000018,0.03225806451612903,"{""Recombination""}"
expB_N50_rho1.0_rep00,B,rho_1.0_N50,0,50,3000,500,0.05,1.0,0.26,25.0,True,100;338;398;538;813;830;893;919;931;1289;1439;1454;1467;1590;1726;1987;2013;2138;2174;2216;2260;2489;2527;2585;2591;2694,26,True,8,540;926;1292;1440;1994;2134;2227;2591,True,True,4.125,0.0,False,0.8743551816074343,20.309005652148972,1.0,1.9833902441815505,20.309005652148972,220.02879099999984,0.03225806451612903,"{""Recombination""}"
expB_N50_rho1.0_rep01,B,rho_1.0_N50,1,50,3000,500,0.05,1.0,0.24,25.0,True,24;53;103;432;448;675;963;1108;1124;1185;1372;1474;1489;1524;1798;1848;1896;1977;2170;2454;2484;2637;2640;2970,24,True,7,456;684;1088;1476;2166;2448;2632,True,True,7.714285714285714,2.0,False,0.9341164294366127,29.81974487591177,1.0,0.15180626107594253,29.81974487591177,243.5295420000001,0.03225806451612903,"{""Recombination""}"
expB_N50_rho1.0_rep02,B,rho_1.0_N50,2,50,3000,500,0.05,1.0,0.24,25.0,True,317;700;823;894;996;1118;1206;1215;1371;1377;1457;1652;1716;1823;1835;1894;2274;2324;2401;2434;2661;2667;2779;2957,24,True,12,322;689;824;1034;1219;1472;1565;1834;2274;2376;2426;2653,True,True,16.916666666666668,0.0,False,0.8642198093666944,9.20959717573556,1.0,0.26323949287681203,9.20959717573556,226.39854100000002,0.03225806451612903,"{""Recombination""}"
expB_N50_rho1.0_rep03,B,rho_1.0_N50,3,50,3000,500,0.05,1.0,0.26,25.0,True,515;532;690;755;805;857;911;1301;1368;1377;1560;1650;1732;1742;1760;1827;1866;1890;1937;2091;2360;2369;2449;2515;2925;2931,26,True,10,526;796;919;1378;1733;1863;2087;2359;2515;2760,True,True,19.8,0.0,False,0.8766245649672876,10.225902808495187,1.0,1.963355632004446,10.225902808495187,190.87170799999953,0.03225806451612903,"{""Recombination""}"
expB_N50_rho1.0_rep04,B,rho_1.0_N50,4,50,3000,500,0.05,1.0,0.26,25.0,True,220;336;480;530;732;939;1026;1213;1215;1369;1390;1461;1612;1809;1856;1908;1946;1972;1996;2021;2085;2200;2292;2345;2430;2741,26,True,10,1224;1439;1518;1811;1904;2012;2084;2298;2409;2772,True,True,16.2,1.0,False,0.7572088225498139,9.707710451221518,1.0,1.8832740641425554,9.707710451221518,193.08362499999987,0.03225806451612903,"{""Recombination""}"
expB_N50_rho1.0_rep05,B,rho_1.0_N50,5,50,3000,500,0.05,1.0,0.22,25.0,True,10;62;316;460;613;618;658;678;747;779;910;988;1012;1161;1183;1357;1624;1658;1674;1818;1947;2188,22,True,8,316;458;656;914;1008;1654;1806;2192,True,True,4.0,0.0,False,0.7879325961098738,8.380020169335333,1.0,1.9027792749984185,8.380020169335333,229.85195800000025,0.03225806451612903,"{""Recombination""}"
expB_N50_rho1.0_rep06,B,rho_1.0_N50,6,50,3000,500,0.05,1.0,0.22,25.0,True,65;79;441;556;786;910;963;984;1279;1451;1545;1555;1605;1755;1817;2025;2102;2118;2121;2177;2353;2396,22,True,8,1035;1277;1328;1458;1606;1823;2118;2403,True,True,15.375,0.0,False,0.7736491608603485,11.884330389532527,1.0,0.37994009557530617,11.884330389532527,236.32350000000014,0.03225806451612903,"{""Recombination""}"
expB_N50_rho1.0_rep07,B,rho_1.0_N50,7,50,3000,500,0.05,1.0,0.3,25.0,True,343;451;554;635;641;692;720;750;1012;1137;1187;1197;1387;1618;1755;1807;1874;2096;2130;2195;2223;2264;2346;2352;2548;2571;2575;2727;2989,29,True,8,344;446;548;687;1552;2315;2596;2725,True,True,17.125,1.0,False,0.8891698574322139,7.7233546947981875,1.0,0.08835246575924005,7.7233546947981875,238.36112499999996,0.03225806451612903,"{""Recombination""}"
expB_N50_rho1.0_rep08,B,rho_1.0_N50,8,50,3000,500,0.05,1.0,0.22,25.0,True,6;231;260;281;409;618;712;755;774;916;971;1360;1381;1403;1813;1835;1885;1905;2190;2217;2244;2468,22,False,0,,False,False,,,False,0.9137621112965021,0.0,0.0,1.934813673003985,5.804441019011955,149.10216699999967,0.12903225806451613,"{""Recombination"", ""Clonal Null""}"
expB_N50_rho1.0_rep09,B,rho_1.0_N50,9,50,3000,500,0.05,1.0,0.2,25.0,True,154;216;225;271;609;654;817;834;911;1354;1598;1602;2376;2416;2563;2612;2613;2662;2726;2763,20,True,2,1288;1354,True,True,33.0,0.0,False,0.9323550596256766,2.8245207912257673,0.6,1.8490703663141643,5.547211098942493,190.50604199999998,0.22580645161290322,"{""Recombination"", ""Clonal Null""}"
expB_N50_rho1.0_rep10,B,rho_1.0_N50,10,50,3000,500,0.05,1.0,0.28,25.0,True,144;473;482;518;532;535;584;657;750;757;869;878;1033;1038;1178;1252;1387;1569;1627;2028;2043;2335;2547;2693;2755;2886;2922,27,True,12,476;589;730;874;1038;1170;1240;1317;1536;2035;2540;2674,True,True,15.25,0.0,False,0.8753480681921603,9.757151991390167,1.0,1.9639737001945312,9.757151991390167,211.40500000000006,0.03225806451612903,"{""Recombination""}"
expB_N50_rho1.0_rep11,B,rho_1.0_N50,11,50,3000,500,0.05,1.0,0.24,25.0,True,267;424;592;636;700;771;803;901;968;994;1156;1244;1252;1294;1306;1792;1913;1964;2022;2168;2483;2519;2771;2887,24,True,7,300;526;648;966;1306;1968;2516,True,True,17.142857142857142,0.0,False,0.7925507756165283,8.80113899503715,1.0,1.9661849198773433,8.80113899503715,222.42108299999953,0.03225806451612903,"{""Recombination""}"
expB_N50_rho1.0_rep12,B,rho_1.0_N50,12,50,3000,500,0.05,1.0,0.14,25.0,True,123;392;522;580;1052;1612;2417;2566;2574;2630;2701;2874;2949;2957,14,True,3,491;1620;2628,True,True,13.666666666666666,2.0,False,0.8335019439848339,8.654647527797103,1.0,1.5287177081680823,8.654647527797103,218.27983299999954,0.03225806451612903,"{""Recombination""}"
expB_N50_rho1.0_rep13,B,rho_1.0_N50,13,50,3000,500,0.05,1.0,0.14,25.0,True,127;295;674;1398;1475;1588;1704;1754;1832;2129;2400;2408;2690;2695,14,True,3,665;1431;1830,True,True,14.666666666666666,2.0,False,0.935590858236188,10.634373979421692,1.0,1.7896477869495293,10.634373979421692,191.99533399999956,0.03225806451612903,"{""Recombination""}"
expB_N50_rho1.0_rep14,B,rho_1.0_N50,14,50,3000,500,0.05,1.0,0.32,25.0,True,207;277;373;444;494;522;587;611;620;668;852;877;1024;1066;1068;1118;1240;1304;1426;1432;1493;1583;1636;1664;1743;1991;2098;2268;2303;2384;2804,31,True,7,206;622;694;868;1426;1576;1995,True,True,7.0,0.0,False,0.9617354991430024,13.942219779633874,1.0,0.09718968740592593,13.942219779633874,217.33750000000018,0.03225806451612903,"{""Recombination""}"
expB_N20_rho10.0_rep00,B,rho_10.0_N20,0,20,3000,500,0.05,10.0,1.0,25.0,True,14;22;43;149;169;198;223;237;253;255;256;299;305;317;435;454;464;485;488;510;536;538;546;568;583;584;664;669;691;693;710;722;737;776;797;835;861;871;875;890;908;913;920;932;941;990;1021;1048;1070;1071;1075;1099;1122;1123;1141;1142;1144;1162;1166;1168;1173;1200;1214;1222;1226;1246;1250;1252;1254;1286;1308;1312;1316;1346;1351;1354;1388;1398;1411;1426;1438;1453;1454;1490;1496;1508;1519;1533;1581;1583;1624;1642;1644;1654;1736;1742;1762;1793;1804;1810;1816;1820;1825;1826;1866;1874;1902;1906;1910;1918;1934;1947;1985;1995;2011;2024;2032;2042;2050;2071;2079;2094;2108;2113;2119;2154;2182;2215;2241;2269;2293;2327;2331;2339;2353;2388;2411;2425;2457;2467;2485;2505;2525;2535;2563;2581;2591;2602;2611;2625;2630;2646;2695;2711;2715;2761;2767;2817;2873;2908;2968,161,True,18,299;527;583;712;868;1088;1427;1644;1743;1830;1929;2083;2167;2275;2426;2477;2592;2795,True,True,5.055555555555555,0.0,False,0.6704902765142149,10.541244771179317,1.0000000000000002,1.651522379732115,10.541244771179318,65.27499999999975,0.03225806451612903,"{""Recombination""}"
expB_N20_rho10.0_rep01,B,rho_10.0_N20,1,20,3000,500,0.05,10.0,1.0,25.0,True,16;76;121;136;153;154;160;172;173;186;201;209;217;224;238;239;255;264;291;310;314;320;364;379;390;413;414;418;421;422;426;456;477;487;517;526;540;548;553;561;564;576;602;634;671;672;685;691;695;732;737;773;795;801;860;863;892;915;919;929;955;960;1012;1018;1022;1047;1053;1056;1100;1105;1144;1166;1208;1215;1217;1218;1229;1265;1279;1286;1292;1309;1328;1341;1363;1370;1372;1374;1379;1395;1398;1422;1428;1431;1432;1448;1453;1505;1526;1536;1538;1548;1554;1562;1608;1610;1616;1617;1618;1621;1648;1656;1677;1681;1720;1727;1730;1738;1774;1810;1819;1827;1844;1859;1872;1895;1919;1925;1938;1974;1981;2003;2007;2034;2104;2117;2182;2195;2199;2202;2240;2247;2266;2271;2279;2281;2282;2283;2290;2360;2391;2410;2423;2431;2448;2494;2496;2498;2562;2585;2612;2628;2657;2663;2673;2679;2686;2687;2713;2723;2736;2738;2741;2743;2752;2754;2762;2827;2869;2877;2883;2909;2914;2950,184,True,17,194;408;550;621;686;736;942;1204;1294;1414;1762;1916;2118;2254;2394;2492;2700,True,True,5.705882352941177,1.0,False,0.7663961468814761,14.729186765546133,1.0000000000000002,1.8733897451559571,14.729186765546137,62.616541999999775,0.03225806451612903,"{""Recombination""}"
expB_N20_rho10.0_rep02,B,rho_10.0_N20,2,20,3000,500,0.05,10.0,1.0,25.0,True,38;62;74;196;224;245;293;298;314;352;378;396;447;466;471;498;513;517;521;523;534;545;559;576;618;702;728;754;762;765;812;817;875;903;905;915;918;937;945;965;982;985;990;992;1001;1028;1056;1072;1087;1103;1123;1124;1129;1135;1149;1179;1219;1235;1239;1256;1267;1278;1289;1302;1316;1350;1352;1354;1361;1362;1382;1398;1411;1419;1425;1437;1443;1445;1458;1473;1478;1481;1493;1513;1517;1523;1532;1536;1549;1550;1563;1585;1600;1639;1647;1654;1659;1660;1678;1683;1685;1694;1713;1733;1734;1764;1785;1823;1826;1835;1866;1868;1873;1904;1912;1918;1926;1928;1938;1950;1973;1976;1982;1983;1985;1987;2011;2012;2050;2058;2061;2062;2079;2082;2086;2112;2118;2139;2150;2178;2179;2188;2190;2221;2233;2264;2266;2268;2269;2275;2283;2345;2355;2367;2378;2405;2433;2436;2470;2474;2479;2483;2567;2611;2618;2631;2635;2658;2672;2680;2688;2697;2699;2712;2738;2770;2774;2777;2806;2822;2847;2855;2860;2898;2926;2936,186,True,12,231;520;736;944;1210;1352;1542;1756;1944;2217;2454;2709,True,True,5.75,0.0,False,0.6943149326450812,10.67094270283538,1.0,1.9451866749995386,10.67094270283538,70.76500000000064,0.03225806451612903,"{""Recombination""}"
expB_N20_rho10.0_rep03,B,rho_10.0_N20,3,20,3000,500,0.05,10.0,1.0,25.0,True,42;62;74;84;92;93;106;144;177;186;224;236;244;273;352;387;402;433;437;472;473;503;536;542;560;576;585;614;653;678;684;719;728;780;787;794;851;884;892;895;905;934;936;949;950;952;968;978;984;988;994;1003;1014;1016;1021;1046;1067;1068;1097;1110;1113;1118;1170;1171;1189;1196;1198;1215;1217;1226;1234;1252;1257;1258;1261;1262;1268;1276;1343;1345;1372;1376;1379;1394;1401;1404;1406;1408;1451;1481;1502;1530;1531;1532;1538;1553;1557;1558;1582;1591;1594;1597;1662;1722;1730;1731;1742;1747;1752;1772;1775;1776;1785;1786;1823;1864;1874;1884;1887;1915;1932;1951;1962;1975;1987;1988;1998;2003;2011;2012;2021;2088;2092;2102;2131;2135;2152;2162;2169;2181;2184;2197;2203;2220;2276;2288;2298;2306;2310;2322;2348;2386;2392;2404;2408;2444;2450;2474;2485;2521;2527;2553;2561;2565;2584;2598;2616;2619;2640;2669;2679;2695;2724;2743;2758;2767;2776;2797;2835;2836;2853;2929;2989,183,True,13,724;890;994;1184;1254;1538;1602;1804;1959;2202;2427;2624;2740,True,True,5.0,0.0,False,0.6790722817625902,15.669860905270733,1.0,1.2883062919481318,15.669860905270733,76.79970900000032,0.03225806451612903,"{""Recombination""}"
expB_N20_rho10.0_rep04,B,rho_10.0_N20,4,20,3000,500,0.05,10.0,1.0,25.0,True,13;22;28;38;58;72;74;89;113;163;205;209;257;262;290;307;308;315;321;331;337;344;395;398;420;422;426;450;462;473;475;487;494;530;542;602;617;655;667;694;702;717;720;738;795;796;811;824;869;886;896;904;940;946;961;975;977;982;1006;1009;1021;1036;1060;1061;1082;1083;1089;1093;1100;1108;1111;1113;1162;1182;1184;1204;1208;1213;1224;1269;1286;1289;1293;1297;1306;1308;1314;1448;1473;1474;1477;1488;1518;1519;1530;1536;1554;1559;1569;1571;1580;1595;1598;1604;1622;1671;1677;1687;1694;1735;1741;1753;1764;1767;1776;1790;1792;1794;1800;1831;1846;1855;1868;1902;1906;1917;1934;1935;1965;1968;1977;1978;1995;2000;2004;2024;2028;2062;2079;2104;2125;2127;2128;2138;2146;2151;2161;2163;2180;2182;2200;2201;2206;2210;2250;2296;2308;2310;2315;2332;2391;2401;2409;2418;2459;2474;2477;2495;2534;2582;2594;2626;2652;2656;2673;2676;2698;2706;2733;2737;2738;2744;2750;2758;2770;2771;2783;2795;2813;2825;2877;2932;2942;2953;2973;2975;2982,197,True,17,209;474;559;626;901;1064;1298;1355;1478;1783;1931;1996;2178;2324;2595;2702;2770,True,True,6.0,0.0,False,0.6889162876877086,20.11285671734659,1.0,1.7946156963757975,20.11285671734659,71.13987500000007,0.03225806451612903,"{""Recombination""}"
expB_N20_rho10.0_rep05,B,rho_10.0_N20,5,20,3000,500,0.05,10.0,1.0,25.0,True,41;51;91;95;160;202;210;234;251;254;285;297;298;316;326;337;359;407;412;458;462;469;473;482;491;493;517;537;541;575;589;595;628;646;693;708;710;725;735;746;779;784;791;794;795;831;861;868;884;887;916;922;938;941;966;972;987;1017;1027;1028;1040;1043;1054;1059;1070;1074;1079;1106;1149;1191;1212;1213;1271;1296;1301;1314;1319;1330;1331;1336;1372;1380;1390;1400;1418;1431;1434;1437;1445;1451;1458;1466;1487;1488;1508;1516;1522;1572;1589;1591;1596;1604;1608;1619;1631;1642;1645;1650;1656;1670;1694;1711;1728;1732;1747;1778;1779;1799;1806;1821;1832;1844;1848;1849;1850;1876;1892;1917;1938;1942;1946;1963;1984;1985;1991;2010;2015;2020;2032;2037;2049;2061;2068;2076;2080;2083;2105;2122;2128;2130;2189;2191;2201;2221;2239;2245;2254;2269;2306;2313;2315;2349;2357;2379;2431;2444;2455;2467;2501;2541;2549;2588;2613;2616;2636;2663;2674;2693;2698;2733;2736;2745;2774;2805;2806;2808;2824;2834;2851;2857;2927;2973,192,True,17,299;488;632;756;856;1012;1482;1712;1852;2027;2093;2190;2246;2462;2568;2752;2848,True,True,5.117647058823529,1.0,False,0.6918755316828783,5.005146692288193,1.0,1.4820441443487373,5.005146692288193,75.79475000000002,0.3225806451612903,"{""Recombination"", ""Clonal Null""}"
expB_N20_rho10.0_rep06,B,rho_10.0_N20,6,20,3000,500,0.05,10.0,1.0,25.0,True,58;109;146;157;167;184;192;232;242;252;268;299;301;302;330;357;424;436;474;475;486;535;537;557;559;573;586;650;651;695;699;709;722;724;749;810;816;866;867;880;894;901;927;934;936;948;965;966;981;1021;1025;1029;1039;1086;1098;1103;1110;1111;1149;1200;1202;1230;1250;1254;1259;1279;1340;1352;1367;1377;1382;1430;1460;1468;1476;1479;1512;1528;1543;1549;1569;1581;1609;1614;1618;1661;1667;1675;1698;1707;1708;1713;1714;1760;1762;1763;1779;1817;1842;1847;1865;1866;1900;1904;1909;1947;1973;1996;2017;2038;2059;2102;2109;2126;2154;2168;2220;2277;2282;2319;2321;2326;2369;2371;2382;2403;2430;2441;2454;2468;2487;2515;2528;2532;2612;2625;2630;2678;2708;2788;2979;2992,142,True,15,155;297;473;611;747;1018;1260;1354;1518;1574;1698;1908;2112;2340;2500,True,True,5.333333333333333,0.0,False,0.611362254419159,6.84700787283475,1.0000000000000002,1.6187764981548787,6.847007872834752,73.38654199999972,0.03225806451612903,"{""Recombination""}"
expB_N20_rho10.0_rep07,B,rho_10.0_N20,7,20,3000,500,0.05,10.0,1.0,25.0,True,59;124;188;208;219;229;252;283;286;288;292;295;324;332;342;344;351;363;386;408;409;437;439;463;496;532;565;585;599;647;662;666;672;674;677;681;716;722;731;743;745;759;774;776;779;780;788;791;795;813;832;851;863;864;869;884;912;923;956;958;967;968;999;1002;1006;1053;1063;1092;1096;1097;1113;1121;1127;1128;1131;1133;1134;1163;1212;1221;1240;1254;1255;1257;1258;1279;1280;1281;1291;1293;1302;1342;1343;1352;1356;1362;1364;1384;1394;1415;1416;1429;1452;1465;1489;1500;1511;1512;1536;1544;1552;1554;1555;1567;1584;1596;1605;1609;1636;1641;1647;1654;1655;1674;1705;1745;1754;1765;1782;1787;1792;1795;1798;1814;1819;1855;1857;1863;1887;1908;1926;1931;1941;1951;1954;1974;1976;1996;2026;2028;2034;2052;2065;2076;2077;2091;2098;2110;2144;2165;2186;2188;2189;2194;2195;2205;2209;2213;2223;2267;2275;2276;2282;2325;2326;2368;2371;2374;2375;2399;2402;2415;2427;2440;2452;2494;2497;2519;2552;2561;2584;2591;2603;2632;2651;2662;2664;2694;2700;2701;2706;2715;2719;2722;2754;2761;2788;2812;2862;2904;2920;2922;2973;2976;2987;2991;2992,217,True,13,418;647;784;963;1141;1288;1424;1786;1954;2095;2394;2613;2732,True,True,4.6923076923076925,0.0,False,0.591004083159813,5.963527497795344,1.0000000000000002,1.9219383361510476,5.9635274977953445,63.74737500000016,0.03225806451612903,"{""Recombination""}"
expB_N20_rho10.0_rep08,B,rho_10.0_N20,8,20,3000,500,0.05,10.0,1.0,25.0,True,42;83;91;92;133;143;255;261;266;272;296;316;371;372;393;396;397;405;420;462;475;486;489;525;556;569;608;632;642;670;672;678;696;708;715;811;816;824;828;844;878;893;962;990;991;1000;1012;1013;1047;1090;1208;1221;1224;1232;1244;1254;1266;1296;1303;1306;1329;1331;1343;1376;1388;1389;1391;1398;1419;1455;1474;1475;1482;1504;1518;1520;1527;1529;1548;1566;1569;1598;1618;1619;1627;1628;1637;1640;1642;1657;1686;1707;1716;1734;1780;1782;1791;1808;1809;1832;1849;1890;1897;1901;1908;1919;1936;1943;1958;1966;1970;1971;1975;1978;2006;2025;2026;2031;2050;2075;2081;2088;2089;2093;2110;2117;2138;2153;2157;2180;2181;2187;2198;2207;2213;2239;2298;2306;2315;2317;2334;2344;2359;2362;2429;2488;2496;2500;2548;2554;2559;2563;2600;2604;2605;2650;2655;2663;2675;2676;2691;2800;2909;2942;2965;2970;2980,167,True,16,95;252;426;706;890;1009;1240;1325;1476;1626;1726;1916;2120;2336;2500;2652,True,True,3.0,0.0,False,0.7716974679659665,58.658277386128454,1.0,1.941905056740341,58.658277386128454,77.40129200000024,0.03225806451612903,"{""Recombination""}"
expB_N20_rho10.0_rep09,B,rho_10.0_N20,9,20,3000,500,0.05,10.0,1.0,25.0,True,8;10;23;61;136;157;174;184;226;282;321;331;332;336;343;345;346;371;381;396;435;437;452;454;469;481;494;498;507;513;570;577;630;657;670;696;723;740;854;871;896;904;916;928;949;963;975;1002;1018;1102;1104;1108;1122;1166;1177;1183;1184;1187;1227;1253;1258;1264;1265;1268;1293;1322;1338;1344;1354;1355;1356;1364;1383;1426;1440;1461;1467;1476;1486;1504;1523;1527;1537;1540;1554;1558;1559;1570;1577;1584;1588;1613;1621;1622;1634;1636;1637;1653;1674;1681;1706;1731;1738;1763;1780;1785;1786;1788;1796;1797;1813;1836;1850;1862;1877;1897;1898;1909;1922;1927;1929;1958;1980;1982;1984;1986;1990;2032;2034;2109;2124;2140;2148;2163;2190;2197;2221;2230;2237;2270;2286;2291;2314;2345;2367;2384;2453;2461;2502;2525;2552;2596;2597;2614;2621;2695;2703;2741;2744;2767;2769;2834;2847;2862;2879;2897;2936,167,True,17,134;314;474;665;872;1101;1174;1367;1422;1524;1632;1808;1869;1998;2478;2580;2734,True,True,5.529411764705882,1.0,False,0.8055524011933156,6.35522297602882,1.0,1.8069123079868132,6.35522297602882,78.17337499999954,0.03225806451612903,"{""Recombination""}"
expB_N20_rho10.0_rep10,B,rho_10.0_N20,10,20,3000,500,0.05,10.0,1.0,25.0,True,15;47;65;105;133;169;219;233;248;280;283;299;327;367;368;375;390;440;481;547;551;590;610;612;613;676;694;710;711;764;778;783;795;802;814;870;880;886;896;913;935;947;969;972;979;987;1019;1021;1049;1067;1069;1070;1071;1075;1079;1092;1098;1124;1125;1165;1186;1190;1204;1215;1243;1247;1258;1265;1272;1286;1290;1303;1346;1353;1369;1409;1427;1444;1480;1487;1488;1503;1547;1557;1559;1560;1568;1571;1573;1596;1610;1628;1644;1673;1710;1713;1721;1723;1741;1760;1763;1768;1778;1792;1801;1813;1814;1820;1822;1880;1889;1893;1897;1930;1940;1941;1946;1996;2001;2002;2045;2058;2059;2091;2094;2096;2126;2133;2146;2153;2163;2170;2173;2217;2229;2240;2264;2297;2302;2353;2367;2393;2399;2406;2417;2421;2452;2456;2463;2472;2511;2553;2562;2574;2608;2624;2633;2644;2655;2671;2689;2703;2704;2713;2724;2747;2750;2765;2853;2887;2939;2960;2968;2981;2996,175,True,17,176;378;739;868;976;1081;1222;1336;1501;1707;1872;2076;2134;2267;2460;2551;2667,True,True,5.882352941176471,1.0,False,0.5917216381524179,13.773644194860847,1.0,1.1642844535729493,13.773644194860847,90.4867920000001,0.03225806451612903,"{""Recombination""}"
expB_N20_rho10.0_rep11,B,rho_10.0_N20,11,20,3000,500,0.05,10.0,1.0,25.0,True,19;69;87;98;107;109;117;135;142;218;231;234;236;237;254;287;296;337;361;387;396;412;433;467;602;678;690;729;775;795;818;822;869;891;905;911;920;937;938;949;958;998;1001;1020;1023;1041;1057;1130;1166;1176;1185;1186;1208;1276;1278;1289;1298;1331;1332;1345;1354;1356;1371;1374;1418;1422;1448;1449;1468;1474;1488;1501;1527;1530;1539;1550;1561;1572;1591;1604;1645;1661;1673;1682;1697;1699;1734;1779;1802;1822;1854;1882;1896;1912;1928;1995;2003;2038;2048;2071;2072;2105;2108;2109;2111;2120;2130;2135;2142;2150;2156;2159;2170;2179;2259;2287;2315;2322;2339;2344;2362;2379;2415;2425;2458;2466;2510;2532;2553;2560;2570;2589;2603;2620;2691;2699;2733;2762;2798;2801;2863;2888;2901;2913;2957;2959;2971,147,True,17,251;384;482;730;1054;1356;1446;1522;1680;1906;1984;2070;2136;2316;2458;2538;2766,True,True,3.764705882352941,0.0,False,0.7226670348968378,11.015895767329827,1.0,1.867880879678789,11.015895767329827,73.34312500000007,0.03225806451612903,"{""Recombination""}"
expB_N20_rho10.0_rep12,B,rho_10.0_N20,12,20,3000,500,0.05,10.0,1.0,25.0,True,4;16;26;34;42;76;79;83;159;177;223;230;269;302;307;311;316;319;360;361;383;412;443;454;489;509;514;516;532;559;562;634;636;666;667;676;686;700;704;711;720;730;755;818;834;838;840;843;850;883;898;948;973;986;1041;1053;1062;1064;1090;1121;1137;1146;1155;1158;1190;1198;1234;1235;1242;1258;1266;1299;1339;1345;1351;1358;1382;1393;1400;1449;1474;1477;1483;1484;1516;1517;1526;1537;1544;1549;1568;1643;1651;1678;1679;1695;1702;1713;1718;1728;1779;1817;1822;1826;1840;1857;1872;1876;1880;1892;1898;1909;1930;1962;1974;1982;1991;1994;2005;2018;2022;2055;2090;2098;2122;2123;2131;2134;2155;2157;2172;2181;2183;2190;2227;2267;2269;2281;2289;2295;2313;2321;2333;2334;2339;2341;2393;2397;2398;2419;2424;2440;2456;2471;2483;2488;2519;2550;2551;2570;2606;2648;2745;2767;2775;2808;2819;2824;2868;2873;2911;2926;2936;2938,174,True,17,166;298;511;656;808;1042;1186;1304;1671;1848;2110;2309;2423;2524;2739;2812;2872,True,True,5.352941176470588,1.0,False,0.6600263598650526,5.923228103816055,1.0,0.5024045132621688,5.923228103816055,89.3369160000006,0.06451612903225806,"{""Recombination"", ""Clonal Null""}"
expB_N20_rho10.0_rep13,B,rho_10.0_N20,13,20,3000,500,0.05,10.0,1.0,25.0,True,4;33;39;70;89;116;138;153;163;201;205;249;256;258;279;297;318;345;396;433;461;490;535;537;573;597;600;613;621;628;644;646;647;676;701;703;715;717;718;726;755;758;817;820;828;838;847;873;884;905;907;917;919;955;956;959;965;975;987;996;1009;1015;1046;1055;1075;1112;1133;1135;1162;1174;1199;1203;1222;1223;1226;1230;1235;1274;1289;1291;1314;1316;1336;1340;1341;1351;1356;1358;1363;1372;1379;1390;1406;1419;1455;1497;1529;1538;1541;1571;1576;1593;1604;1609;1626;1628;1639;1643;1682;1697;1700;1729;1734;1737;1738;1741;1744;1775;1782;1799;1800;1807;1808;1810;1831;1842;1869;1873;1878;1879;1904;1907;1950;1961;1964;1971;1991;2041;2044;2054;2077;2101;2164;2169;2175;2209;2223;2298;2306;2347;2362;2367;2397;2399;2403;2410;2427;2429;2445;2447;2460;2524;2529;2531;2540;2561;2578;2579;2580;2582;2599;2601;2607;2625;2637;2673;2717;2723;2736;2742;2747;2750;2751;2756;2764;2768;2773;2780;2788;2790;2800;2833;2848;2852;2859;2960;2999,197,True,18,384;486;637;826;892;994;1106;1186;1322;1388;1532;1828;2034;2326;2412;2592;2763;2850,True,True,5.888888888888889,1.0,False,0.6567061910856502,13.108276599716188,1.0000000000000002,1.6265613570117936,13.108276599716191,79.26995800000026,0.03225806451612903,"{""Recombination""}"
expB_N20_rho10.0_rep14,B,rho_10.0_N20,14,20,3000,500,0.05,10.0,1.0,25.0,True,35;49;51;57;117;138;182;226;245;303;304;334;338;373;410;461;496;530;532;545;584;604;613;621;672;690;712;737;761;774;784;878;894;907;937;951;961;969;985;986;1024;1041;1112;1125;1131;1139;1140;1171;1194;1260;1264;1312;1326;1337;1338;1362;1370;1378;1399;1437;1448;1485;1516;1550;1562;1575;1587;1610;1612;1617;1633;1634;1642;1656;1667;1675;1704;1740;1769;1815;1818;1819;1851;1862;1881;1910;1927;1968;2015;2087;2100;2146;2157;2164;2169;2179;2190;2199;2204;2216;2228;2245;2250;2257;2260;2272;2300;2312;2320;2336;2342;2357;2390;2392;2404;2464;2475;2482;2484;2494;2496;2510;2522;2528;2532;2534;2554;2559;2578;2585;2586;2591;2625;2643;2645;2646;2652;2655;2666;2676;2710;2727;2732;2770;2813;2821;2833;2870;2921;2926;2931;2941;2960;2971;2981,155,True,19,332;456;792;883;965;1093;1264;1324;1500;1664;1852;2012;2098;2223;2316;2444;2660;2827;2880,True,True,6.2631578947368425,0.0,False,0.836193743032064,28.789227300781718,1.0000000000000002,1.054728510482803,28.789227300781725,82.15837500000056,0.03225806451612903,"{""Recombination""}"
expB_N50_rho10.0_rep00,B,rho_10.0_N50,0,50,3000,500,0.05,10.0,1.0,25.0,True,38;48;56;89;126;130;158;191;197;210;229;238;242;259;292;311;320;323;326;370;449;508;521;530;540;571;625;637;720;736;757;776;803;807;826;830;839;857;878;881;890;934;959;963;968;974;977;1028;1074;1098;1103;1112;1133;1135;1143;1158;1184;1193;1214;1228;1232;1234;1235;1252;1260;1302;1318;1323;1326;1327;1368;1373;1378;1381;1382;1400;1402;1410;1428;1429;1434;1461;1467;1472;1496;1503;1511;1513;1515;1537;1561;1587;1606;1637;1683;1693;1726;1727;1731;1736;1749;1755;1760;1764;1771;1774;1780;1785;1794;1821;1825;1827;1846;1875;1886;1898;1913;1920;1938;1958;1974;1986;1988;1991;1999;2004;2010;2020;2022;2049;2119;2156;2177;2185;2193;2203;2226;2255;2264;2273;2297;2298;2330;2333;2339;2344;2347;2390;2427;2440;2482;2488;2507;2527;2529;2543;2557;2572;2591;2607;2619;2628;2629;2639;2642;2685;2721;2740;2767;2770;2794;2801;2813;2842;2845;2856;2863;2882;2904;2917;2920;2923;2936;2952;2960;2964;2974;2979;2984;2985;2988;2995,192,True,20,138;209;451;639;842;972;1094;1237;1324;1408;1516;1636;1764;2002;2116;2222;2512;2621;2786;2864,True,True,2.7,0.0,False,0.7219907422902497,16.17420494088023,1.0,0.2886195125344936,16.17420494088023,201.43787499999988,0.03225806451612903,"{""Recombination""}"
expB_N50_rho10.0_rep01,B,rho_10.0_N50,1,50,3000,500,0.05,10.0,1.0,25.0,True,44;80;90;92;123;125;167;198;217;224;235;266;271;273;275;291;297;305;311;314;321;336;338;355;412;429;432;440;462;495;499;541;555;584;588;598;602;620;671;694;700;704;720;722;731;750;753;757;793;831;854;856;880;893;927;999;1000;1024;1026;1027;1036;1053;1057;1060;1082;1093;1106;1107;1117;1140;1223;1241;1258;1389;1390;1402;1413;1414;1417;1454;1470;1498;1513;1520;1548;1565;1607;1621;1668;1681;1707;1713;1724;1732;1742;1784;1791;1802;1803;1814;1820;1821;1841;1843;1872;1878;1922;1930;1956;1977;2017;2019;2021;2027;2028;2049;2055;2077;2078;2095;2108;2142;2148;2152;2154;2157;2161;2180;2183;2187;2202;2204;2216;2227;2230;2236;2282;2285;2307;2317;2342;2349;2354;2361;2368;2370;2414;2472;2497;2500;2515;2577;2615;2623;2705;2709;2727;2758;2778;2783;2788;2791;2840;2857;2882;2885;2899;2903;2906;2928;2989,171,True,19,14;81;262;514;590;702;784;889;1026;1136;1408;1550;1728;1927;2026;2152;2300;2497;2627,True,True,5.105263157894737,0.0,False,0.7839596693145394,9.795580315380285,1.0,1.6290215849791636,9.795580315380285,217.79558300000002,0.03225806451612903,"{""Recombination""}"
expB_N50_rho10.0_rep02,B,rho_10.0_N50,2,50,3000,500,0.05,10.0,1.0,25.0,True,34;46;54;76;90;108;109;139;185;197;201;216;225;235;241;251;271;287;298;299;301;303;317;341;345;379;386;391;399;408;462;466;475;479;484;504;548;566;581;589;592;617;618;632;658;666;671;684;737;738;739;741;744;756;760;811;820;829;837;844;860;874;883;887;895;899;933;939;944;949;985;988;998;999;1014;1020;1035;1042;1049;1052;1066;1080;1082;1098;1103;1115;1119;1125;1126;1133;1143;1160;1162;1168;1221;1228;1234;1241;1242;1267;1279;1289;1296;1318;1339;1344;1351;1373;1374;1382;1387;1393;1400;1432;1437;1438;1446;1453;1471;1496;1524;1536;1537;1551;1555;1565;1584;1600;1609;1633;1634;1642;1647;1673;1675;1690;1706;1710;1711;1732;1758;1765;1786;1789;1824;1827;1858;1894;1899;1913;1915;1937;1942;1960;1966;1986;1987;2011;2013;2033;2046;2091;2139;2147;2157;2160;2188;2191;2241;2242;2254;2319;2377;2386;2395;2431;2440;2498;2529;2576;2616;2626;2651;2656;2695;2701;2737;2744;2771;2786;2796;2800;2812;2836;2862;2874;2885;2926;2937;2946;2977;2989,202,True,15,125;405;501;703;896;1054;1164;1336;1440;1700;1787;1910;2094;2590;2740,True,True,5.266666666666667,1.0,False,0.6103631524748794,7.694625946151792,1.0,1.7554589778886918,7.694625946151792,189.08291699999947,0.03225806451612903,"{""Recombination""}"
expB_N50_rho10.0_rep03,B,rho_10.0_N50,3,50,3000,500,0.05,10.0,1.0,25.0,True,1;5;8;22;44;55;67;81;167;228;237;241;311;313;316;328;333;344;345;383;421;432;435;451;459;477;485;488;506;508;510;513;517;552;557;571;585;586;597;602;604;610;614;626;650;654;671;700;725;732;743;752;756;763;785;813;838;847;852;857;858;888;899;903;913;915;943;963;982;988;991;1001;1006;1032;1038;1046;1047;1056;1063;1087;1091;1096;1102;1111;1115;1146;1159;1167;1171;1174;1221;1229;1245;1257;1273;1292;1305;1312;1331;1338;1368;1391;1401;1437;1441;1443;1445;1447;1456;1474;1479;1485;1496;1507;1509;1512;1522;1537;1544;1568;1572;1574;1591;1602;1603;1628;1630;1649;1657;1665;1693;1699;1703;1708;1728;1736;1766;1778;1784;1826;1858;1892;1897;1908;1921;1952;1955;1967;1968;1975;2004;2005;2009;2025;2068;2091;2092;2095;2106;2115;2120;2123;2132;2193;2211;2242;2246;2252;2254;2260;2308;2372;2378;2387;2391;2408;2417;2418;2421;2444;2452;2470;2472;2505;2525;2544;2545;2547;2555;2572;2584;2594;2606;2629;2637;2641;2681;2685;2701;2704;2722;2733;2744;2759;2781;2790;2810;2826;2838;2939;2953;2976,212,True,17,247;550;740;892;1114;1238;1316;1505;1743;1909;2097;2195;2330;2406;2520;2611;2696,True,True,4.705882352941177,1.0,False,0.6104084171074035,9.351040782630157,1.0,1.2984141694509423,9.351040782630157,208.80533400000002,0.03225806451612903,"{""Recombination""}"
expB_N50_rho10.0_rep04,B,rho_10.0_N50,4,50,3000,500,0.05,10.0,1.0,25.0,True,48;49;111;112;169;172;174;186;200;219;250;267;341;365;367;383;391;415;417;420;461;466;514;526;531;562;568;576;585;604;619;651;658;682;687;694;699;729;736;745;748;751;757;759;784;790;793;800;894;906;931;948;949;968;973;989;993;1002;1010;1012;1022;1028;1030;1034;1041;1061;1068;1075;1078;1084;1093;1117;1135;1146;1151;1154;1169;1191;1195;1202;1203;1204;1207;1212;1252;1273;1291;1296;1302;1306;1313;1326;1362;1366;1368;1370;1377;1381;1386;1397;1423;1451;1468;1488;1498;1499;1521;1522;1528;1538;1542;1545;1552;1571;1576;1586;1591;1645;1663;1669;1687;1695;1700;1711;1714;1719;1741;1749;1753;1762;1768;1776;1791;1792;1796;1817;1829;1844;1846;1851;1880;1886;1900;1901;1906;1907;1916;1936;1950;1957;1964;1967;2006;2017;2044;2047;2054;2065;2067;2087;2089;2092;2118;2136;2142;2164;2166;2243;2257;2269;2307;2328;2342;2366;2384;2393;2408;2464;2501;2504;2512;2514;2552;2571;2581;2584;2615;2617;2621;2624;2660;2698;2712;2733;2737;2773;2774;2776;2779;2795;2824;2826;2839;2845;2889;2893;2896;2907;2926;2976;2982,211,True,22,377;544;644;796;848;1054;1198;1286;1396;1458;1588;1763;1828;1905;2057;2182;2333;2396;2504;2613;2768;2874,True,True,6.909090909090909,0.0,False,0.7963302280551829,15.72723313586137,1.0000000000000002,1.9577644871516502,15.727233135861374,218.72658299999958,0.03225806451612903,"{""Recombination""}"
expB_N50_rho10.0_rep05,B,rho_10.0_N50,5,50,3000,500,0.05,10.0,1.0,25.0,True,71;123;134;140;220;231;233;242;262;266;325;328;385;393;397;418;433;434;437;449;471;474;482;483;485;486;490;496;498;515;533;534;546;576;578;616;645;655;658;669;675;697;708;716;748;769;783;819;828;833;857;925;931;932;934;944;973;974;978;982;984;986;995;1025;1039;1071;1084;1085;1170;1179;1182;1183;1186;1201;1208;1211;1230;1234;1239;1270;1280;1284;1297;1299;1317;1321;1332;1361;1388;1391;1396;1397;1406;1411;1431;1432;1434;1442;1462;1467;1469;1475;1519;1524;1525;1538;1546;1598;1620;1633;1642;1643;1658;1665;1668;1682;1704;1709;1726;1758;1764;1769;1774;1794;1799;1801;1808;1809;1810;1814;1819;1827;1836;1844;1845;1865;1869;1915;1934;1947;1950;1972;2005;2016;2052;2063;2102;2117;2132;2137;2149;2152;2153;2164;2208;2218;2225;2242;2253;2258;2284;2331;2340;2341;2343;2345;2390;2408;2439;2457;2479;2513;2638;2639;2647;2648;2651;2667;2744;2753;2791;2818;2823;2834;2838;2849;2858;2862;2887;2912;2942;2946;2959;2993,194,True,13,236;432;674;779;1177;1324;1485;1592;1768;1940;2064;2480;2670,True,True,3.230769230769231,1.0,False,0.7989987031385456,14.874449699801653,1.0,1.786285938235745,14.874449699801653,225.3425420000008,0.03225806451612903,"{""Recombination""}"
expB_N50_rho10.0_rep06,B,rho_10.0_N50,6,50,3000,500,0.05,10.0,1.0,25.0,True,36;74;80;86;107;137;139;152;187;218;243;269;278;355;369;370;376;380;438;449;461;470;477;489;498;499;513;532;542;549;555;560;577;595;605;606;609;617;619;624;634;638;645;661;665;674;684;706;754;756;817;824;829;834;838;884;889;896;899;900;922;940;942;946;949;961;975;976;985;997;1006;1016;1025;1083;1087;1117;1121;1127;1129;1133;1144;1147;1153;1182;1192;1200;1201;1207;1251;1253;1257;1266;1272;1287;1307;1320;1327;1330;1359;1360;1368;1377;1396;1410;1433;1443;1448;1460;1462;1464;1490;1491;1496;1500;1513;1518;1534;1546;1557;1558;1566;1568;1573;1581;1582;1599;1616;1618;1625;1628;1630;1648;1654;1659;1675;1691;1731;1742;1749;1754;1755;1775;1789;1795;1829;1832;1875;1882;1901;1920;1926;1953;1969;1996;2009;2017;2029;2030;2046;2053;2063;2067;2087;2088;2096;2113;2127;2133;2138;2140;2142;2157;2175;2190;2192;2201;2220;2228;2234;2248;2255;2256;2273;2279;2303;2338;2339;2347;2350;2365;2368;2399;2418;2434;2444;2489;2495;2512;2513;2527;2530;2532;2536;2546;2577;2594;2644;2659;2672;2706;2709;2713;2729;2759;2791;2807;2830;2832;2839;2859;2864;2873;2879;2889;2897;2914;2923;2954;2965;2988,230,True,15,512;614;833;899;1170;1314;1436;1579;1800;1994;2332;2397;2494;2642;2826,True,True,3.3333333333333335,0.0,False,0.6869258424521647,15.917694043097228,1.0,1.87813159039387,15.917694043097228,209.476875,0.03225806451612903,"{""Recombination""}"
expB_N50_rho10.0_rep07,B,rho_10.0_N50,7,50,3000,500,0.05,10.0,1.0,25.0,True,46;74;78;86;103;132;150;186;192;291;306;308;312;399;411;421;428;451;464;470;471;485;487;564;591;605;614;619;641;644;659;675;687;696;704;715;720;773;779;784;786;790;794;858;884;885;914;916;939;976;990;1033;1062;1065;1088;1099;1133;1134;1205;1217;1220;1231;1236;1240;1296;1303;1315;1322;1330;1364;1375;1383;1402;1414;1416;1439;1464;1473;1485;1490;1503;1512;1531;1540;1552;1556;1577;1588;1598;1603;1604;1619;1621;1628;1638;1649;1651;1660;1661;1670;1675;1676;1688;1692;1701;1702;1711;1726;1751;1752;1753;1788;1792;1860;1863;1873;1893;1895;1901;1902;1904;1917;1934;1953;1957;1988;1994;2015;2038;2040;2047;2065;2067;2069;2071;2074;2076;2084;2092;2097;2114;2125;2138;2142;2168;2174;2175;2184;2188;2200;2228;2248;2267;2299;2301;2309;2326;2341;2399;2400;2434;2458;2464;2476;2479;2483;2519;2528;2543;2575;2582;2595;2610;2642;2667;2674;2709;2786;2791;2802;2803;2810;2821;2836;2844;2871;2883;2900;2918;2965;2969;2977;2991;2992,194,True,16,290;394;769;1084;1220;1325;1456;1545;1754;1906;2028;2166;2342;2649;2722;2839,True,True,4.3125,0.0,False,0.726742742480345,8.080464434411303,1.0000000000000002,1.9258515720388498,8.080464434411304,224.28495800000013,0.03225806451612903,"{""Recombination""}"
expB_N50_rho10.0_rep08,B,rho_10.0_N50,8,50,3000,500,0.05,10.0,1.0,25.0,True,33;72;125;143;167;184;194;201;217;218;224;231;240;268;292;296;310;319;336;363;369;375;386;409;431;439;472;475;488;518;526;528;537;555;556;560;562;565;574;581;582;587;602;603;617;622;625;632;655;675;687;691;787;789;801;806;807;813;852;853;856;881;897;915;974;990;993;1000;1008;1017;1031;1044;1048;1070;1075;1077;1084;1096;1097;1101;1106;1110;1113;1130;1144;1147;1158;1168;1192;1193;1195;1199;1204;1225;1236;1246;1251;1254;1260;1266;1296;1308;1309;1313;1315;1323;1324;1326;1335;1341;1346;1357;1368;1369;1376;1386;1391;1394;1400;1412;1434;1437;1444;1447;1461;1463;1477;1478;1482;1496;1524;1528;1562;1564;1574;1594;1603;1634;1649;1661;1667;1673;1679;1703;1732;1736;1737;1762;1777;1838;1855;1871;1875;1876;1878;1890;1923;1933;1943;1949;1954;1959;1960;1976;1988;2004;2013;2019;2022;2029;2053;2074;2097;2098;2114;2115;2117;2118;2136;2144;2148;2164;2165;2175;2189;2190;2193;2214;2219;2231;2239;2246;2248;2256;2259;2273;2287;2290;2298;2303;2306;2317;2320;2358;2368;2372;2387;2419;2422;2431;2466;2468;2483;2533;2547;2556;2567;2580;2609;2656;2659;2660;2674;2703;2731;2733;2739;2746;2762;2794;2797;2800;2807;2836;2858;2865;2876;2884;2959;2962;2982;2985;2998,243,True,22,98;184;272;403;474;527;602;798;1046;1183;1460;1596;1690;1768;1936;2155;2250;2351;2422;2568;2668;2877,True,True,4.5,0.0,False,0.7421081770643396,10.428336540840377,1.0000000000000002,1.83906505409462,10.428336540840379,218.96858299999965,0.03225806451612903,"{""Recombination""}"
expB_N50_rho10.0_rep09,B,rho_10.0_N50,9,50,3000,500,0.05,10.0,1.0,25.0,True,19;22;48;57;64;102;124;153;161;166;168;172;211;212;223;236;283;317;320;323;325;345;361;407;414;440;445;474;480;522;536;566;570;625;637;640;656;659;669;675;680;703;716;719;721;733;751;782;784;794;797;808;810;835;868;879;888;889;890;893;899;903;915;925;928;931;953;981;994;1001;1009;1015;1036;1045;1060;1083;1086;1094;1117;1138;1149;1155;1165;1167;1190;1193;1212;1219;1229;1246;1257;1285;1286;1295;1299;1346;1356;1379;1412;1413;1416;1423;1426;1435;1461;1476;1483;1485;1507;1515;1520;1547;1572;1574;1583;1605;1614;1622;1633;1644;1649;1676;1713;1715;1722;1743;1755;1763;1764;1765;1771;1794;1806;1808;1824;1842;1844;1852;1878;1889;1910;1919;1920;1923;1948;1953;1964;1981;1984;1995;2000;2010;2018;2028;2031;2061;2069;2089;2108;2111;2128;2145;2149;2163;2168;2205;2208;2212;2226;2255;2260;2288;2305;2317;2318;2325;2326;2349;2387;2389;2390;2412;2418;2432;2460;2467;2480;2560;2563;2578;2622;2628;2629;2664;2676;2756;2770;2774;2822;2824;2865;2874;2883;2885;2896;2934;2946;2963;2998,209,True,21,116;166;324;446;538;776;886;980;1197;1356;1428;1516;1674;1771;1923;2086;2156;2348;2474;2570;2661,True,True,2.7142857142857144,0.0,False,0.6596395835567371,7.752400132758439,1.0,0.31833046426421063,7.752400132758439,228.79500000000075,0.03225806451612903,"{""Recombination""}"
expB_N50_rho10.0_rep10,B,rho_10.0_N50,10,50,3000,500,0.05,10.0,1.0,25.0,True,15;41;93;124;162;175;183;206;261;276;306;367;411;417;422;440;445;464;466;468;472;498;505;540;545;554;567;569;608;639;647;648;652;671;686;716;720;721;730;742;746;749;766;778;781;833;835;849;855;856;857;861;865;893;901;912;914;932;947;950;971;973;974;979;982;1026;1029;1036;1041;1059;1061;1063;1067;1101;1120;1124;1126;1163;1173;1223;1243;1271;1273;1277;1293;1295;1321;1332;1343;1349;1395;1408;1409;1432;1436;1439;1441;1459;1475;1479;1491;1492;1501;1519;1527;1535;1537;1543;1573;1580;1601;1603;1604;1623;1625;1631;1634;1653;1659;1666;1673;1697;1698;1703;1705;1710;1723;1731;1734;1736;1750;1756;1762;1772;1773;1778;1788;1801;1821;1822;1839;1841;1845;1850;1851;1885;1886;1895;1900;1903;1928;1930;1940;1945;1946;1948;1950;1953;1981;1992;2047;2049;2069;2075;2091;2099;2131;2156;2160;2167;2170;2195;2197;2205;2212;2222;2240;2257;2261;2267;2277;2281;2296;2332;2344;2346;2359;2368;2369;2376;2401;2405;2413;2435;2441;2448;2455;2463;2478;2523;2534;2568;2584;2605;2631;2634;2641;2664;2714;2718;2754;2773;2803;2831;2840;2864;2870;2898;2956,219,True,19,166;414;662;858;918;1058;1130;1296;1498;1754;1849;2017;2104;2200;2340;2452;2522;2667;2846,True,True,4.368421052631579,1.0,False,0.702832707194429,18.170479193020707,1.0,1.1862469171974552,18.170479193020707,225.28741699999966,0.03225806451612903,"{""Recombination""}"
expB_N50_rho10.0_rep11,B,rho_10.0_N50,11,50,3000,500,0.05,10.0,1.0,25.0,True,3;14;20;31;37;41;42;45;83;132;186;192;207;210;225;249;254;260;299;308;314;337;340;365;387;402;410;412;415;420;430;445;450;452;458;521;525;539;555;558;564;579;610;612;613;635;638;655;687;700;702;710;723;741;749;771;773;774;794;799;821;829;835;847;852;894;938;942;949;955;962;999;1004;1023;1034;1038;1072;1087;1099;1100;1101;1130;1142;1149;1188;1214;1237;1238;1242;1249;1263;1267;1268;1285;1292;1293;1317;1318;1322;1324;1343;1352;1379;1394;1400;1410;1417;1450;1467;1468;1474;1476;1480;1496;1524;1573;1580;1584;1597;1632;1644;1662;1663;1669;1676;1682;1689;1718;1719;1724;1725;1733;1739;1753;1800;1808;1812;1825;1830;1833;1837;1864;1865;1867;1882;1887;1917;1930;1941;1959;1960;1971;1980;1995;2001;2047;2051;2052;2058;2060;2087;2090;2135;2153;2190;2204;2205;2235;2236;2244;2249;2264;2287;2297;2300;2301;2306;2335;2338;2350;2352;2355;2360;2365;2366;2372;2374;2400;2414;2426;2446;2449;2468;2477;2491;2501;2522;2541;2552;2556;2558;2562;2618;2625;2631;2637;2674;2678;2698;2701;2709;2733;2744;2750;2829;2844;2853;2863;2869;2871;2894;2929;2939,223,True,20,184;370;557;696;821;953;1148;1264;1494;1570;1752;1825;1962;2054;2212;2372;2438;2634;2700;2831,True,True,2.35,0.0,False,0.42273460157083526,7.120201557567255,1.0000000000000004,1.8440738185956427,7.120201557567259,215.45616600000005,0.03225806451612903,"{""Recombination""}"
expB_N50_rho10.0_rep12,B,rho_10.0_N50,12,50,3000,500,0.05,10.0,1.0,25.0,True,36;59;90;124;125;141;155;164;186;201;205;217;244;251;266;276;279;280;331;375;395;403;414;423;454;464;470;473;479;490;531;533;534;548;569;580;583;604;619;629;630;635;639;646;647;680;691;700;707;728;735;749;755;766;777;778;800;829;856;861;863;873;879;908;913;932;942;949;957;972;975;981;1024;1066;1079;1087;1097;1124;1131;1144;1145;1147;1159;1179;1192;1193;1209;1224;1238;1270;1281;1284;1293;1304;1309;1310;1331;1332;1338;1345;1349;1358;1359;1361;1369;1420;1433;1450;1467;1476;1503;1508;1536;1553;1559;1568;1573;1591;1595;1600;1607;1625;1628;1631;1659;1675;1679;1685;1725;1736;1743;1755;1760;1768;1782;1796;1808;1814;1829;1830;1840;1842;1855;1867;1888;1891;1892;1896;1897;1907;1910;1920;1925;1938;1948;1963;1967;1987;2014;2056;2058;2060;2081;2098;2144;2146;2157;2162;2219;2286;2299;2309;2310;2320;2334;2335;2344;2373;2374;2381;2382;2389;2407;2417;2420;2447;2454;2458;2478;2484;2498;2508;2516;2518;2549;2551;2586;2588;2596;2599;2600;2609;2633;2636;2662;2666;2668;2685;2742;2747;2765;2803;2817;2820;2825;2850;2862;2870;2875;2905;2923;2934;2954;2958;2997,225,True,13,628;754;839;927;1140;1354;1590;1734;1844;2062;2346;2650;2763,True,True,3.6923076923076925,1.0,False,0.8886502124874606,13.732580562599711,1.0000000000000002,1.017864079486553,13.732580562599715,205.524209,0.03225806451612903,"{""Recombination""}"
expB_N50_rho10.0_rep13,B,rho_10.0_N50,13,50,3000,500,0.05,10.0,1.0,25.0,True,6;26;30;37;45;58;61;90;112;136;158;162;163;164;171;178;186;188;216;289;311;321;329;348;358;361;381;394;407;412;416;419;424;434;438;456;486;492;493;518;521;533;540;560;573;574;586;595;621;645;681;682;692;695;696;702;714;736;768;770;785;786;794;810;820;856;861;872;902;938;941;944;948;957;971;977;993;994;995;1013;1026;1027;1034;1035;1038;1041;1045;1059;1068;1070;1076;1101;1118;1121;1136;1154;1165;1184;1189;1198;1200;1219;1223;1228;1250;1258;1260;1273;1274;1280;1284;1300;1312;1317;1323;1334;1341;1342;1352;1364;1388;1405;1416;1419;1454;1459;1502;1509;1524;1537;1544;1545;1555;1560;1566;1568;1581;1613;1627;1661;1663;1664;1673;1674;1691;1708;1721;1771;1778;1783;1787;1809;1811;1820;1821;1822;1858;1875;1894;1900;1901;1923;1939;1943;1971;1979;1981;2003;2039;2053;2057;2058;2061;2082;2097;2113;2129;2163;2164;2179;2181;2184;2191;2193;2210;2213;2215;2230;2238;2242;2260;2264;2278;2301;2303;2309;2317;2331;2353;2354;2374;2385;2397;2454;2469;2480;2504;2507;2533;2534;2543;2566;2593;2616;2636;2646;2668;2705;2724;2738;2755;2771;2776;2835;2872;2912;2929;2963;2971;2978,230,True,15,435;604;736;993;1118;1353;1520;1659;1804;1900;2086;2200;2316;2522;2778,True,True,3.1333333333333333,0.0,False,0.7831236163808492,10.853540801915507,1.0,1.7917271208726113,10.853540801915507,196.51499999999976,0.03225806451612903,"{""Recombination""}"
expB_N50_rho10.0_rep14,B,rho_10.0_N50,14,50,3000,500,0.05,10.0,1.0,25.0,True,23;35;40;47;50;54;72;88;105;139;159;166;171;191;203;226;250;300;314;361;364;388;406;408;410;411;431;432;434;448;458;461;467;472;474;488;490;497;498;506;516;527;530;573;588;590;591;619;641;680;694;695;699;702;719;759;787;798;831;857;892;915;936;942;957;960;964;987;1016;1029;1037;1054;1067;1071;1078;1102;1105;1139;1160;1162;1199;1245;1250;1275;1281;1314;1333;1345;1347;1350;1372;1383;1384;1424;1435;1441;1463;1471;1478;1506;1511;1518;1524;1530;1536;1559;1587;1641;1644;1649;1667;1675;1689;1707;1712;1719;1721;1733;1770;1786;1811;1820;1823;1841;1845;1847;1848;1851;1873;1886;1892;1915;1923;1945;1967;1968;1969;1973;1976;1985;1998;2018;2019;2028;2031;2039;2044;2061;2079;2087;2094;2147;2157;2165;2187;2228;2232;2259;2269;2276;2285;2302;2312;2360;2364;2401;2406;2414;2438;2463;2476;2488;2494;2502;2505;2515;2519;2550;2565;2585;2589;2597;2635;2645;2653;2654;2686;2703;2706;2711;2739;2769;2802;2803;2805;2815;2829;2887;2895;2902;2908;2958;2965,203,True,17,74;160;360;498;617;732;934;1099;1247;1340;1412;1533;1660;2140;2297;2470;2710,True,True,4.235294117647059,0.0,False,0.6584009142298204,7.703024827607216,1.0,1.1407887132614047,7.703024827607216,210.4347080000002,0.03225806451612903,"{""Recombination""}"
expB_N20_rho2.5_rep00,B,rho_2.5_N20,0,20,3000,500,0.05,2.5,1.0,25.0,True,278;322;367;382;471;521;630;640;735;982;1072;1103;1135;1186;1285;1322;1365;1492;1567;1611;1631;1661;1696;1887;1941;2018;2092;2254;2294;2295;2298;2435;2575;2729;2735;2761;2779;2810;2823;2980,40,True,10,664;1117;1629;1888;2250;2432;2546;2642;2754;2829,True,True,15.7,1.0,False,0.9333728432960752,55.16955540590151,1.0,0.14681385299114247,55.16955540590151,65.72879200000071,0.03225806451612903,"{""Recombination""}"
expB_N20_rho2.5_rep01,B,rho_2.5_N20,1,20,3000,500,0.05,2.5,1.0,25.0,True,64;129;179;215;388;473;505;555;672;729;731;780;815;837;865;880;944;962;1042;1048;1192;1203;1254;1256;1258;1276;1308;1327;1330;1336;1406;1417;1426;1436;1437;1537;1549;1599;1616;1752;1769;1783;1793;1802;1985;2109;2177;2184;2221;2278;2351;2352;2359;2514;2712;2937,56,True,12,377;814;917;1253;1433;1536;1608;1778;1985;2154;2218;2716,True,True,7.25,0.0,False,0.8832834420047233,15.808073271559099,1.0,1.2285981917309692,15.808073271559099,64.0542910000006,0.03225806451612903,"{""Recombination""}"
expB_N20_rho2.5_rep02,B,rho_2.5_N20,2,20,3000,500,0.05,2.5,0.9,25.0,True,6;136;230;319;351;465;544;604;626;732;797;936;1025;1041;1140;1159;1202;1291;1363;1430;1437;1510;1613;1664;1686;1769;1804;1826;1843;1943;1965;2170;2215;2287;2328;2909,36,True,9,118;462;1025;1128;1362;1544;1670;1808;2277,True,True,9.777777777777779,0.0,False,0.9507030378068926,15.489440415301635,1.0,0.29482630101274565,15.489440415301635,68.76437499999977,0.03225806451612903,"{""Recombination""}"
expB_N20_rho2.5_rep03,B,rho_2.5_N20,3,20,3000,500,0.05,2.5,0.9,25.0,True,247;297;444;448;494;614;670;726;743;776;877;910;942;1009;1324;1459;1482;1509;1642;1705;1755;1775;1870;1922;1948;2093;2095;2146;2191;2199;2214;2287;2293;2320;2510;2901,36,True,10,410;613;737;1004;1319;1508;1696;1876;2268;2526,True,True,10.2,1.0,False,0.9039136595127117,14.552817695444075,1.0,1.9619554109380493,14.552817695444075,82.69824999999997,0.03225806451612903,"{""Recombination""}"
expB_N20_rho2.5_rep04,B,rho_2.5_N20,4,20,3000,500,0.05,2.5,1.0,25.0,True,29;79;116;271;319;350;405;418;482;510;557;605;610;651;659;796;799;1018;1048;1059;1173;1225;1229;1414;1543;1604;1651;1810;1858;1908;1979;2004;2098;2119;2259;2274;2279;2300;2330;2411;2462;2488;2512;2555;2570;2800;2815,47,True,7,476;570;1052;1218;1994;2432;2794,True,True,9.571428571428571,4.0,False,0.8931644523651193,12.884411715906825,1.0,0.2043022189483945,12.884411715906825,69.18170800000034,0.03225806451612903,"{""Recombination""}"
expB_N20_rho2.5_rep05,B,rho_2.5_N20,5,20,3000,500,0.05,2.5,0.9,25.0,True,77;168;381;480;530;565;601;719;729;743;744;915;991;1007;1113;1191;1226;1267;1317;1458;1513;1558;1576;1581;1589;1690;1735;1845;1930;2025;2084;2151;2396;2756;2767;2943,36,True,11,169;378;581;748;996;1227;1464;1581;1730;2085;2767,True,True,3.8181818181818183,0.0,False,0.9446217524089116,15.458724967430692,1.0,1.9747078936342128,15.458724967430692,68.55133300000027,0.03225806451612903,"{""Recombination""}"
expB_N20_rho2.5_rep06,B,rho_2.5_N20,6,20,3000,500,0.05,2.5,1.0,25.0,True,183;305;516;521;602;618;668;865;901;908;955;962;1017;1040;1084;1155;1159;1212;1243;1315;1335;1361;1399;1505;1526;1545;1589;1643;1777;1810;1865;2068;2069;2155;2161;2162;2220;2425;2481;2530;2547;2550;2618;2790;2798;2835;2934,47,True,5,916;1084;1350;2219;2553,True,True,4.6,0.0,False,0.9672307123568425,11.251540170168289,0.9,0.8308894563732299,10.12638615315146,86.41691700000021,0.03225806451612903,"{""Recombination""}"
expB_N20_rho2.5_rep07,B,rho_2.5_N20,7,20,3000,500,0.05,2.5,1.0,25.0,True,122;169;247;315;335;374;473;729;860;867;881;1036;1058;1101;1131;1210;1217;1220;1236;1257;1313;1335;1383;1421;1457;1470;1504;1550;1644;1662;1665;1668;1694;1749;1820;1833;1843;1861;1968;2168;2248;2342;2420;2515;2521;2628;2711;2761;2822;2868;2990,51,True,15,482;731;858;1048;1220;1398;1574;1668;1865;1982;2153;2316;2416;2706;2862,True,True,9.066666666666666,0.0,False,0.7750066565149145,7.79707687731062,1.0000000000000002,1.7736381724760308,7.797076877310622,77.91300000000057,0.03225806451612903,"{""Recombination""}"
expB_N20_rho2.5_rep08,B,rho_2.5_N20,8,20,3000,500,0.05,2.5,0.7,25.0,True,454;761;801;1000;1179;1228;1297;1397;1441;1679;1754;1778;1811;1880;2084;2106;2134;2238;2301;2402;2489;2497;2538;2623;2673;2705;2715;2900,28,True,9,758;1008;1176;1436;1770;1890;2381;2522;2705,True,True,8.222222222222221,0.0,False,0.9270055930678441,8.760899604328989,1.0000000000000002,1.598171441582302,8.76089960432899,65.09795900000003,0.03225806451612903,"{""Recombination""}"
expB_N20_rho2.5_rep09,B,rho_2.5_N20,9,20,3000,500,0.05,2.5,1.0,25.0,True,222;225;259;335;388;457;497;721;745;767;768;831;840;949;1002;1081;1105;1257;1294;1322;1465;1522;1560;1561;1671;1898;1967;2008;2027;2135;2185;2199;2210;2239;2249;2281;2353;2410;2457;2514,40,True,12,454;636;774;1023;1078;1296;1480;1562;1671;1880;1962;2234,True,True,13.666666666666666,0.0,False,0.8589335428278391,11.054125271128314,1.0,1.1560485049294023,11.054125271128314,73.35654099999988,0.03225806451612903,"{""Recombination""}"
expB_N20_rho2.5_rep10,B,rho_2.5_N20,10,20,3000,500,0.05,2.5,0.55,25.0,True,8;181;343;621;671;711;864;968;1376;1436;1507;1541;1640;1856;2064;2110;2121;2255;2530;2567;2625;2636,22,True,1,2264,True,True,9.0,9.0,False,0.8278326909178086,3.254733021063152,1.0,1.7711306304674665,5.3133918914024,69.17741700000057,0.2903225806451613,"{""Recombination"", ""Clonal Null""}"
expB_N20_rho2.5_rep11,B,rho_2.5_N20,11,20,3000,500,0.05,2.5,1.0,25.0,True,5;23;282;297;315;320;452;549;599;771;799;821;853;881;978;1088;1110;1132;1140;1204;1291;1300;1363;1375;1467;1470;1565;1702;1772;2006;2093;2118;2129;2332;2421;2522;2561;2622;2667;2670;2716;2860;2886;2972,44,True,4,763;1152;2002;2700,True,True,10.0,4.0,False,0.9098535450623074,6.367525326004601,0.8095238095238096,0.7355875412869637,5.154663359146582,67.37945799999956,0.3225806451612903,"{""Recombination"", ""Clonal Null""}"
expB_N20_rho2.5_rep12,B,rho_2.5_N20,12,20,3000,500,0.05,2.5,1.0,25.0,True,133;206;324;326;368;494;550;553;571;583;630;715;879;915;927;1014;1067;1090;1109;1138;1165;1239;1274;1299;1427;1477;1535;1646;1696;1730;1826;1845;1939;1971;2033;2102;2160;2297;2454;2519;2733;2787,42,True,10,191;324;387;878;1002;1308;2030;2294;2533;2722,True,True,8.7,0.0,False,0.9634760506340393,29.931391148129155,1.0000000000000002,0.1591185321842038,29.931391148129162,71.69866599999963,0.03225806451612903,"{""Recombination""}"
expB_N20_rho2.5_rep13,B,rho_2.5_N20,13,20,3000,500,0.05,2.5,1.0,25.0,True,120;238;242;259;343;396;516;562;713;718;915;933;976;993;1121;1125;1230;1245;1251;1275;1278;1283;1350;1391;1442;1443;1512;1555;1576;1599;1626;1695;1716;1754;1842;1926;2008;2040;2193;2329;2330;2397;2451;2477;2608;2655;2778;2857,48,True,9,245;660;972;1237;1444;1600;1977;2338;2626,True,True,14.0,1.0,False,0.8494890048883861,15.488280934258807,1.0,0.43914375920406745,15.488280934258807,70.08941600000007,0.03225806451612903,"{""Recombination""}"
expB_N20_rho2.5_rep14,B,rho_2.5_N20,14,20,3000,500,0.05,2.5,1.0,25.0,True,49;173;223;334;378;406;601;623;786;831;847;872;961;1002;1053;1204;1367;1375;1413;1423;1451;1452;1458;1489;1498;1499;1608;1615;1660;1676;1684;1706;1805;1944;2070;2118;2120;2171;2198;2317;2345;2411;2448;2592;2700;2899,46,True,7,602;847;1000;1368;1512;2340;2574,True,True,5.714285714285714,0.0,False,0.8469091579204794,17.342139741879144,1.0,1.6504658323662673,17.342139741879144,68.03662500000041,0.03225806451612903,"{""Recombination""}"
expB_N50_rho2.5_rep00,B,rho_2.5_N50,0,50,3000,500,0.05,2.5,0.52,25.0,True,6;88;104;136;296;347;392;447;570;586;593;644;687;720;810;823;878;928;946;961;1045;1183;1311;1349;1364;1422;1432;1444;1480;1509;1512;1545;1623;1627;1669;1673;1747;1868;1914;1920;1990;2001;2003;2107;2320;2421;2576;2577;2715;2793;2801;2828,52,False,0,,False,False,,,False,0.7245127424175549,0.0,0.0,1.766106358026072,5.298319074078217,135.42383299999995,0.2903225806451613,"{""Recombination"", ""Clonal Null""}"
expB_N50_rho2.5_rep01,B,rho_2.5_N50,1,50,3000,500,0.05,2.5,0.48,25.0,True,117;261;316;336;602;608;633;645;649;697;747;797;883;892;905;973;1035;1041;1053;1115;1116;1199;1202;1236;1273;1277;1308;1316;1501;1503;1583;1729;1805;1817;1862;1976;2016;2105;2119;2138;2220;2353;2548;2703;2746;2787;2907;2972,48,True,10,330;807;1070;1280;1514;1726;2002;2142;2354;2741,True,True,7.4,1.0,False,0.8176065324451685,9.475828396480894,1.0,0.19254897891904188,9.475828396480894,200.95799999999997,0.03225806451612903,"{""Recombination""}"
expB_N50_rho2.5_rep02,B,rho_2.5_N50,2,50,3000,500,0.05,2.5,0.38,25.0,True,36;88;199;202;252;428;497;506;582;659;688;914;996;1007;1098;1140;1187;1195;1276;1331;1350;1402;1601;1628;1701;1782;1904;1996;2057;2109;2201;2207;2286;2384;2531;2669;2955,37,True,11,193;416;675;1096;1196;1334;1417;1603;1779;2200;2672,True,True,5.545454545454546,1.0,False,0.8916278924975929,13.844900074136744,1.0,0.1264557938068246,13.844900074136744,220.3315830000001,0.03225806451612903,"{""Recombination""}"
expB_N50_rho2.5_rep03,B,rho_2.5_N50,3,50,3000,500,0.05,2.5,0.66,25.0,True,46;338;412;490;512;538;540;593;678;742;797;800;851;870;934;970;1057;1088;1123;1124;1138;1246;1293;1328;1339;1376;1444;1531;1533;1538;1607;1612;1632;1675;1731;1740;1781;1886;1909;1952;1959;1981;1995;1997;2001;2050;2105;2111;2191;2296;2301;2346;2452;2460;2488;2509;2563;2613;2646;2698;2757;2900;2989,63,True,13,532;867;996;1242;1292;1443;1644;1886;1996;2110;2300;2457;2614,True,True,4.615384615384615,0.0,False,0.7963833863672453,13.170377430719116,1.0,1.8934571847357864,13.170377430719116,212.58583399999952,0.03225806451612903,"{""Recombination""}"
expB_N50_rho2.5_rep04,B,rho_2.5_N50,4,50,3000,500,0.05,2.5,0.48,25.0,True,121;278;285;287;462;502;511;530;537;552;561;627;707;708;828;1178;1254;1362;1421;1478;1521;1530;1550;1644;1728;1834;1861;1872;1884;1963;2027;2044;2062;2107;2157;2254;2295;2350;2454;2521;2620;2635;2667;2713;2721;2844;2858;2961,48,True,12,282;520;626;1253;1500;1862;2034;2140;2254;2348;2472;2526,True,True,7.083333333333333,0.0,False,0.8658966198745153,9.518435958902606,1.0,1.7181050472549333,9.518435958902606,186.79845799999927,0.03225806451612903,"{""Recombination""}"
expB_N50_rho2.5_rep05,B,rho_2.5_N50,5,50,3000,500,0.05,2.5,0.42,25.0,True,319;499;525;665;727;749;814;872;938;1000;1093;1209;1316;1440;1497;1574;1744;1912;1927;2038;2042;2049;2065;2138;2244;2245;2275;2321;2326;2355;2372;2421;2422;2503;2525;2611;2686;2750;2790;2909;2925;2971,42,True,3,1921;2252;2326,True,True,4.333333333333333,0.0,False,0.9170924390868306,12.213781564099163,0.8181818181818182,1.8398559961591605,9.993094006990225,176.44183300000014,0.03225806451612903,"{""Recombination""}"
expB_N50_rho2.5_rep06,B,rho_2.5_N50,6,50,3000,500,0.05,2.5,0.54,25.0,True,31;67;284;328;409;419;485;497;507;575;699;809;901;945;957;1017;1019;1115;1118;1271;1282;1293;1299;1348;1446;1459;1509;1585;1606;1630;1697;1719;1766;1793;1812;1854;1900;2002;2013;2024;2074;2075;2108;2115;2241;2400;2457;2486;2583;2729;2779;2919;2966,53,True,15,254;322;487;697;906;1122;1278;1341;1444;1608;1834;1897;2070;2449;2588,True,True,6.933333333333334,2.0,False,0.8823304868870756,16.775819818297943,1.0,1.9265156115556528,16.775819818297943,218.42708299999993,0.03225806451612903,"{""Recombination""}"
expB_N50_rho2.5_rep07,B,rho_2.5_N50,7,50,3000,500,0.05,2.5,0.5,25.0,True,23;192;326;456;691;746;758;817;925;937;1092;1107;1223;1261;1311;1390;1440;1482;1519;1634;1644;1646;1666;1688;1740;1745;1886;1897;1946;1947;1972;1997;2017;2022;2054;2067;2146;2196;2216;2242;2284;2356;2384;2454;2507;2537;2628;2759;2809;2866,50,True,6,357;728;914;1094;1652;2044,True,True,13.0,2.0,False,0.8709264354733808,19.622887010024172,1.0,1.8936424231012543,19.622887010024172,205.33191699999963,0.03225806451612903,"{""Recombination""}"
expB_N50_rho2.5_rep08,B,rho_2.5_N50,8,50,3000,500,0.05,2.5,0.58,25.0,True,37;75;125;279;362;393;435;548;555;582;689;744;755;764;925;945;960;967;999;1042;1369;1407;1408;1465;1528;1539;1635;1669;1709;1758;1777;1814;1869;1880;1934;1944;2030;2046;2160;2218;2254;2333;2398;2475;2497;2510;2563;2622;2625;2650;2658;2659;2739;2807;2830;2911;2952,57,True,9,372;528;762;960;1428;1501;2256;2646;2822,True,True,10.333333333333334,0.0,False,0.882169101149876,18.715041719847864,1.0,1.7738424612824892,18.715041719847864,206.01883299999992,0.03225806451612903,"{""Recombination""}"
expB_N50_rho2.5_rep09,B,rho_2.5_N50,9,50,3000,500,0.05,2.5,0.64,25.0,True,63;106;192;226;246;273;329;334;383;486;491;528;620;622;706;803;810;815;906;965;987;996;1050;1108;1118;1184;1224;1234;1238;1282;1285;1347;1372;1394;1448;1458;1520;1569;1570;1575;1579;1589;1746;1791;1796;1823;1831;1873;1921;2018;2114;2172;2193;2250;2311;2365;2367;2403;2469;2473;2585;2694;2959;2978,64,True,18,191;322;533;621;706;812;1100;1239;1392;1586;1804;1872;2028;2176;2324;2377;2473;2584,True,True,4.277777777777778,0.0,False,0.9007103691980808,14.357953109092902,1.0,0.3108420098097183,14.357953109092902,196.63358399999976,0.03225806451612903,"{""Recombination""}"
expB_N50_rho2.5_rep10,B,rho_2.5_N50,10,50,3000,500,0.05,2.5,0.72,25.0,True,9;139;172;227;263;335;404;412;610;687;936;938;1032;1040;1114;1165;1183;1225;1262;1307;1308;1323;1330;1333;1352;1361;1365;1367;1372;1406;1484;1521;1569;1604;1612;1620;1625;1626;1630;1634;1683;1739;1798;1849;1888;1914;1938;1973;1991;1995;2048;2054;2081;2136;2146;2218;2229;2231;2295;2347;2386;2397;2514;2516;2572;2675;2717;2780;2796;2869;2919,71,True,15,266;345;623;680;958;1178;1258;1408;1565;1692;1788;1986;2225;2558;2722,True,True,7.666666666666667,2.0,False,0.8337155669480739,11.49144204710834,1.0,1.8822333800638877,11.49144204710834,231.90124999999995,0.03225806451612903,"{""Recombination""}"
expB_N50_rho2.5_rep11,B,rho_2.5_N50,11,50,3000,500,0.05,2.5,0.62,25.0,True,133;186;432;472;506;589;612;613;619;663;665;673;677;697;784;809;827;934;979;1074;1125;1210;1279;1326;1381;1394;1458;1500;1509;1551;1608;1615;1665;1756;1762;1835;1896;1901;1945;1979;1990;2009;2023;2025;2058;2177;2217;2267;2275;2303;2314;2324;2330;2415;2459;2472;2487;2497;2575;2644;2684;2808,62,True,16,204;468;680;824;930;1123;1282;1518;1748;1900;2057;2177;2321;2489;2654;2704,True,True,5.6875,0.0,False,0.9027474904514802,12.770987513315573,1.0,1.0283449830486253,12.770987513315573,223.21254199999973,0.03225806451612903,"{""Recombination""}"
expB_N50_rho2.5_rep12,B,rho_2.5_N50,12,50,3000,500,0.05,2.5,0.6,25.0,True,59;65;121;139;157;183;200;207;215;376;379;427;473;476;490;658;681;714;718;882;886;916;953;963;1081;1092;1123;1126;1259;1339;1364;1383;1463;1473;1500;1509;1513;1519;1520;1574;1598;1620;1884;1996;2051;2198;2214;2243;2266;2270;2317;2321;2332;2351;2389;2464;2700;2816;2936;2988,60,True,15,112;248;396;678;967;1081;1356;1529;1983;2052;2196;2284;2392;2465;2680,True,True,9.133333333333333,0.0,False,0.8877454007309976,12.629954759743425,1.0000000000000002,0.1054457429695993,12.629954759743429,210.42712499999982,0.03225806451612903,"{""Recombination""}"
expB_N50_rho2.5_rep13,B,rho_2.5_N50,13,50,3000,500,0.05,2.5,0.48,25.0,True,282;332;555;571;585;590;805;849;855;985;1182;1206;1212;1356;1370;1420;1574;1585;1710;1716;1720;1737;1741;1785;1807;1975;2001;2083;2102;2114;2127;2134;2138;2162;2234;2324;2341;2384;2458;2473;2574;2660;2719;2740;2764;2934;2935,47,True,13,439;758;846;1358;1423;1650;1805;2001;2118;2225;2343;2491;2718,True,True,19.846153846153847,0.0,False,0.9397556789770387,28.28699390454078,1.0,0.5229006393729829,28.28699390454078,231.98333299999962,0.03225806451612903,"{""Recombination""}"
expB_N50_rho2.5_rep14,B,rho_2.5_N50,14,50,3000,500,0.05,2.5,0.22,25.0,True,156;268;569;650;744;755;928;988;1130;1180;1481;1531;1619;1939;1951;2144;2226;2678;2770;2844;2884;2983,22,True,9,267;652;752;904;1612;1946;2254;2605;2677,True,True,16.0,1.0,False,0.8716305477052699,12.744398469788235,1.0,0.24129121401933518,12.744398469788235,242.86999999999992,0.03225806451612903,"{""Recombination""}"
expB_N20_rho5.0_rep00,B,rho_5.0_N20,0,20,3000,500,0.05,5.0,1.0,25.0,True,46;132;147;183;189;344;346;470;493;529;546;577;632;676;690;733;783;821;917;919;922;942;1009;1026;1063;1116;1148;1153;1168;1200;1215;1269;1299;1356;1361;1377;1383;1398;1490;1504;1563;1564;1662;1668;1748;1777;1779;1783;1825;1841;1850;1885;1891;1950;2050;2064;2075;2109;2112;2129;2173;2177;2200;2269;2270;2274;2315;2320;2362;2412;2421;2443;2556;2561;2605;2612;2631;2663;2696;2761;2807;2810;2948,83,True,16,142;342;532;676;805;920;1218;1462;1562;1667;1844;2046;2281;2376;2571;2656,True,True,6.5625,0.0,False,0.7178676280648925,5.794723558353237,1.0,1.8482817828248752,5.794723558353237,68.51050000000036,0.12903225806451613,"{""Recombination"", ""Clonal Null""}"
expB_N20_rho5.0_rep01,B,rho_5.0_N20,1,20,3000,500,0.05,5.0,1.0,25.0,True,32;61;88;160;170;252;253;280;293;308;330;340;416;428;468;494;498;618;628;629;633;656;661;668;692;717;723;759;773;812;816;824;837;872;973;996;1033;1174;1232;1244;1255;1313;1342;1366;1381;1442;1463;1483;1487;1488;1628;1629;1634;1718;1727;1732;1735;1805;1824;1834;1868;1921;1925;1936;1938;1988;2056;2069;2084;2128;2154;2184;2240;2306;2408;2411;2417;2465;2547;2550;2565;2687;2709;2726;2811;2816;2940,87,True,12,268;628;820;1167;1252;1458;1725;1886;2064;2188;2540;2678,True,True,6.333333333333333,0.0,False,0.8946822220095069,14.6319675518214,1.0,1.6882829750571915,14.6319675518214,68.19833399999986,0.03225806451612903,"{""Recombination""}"
expB_N20_rho5.0_rep02,B,rho_5.0_N20,2,20,3000,500,0.05,5.0,1.0,25.0,True,12;105;153;156;168;184;192;218;249;279;301;423;439;456;506;507;529;605;615;620;791;803;808;863;876;1020;1048;1092;1140;1160;1184;1188;1189;1218;1279;1282;1321;1334;1363;1390;1400;1456;1482;1501;1528;1545;1580;1620;1625;1656;1666;1721;1756;1794;1796;1863;1972;2002;2004;2028;2043;2124;2140;2161;2191;2202;2260;2315;2325;2340;2341;2360;2428;2432;2441;2443;2482;2556;2582;2635;2648;2681;2727;2816;2852;2903;2956,87,True,14,150;200;468;857;1092;1198;1476;1656;1926;1998;2158;2332;2439;2574,True,True,8.142857142857142,0.0,False,0.8216008177764795,11.615981450494337,1.0000000000000002,1.7875381592121744,11.615981450494338,62.09974999999979,0.03225806451612903,"{""Recombination""}"
expB_N20_rho5.0_rep03,B,rho_5.0_N20,3,20,3000,500,0.05,5.0,1.0,25.0,True,120;141;149;206;294;345;395;409;421;506;520;521;616;677;695;767;780;796;839;848;934;945;1024;1042;1140;1163;1196;1228;1234;1235;1236;1240;1349;1367;1409;1429;1430;1459;1521;1532;1537;1573;1587;1623;1650;1665;1713;1730;1764;1772;1796;1889;1895;1906;1934;1950;2039;2048;2049;2114;2133;2174;2183;2236;2278;2392;2400;2415;2459;2487;2567;2602;2660;2721;2727;2744;2749;2793;2794;2828;2834;2865;2965;2978,84,True,16,150;416;514;836;1006;1148;1230;1430;1517;1658;1726;1941;2156;2272;2464;2708,True,True,6.6875,0.0,False,0.7832094714481821,13.213823776530877,1.0,0.3015164943251404,13.213823776530877,62.2175829999998,0.03225806451612903,"{""Recombination""}"
expB_N20_rho5.0_rep04,B,rho_5.0_N20,4,20,3000,500,0.05,5.0,1.0,25.0,True,24;34;74;95;101;203;241;251;253;290;301;340;362;376;464;474;575;687;694;711;765;815;838;882;930;969;1040;1171;1180;1194;1209;1276;1301;1328;1438;1443;1488;1528;1531;1562;1590;1591;1602;1633;1640;1655;1681;1866;1875;1990;1991;2026;2091;2097;2135;2157;2229;2236;2292;2332;2382;2397;2404;2473;2476;2506;2618;2730;2733;2927,70,True,5,1180;1601;1984;2278;2502,True,True,5.0,0.0,False,0.9068279176545847,12.839733018640535,1.0,1.803053689804199,12.839733018640535,68.09529099999966,0.03225806451612903,"{""Recombination""}"
expB_N20_rho5.0_rep05,B,rho_5.0_N20,5,20,3000,500,0.05,5.0,1.0,25.0,True,30;62;108;137;181;231;263;314;336;460;578;654;701;828;871;876;885;916;948;997;1021;1073;1106;1123;1143;1211;1213;1216;1230;1244;1262;1265;1267;1274;1337;1351;1352;1387;1402;1417;1477;1484;1559;1607;1622;1623;1638;1639;1644;1681;1689;1694;1739;1778;1789;1809;1810;1831;1859;1860;1881;1895;1940;1972;1978;1982;2015;2018;2076;2093;2103;2117;2147;2184;2233;2271;2342;2422;2423;2440;2477;2487;2516;2575;2587;2589;2725;2768;2829;2860;2885;2938;2955,93,True,13,132;258;401;454;536;866;928;1253;1353;1782;1982;2234;2436,True,True,11.76923076923077,0.0,False,0.7296420113554618,8.757347824727965,1.0,1.5185358598608834,8.757347824727965,68.17679200000003,0.03225806451612903,"{""Recombination""}"
expB_N20_rho5.0_rep06,B,rho_5.0_N20,6,20,3000,500,0.05,5.0,1.0,25.0,True,113;141;146;195;204;311;321;354;428;438;445;448;451;460;465;473;529;628;773;787;814;816;856;894;897;910;922;954;998;1028;1046;1048;1078;1119;1132;1214;1226;1290;1291;1380;1388;1395;1439;1446;1466;1468;1494;1563;1591;1629;1648;1693;1805;1824;1877;1911;1943;1954;1981;2017;2052;2084;2222;2228;2257;2298;2325;2351;2434;2477;2491;2588;2638;2769;2774;2801;2850;2937;2975,79,True,2,624;1176,True,True,21.0,4.0,False,0.9492615592103832,3.935049308502079,1.0,1.4019837131272432,4.20595113938173,60.878000000000654,0.3225806451612903,"{""Recombination"", ""Clonal Null""}"
expB_N20_rho5.0_rep07,B,rho_5.0_N20,7,20,3000,500,0.05,5.0,1.0,25.0,True,51;92;121;125;227;286;300;343;372;426;509;514;531;544;618;688;690;713;721;790;792;830;836;855;873;946;1010;1023;1058;1071;1079;1085;1096;1126;1171;1175;1267;1271;1361;1373;1455;1502;1534;1572;1589;1626;1630;1668;1675;1676;1688;1710;1733;1790;1792;1793;1809;1851;1886;1887;1917;1937;1943;1990;2128;2231;2910;2933;2983;2990,70,True,16,106;197;292;390;475;568;834;936;1094;1269;1456;1586;1938;2009;2130;2566,True,True,31.4375,1.0,False,0.8106036297233169,9.401023561644795,1.0,1.5177837094542324,9.401023561644795,73.71233400000054,0.03225806451612903,"{""Recombination""}"
expB_N20_rho5.0_rep08,B,rho_5.0_N20,8,20,3000,500,0.05,5.0,1.0,25.0,True,0;107;249;284;320;329;354;405;418;530;532;537;544;563;599;602;607;793;808;821;826;856;888;895;969;970;1022;1036;1047;1065;1089;1143;1154;1200;1224;1255;1297;1416;1449;1454;1458;1488;1503;1529;1623;1649;1682;1686;1696;1725;1730;1736;1766;1796;1823;1849;1853;1876;1946;1958;2034;2038;2095;2145;2162;2242;2310;2330;2374;2421;2484;2535;2576;2607;2742;2774;2792;2852;2950,79,True,10,304;538;791;1372;1647;1722;2038;2161;2424;2758,True,True,8.8,0.0,False,0.8488890442597394,22.52257681159245,1.0,1.8720239232506422,22.52257681159245,59.68679099999985,0.03225806451612903,"{""Recombination""}"
expB_N20_rho5.0_rep09,B,rho_5.0_N20,9,20,3000,500,0.05,5.0,1.0,25.0,True,4;54;92;104;175;182;243;253;264;357;505;512;570;573;591;624;648;649;658;671;679;681;696;764;808;822;852;855;916;925;957;959;961;1009;1028;1041;1061;1089;1101;1127;1168;1195;1235;1279;1284;1293;1312;1313;1375;1396;1427;1452;1453;1460;1464;1513;1525;1529;1551;1555;1591;1611;1623;1630;1636;1637;1645;1686;1698;1720;1721;1723;1743;1752;1773;1788;1800;1837;1845;1904;1905;1916;2025;2028;2039;2075;2081;2147;2192;2255;2308;2340;2406;2422;2574;2579;2629;2670;2695;2713;2750;2791;2991;2992,104,True,15,120;346;566;676;830;960;1122;1312;1462;1634;1773;2036;2308;2408;2668,True,True,3.933333333333333,0.0,False,0.796373213178294,16.464148769994654,1.0,1.054974350820751,16.464148769994654,71.36241699999957,0.03225806451612903,"{""Recombination""}"
expB_N20_rho5.0_rep10,B,rho_5.0_N20,10,20,3000,500,0.05,5.0,1.0,25.0,True,29;96;106;122;136;140;158;198;214;235;297;342;343;346;384;385;413;446;462;483;500;567;671;693;730;731;733;753;755;783;788;817;917;951;977;990;1001;1006;1007;1008;1013;1063;1074;1155;1157;1166;1224;1270;1336;1352;1398;1402;1419;1465;1550;1574;1628;1678;1722;1757;1777;1816;1820;1872;1929;1940;2022;2047;2102;2144;2177;2205;2206;2216;2246;2313;2355;2362;2424;2434;2504;2522;2579;2624;2641;2691;2694;2704;2785;2798;2799;2803;2846;2883;2889;2926;2939;2940,98,True,13,204;347;497;732;960;1126;1418;1754;1860;2107;2357;2585;2797,True,True,6.076923076923077,1.0,False,0.8664000537125532,10.087183758119957,1.0,1.9478369136975981,10.087183758119957,74.59145799999956,0.03225806451612903,"{""Recombination""}"
expB_N20_rho5.0_rep11,B,rho_5.0_N20,11,20,3000,500,0.05,5.0,1.0,25.0,True,10;63;143;193;213;230;280;366;447;455;468;542;562;563;613;623;678;692;696;723;739;773;801;810;863;880;891;911;926;979;1038;1091;1155;1183;1188;1255;1263;1323;1324;1325;1337;1368;1462;1467;1517;1531;1555;1581;1618;1647;1657;1662;1667;1668;1700;1722;1776;1777;1804;1820;1824;1852;1866;1872;1904;1966;1982;1984;1989;1991;1993;2073;2096;2121;2175;2234;2293;2295;2333;2393;2394;2403;2419;2432;2512;2517;2604;2654;2725;2765;2774;2788;2789;2839;2847;2945,96,True,17,226;355;465;568;668;900;1033;1170;1332;1440;1648;1831;1964;2076;2381;2604;2788,True,True,6.588235294117647,0.0,False,0.8009079276697764,21.401105520081426,1.0,1.7643040539040014,21.401105520081426,67.9953339999999,0.03225806451612903,"{""Recombination""}"
expB_N20_rho5.0_rep12,B,rho_5.0_N20,12,20,3000,500,0.05,5.0,1.0,25.0,True,21;123;217;251;282;332;352;481;562;568;653;775;840;861;934;984;1005;1016;1055;1121;1171;1188;1273;1323;1362;1393;1431;1443;1468;1514;1523;1524;1531;1552;1557;1592;1610;1656;1706;1711;1726;1831;1863;1868;1869;1950;2008;2075;2077;2087;2140;2188;2236;2281;2310;2431;2436;2439;2480;2481;2490;2529;2594;2616;2618;2623;2666;2668;2746;2775;2776;2792;2911,73,True,15,364;634;1006;1266;1321;1544;1716;1778;2076;2157;2242;2430;2597;2748;2900,True,True,9.8,1.0,False,0.8456397368753732,13.198879996784278,1.0,1.7182371814784645,13.198879996784278,65.53029199999915,0.03225806451612903,"{""Recombination""}"
expB_N20_rho5.0_rep13,B,rho_5.0_N20,13,20,3000,500,0.05,5.0,1.0,25.0,True,12;14;163;164;285;316;384;395;400;420;455;516;522;545;546;657;666;674;693;724;749;754;763;767;820;837;889;914;925;977;1057;1104;1150;1173;1181;1194;1214;1242;1243;1255;1290;1304;1333;1341;1346;1383;1391;1456;1459;1476;1524;1545;1553;1595;1615;1619;1623;1634;1652;1669;1685;1688;1709;1722;1796;1808;1846;1848;1869;2073;2145;2293;2480;2536;2652;2658;2685;2758;2844;2896;2946;2966,82,True,13,320;532;656;887;1104;1240;1386;1522;1658;1810;1872;2652;2761,True,True,2.923076923076923,0.0,False,0.9113669723900223,65.2614402893426,1.0,1.8116984168150454,65.2614402893426,66.40754200000032,0.03225806451612903,"{""Recombination""}"
expB_N20_rho5.0_rep14,B,rho_5.0_N20,14,20,3000,500,0.05,5.0,1.0,25.0,True,23;29;61;108;144;172;186;226;319;330;336;347;349;369;419;421;430;480;538;585;629;630;635;656;677;686;701;793;795;837;843;852;866;916;918;1020;1023;1027;1030;1042;1055;1061;1111;1112;1120;1152;1162;1192;1199;1222;1247;1261;1287;1294;1348;1455;1472;1489;1508;1511;1519;1522;1527;1560;1616;1630;1651;1698;1948;2005;2054;2075;2084;2087;2124;2125;2244;2286;2294;2308;2361;2380;2391;2399;2411;2415;2427;2557;2640;2760;2773;2831,92,True,13,330;418;643;839;1026;1163;1302;1508;1622;1695;2084;2382;2750,True,True,3.230769230769231,0.0,False,0.8488408193337689,73.06363723512735,1.0,1.8686779475918998,73.06363723512735,64.95475000000006,0.03225806451612903,"{""Recombination""}"
expB_N50_rho5.0_rep00,B,rho_5.0_N50,0,50,3000,500,0.05,5.0,1.0,25.0,True,7;55;129;152;176;191;195;204;208;222;314;324;367;402;406;415;463;511;529;534;538;548;615;619;631;752;791;815;822;831;948;978;1010;1015;1028;1047;1054;1073;1075;1097;1100;1133;1150;1209;1296;1328;1332;1343;1345;1367;1388;1419;1420;1426;1457;1471;1490;1521;1522;1553;1567;1581;1595;1645;1653;1663;1726;1739;1758;1763;1764;1768;1810;1820;1822;1837;1926;1928;1995;2009;2010;2048;2058;2112;2140;2174;2273;2321;2361;2394;2409;2433;2440;2444;2481;2490;2536;2543;2567;2578;2588;2601;2613;2672;2683;2721;2728;2753;2823;2836;2874;2897;2915,113,True,15,162;371;506;758;830;1064;1201;1320;1422;1576;1765;1821;2066;2282;2602,True,True,5.2,1.0,False,0.7488763308528,7.627425848068397,1.0,1.0143199079006722,7.627425848068397,199.40504099999944,0.03225806451612903,"{""Recombination""}"
expB_N50_rho5.0_rep01,B,rho_5.0_N50,1,50,3000,500,0.05,5.0,1.0,25.0,True,33;43;49;50;55;74;87;93;150;206;215;303;324;344;410;446;449;481;513;538;573;591;604;612;619;667;696;730;751;754;762;796;820;822;845;870;903;910;931;943;990;998;1033;1064;1074;1132;1155;1212;1216;1232;1249;1256;1272;1300;1306;1343;1376;1398;1412;1413;1427;1438;1448;1498;1501;1508;1520;1613;1625;1640;1649;1681;1682;1743;1747;1761;1776;1867;1902;1907;1909;1957;1959;2011;2115;2145;2230;2243;2304;2327;2367;2423;2473;2499;2576;2591;2626;2647;2697;2850;2862;2912;2927,103,True,19,211;336;518;603;762;853;1056;1237;1506;1662;1787;1860;2098;2280;2368;2531;2624;2857;2914,True,True,8.157894736842104,0.0,False,0.7870828573256331,7.30596212331906,1.0000000000000004,0.4819799810440154,7.3059621233190635,203.26733399999952,0.03225806451612903,"{""Recombination""}"
expB_N50_rho5.0_rep02,B,rho_5.0_N50,2,50,3000,500,0.05,5.0,1.0,25.0,True,33;82;113;376;399;432;434;444;462;463;482;521;546;565;581;588;596;600;608;625;635;664;710;718;722;732;762;764;790;803;840;841;868;904;908;974;1006;1013;1047;1062;1097;1157;1230;1231;1234;1235;1287;1320;1334;1356;1373;1431;1438;1456;1513;1516;1537;1543;1634;1678;1801;1836;1867;1894;1901;1912;1932;1953;1980;1991;2007;2014;2018;2022;2030;2077;2149;2163;2177;2190;2204;2212;2227;2281;2338;2379;2408;2458;2461;2473;2497;2533;2536;2551;2583;2622;2758;2773;2823;2902;2965;2984;2985,103,True,15,96;368;459;706;764;903;1006;1338;1599;1831;2091;2212;2462;2620;2756,True,True,6.2,0.0,False,0.9015829474177753,23.03101016173201,1.0,1.9170031861365073,23.03101016173201,215.87837499999995,0.03225806451612903,"{""Recombination""}"
expB_N50_rho5.0_rep03,B,rho_5.0_N50,3,50,3000,500,0.05,5.0,0.88,25.0,True,250;271;280;296;299;302;359;395;512;562;565;584;679;712;925;977;983;988;991;1003;1024;1027;1043;1047;1063;1101;1118;1149;1167;1173;1237;1242;1338;1369;1371;1388;1454;1483;1493;1499;1546;1588;1608;1614;1617;1618;1645;1666;1718;1759;1762;1783;1784;1791;1809;1834;1947;1968;1969;1995;1997;2019;2020;2028;2055;2070;2095;2106;2191;2235;2239;2286;2341;2367;2464;2483;2535;2555;2590;2664;2712;2796;2801;2814;2818;2830;2851;2984,88,True,11,284;961;1032;1156;1275;1539;1752;2025;2197;2466;2664,True,True,8.181818181818182,0.0,False,0.7897389613587352,11.33265082096389,1.0,1.9103316061546805,11.33265082096389,209.98520799999997,0.03225806451612903,"{""Recombination""}"
expB_N50_rho5.0_rep04,B,rho_5.0_N50,4,50,3000,500,0.05,5.0,1.0,25.0,True,6;16;142;151;161;242;371;387;416;442;446;463;469;484;505;518;565;574;577;594;604;618;627;639;652;665;675;696;702;744;787;846;857;935;942;948;971;978;985;1076;1096;1106;1136;1138;1144;1148;1149;1174;1198;1220;1234;1240;1368;1411;1443;1474;1488;1493;1514;1525;1560;1601;1625;1640;1668;1675;1677;1687;1690;1705;1718;1722;1740;1747;1779;1834;1875;1879;1884;1885;1890;1892;1927;1940;1947;1983;1985;2010;2077;2082;2094;2096;2171;2178;2198;2215;2221;2241;2269;2276;2284;2333;2336;2338;2348;2375;2376;2386;2396;2418;2448;2460;2464;2486;2488;2533;2574;2635;2643;2685;2693;2701;2730;2801;2845;2855;2944;2965,128,True,17,144;436;646;785;942;1086;1193;1395;1450;1599;1708;1937;2170;2248;2405;2730;2868,True,True,5.411764705882353,0.0,False,0.8622439828431885,16.23779955204806,1.0000000000000002,1.8842070180956274,16.237799552048063,210.15958300000025,0.03225806451612903,"{""Recombination""}"
expB_N50_rho5.0_rep05,B,rho_5.0_N50,5,50,3000,500,0.05,5.0,1.0,25.0,True,2;56;65;73;80;122;125;173;209;284;299;334;437;486;487;536;537;548;581;587;598;689;700;726;742;778;857;901;923;935;981;1019;1033;1034;1064;1080;1089;1102;1115;1139;1222;1332;1353;1355;1360;1369;1373;1416;1423;1589;1614;1618;1655;1693;1704;1718;1732;1736;1807;1828;1857;1858;1909;1913;1918;1924;1925;1958;1963;1968;2022;2037;2047;2067;2082;2187;2211;2216;2217;2227;2228;2235;2240;2251;2267;2290;2308;2339;2391;2402;2438;2452;2474;2483;2511;2559;2573;2602;2621;2658;2670;2687;2690;2708;2720;2781;2818;2843;2904;2934;2972;2984,112,True,17,706;870;924;1014;1096;1243;1308;1415;1590;1784;1948;2066;2230;2388;2578;2780;2842,True,True,7.294117647058823,1.0,False,0.8492604708489282,7.723680642593622,1.0,1.988065374622169,7.723680642593622,217.76866600000045,0.03225806451612903,"{""Recombination""}"
expB_N50_rho5.0_rep06,B,rho_5.0_N50,6,50,3000,500,0.05,5.0,1.0,25.0,True,31;63;74;85;135;254;391;399;401;422;445;461;499;561;599;615;706;771;810;837;882;903;904;945;993;1052;1107;1193;1207;1225;1243;1347;1374;1399;1413;1416;1445;1488;1499;1512;1530;1564;1578;1579;1580;1588;1592;1599;1638;1674;1684;1738;1754;1765;1786;1788;1811;1813;1861;1951;1959;1965;1976;2001;2011;2026;2030;2034;2070;2134;2157;2168;2171;2240;2243;2252;2258;2277;2290;2305;2308;2377;2378;2412;2425;2441;2471;2521;2540;2591;2618;2668;2711;2789;2825;2871;2896;2897;2932;2951;2955,101,True,15,444;808;942;1130;1231;1347;1478;1566;1797;2071;2274;2436;2542;2779;2872,True,True,5.2,0.0,False,0.7468091204703872,9.8135077000048,1.0,0.814593752802881,9.8135077000048,216.12387500000008,0.03225806451612903,"{""Recombination""}"
expB_N50_rho5.0_rep07,B,rho_5.0_N50,7,50,3000,500,0.05,5.0,1.0,25.0,True,108;109;130;137;183;184;187;199;271;279;283;295;314;349;354;366;395;428;479;593;632;656;713;722;750;768;787;810;817;873;909;950;966;1031;1043;1059;1087;1163;1281;1312;1338;1372;1391;1445;1474;1478;1514;1554;1563;1614;1625;1634;1657;1664;1695;1699;1720;1744;1748;1750;1770;1802;1812;1818;1850;1881;1895;1913;1926;1945;2009;2019;2045;2065;2067;2085;2096;2103;2127;2151;2179;2201;2217;2238;2272;2298;2396;2431;2568;2591;2620;2642;2687;2716;2775;2785;2821;2828;2839;2847;2923;2980,102,True,15,102;200;438;629;866;1046;1096;1366;1556;1651;1783;1868;2070;2238;2643,True,True,5.533333333333333,0.0,False,0.7469629389385921,16.468675816173082,1.0000000000000002,1.8218821526055629,16.468675816173086,199.6707080000002,0.03225806451612903,"{""Recombination""}"
expB_N50_rho5.0_rep08,B,rho_5.0_N50,8,50,3000,500,0.05,5.0,0.92,25.0,True,2;29;65;69;87;158;163;196;240;244;279;313;371;392;419;431;449;493;513;523;563;566;656;791;806;809;816;821;856;866;871;929;938;979;1063;1077;1092;1110;1116;1123;1163;1196;1235;1247;1340;1404;1416;1440;1513;1561;1568;1573;1619;1627;1631;1638;1662;1676;1680;1684;1707;1713;1763;1766;1774;1779;1844;1913;1938;1940;2009;2075;2149;2161;2200;2206;2277;2312;2352;2396;2501;2508;2521;2548;2598;2624;2663;2677;2800;2832;2878;2880,92,True,13,238;424;566;794;1102;1235;1405;1622;1891;2000;2158;2415;2661,True,True,5.923076923076923,0.0,False,0.811672467180687,7.467446576473109,1.0000000000000002,1.7390388593236592,7.467446576473111,213.36837499999996,0.03225806451612903,"{""Recombination""}"
expB_N50_rho5.0_rep09,B,rho_5.0_N50,9,50,3000,500,0.05,5.0,1.0,25.0,True,97;108;115;150;222;271;312;338;362;403;450;481;522;550;558;592;608;610;642;658;659;792;902;909;912;921;943;962;968;997;1013;1044;1046;1059;1068;1076;1083;1112;1123;1146;1190;1195;1201;1222;1315;1328;1346;1400;1430;1448;1450;1538;1548;1561;1574;1603;1657;1702;1736;1764;1771;1785;1795;1797;1824;1825;1830;1862;1886;1899;1905;1922;1949;2013;2030;2046;2063;2064;2071;2100;2114;2131;2138;2140;2167;2185;2199;2205;2227;2249;2251;2273;2280;2301;2306;2313;2323;2327;2345;2356;2367;2386;2394;2401;2406;2422;2456;2470;2471;2525;2536;2542;2564;2627;2637;2644;2646;2651;2684;2687;2717;2718;2731;2748;2777;2788;2793;2827;2839;2853;2880;2943,132,True,18,160;318;454;664;780;939;1044;1223;1334;1440;1568;1739;1879;2037;2127;2380;2638;2790,True,True,5.111111111111111,0.0,False,0.8414493265013316,16.81974506768779,1.0,0.1631603799059368,16.81974506768779,208.77612499999998,0.03225806451612903,"{""Recombination""}"
expB_N50_rho5.0_rep10,B,rho_5.0_N50,10,50,3000,500,0.05,5.0,0.92,25.0,True,70;105;135;164;252;254;279;283;288;300;345;365;395;401;481;511;514;519;557;589;597;672;689;724;740;761;790;831;851;868;896;921;924;933;983;1009;1053;1090;1127;1134;1195;1250;1270;1300;1305;1368;1404;1436;1454;1456;1488;1500;1512;1524;1541;1554;1630;1756;1757;1775;1776;1786;1813;1843;1849;1886;1953;2020;2048;2082;2114;2132;2135;2139;2181;2195;2256;2334;2445;2461;2465;2515;2629;2682;2740;2791;2817;2841;2930;2971,90,True,12,511;672;924;1008;1160;1494;1558;1627;1779;1850;2254;2628,True,True,3.9166666666666665,0.0,False,0.8466793429767894,17.280540905223898,1.0,0.528103414566185,17.280540905223898,257.2497499999997,0.03225806451612903,"{""Recombination""}"
expB_N50_rho5.0_rep11,B,rho_5.0_N50,11,50,3000,500,0.05,5.0,0.86,25.0,True,74;94;99;404;415;527;562;573;715;716;719;722;772;791;830;887;909;949;976;984;1019;1055;1090;1104;1114;1126;1128;1140;1152;1174;1216;1235;1249;1265;1279;1299;1337;1353;1399;1428;1454;1470;1504;1510;1603;1605;1622;1652;1673;1683;1793;1878;1887;1947;1955;1964;1977;1992;2005;2019;2034;2037;2042;2067;2081;2174;2236;2294;2304;2321;2340;2374;2456;2459;2580;2612;2704;2771;2782;2821;2856;2880;2890;2906;2930,85,True,12,728;862;925;1126;1262;1498;1645;1918;2068;2218;2323;2704,True,True,9.416666666666666,0.0,False,0.7593290172993147,16.243581196343037,1.0,1.006372602353883,16.243581196343037,198.98104200000066,0.03225806451612903,"{""Recombination""}"
expB_N50_rho5.0_rep12,B,rho_5.0_N50,12,50,3000,500,0.05,5.0,1.0,25.0,True,67;85;93;117;173;217;338;356;387;449;457;479;506;511;548;578;602;623;636;712;723;729;734;735;784;848;953;975;1003;1022;1061;1086;1088;1113;1173;1191;1192;1201;1213;1238;1262;1280;1337;1349;1355;1363;1378;1381;1435;1466;1469;1513;1538;1576;1581;1626;1627;1651;1670;1677;1750;1789;1795;1823;1864;1867;1878;1912;1913;1919;1925;1934;1979;2003;2020;2031;2094;2110;2138;2221;2358;2363;2372;2391;2413;2417;2432;2463;2469;2471;2511;2537;2590;2604;2630;2649;2680;2707;2764;2769;2814;2877;2896;2899;2927;2961,106,True,18,209;336;584;732;792;1077;1346;1469;1543;1802;1986;2110;2346;2411;2474;2552;2696;2895,True,True,5.611111111111111,0.0,False,0.8709447162014529,14.912300173169564,1.0000000000000002,0.2104487429258205,14.912300173169568,208.12554199999943,0.03225806451612903,"{""Recombination""}"
expB_N50_rho5.0_rep13,B,rho_5.0_N50,13,50,3000,500,0.05,5.0,0.88,25.0,True,43;113;120;163;223;313;368;374;380;418;484;511;574;591;711;754;781;787;805;826;891;914;996;1008;1011;1025;1065;1125;1144;1175;1183;1233;1283;1318;1319;1323;1423;1441;1448;1485;1488;1570;1674;1698;1757;1791;1795;1844;1845;1853;1911;1915;1950;1969;1977;2010;2020;2046;2068;2072;2081;2083;2108;2111;2138;2144;2158;2278;2302;2316;2325;2386;2455;2483;2518;2556;2564;2612;2642;2691;2693;2725;2763;2775;2813;2853;2936;2994,88,True,15,370;813;1008;1122;1314;1441;1684;1793;2040;2163;2332;2386;2482;2678;2858,True,True,4.4,0.0,False,0.8077348075220552,8.588206805799512,1.0,0.4674620517837055,8.588206805799512,197.93962500000006,0.03225806451612903,"{""Recombination""}"
expB_N50_rho5.0_rep14,B,rho_5.0_N50,14,50,3000,500,0.05,5.0,1.0,25.0,True,45;55;62;124;177;290;324;362;370;373;397;464;481;533;555;570;572;575;597;606;631;687;715;764;809;815;829;830;860;880;889;908;915;943;970;986;990;1001;1023;1040;1070;1123;1129;1152;1174;1176;1203;1225;1258;1272;1287;1334;1368;1385;1394;1395;1466;1493;1527;1639;1743;1752;1762;1768;1782;1792;1800;1802;1806;1873;1879;1896;1898;1921;1947;1948;1972;1991;2000;2024;2071;2091;2101;2153;2188;2201;2219;2238;2258;2264;2293;2323;2329;2336;2376;2388;2438;2511;2524;2545;2548;2585;2634;2713;2742;2743;2840;2872;2945;2955;2968;2997,112,True,16,274;466;538;824;1052;1160;1484;1600;1666;1770;1883;2084;2188;2334;2554;2732,True,True,9.625,0.0,False,0.8584088141810208,16.926966682085972,1.0000000000000002,0.24521795976621397,16.926966682085975,211.34187499999956,0.03225806451612903,"{""Recombination""}"
expC_d0.05_L1000_rep00,C,dist_d0.05_L1000,0,20,3000,1000,0.05,0.0,0.05,50.0,True,1000;2000,2,True,2,1065;1966,True,True,49.5,34.0,False,0.981332027423321,8.16856647206814,0.6176470588235295,1.9256336263152098,5.7769008789456295,61.75587500000024,0.12903225806451613,"{""Recombination"", ""Clonal Null""}"
expC_d0.05_L1000_rep01,C,dist_d0.05_L1000,1,20,3000,1000,0.05,0.0,0.05,50.0,True,1000;2000,2,True,2,988;1981,True,True,15.5,12.0,False,0.9523172973297274,7.2856215930799735,1.0,1.8861459296911067,7.2856215930799735,60.50191699999985,0.03225806451612903,"{""Recombination""}"
expC_d0.05_L1000_rep02,C,dist_d0.05_L1000,2,20,3000,1000,0.05,0.0,0.05,50.0,True,1000;2000,2,True,2,1000;1979,True,True,10.5,0.0,False,0.9632380065065294,9.792539033929486,0.6923076923076922,1.860630141608523,6.779450100412721,62.61020799999972,0.03225806451612903,"{""Recombination""}"
expC_d0.05_L1000_rep03,C,dist_d0.05_L1000,3,20,3000,1000,0.05,0.0,0.05,50.0,True,1000;2000,2,True,3,1000;1428;2022,True,True,150.0,0.0,False,0.9865056338379039,14.005174290680852,0.8333333333333333,1.9206506916550565,11.670978575567375,63.30837500000008,0.03225806451612903,"{""Recombination""}"
expC_d0.05_L1000_rep04,C,dist_d0.05_L1000,4,20,3000,1000,0.05,0.0,0.05,50.0,True,1000;2000,2,True,4,798;1010;1927;2006,True,True,72.75,6.0,False,0.9826822284554946,7.3290441597774265,1.0000000000000002,1.8855015297540474,7.329044159777428,61.427124999999805,0.03225806451612903,"{""Recombination""}"
expC_d0.05_L1000_rep05,C,dist_d0.05_L1000,5,20,3000,1000,0.05,0.0,0.05,50.0,True,1000;2000,2,True,2,1004;1997,True,True,3.5,3.0,False,0.9613319904038725,9.077238614588762,1.0,1.880021861490228,9.077238614588762,63.228916999999996,0.03225806451612903,"{""Recombination""}"
expC_d0.05_L1000_rep06,C,dist_d0.05_L1000,6,20,3000,1000,0.05,0.0,0.05,50.0,True,1000;2000,2,True,2,1000;1989,True,True,5.5,0.0,False,0.955733160392147,7.002841073040733,0.888888888888889,1.9103363787217966,6.2247476204806516,65.26170899999961,0.03225806451612903,"{""Recombination""}"
expC_d0.05_L1000_rep07,C,dist_d0.05_L1000,7,20,3000,1000,0.05,0.0,0.05,50.0,True,1000;2000,2,True,3,946;1011;1952,True,True,37.666666666666664,11.0,False,0.9209930854506206,8.808570152653736,1.0,1.9020637450633302,8.808570152653736,65.68891600000003,0.03225806451612903,"{""Recombination""}"
expC_d0.05_L1000_rep08,C,dist_d0.05_L1000,8,20,3000,1000,0.05,0.0,0.05,50.0,True,1000;2000,2,True,3,634;1004;2034,True,True,134.66666666666666,4.0,False,0.9404540093315806,10.665918198747384,1.0,1.8608179387409254,10.665918198747384,66.16191599999954,0.03225806451612903,"{""Recombination""}"
expC_d0.05_L1000_rep09,C,dist_d0.05_L1000,9,20,3000,1000,0.05,0.0,0.05,50.0,True,1000;2000,2,True,2,998;1999,True,True,1.5,1.0,False,0.976666125561249,10.051550639351014,0.8333333333333334,1.9086609038146847,8.37629219945918,60.20591600000014,0.03225806451612903,"{""Recombination""}"
expC_d0.05_L1000_rep10,C,dist_d0.05_L1000,10,20,3000,1000,0.05,0.0,0.05,50.0,True,1000;2000,2,True,2,1007;1998,True,True,4.5,2.0,False,0.9919894435594198,15.304640131457672,0.6666666666666666,1.882042742620937,10.203093420971781,58.25241700000028,0.03225806451612903,"{""Recombination""}"
expC_d0.05_L1000_rep11,C,dist_d0.05_L1000,11,20,3000,1000,0.05,0.0,0.05,50.0,True,1000;2000,2,True,2,996;1998,True,True,3.0,2.0,False,0.9938070804729024,19.551630535545343,0.4666666666666666,1.9691876252926508,9.124094249921159,58.436957999999706,0.03225806451612903,"{""Recombination""}"
expC_d0.05_L1000_rep12,C,dist_d0.05_L1000,12,20,3000,1000,0.05,0.0,0.05,50.0,True,1000;2000,2,True,2,998;2002,True,True,2.0,2.0,False,0.9964733078666705,10.543754442810828,0.7142857142857142,1.8868741396107496,7.531253173436305,59.98779200000026,0.03225806451612903,"{""Recombination""}"
expC_d0.05_L1000_rep13,C,dist_d0.05_L1000,13,20,3000,1000,0.05,0.0,0.05,50.0,True,1000;2000,2,True,2,990;1996,True,True,7.0,4.0,False,0.9946659013289706,29.88971412885886,1.0,1.8676837948328355,29.88971412885886,56.21000000000009,0.03225806451612903,"{""Recombination""}"
expC_d0.05_L1000_rep14,C,dist_d0.05_L1000,14,20,3000,1000,0.05,0.0,0.05,50.0,True,1000;2000,2,True,3,1012;1230;1985,True,True,85.66666666666667,12.0,False,0.9609513569576149,16.85600803218185,0.6964285714285714,1.9124974421053296,11.73900559384093,60.14858400000023,0.03225806451612903,"{""Recombination""}"
expC_d0.05_L250_rep00,C,dist_d0.05_L250,0,20,3000,250,0.05,0.0,0.05,12.5,True,1000;1250,2,True,3,526;999;1248,True,True,159.0,1.0,False,0.9461577361884917,10.191669560059792,0.8666666666666667,1.963747699282209,8.832780285385153,85.7545420000001,0.03225806451612903,"{""Recombination""}"
expC_d0.05_L250_rep01,C,dist_d0.05_L250,1,20,3000,250,0.05,0.0,0.05,12.5,True,1000;1250,2,False,0,,False,False,,,False,0.9438496058269708,0.0,0.0,1.937395637573164,5.812186912719492,44.280792000000346,0.12903225806451613,"{""Recombination"", ""Clonal Null""}"
expC_d0.05_L250_rep02,C,dist_d0.05_L250,2,20,3000,250,0.05,0.0,0.05,12.5,True,1000;1250,2,False,0,,False,False,,,False,0.9430768056726397,0.0,0.0,1.8991214101830975,5.697364230549293,41.88516700000022,0.1935483870967742,"{""Recombination"", ""Clonal Null""}"
expC_d0.05_L250_rep03,C,dist_d0.05_L250,3,20,3000,250,0.05,0.0,0.05,12.5,True,1000;1250,2,False,0,,False,False,,,False,0.9628394879614407,0.0,0.0,1.8517917757073266,5.55537532712198,43.331374999999284,0.22580645161290322,"{""Recombination"", ""Clonal Null""}"
expC_d0.05_L250_rep04,C,dist_d0.05_L250,4,20,3000,250,0.05,0.0,0.05,12.5,True,1000;1250,2,True,2,1000;1254,True,True,2.0,0.0,False,0.9564509802358818,5.788592377351325,1.0,1.9667188566791238,5.900156570037371,81.21187500000016,0.06451612903225806,"{""Recombination"", ""Clonal Null""}"
expC_d0.05_L250_rep05,C,dist_d0.05_L250,5,20,3000,250,0.05,0.0,0.05,12.5,True,1000;1250,2,True,2,990;1254,True,True,7.0,4.0,False,0.9196694703081135,9.547155477880606,1.0,1.8354702289655687,9.547155477880606,78.68750000000003,0.03225806451612903,"{""Recombination""}"
expC_d0.05_L250_rep06,C,dist_d0.05_L250,6,20,3000,250,0.05,0.0,0.05,12.5,True,1000;1250,2,True,4,950;1250;1300;2530,True,True,345.0,0.0,False,0.9706506215602206,5.729707981836207,1.0,1.9582372127563636,5.8747116382690905,90.69304199999983,0.0967741935483871,"{""Recombination"", ""Clonal Null""}"
expC_d0.05_L250_rep07,C,dist_d0.05_L250,7,20,3000,250,0.05,0.0,0.05,12.5,True,1000;1250,2,False,0,,False,False,,,False,0.9749802422027029,0.0,0.0,1.9011798503351793,5.703539551005538,39.83045799999996,0.16129032258064516,"{""Recombination"", ""Clonal Null""}"
expC_d0.05_L250_rep08,C,dist_d0.05_L250,8,20,3000,250,0.05,0.0,0.05,12.5,True,1000;1250,2,False,0,,False,False,,,False,0.9232407499363038,0.0,0.0,1.9491956884510842,5.8475870653532525,42.476917000000114,0.0967741935483871,"{""Recombination"", ""Clonal Null""}"
expC_d0.05_L250_rep09,C,dist_d0.05_L250,9,20,3000,250,0.05,0.0,0.05,12.5,True,1000;1250,2,True,3,892;1282;2714,True,False,534.6666666666666,32.0,False,0.9203955803647543,7.48193778773263,0.631578947368421,1.7712422022964676,5.313726606889403,76.74466699999982,0.2903225806451613,"{""Recombination"", ""Clonal Null""}"
expC_d0.05_L250_rep10,C,dist_d0.05_L250,10,20,3000,250,0.05,0.0,0.05,12.5,True,1000;1250,2,True,2,999;1246,True,True,2.5,1.0,False,0.978865666790024,13.956903081914207,0.5555555555555556,1.9520150943794232,7.753835045507893,75.1918749999998,0.03225806451612903,"{""Recombination""}"
expC_d0.05_L250_rep11,C,dist_d0.05_L250,11,20,3000,250,0.05,0.0,0.05,12.5,True,1000;1250,2,False,0,,False,False,,,False,0.9427900827433885,0.0,0.0,1.906606585257734,5.7198197557732025,48.40224999999965,0.16129032258064516,"{""Recombination"", ""Clonal Null""}"
expC_d0.05_L250_rep12,C,dist_d0.05_L250,12,20,3000,250,0.05,0.0,0.05,12.5,True,1000;1250,2,True,3,972;1212;1980,True,True,265.3333333333333,28.0,False,0.9230691407019247,9.348396317702889,1.0,1.8525718539757605,9.348396317702889,87.25808300000004,0.03225806451612903,"{""Recombination""}"
expC_d0.05_L250_rep13,C,dist_d0.05_L250,13,20,3000,250,0.05,0.0,0.05,12.5,True,1000;1250,2,True,2,998;1244,True,True,4.0,2.0,False,0.9849357589165746,12.482691169374634,0.7894736842105264,1.9390772748444394,9.854756186348396,73.41266699999949,0.03225806451612903,"{""Recombination""}"
expC_d0.05_L250_rep14,C,dist_d0.05_L250,14,20,3000,250,0.05,0.0,0.05,12.5,True,1000;1250,2,False,0,,False,False,,,False,0.9764351286278029,0.0,0.0,1.8782190184565788,5.634657055369736,42.721916000000526,0.22580645161290322,"{""Recombination"", ""Clonal Null""}"
expC_d0.15_L1000_rep00,C,dist_d0.15_L1000,0,20,3000,1000,0.15,0.0,0.05,150.0,True,1000;2000,2,True,2,998;2002,True,True,2.0,2.0,False,0.9951817941540247,10.504016144569528,1.0000000000000002,1.9097217664197061,10.50401614456953,92.22487500000031,0.03225806451612903,"{""Recombination""}"
expC_d0.15_L1000_rep01,C,dist_d0.15_L1000,1,20,3000,1000,0.15,0.0,0.05,150.0,True,1000;2000,2,True,2,998;1996,True,True,3.0,2.0,False,0.9839043321952102,21.776093720103542,1.0,1.9106646529237719,21.776093720103542,86.11287500000043,0.03225806451612903,"{""Recombination""}"
expC_d0.15_L1000_rep02,C,dist_d0.15_L1000,2,20,3000,1000,0.15,0.0,0.05,150.0,True,1000;2000,2,True,2,1004;1997,True,True,3.5,3.0,False,0.9900605260748919,25.36938473737554,1.0,1.8978191830731839,25.36938473737554,65.00320900000034,0.03225806451612903,"{""Recombination""}"
expC_d0.15_L1000_rep03,C,dist_d0.15_L1000,3,20,3000,1000,0.15,0.0,0.05,150.0,True,1000;2000,2,True,2,1000;2000,True,True,0.0,0.0,False,0.9964437244603964,19.946666903976936,1.0,1.8981691770711326,19.946666903976936,81.83208300000011,0.03225806451612903,"{""Recombination""}"
expC_d0.15_L1000_rep04,C,dist_d0.15_L1000,4,20,3000,1000,0.15,0.0,0.05,150.0,True,1000;2000,2,True,2,999;1996,True,True,2.5,1.0,False,0.9927875526607135,40.47700323702676,1.0,1.8979219350898278,40.47700323702676,85.8587919999998,0.03225806451612903,"{""Recombination""}"
expC_d0.15_L1000_rep05,C,dist_d0.15_L1000,5,20,3000,1000,0.15,0.0,0.05,150.0,True,1000;2000,2,True,4,1012;1640;1714;1999,True,True,164.75,1.0,False,0.981168347948744,14.398239987076812,1.0,1.9067198889414398,14.398239987076812,103.02504099999953,0.03225806451612903,"{""Recombination""}"
expC_d0.15_L1000_rep06,C,dist_d0.15_L1000,6,20,3000,1000,0.15,0.0,0.05,150.0,True,1000;2000,2,True,5,394;1002;1413;1610;2000,True,True,282.2,0.0,False,0.9725171963189512,19.35897519421469,1.0,1.881259958501787,19.35897519421469,83.99054199999955,0.03225806451612903,"{""Recombination""}"
expC_d0.15_L1000_rep07,C,dist_d0.15_L1000,7,20,3000,1000,0.15,0.0,0.05,150.0,True,1000;2000,2,True,3,998;1996;2322,True,True,109.33333333333333,2.0,False,0.9864054062688754,18.46741898804765,1.0,1.9123896046216615,18.46741898804765,84.39858299999958,0.03225806451612903,"{""Recombination""}"
expC_d0.15_L1000_rep08,C,dist_d0.15_L1000,8,20,3000,1000,0.15,0.0,0.05,150.0,True,1000;2000,2,True,3,1000;1996;2417,True,True,140.33333333333334,0.0,False,0.9857434503909941,16.87239931897577,0.6470588235294118,1.8997093651198729,10.91743485345491,69.19004100000059,0.03225806451612903,"{""Recombination""}"
expC_d0.15_L1000_rep09,C,dist_d0.15_L1000,9,20,3000,1000,0.15,0.0,0.05,150.0,True,1000;2000,2,True,2,997;1996,True,True,3.5,3.0,False,0.9830368380141978,13.871143645383645,1.0,1.901072959425644,13.871143645383645,79.21725000000012,0.03225806451612903,"{""Recombination""}"
expC_d0.15_L1000_rep10,C,dist_d0.15_L1000,10,20,3000,1000,0.15,0.0,0.05,150.0,True,1000;2000,2,True,2,996;2000,True,True,2.0,0.0,False,0.9885689723672078,19.54368274187482,0.48148148148148145,1.896966357459389,9.409921320161951,76.28274999999985,0.03225806451612903,"{""Recombination""}"
expC_d0.15_L1000_rep11,C,dist_d0.15_L1000,11,20,3000,1000,0.15,0.0,0.05,150.0,True,1000;2000,2,True,2,1002;2005,True,True,3.5,2.0,False,0.9919921631275144,25.033430874670874,1.0,1.9291376303072307,25.033430874670874,84.05991700000027,0.03225806451612903,"{""Recombination""}"
expC_d0.15_L1000_rep12,C,dist_d0.15_L1000,12,20,3000,1000,0.15,0.0,0.05,150.0,True,1000;2000,2,True,2,1000;1997,True,True,1.5,0.0,False,0.9931826043824735,16.97563887424165,0.894736842105263,1.9189582072078721,15.188729519058317,70.12012499999986,0.03225806451612903,"{""Recombination""}"
expC_d0.15_L1000_rep13,C,dist_d0.15_L1000,13,20,3000,1000,0.15,0.0,0.05,150.0,True,1000;2000,2,True,2,994;2000,True,True,3.0,0.0,False,0.9895108321511565,19.04050897091908,0.6748582230623817,1.9215943542349223,12.84964405031779,74.34420900000038,0.03225806451612903,"{""Recombination""}"
expC_d0.15_L1000_rep14,C,dist_d0.15_L1000,14,20,3000,1000,0.15,0.0,0.05,150.0,True,1000;2000,2,True,4,997;1234;1645;1987,True,True,151.25,3.0,False,0.9777461647137705,16.91211995620573,0.8260869565217391,1.8998268388307433,13.970881702952559,70.19049999999982,0.03225806451612903,"{""Recombination""}"
expC_d0.15_L250_rep00,C,dist_d0.15_L250,0,20,3000,250,0.15,0.0,0.05,37.5,True,1000;1250,2,False,0,,False,False,,,False,0.9920336746063931,0.0,0.0,1.9119991403960426,5.735997421188127,44.8866670000001,0.16129032258064516,"{""Recombination"", ""Clonal Null""}"
expC_d0.15_L250_rep01,C,dist_d0.15_L250,1,20,3000,250,0.15,0.0,0.05,37.5,True,1000;1250,2,False,0,,False,False,,,False,0.9902186971658606,0.0,0.0,1.9282873541190741,5.784862062357222,39.728166999999814,0.12903225806451613,"{""Recombination"", ""Clonal Null""}"
expC_d0.15_L250_rep02,C,dist_d0.15_L250,2,20,3000,250,0.15,0.0,0.05,37.5,True,1000;1250,2,False,0,,False,False,,,False,0.9891584622609122,0.0,0.0,1.9298332809290475,5.7894998427871425,43.857374999999976,0.12903225806451613,"{""Recombination"", ""Clonal Null""}"
expC_d0.15_L250_rep03,C,dist_d0.15_L250,3,20,3000,250,0.15,0.0,0.05,37.5,True,1000;1250,2,True,3,999;1250;1307,True,True,19.333333333333332,0.0,False,0.9940701722774294,9.450897395448308,1.0,1.9696701343059582,9.450897395448308,97.85229199999978,0.03225806451612903,"{""Recombination""}"
expC_d0.15_L250_rep04,C,dist_d0.15_L250,4,20,3000,250,0.15,0.0,0.05,37.5,True,1000;1250,2,True,2,990;1250,True,True,5.0,0.0,False,0.9886569977734659,11.461781663837998,1.0,1.9502476987887116,11.461781663837998,100.43749999999996,0.03225806451612903,"{""Recombination""}"
expC_d0.15_L250_rep05,C,dist_d0.15_L250,5,20,3000,250,0.15,0.0,0.05,37.5,True,1000;1250,2,True,4,430;995;1246;2633,True,True,490.5,4.0,False,0.9830444351597285,14.871142576050993,1.0,1.9592415587904846,14.871142576050993,94.1896670000002,0.03225806451612903,"{""Recombination""}"
expC_d0.15_L250_rep06,C,dist_d0.15_L250,6,20,3000,250,0.15,0.0,0.05,37.5,True,1000;1250,2,False,0,,False,False,,,False,0.988586158695539,0.0,0.0,1.9680313024850988,5.904093907455296,56.55950000000054,0.06451612903225806,"{""Recombination"", ""Clonal Null""}"
expC_d0.15_L250_rep07,C,dist_d0.15_L250,7,20,3000,250,0.15,0.0,0.05,37.5,True,1000;1250,2,True,3,786;1000;1242,True,True,74.0,0.0,False,0.9901624767683953,14.394619747505251,0.7000000000000001,1.9310515078303514,10.076233823253677,122.4945420000001,0.03225806451612903,"{""Recombination""}"
expC_d0.15_L250_rep08,C,dist_d0.15_L250,8,20,3000,250,0.15,0.0,0.05,37.5,True,1000;1250,2,False,0,,False,False,,,False,0.9872974187897569,0.0,0.0,1.8996599888813026,5.698979966643908,54.53254199999957,0.1935483870967742,"{""Recombination"", ""Clonal Null""}"
expC_d0.15_L250_rep09,C,dist_d0.15_L250,9,20,3000,250,0.15,0.0,0.05,37.5,True,1000;1250,2,True,3,998;1248;2368,True,True,374.0,2.0,False,0.9933479490517818,10.10308717890376,0.8620689655172414,1.9648504690032669,8.70955791284807,132.1209579999998,0.03225806451612903,"{""Recombination""}"
expC_d0.15_L250_rep10,C,dist_d0.15_L250,10,20,3000,250,0.15,0.0,0.05,37.5,True,1000;1250,2,False,0,,False,False,,,False,0.9920790507822468,0.0,0.0,1.9251217524370814,5.775365257311244,64.37887500000005,0.12903225806451613,"{""Recombination"", ""Clonal Null""}"
expC_d0.15_L250_rep11,C,dist_d0.15_L250,11,20,3000,250,0.15,0.0,0.05,37.5,True,1000;1250,2,False,0,,False,False,,,False,0.9878375322248708,0.0,0.0,1.9298478521938183,5.789543556581455,67.0159589999999,0.12903225806451613,"{""Recombination"", ""Clonal Null""}"
expC_d0.15_L250_rep12,C,dist_d0.15_L250,12,20,3000,250,0.15,0.0,0.05,37.5,True,1000;1250,2,True,2,1002;1254,True,True,3.0,2.0,False,0.9875345494845069,14.532372991571604,0.92,1.9504511824951618,13.369783152245876,114.19633399999984,0.03225806451612903,"{""Recombination""}"
expC_d0.15_L250_rep13,C,dist_d0.15_L250,13,20,3000,250,0.15,0.0,0.05,37.5,True,1000;1250,2,True,1,2012,False,False,762.0,762.0,False,0.9856557949839343,3.5063179622504976,0.20454545454545459,1.9501769520422119,5.850530856126635,101.13520899999972,0.0967741935483871,"{""Recombination"", ""Clonal Null""}"
expC_d0.15_L250_rep14,C,dist_d0.15_L250,14,20,3000,250,0.15,0.0,0.05,37.5,True,1000;1250,2,False,0,,False,False,,,False,0.9866970878923148,0.0,0.0,1.9498724603972293,5.849617381191688,56.181540999999946,0.0967741935483871,"{""Recombination"", ""Clonal Null""}"
expC_d0.30_L1000_rep00,C,dist_d0.3_L1000,0,20,3000,1000,0.3,0.0,0.05,300.0,True,1000;2000,2,True,4,670;995;2002;2344,True,True,170.25,2.0,False,0.9960379657459455,22.342469474080414,0.9555555555555556,1.9038563405039366,21.34947083078795,60.9044170000006,0.03225806451612903,"{""Recombination""}"
expC_d0.30_L1000_rep01,C,dist_d0.3_L1000,1,20,3000,1000,0.3,0.0,0.05,300.0,True,1000;2000,2,True,3,996;1996;2460,True,True,156.0,4.0,False,0.9927106871607707,16.375943327427688,0.8139534883720931,1.901228119932913,13.329256196743469,59.58704100000034,0.03225806451612903,"{""Recombination""}"
expC_d0.30_L1000_rep02,C,dist_d0.3_L1000,2,20,3000,1000,0.3,0.0,0.05,300.0,True,1000;2000,2,True,2,1006;1999,True,True,3.5,1.0,False,0.9906156008635648,16.17496137993915,0.4545454545454546,1.902075720529682,7.352255172699613,62.491083999999475,0.03225806451612903,"{""Recombination""}"
expC_d0.30_L1000_rep03,C,dist_d0.3_L1000,3,20,3000,1000,0.3,0.0,0.05,300.0,True,1000;2000,2,True,6,730;1001;1448;1994;2408;2612,True,True,290.8333333333333,1.0,False,0.994781206221375,25.959945495146336,1.0,1.9021246193440016,25.959945495146336,65.77420899999976,0.03225806451612903,"{""Recombination""}"
expC_d0.30_L1000_rep04,C,dist_d0.3_L1000,4,20,3000,1000,0.3,0.0,0.05,300.0,True,1000;2000,2,True,2,999;2008,True,True,4.5,1.0,False,0.9962459565363669,21.4634426076407,1.0,1.9027976825446222,21.4634426076407,61.280165999999525,0.03225806451612903,"{""Recombination""}"
expC_d0.30_L1000_rep05,C,dist_d0.3_L1000,5,20,3000,1000,0.3,0.0,0.05,300.0,True,1000;2000,2,True,3,997;1555;1998,True,True,150.0,2.0,False,0.9948045317093042,79.80289736841907,0.8222222222222222,1.9129872587044243,65.61571561403345,73.57300000000055,0.03225806451612903,"{""Recombination""}"
expC_d0.30_L1000_rep06,C,dist_d0.3_L1000,6,20,3000,1000,0.3,0.0,0.05,300.0,True,1000;2000,2,True,2,1000;2000,True,True,0.0,0.0,False,0.9886258120296759,18.678229583831378,1.0,1.911599770691481,18.678229583831378,65.44200000000001,0.03225806451612903,"{""Recombination""}"
expC_d0.30_L1000_rep07,C,dist_d0.3_L1000,7,20,3000,1000,0.3,0.0,0.05,300.0,True,1000;2000,2,True,3,457;986;1998,True,True,186.33333333333334,2.0,False,0.9913624110266059,24.21818335022213,0.6486486486486487,1.9085358393622491,15.709091902846788,67.96529100000015,0.03225806451612903,"{""Recombination""}"
expC_d0.30_L1000_rep08,C,dist_d0.3_L1000,8,20,3000,1000,0.3,0.0,0.05,300.0,True,1000;2000,2,True,2,999;2000,True,True,0.5,0.0,False,0.994875033867416,50.51574887307551,1.0,1.9062755602737689,50.51574887307551,67.0433750000008,0.03225806451612903,"{""Recombination""}"
expC_d0.30_L1000_rep09,C,dist_d0.3_L1000,9,20,3000,1000,0.3,0.0,0.05,300.0,True,1000;2000,2,True,2,998;1996,True,True,3.0,2.0,False,0.9963041996811507,27.345535455793296,0.761904761904762,1.9009307394897499,20.834693680604417,60.72791600000027,0.03225806451612903,"{""Recombination""}"
expC_d0.30_L1000_rep10,C,dist_d0.3_L1000,10,20,3000,1000,0.3,0.0,0.05,300.0,True,1000;2000,2,True,3,998;1998;2097,True,True,33.666666666666664,2.0,False,0.9969539447342621,28.09853141340712,1.0,1.9048996969001506,28.09853141340712,66.84845799999994,0.03225806451612903,"{""Recombination""}"
expC_d0.30_L1000_rep11,C,dist_d0.3_L1000,11,20,3000,1000,0.3,0.0,0.05,300.0,True,1000;2000,2,True,2,983;1998,True,True,9.5,2.0,False,0.9957217278306868,26.19529581085351,0.951219512195122,1.9098820299950212,24.917476503007,66.2804579999996,0.03225806451612903,"{""Recombination""}"
expC_d0.30_L1000_rep12,C,dist_d0.3_L1000,12,20,3000,1000,0.3,0.0,0.05,300.0,True,1000;2000,2,True,2,996;1996,True,True,4.0,4.0,False,0.9929907942740117,39.506625280946075,0.43247863247863244,1.907905912061196,17.085771275349327,61.712875000000444,0.03225806451612903,"{""Recombination""}"
expC_d0.30_L1000_rep13,C,dist_d0.3_L1000,13,20,3000,1000,0.3,0.0,0.05,300.0,True,1000;2000,2,True,2,997;1994,True,True,4.5,3.0,False,0.9900746327472699,15.770035795604995,1.0,1.905372579633228,15.770035795604995,62.281667000000596,0.03225806451612903,"{""Recombination""}"
expC_d0.30_L1000_rep14,C,dist_d0.3_L1000,14,20,3000,1000,0.3,0.0,0.05,300.0,True,1000;2000,2,True,2,997;2000,True,True,1.5,0.0,False,0.9929613829728872,66.29047192965344,1.0,1.917353340926237,66.29047192965344,62.98270799999983,0.03225806451612903,"{""Recombination""}"
expC_d0.30_L250_rep00,C,dist_d0.3_L250,0,20,3000,250,0.3,0.0,0.05,75.0,True,1000;1250,2,False,0,,False,False,,,False,0.9914251769692632,0.0,0.0,1.9474543394532589,5.842363018359777,42.06270899999964,0.0967741935483871,"{""Recombination"", ""Clonal Null""}"
expC_d0.30_L250_rep01,C,dist_d0.3_L250,1,20,3000,250,0.3,0.0,0.05,75.0,True,1000;1250,2,False,0,,False,False,,,False,0.9927094136543216,0.0,0.0,1.9509681443085585,5.852904432925675,48.904541000000634,0.0967741935483871,"{""Recombination"", ""Clonal Null""}"
expC_d0.30_L250_rep02,C,dist_d0.3_L250,2,20,3000,250,0.3,0.0,0.05,75.0,True,1000;1250,2,True,2,1004;1250,True,True,2.0,0.0,False,0.9902951247168602,19.468640511261494,0.8636363636363639,1.9444938458648195,16.813825896089476,83.58991600000022,0.03225806451612903,"{""Recombination""}"
expC_d0.30_L250_rep03,C,dist_d0.3_L250,3,20,3000,250,0.3,0.0,0.05,75.0,True,1000;1250,2,True,2,608;2186,False,False,664.0,392.0,False,0.993612603305182,3.4367511471749816,0.5000000000000001,1.916948642770413,5.750845928311239,90.06870800000044,0.16129032258064516,"{""Recombination"", ""Clonal Null""}"
expC_d0.30_L250_rep04,C,dist_d0.3_L250,4,20,3000,250,0.3,0.0,0.05,75.0,True,1000;1250,2,True,3,1000;1248;1444,True,True,65.33333333333333,0.0,False,0.9974930953059303,21.852797697725677,0.5586527293844368,1.9536511635647207,12.208125078520386,76.90058399999967,0.03225806451612903,"{""Recombination""}"
expC_d0.30_L250_rep05,C,dist_d0.3_L250,5,20,3000,250,0.3,0.0,0.05,75.0,True,1000;1250,2,False,0,,False,False,,,False,0.9961918701040533,0.0,0.0,1.9212627217925293,5.763788165377588,43.05800000000026,0.16129032258064516,"{""Recombination"", ""Clonal Null""}"
expC_d0.30_L250_rep06,C,dist_d0.3_L250,6,20,3000,250,0.3,0.0,0.05,75.0,True,1000;1250,2,True,1,297,False,False,703.0,703.0,False,0.9915832571955167,2.3349441557790658,1.0,1.9304170900903195,5.791251270270958,68.30904200000009,0.12903225806451613,"{""Recombination"", ""Clonal Null""}"
expC_d0.30_L250_rep07,C,dist_d0.3_L250,7,20,3000,250,0.3,0.0,0.05,75.0,True,1000;1250,2,False,0,,False,False,,,False,0.9858575228041132,0.0,0.0,1.9512479094021158,5.853743728206347,45.35666599999999,0.0967741935483871,"{""Recombination"", ""Clonal Null""}"
expC_d0.30_L250_rep08,C,dist_d0.3_L250,8,20,3000,250,0.3,0.0,0.05,75.0,True,1000;1250,2,False,0,,False,False,,,False,0.9912034070516603,0.0,0.0,1.94631218593209,5.83893655779627,44.05479199999984,0.12903225806451613,"{""Recombination"", ""Clonal Null""}"
expC_d0.30_L250_rep09,C,dist_d0.3_L250,9,20,3000,250,0.3,0.0,0.05,75.0,True,1000;1250,2,True,3,920;998;1250,True,True,27.333333333333332,0.0,False,0.9974696739699654,32.80921916967355,0.9230769230769231,1.9408268754503282,30.28543307969866,85.01099999999973,0.03225806451612903,"{""Recombination""}"
expC_d0.30_L250_rep10,C,dist_d0.3_L250,10,20,3000,250,0.3,0.0,0.05,75.0,True,1000;1250,2,True,1,1517,False,False,267.0,267.0,False,0.9931317018031975,2.8677882292178305,1.0,1.939023544144205,5.817070632432615,63.414916000000154,0.12903225806451613,"{""Recombination"", ""Clonal Null""}"
expC_d0.30_L250_rep11,C,dist_d0.3_L250,11,20,3000,250,0.3,0.0,0.05,75.0,True,1000;1250,2,False,0,,False,False,,,False,0.9926612362860674,0.0,0.0,1.948215324036904,5.844645972110712,43.08308400000005,0.0967741935483871,"{""Recombination"", ""Clonal Null""}"
expC_d0.30_L250_rep12,C,dist_d0.3_L250,12,20,3000,250,0.3,0.0,0.05,75.0,True,1000;1250,2,False,0,,False,False,,,False,0.9946151031751712,0.0,0.0,1.9349970411542317,5.804991123462695,44.00700000000057,0.12903225806451613,"{""Recombination"", ""Clonal Null""}"
expC_d0.30_L250_rep13,C,dist_d0.3_L250,13,20,3000,250,0.3,0.0,0.05,75.0,True,1000;1250,2,False,0,,False,False,,,False,0.9882042153350152,0.0,0.0,1.9515805306601826,5.854741591980548,41.852624999999755,0.0967741935483871,"{""Recombination"", ""Clonal Null""}"
expC_d0.30_L250_rep14,C,dist_d0.3_L250,14,20,3000,250,0.3,0.0,0.05,75.0,True,1000;1250,2,False,0,,False,False,,,False,0.9887099149946083,0.0,0.0,1.9512661159288236,5.853798347786471,47.001874999999416,0.0967741935483871,"{""Recombination"", ""Clonal Null""}"
expC_d0.45_L1000_rep00,C,dist_d0.45_L1000,0,20,3000,1000,0.45,0.0,0.05,450.0,True,1000;2000,2,True,2,1000;1998,True,True,1.0,0.0,False,0.9970408735663381,18.78230308703342,0.4259094942324756,1.9069437407133767,7.999561208319468,60.857291999999674,0.03225806451612903,"{""Recombination""}"
expC_d0.45_L1000_rep01,C,dist_d0.45_L1000,1,20,3000,1000,0.45,0.0,0.05,450.0,True,1000;2000,2,True,3,1000;1999;2562,True,True,187.66666666666666,0.0,False,0.9956740689139364,25.009897078670708,0.639344262295082,1.9021856757649322,15.98993419783865,59.622000000000064,0.03225806451612903,"{""Recombination""}"
expC_d0.45_L1000_rep02,C,dist_d0.45_L1000,2,20,3000,1000,0.45,0.0,0.05,450.0,True,1000;2000,2,True,2,998;2000,True,True,1.0,0.0,False,0.9971194289067793,71.04457904858401,0.47058823529411764,1.9075482682012637,33.432743081686596,61.39662499999954,0.03225806451612903,"{""Recombination""}"
expC_d0.45_L1000_rep03,C,dist_d0.45_L1000,3,20,3000,1000,0.45,0.0,0.05,450.0,True,1000;2000,2,True,2,1001;1994,True,True,3.5,1.0,False,0.9958606753502187,36.656268032535706,0.5842307692307691,1.9114262443674184,21.415719669777587,62.60058300000004,0.03225806451612903,"{""Recombination""}"
expC_d0.45_L1000_rep04,C,dist_d0.45_L1000,4,20,3000,1000,0.45,0.0,0.05,450.0,True,1000;2000,2,True,2,1002;1998,True,True,2.0,2.0,False,0.9982224987493995,15.365395227327372,0.3466312056737589,1.9090258972501417,5.727077691750425,58.708292000000384,0.16129032258064516,"{""Recombination"", ""Clonal Null""}"
expC_d0.45_L1000_rep05,C,dist_d0.45_L1000,5,20,3000,1000,0.45,0.0,0.05,450.0,True,1000;2000,2,True,2,998;2001,True,True,1.5,1.0,False,0.9988896139722037,16.85211074067065,0.7894736842105264,1.902460058716557,13.304297953161042,61.20812499999939,0.03225806451612903,"{""Recombination""}"
expC_d0.45_L1000_rep06,C,dist_d0.45_L1000,6,20,3000,1000,0.45,0.0,0.05,450.0,True,1000;2000,2,True,2,1003;1998,True,True,2.5,2.0,False,0.9910011181323404,30.851474231983214,1.0,1.9037017111887218,30.851474231983214,68.48495799999998,0.03225806451612903,"{""Recombination""}"
expC_d0.45_L1000_rep07,C,dist_d0.45_L1000,7,20,3000,1000,0.45,0.0,0.05,450.0,True,1000;2000,2,True,3,992;2000;2598,True,True,202.0,0.0,False,0.9928243975521455,25.419892788884265,0.8571428571428571,1.9043703199482092,21.78847953332937,66.33687500000019,0.03225806451612903,"{""Recombination""}"
expC_d0.45_L1000_rep08,C,dist_d0.45_L1000,8,20,3000,1000,0.45,0.0,0.05,450.0,True,1000;2000,2,True,3,996;1534;1998,True,True,157.33333333333334,2.0,False,0.9944000969023283,42.41782210315635,0.7622222222222221,1.8982008926283565,32.331806625294725,70.53654100000006,0.03225806451612903,"{""Recombination""}"
expC_d0.45_L1000_rep09,C,dist_d0.45_L1000,9,20,3000,1000,0.45,0.0,0.05,450.0,True,1000;2000,2,True,2,998;1998,True,True,2.0,2.0,False,0.9931065751464985,28.58204491430796,0.5850649350649351,1.9108643355777903,16.722352251812644,63.61620800000001,0.03225806451612903,"{""Recombination""}"
expC_d0.45_L1000_rep10,C,dist_d0.45_L1000,10,20,3000,1000,0.45,0.0,0.05,450.0,True,1000;2000,2,True,3,998;1519;1995,True,True,162.66666666666666,2.0,False,0.9900059902768656,30.769249003276187,0.8604651162790697,1.89943127777028,26.475865421423695,64.32616699999994,0.03225806451612903,"{""Recombination""}"
expC_d0.45_L1000_rep11,C,dist_d0.45_L1000,11,20,3000,1000,0.45,0.0,0.05,450.0,True,1000;2000,2,True,3,999;1994;2292,True,True,99.66666666666667,1.0,False,0.995078986787143,19.181517469331098,1.0,1.8963822551673326,19.181517469331098,73.68825000000001,0.03225806451612903,"{""Recombination""}"
expC_d0.45_L1000_rep12,C,dist_d0.45_L1000,12,20,3000,1000,0.45,0.0,0.05,450.0,True,1000;2000,2,True,2,999;2002,True,True,1.5,1.0,False,0.99805462524106,30.7427032815476,0.7959183673469388,1.9071818407787737,24.468682203680743,61.80358300000055,0.03225806451612903,"{""Recombination""}"
expC_d0.45_L1000_rep13,C,dist_d0.45_L1000,13,20,3000,1000,0.45,0.0,0.05,450.0,True,1000;2000,2,True,2,996;1993,True,True,5.5,4.0,False,0.996024681930746,24.530713267152912,0.8260869565217391,1.9005563882701604,20.264502264169796,64.1785420000005,0.03225806451612903,"{""Recombination""}"
expC_d0.45_L1000_rep14,C,dist_d0.45_L1000,14,20,3000,1000,0.45,0.0,0.05,450.0,True,1000;2000,2,True,3,996;1999;2257,True,True,87.33333333333333,1.0,False,0.9927467368311361,41.85501151056218,0.9795918367346939,1.9051480540651515,41.00082760218336,59.911374999999545,0.03225806451612903,"{""Recombination""}"
expC_d0.45_L250_rep00,C,dist_d0.45_L250,0,20,3000,250,0.45,0.0,0.05,112.5,True,1000;1250,2,False,0,,False,False,,,False,0.9965073673872024,0.0,0.0,1.9411421076274447,5.823426322882334,43.120666000000085,0.12903225806451613,"{""Recombination"", ""Clonal Null""}"
expC_d0.45_L250_rep01,C,dist_d0.45_L250,1,20,3000,250,0.45,0.0,0.05,112.5,True,1000;1250,2,False,0,,False,False,,,False,0.9941276517438536,0.0,0.0,1.9583937569373906,5.875181270812172,41.44720900000021,0.0967741935483871,"{""Recombination"", ""Clonal Null""}"
expC_d0.45_L250_rep02,C,dist_d0.45_L250,2,20,3000,250,0.45,0.0,0.05,112.5,True,1000;1250,2,True,4,504;998;1250;1519,True,True,191.75,0.0,False,0.9948145266684848,27.110047848911776,1.0,1.9526857674172573,27.110047848911776,83.64016700000043,0.03225806451612903,"{""Recombination""}"
expC_d0.45_L250_rep03,C,dist_d0.45_L250,3,20,3000,250,0.45,0.0,0.05,112.5,True,1000;1250,2,False,0,,False,False,,,False,0.995201542455343,0.0,0.0,1.9449519483519588,5.834855845055877,46.88095900000011,0.12903225806451613,"{""Recombination"", ""Clonal Null""}"
expC_d0.45_L250_rep04,C,dist_d0.45_L250,4,20,3000,250,0.45,0.0,0.05,112.5,True,1000;1250,2,False,0,,False,False,,,False,0.9981339733221596,0.0,0.0,1.9604666701477689,5.881400010443307,46.276790999999484,0.0967741935483871,"{""Recombination"", ""Clonal Null""}"
expC_d0.45_L250_rep05,C,dist_d0.45_L250,5,20,3000,250,0.45,0.0,0.05,112.5,True,1000;1250,2,False,0,,False,False,,,False,0.9995747980274409,0.0,0.0,1.9526447909214726,5.857934372764418,41.00891700000009,0.0967741935483871,"{""Recombination"", ""Clonal Null""}"
expC_d0.45_L250_rep06,C,dist_d0.45_L250,6,20,3000,250,0.45,0.0,0.05,112.5,True,1000;1250,2,False,0,,False,False,,,False,0.998301780910188,0.0,0.0,1.9566479695826842,5.869943908748052,46.05149999999991,0.0967741935483871,"{""Recombination"", ""Clonal Null""}"
expC_d0.45_L250_rep07,C,dist_d0.45_L250,7,20,3000,250,0.45,0.0,0.05,112.5,True,1000;1250,2,False,0,,False,False,,,False,0.9934814068516366,0.0,0.0,1.9488352859193179,5.846505857757954,46.83404199999952,0.0967741935483871,"{""Recombination"", ""Clonal Null""}"
expC_d0.45_L250_rep08,C,dist_d0.45_L250,8,20,3000,250,0.45,0.0,0.05,112.5,True,1000;1250,2,False,0,,False,False,,,False,0.9929049156570012,0.0,0.0,1.946898993439797,5.840696980319391,43.57275000000005,0.12903225806451613,"{""Recombination"", ""Clonal Null""}"
expC_d0.45_L250_rep09,C,dist_d0.45_L250,9,20,3000,250,0.45,0.0,0.05,112.5,True,1000;1250,2,True,2,692;2571,False,False,814.5,308.0,False,0.9961586966939863,5.67875523173775,0.2142857142857142,1.949438095895423,5.848314287686269,72.39891700000013,0.0967741935483871,"{""Recombination"", ""Clonal Null""}"
expC_d0.45_L250_rep10,C,dist_d0.45_L250,10,20,3000,250,0.45,0.0,0.05,112.5,True,1000;1250,2,False,0,,False,False,,,False,0.9981585302931391,0.0,0.0,1.9509801214304914,5.852940364291474,45.37458300000008,0.0967741935483871,"{""Recombination"", ""Clonal Null""}"
expC_d0.45_L250_rep11,C,dist_d0.45_L250,11,20,3000,250,0.45,0.0,0.05,112.5,True,1000;1250,2,False,0,,False,False,,,False,0.9955392426733388,0.0,0.0,1.9549964876539891,5.864989462961967,44.80274999999967,0.0967741935483871,"{""Recombination"", ""Clonal Null""}"
expC_d0.45_L250_rep12,C,dist_d0.45_L250,12,20,3000,250,0.45,0.0,0.05,112.5,True,1000;1250,2,True,2,458;2296,False,False,794.0,542.0,False,0.9967257073706501,4.815670768319404,0.5555555555555555,1.9678906636681275,5.903671991004383,65.7935830000005,0.06451612903225806,"{""Recombination"", ""Clonal Null""}"
expC_d0.45_L250_rep13,C,dist_d0.45_L250,13,20,3000,250,0.45,0.0,0.05,112.5,True,1000;1250,2,False,0,,False,False,,,False,0.9963323178370812,0.0,0.0,1.9548815387881975,5.8646446163645924,47.469249999999796,0.0967741935483871,"{""Recombination"", ""Clonal Null""}"
expC_d0.45_L250_rep14,C,dist_d0.45_L250,14,20,3000,250,0.45,0.0,0.05,112.5,True,1000;1250,2,True,1,432,False,False,568.0,568.0,False,0.9935760598105677,5.6014826972953555,0.23809523809523805,1.9531432966686462,5.859429890005939,69.09020800000043,0.0967741935483871,"{""Recombination"", ""Clonal Null""}"
expC_d0.60_L1000_rep00,C,dist_d0.6_L1000,0,20,3000,1000,0.6,0.0,0.05,600.0,True,1000;2000,2,True,4,639;1000;1610;1994,True,True,189.25,0.0,False,0.9961217014081343,42.126077799701775,0.7454545454545454,1.902938599804927,31.403076177959502,67.07658299999952,0.03225806451612903,"{""Recombination""}"
expC_d0.60_L1000_rep01,C,dist_d0.6_L1000,1,20,3000,1000,0.6,0.0,0.05,600.0,True,1000;2000,2,True,3,999;2000;2434,True,True,145.0,0.0,False,0.9967143783199452,31.22454849582598,0.8518518518518519,1.9034931860235464,26.598689459407318,69.51154199999988,0.03225806451612903,"{""Recombination""}"
expC_d0.60_L1000_rep02,C,dist_d0.6_L1000,2,20,3000,1000,0.6,0.0,0.05,600.0,True,1000;2000,2,True,2,1002;1996,True,True,3.0,2.0,False,0.9987461356700879,75.58774337013818,0.5437977660199882,1.9038361332837903,41.10444598317332,61.50949999999966,0.03225806451612903,"{""Recombination""}"
expC_d0.60_L1000_rep03,C,dist_d0.6_L1000,3,20,3000,1000,0.6,0.0,0.05,600.0,True,1000;2000,2,True,3,1000;1999;2612,True,True,204.33333333333334,0.0,False,0.9977909884408841,21.45210543869005,1.0,1.9070248947509874,21.45210543869005,65.84229200000013,0.03225806451612903,"{""Recombination""}"
expC_d0.60_L1000_rep04,C,dist_d0.6_L1000,4,20,3000,1000,0.6,0.0,0.05,600.0,True,1000;2000,2,True,2,999;2002,True,True,1.5,1.0,False,0.9979667571403205,36.355455229029594,1.0,1.906311097410858,36.355455229029594,64.04283400000033,0.03225806451612903,"{""Recombination""}"
expC_d0.60_L1000_rep05,C,dist_d0.6_L1000,5,20,3000,1000,0.6,0.0,0.05,600.0,True,1000;2000,2,True,2,1000;1999,True,True,0.5,0.0,False,0.9970733479131755,106.00151181610859,1.0,1.9050595539201365,106.00151181610859,63.55829200000063,0.03225806451612903,"{""Recombination""}"
expC_d0.60_L1000_rep06,C,dist_d0.6_L1000,6,20,3000,1000,0.6,0.0,0.05,600.0,True,1000;2000,2,True,2,998;2000,True,True,1.0,0.0,False,0.9982022307526293,16.35830990792805,0.7704918032786886,1.9059397122111865,12.603943699551122,62.68870799999959,0.03225806451612903,"{""Recombination""}"
expC_d0.60_L1000_rep07,C,dist_d0.6_L1000,7,20,3000,1000,0.6,0.0,0.05,600.0,True,1000;2000,2,True,2,1002;1998,True,True,2.0,2.0,False,0.9965413859470472,37.70384180269202,0.8596491228070177,1.9020386505094482,32.41207453213876,71.16633299999987,0.03225806451612903,"{""Recombination""}"
expC_d0.60_L1000_rep08,C,dist_d0.6_L1000,8,20,3000,1000,0.6,0.0,0.05,600.0,True,1000;2000,2,True,2,996;1999,True,True,2.5,1.0,False,0.9958834190881959,45.606215409674384,0.5992819663076497,1.9013864594250045,27.3309824465599,64.40908300000015,0.03225806451612903,"{""Recombination""}"
expC_d0.60_L1000_rep09,C,dist_d0.6_L1000,9,20,3000,1000,0.6,0.0,0.05,600.0,True,1000;2000,2,True,2,999;2002,True,True,1.5,1.0,False,0.9980527918149456,18.765405140458707,0.7454545454545454,1.9020044109925944,13.988756559251035,58.02883399999992,0.03225806451612903,"{""Recombination""}"
expC_d0.60_L1000_rep10,C,dist_d0.6_L1000,10,20,3000,1000,0.6,0.0,0.05,600.0,True,1000;2000,2,True,2,1001;2002,True,True,1.5,1.0,False,0.9982526658048475,27.69488023975727,1.0,1.9106848220524948,27.69488023975727,57.10920799999997,0.03225806451612903,"{""Recombination""}"
expC_d0.60_L1000_rep11,C,dist_d0.6_L1000,11,20,3000,1000,0.6,0.0,0.05,600.0,True,1000;2000,2,True,3,1000;1187;2000,True,True,62.333333333333336,0.0,False,0.9973315007914414,35.75400702208881,1.0,1.8994522870684658,35.75400702208881,64.17416700000001,0.03225806451612903,"{""Recombination""}"
expC_d0.60_L1000_rep12,C,dist_d0.6_L1000,12,20,3000,1000,0.6,0.0,0.05,600.0,True,1000;2000,2,True,3,1000;1662;1998,True,True,113.33333333333333,0.0,False,0.9969731454930394,40.76092750054432,1.0,1.9098187587594786,40.76092750054432,67.66258299999973,0.03225806451612903,"{""Recombination""}"
expC_d0.60_L1000_rep13,C,dist_d0.6_L1000,13,20,3000,1000,0.6,0.0,0.05,600.0,True,1000;2000,2,True,1,999,True,False,1.0,1.0,False,0.9967108474618438,50.56393761482448,0.9285714285714285,1.902780033656081,46.95222778519416,69.60124999999984,0.03225806451612903,"{""Recombination""}"
expC_d0.60_L1000_rep14,C,dist_d0.6_L1000,14,20,3000,1000,0.6,0.0,0.05,600.0,True,1000;2000,2,True,3,1000;1718;2000,True,True,94.0,0.0,False,0.9961928385496054,32.13950646144439,0.9661016949152542,1.9045425554535347,31.05003166614119,71.41008299999996,0.03225806451612903,"{""Recombination""}"
expC_d0.60_L250_rep00,C,dist_d0.6_L250,0,20,3000,250,0.6,0.0,0.05,150.0,True,1000;1250,2,False,0,,False,False,,,False,0.9988524282371549,0.0,0.0,1.9623700873362664,5.887110262008799,41.024790999999894,0.0967741935483871,"{""Recombination"", ""Clonal Null""}"
expC_d0.60_L250_rep01,C,dist_d0.6_L250,1,20,3000,250,0.6,0.0,0.05,150.0,True,1000;1250,2,False,0,,False,False,,,False,0.9988066882515924,0.0,0.0,1.9706621651260665,5.9119864953781995,40.16616699999975,0.06451612903225806,"{""Recombination"", ""Clonal Null""}"
expC_d0.60_L250_rep02,C,dist_d0.6_L250,2,20,3000,250,0.6,0.0,0.05,150.0,True,1000;1250,2,False,0,,False,False,,,False,0.9984711299453572,0.0,0.0,1.9542318838646577,5.862695651593973,38.27520900000003,0.0967741935483871,"{""Recombination"", ""Clonal Null""}"
expC_d0.60_L250_rep03,C,dist_d0.6_L250,3,20,3000,250,0.6,0.0,0.05,150.0,True,1000;1250,2,False,0,,False,False,,,False,0.9951777413704482,0.0,0.0,1.9433419781473926,5.830025934442178,44.06841700000008,0.12903225806451613,"{""Recombination"", ""Clonal Null""}"
expC_d0.60_L250_rep04,C,dist_d0.6_L250,4,20,3000,250,0.6,0.0,0.05,150.0,True,1000;1250,2,True,2,440;1748,False,False,529.0,498.0,False,0.995079911454338,3.628096571179576,0.44999999999999996,1.957106812602904,5.871320437808713,68.32854100000051,0.0967741935483871,"{""Recombination"", ""Clonal Null""}"
expC_d0.60_L250_rep05,C,dist_d0.6_L250,5,20,3000,250,0.6,0.0,0.05,150.0,True,1000;1250,2,False,0,,False,False,,,False,0.9981232084769616,0.0,0.0,1.9452235746824003,5.835670724047201,41.815749999999596,0.12903225806451613,"{""Recombination"", ""Clonal Null""}"
expC_d0.60_L250_rep06,C,dist_d0.6_L250,6,20,3000,250,0.6,0.0,0.05,150.0,True,1000;1250,2,True,1,1682,False,False,432.0,432.0,False,0.9972574499540927,2.585411836239047,0.33333333333333337,1.9371006016350258,5.811301804905078,68.68349999999967,0.12903225806451613,"{""Recombination"", ""Clonal Null""}"
expC_d0.60_L250_rep07,C,dist_d0.6_L250,7,20,3000,250,0.6,0.0,0.05,150.0,True,1000;1250,2,False,0,,False,False,,,False,0.9983470467697142,0.0,0.0,1.9610977552550968,5.883293265765291,43.91854100000003,0.0967741935483871,"{""Recombination"", ""Clonal Null""}"
expC_d0.60_L250_rep08,C,dist_d0.6_L250,8,20,3000,250,0.6,0.0,0.05,150.0,True,1000;1250,2,False,0,,False,False,,,False,0.9944255621797393,0.0,0.0,1.9541971620991858,5.862591486297557,41.077416000000255,0.0967741935483871,"{""Recombination"", ""Clonal Null""}"
expC_d0.60_L250_rep09,C,dist_d0.6_L250,9,20,3000,250,0.6,0.0,0.05,150.0,True,1000;1250,2,False,0,,False,False,,,False,0.9958315685590943,0.0,0.0,1.9318355502615991,5.795506650784797,41.53116599999951,0.12903225806451613,"{""Recombination"", ""Clonal Null""}"
expC_d0.60_L250_rep10,C,dist_d0.6_L250,10,20,3000,250,0.6,0.0,0.05,150.0,True,1000;1250,2,False,0,,False,False,,,False,0.9977256181051802,0.0,0.0,1.9457927484998734,5.83737824549962,48.78754100000027,0.12903225806451613,"{""Recombination"", ""Clonal Null""}"
expC_d0.60_L250_rep11,C,dist_d0.6_L250,11,20,3000,250,0.6,0.0,0.05,150.0,True,1000;1250,2,False,0,,False,False,,,False,0.9978741892265911,0.0,0.0,1.9501981107788338,5.8505943323365015,42.921374999999706,0.0967741935483871,"{""Recombination"", ""Clonal Null""}"
expC_d0.60_L250_rep12,C,dist_d0.6_L250,12,20,3000,250,0.6,0.0,0.05,150.0,True,1000;1250,2,True,1,530,False,False,470.0,470.0,False,0.9980389923420725,4.8312561231332545,1.0,1.9496336461569208,5.848900938470763,67.72329100000007,0.0967741935483871,"{""Recombination"", ""Clonal Null""}"
expC_d0.60_L250_rep13,C,dist_d0.6_L250,13,20,3000,250,0.6,0.0,0.05,150.0,True,1000;1250,2,True,1,561,False,False,439.0,439.0,False,0.9986247401118846,5.580000866941492,0.07500000000000001,1.9493098784614091,5.847929635384228,77.63929100000055,0.0967741935483871,"{""Recombination"", ""Clonal Null""}"
expC_d0.60_L250_rep14,C,dist_d0.6_L250,14,20,3000,250,0.6,0.0,0.05,150.0,True,1000;1250,2,False,0,,False,False,,,False,0.9998453217432709,0.0,0.0,1.9567164993280288,5.8701494979840865,44.39770799999998,0.0967741935483871,"{""Recombination"", ""Clonal Null""}"
expD_clonal_control_rep00,D,clonal_control_alpha0.25,0,20,3000,0,0.08,0.0,0.0,0.0,False,,0,False,0,,False,False,,,False,0.97594779853553,0.0,0.0,0.022652421672826772,0.06795726501848032,43.059750000000285,0.9354838709677419,"{""Clonal Null""}"
expD_clonal_control_rep01,D,clonal_control_alpha0.25,1,20,3000,0,0.08,0.0,0.0,0.0,False,,0,False,0,,False,False,,,False,0.9182354816815064,0.0,0.0,0.6218743495340137,1.8656230486020409,50.012041999999646,0.5161290322580645,"{""Clonal Null""}"
expD_clonal_control_rep02,D,clonal_control_alpha0.25,2,20,3000,0,0.08,0.0,0.0,0.0,False,,0,False,0,,False,False,,,False,0.8334269616607562,0.0,0.0,1.9866024228783246,5.9598072686349735,52.11358399999977,0.06451612903225806,"{""Recombination"", ""Clonal Null""}"
expD_clonal_control_rep03,D,clonal_control_alpha0.25,3,20,3000,0,0.08,0.0,0.0,0.0,False,,0,False,0,,False,False,,,False,0.9541961352326765,0.0,0.0,1.9639311335353113,5.891793400605934,45.73841699999992,0.0967741935483871,"{""Clonal Null""}"
expD_clonal_control_rep04,D,clonal_control_alpha0.25,4,20,3000,0,0.08,0.0,0.0,0.0,False,,0,True,1,2807,False,False,,,True,0.9033955452125819,6.976190184258542,0.13636363636363638,0.12497764773669462,0.9512986614898012,85.43837499999984,0.6451612903225806,"{""Recombination"", ""Clonal Null""}"
expD_clonal_control_rep05,D,clonal_control_alpha0.25,5,20,3000,0,0.08,0.0,0.0,0.0,False,,0,False,0,,False,False,,,False,0.9073914178081993,0.0,0.0,0.7490492365989408,2.2471477097968227,44.605707999999744,0.3870967741935484,"{""Clonal Null""}"
expD_clonal_control_rep06,D,clonal_control_alpha0.25,6,20,3000,0,0.08,0.0,0.0,0.0,False,,0,False,0,,False,False,,,False,0.979835632197776,0.0,0.0,0.016302111692945598,0.04890633507883679,44.221582999999676,1.0,"{""Clonal Null""}"
expD_clonal_control_rep07,D,clonal_control_alpha0.25,7,20,3000,0,0.08,0.0,0.0,0.0,False,,0,False,0,,False,False,,,False,0.9945282017730447,0.0,0.0,0.07781086643817414,0.23343259931452243,36.13908300000013,0.7741935483870968,"{""Clonal Null""}"
expD_clonal_control_rep08,D,clonal_control_alpha0.25,8,20,3000,0,0.08,0.0,0.0,0.0,False,,0,False,0,,False,False,,,False,0.9735818662366728,0.0,0.0,0.04215339968271181,0.12646019904813544,43.59283299999994,0.8709677419354839,"{""Clonal Null""}"
expD_clonal_control_rep09,D,clonal_control_alpha0.25,9,20,3000,0,0.08,0.0,0.0,0.0,False,,0,True,1,1294,False,False,,,True,0.9920128579107216,6.649261722461726,0.3333333333333333,0.01571864802633427,2.2164205741539087,72.32995800000009,0.41935483870967744,"{""Recombination"", ""Clonal Null""}"
expD_clonal_control_rep10,D,clonal_control_alpha0.25,10,20,3000,0,0.08,0.0,0.0,0.0,False,,0,True,1,386,False,False,,,True,0.7775543011323978,2.2186614859911895,0.0735294117647059,1.7822988773672948,5.346896632101885,81.4599170000001,0.2903225806451613,"{""Recombination"", ""Clonal Null""}"
expD_clonal_control_rep11,D,clonal_control_alpha0.25,11,20,3000,0,0.08,0.0,0.0,0.0,False,,0,False,0,,False,False,,,False,0.9827405660437201,0.0,0.0,0.03295936799501464,0.09887810398504393,47.613874999999695,0.9032258064516129,"{""Clonal Null""}"
expD_clonal_control_rep12,D,clonal_control_alpha0.25,12,20,3000,0,0.08,0.0,0.0,0.0,False,,0,False,0,,False,False,,,False,0.936571621293517,0.0,0.0,0.7191791558460177,2.157537467538053,44.182000000000166,0.45161290322580644,"{""Clonal Null""}"
expD_clonal_control_rep13,D,clonal_control_alpha0.25,13,20,3000,0,0.08,0.0,0.0,0.0,False,,0,False,0,,False,False,,,False,0.8788978785755228,0.0,0.0,1.9470634248152914,5.841190274445874,42.28529199999986,0.12903225806451613,"{""Clonal Null""}"
expD_clonal_control_rep14,D,clonal_control_alpha0.25,14,20,3000,0,0.08,0.0,0.0,0.0,False,,0,True,1,914,False,False,,,True,0.955180587327974,2.5330438340893813,0.5714285714285714,0.026570131187734214,1.4474536194796463,70.65795799999997,0.5806451612903226,"{""Recombination"", ""Clonal Null""}"
expD_clonal_control_rep15,D,clonal_control_alpha0.25,15,20,3000,0,0.08,0.0,0.0,0.0,False,,0,False,0,,False,False,,,False,0.907441866889563,0.0,0.0,0.15525482239219857,0.4657644671765957,43.65545900000001,0.7096774193548387,"{""Clonal Null""}"
expD_clonal_control_rep16,D,clonal_control_alpha0.25,16,20,3000,0,0.08,0.0,0.0,0.0,False,,0,False,0,,False,False,,,False,0.8192676424425407,0.0,0.0,0.623596925551898,1.8707907766556942,49.234999999999474,0.4838709677419355,"{""Clonal Null""}"
expD_clonal_control_rep17,D,clonal_control_alpha0.25,17,20,3000,0,0.08,0.0,0.0,0.0,False,,0,True,1,272,False,False,,,True,0.9339801428279487,3.7048986124110144,0.3088235294117648,0.0736986698153903,1.1441598655975194,62.72624999999987,0.6129032258064516,"{""Recombination"", ""Clonal Null""}"
expD_clonal_control_rep18,D,clonal_control_alpha0.25,18,20,3000,0,0.08,0.0,0.0,0.0,False,,0,False,0,,False,False,,,False,0.9438493556196623,0.0,0.0,1.7424735538925034,5.22742066167751,47.086708000000144,0.3225806451612903,"{""Clonal Null""}"
expD_clonal_control_rep19,D,clonal_control_alpha0.25,19,20,3000,0,0.08,0.0,0.0,0.0,False,,0,False,0,,False,False,,,False,0.7938289735035481,0.0,0.0,0.9464846956751563,2.8394540870254685,47.06679199999986,0.3548387096774194,"{""Clonal Null""}"
expD_clonal_control_rep20,D,clonal_control_alpha0.25,20,20,3000,0,0.08,0.0,0.0,0.0,False,,0,False,0,,False,False,,,False,0.9629803915940741,0.0,0.0,0.05322805435566924,0.15968416306700772,45.19329100000036,0.8387096774193549,"{""Clonal Null""}"
expD_clonal_control_rep21,D,clonal_control_alpha0.25,21,20,3000,0,0.08,0.0,0.0,0.0,False,,0,False,0,,False,False,,,False,0.7486522335880518,0.0,0.0,1.9010730142490802,5.70321904274724,42.250791999999926,0.1935483870967742,"{""Clonal Null""}"
expD_clonal_control_rep22,D,clonal_control_alpha0.25,22,20,3000,0,0.08,0.0,0.0,0.0,False,,0,False,0,,False,False,,,False,0.8683580223881211,0.0,0.0,1.9216576574389723,5.764972972316917,46.12004200000008,0.16129032258064516,"{""Clonal Null""}"
expD_clonal_control_rep23,D,clonal_control_alpha0.25,23,20,3000,0,0.08,0.0,0.0,0.0,False,,0,False,0,,False,False,,,False,0.9766857041479725,0.0,0.0,1.784947108345353,5.354841325036059,42.96066700000001,0.25806451612903225,"{""Clonal Null""}"
expD_clonal_control_rep24,D,clonal_control_alpha0.25,24,20,3000,0,0.08,0.0,0.0,0.0,False,,0,False,0,,False,False,,,False,0.8846857345775887,0.0,0.0,0.01773785642084358,0.053213569262530735,40.32108300000026,0.967741935483871,"{""Clonal Null""}"
expD_clonal_control_rep25,D,clonal_control_alpha0.25,25,20,3000,0,0.08,0.0,0.0,0.0,False,,0,False,0,,False,False,,,False,0.9897253617662517,0.0,0.0,1.8812941570847785,5.643882471254336,39.65908400000018,0.22580645161290322,"{""Clonal Null""}"
expD_clonal_control_rep26,D,clonal_control_alpha0.25,26,20,3000,0,0.08,0.0,0.0,0.0,False,,0,False,0,,False,False,,,False,0.9254097071338847,0.0,0.0,0.0901877150901833,0.2705631452705499,35.88062499999989,0.7419354838709677,"{""Clonal Null""}"
expD_clonal_control_rep27,D,clonal_control_alpha0.25,27,20,3000,0,0.08,0.0,0.0,0.0,False,,0,True,1,1728,False,False,,,True,0.975864052182239,2.71500288423778,0.09999999999999999,0.22545575551227504,0.6763672665368251,63.082917000000016,0.6774193548387096,"{""Recombination"", ""Clonal Null""}"
expD_clonal_control_rep28,D,clonal_control_alpha0.25,28,20,3000,0,0.08,0.0,0.0,0.0,False,,0,False,0,,False,False,,,False,0.8157155126837154,0.0,0.0,0.5053326598923965,1.5159979796771896,40.926707999999756,0.5483870967741935,"{""Clonal Null""}"
expD_clonal_control_rep29,D,clonal_control_alpha0.25,29,20,3000,0,0.08,0.0,0.0,0.0,False,,0,False,0,,False,False,,,False,0.9866001590371025,0.0,0.0,0.05354452344763638,0.16063357034290915,34.55612499999994,0.8064516129032258,"{""Clonal Null""}"
expD_torque_f0.05_d0.02_rep00,D,torque_f0.05_d0.02,0,20,3000,500,0.02,0.0,0.05,10.0,True,1000;1500,2,True,2,976;1473,True,True,25.5,24.0,False,0.9859226710376158,8.773094608912249,1.0,1.9080796347100568,8.773094608912249,73.31841600000021,0.03225806451612903,"{""Recombination""}"
expD_torque_f0.05_d0.02_rep01,D,torque_f0.05_d0.02,1,20,3000,500,0.02,0.0,0.05,10.0,True,1000;1500,2,True,3,1025;1504;2491,True,True,340.0,4.0,False,0.9797624484626589,11.73965865757442,1.0,1.8618329501486548,11.73965865757442,71.17866600000067,0.03225806451612903,"{""Recombination""}"
expD_torque_f0.05_d0.02_rep02,D,torque_f0.05_d0.02,2,20,3000,500,0.02,0.0,0.05,10.0,True,1000;1500,2,True,1,1044,True,False,44.0,44.0,False,0.9839726837077645,15.583609682154133,1.0,1.462797316089619,15.583609682154133,69.57045800000029,0.03225806451612903,"{""Recombination""}"
expD_torque_f0.05_d0.02_rep03,D,torque_f0.05_d0.02,3,20,3000,500,0.02,0.0,0.05,10.0,True,1000;1500,2,True,2,1510;1571,True,False,40.5,10.0,False,0.9834628609380898,3.7821861607231066,1.0,1.831972826782943,5.495918480348829,67.36508400000041,0.22580645161290322,"{""Recombination"", ""Clonal Null""}"
expD_torque_f0.05_d0.02_rep04,D,torque_f0.05_d0.02,4,20,3000,500,0.02,0.0,0.05,10.0,True,1000;1500,2,True,2,1016;1479,True,True,18.5,16.0,False,0.9959093342123004,24.796888052860186,1.0000000000000002,1.8951918270757715,24.796888052860194,73.63654200000002,0.03225806451612903,"{""Recombination""}"
expD_torque_f0.05_d0.02_rep05,D,torque_f0.05_d0.02,5,20,3000,500,0.02,0.0,0.05,10.0,True,1000;1500,2,True,2,948;1490,True,True,31.0,10.0,False,0.9943103866128846,15.232136958091125,1.0,1.9088394272634175,15.232136958091125,74.02287499999983,0.03225806451612903,"{""Recombination""}"
expD_torque_f0.05_d0.02_rep06,D,torque_f0.05_d0.02,6,20,3000,500,0.02,0.0,0.05,10.0,True,1000;1500,2,True,2,953;1494,True,True,26.5,6.0,False,0.9817871029489217,7.710843735435797,1.0,1.8239721051929796,7.710843735435797,83.31537499999975,0.03225806451612903,"{""Recombination""}"
expD_torque_f0.05_d0.02_rep07,D,torque_f0.05_d0.02,7,20,3000,500,0.02,0.0,0.05,10.0,True,1000;1500,2,False,0,,False,False,,,False,0.9774562114018536,0.0,0.0,1.951769696075294,5.855309088225882,43.06970900000007,0.0967741935483871,"{""Recombination"", ""Clonal Null""}"
expD_torque_f0.05_d0.02_rep08,D,torque_f0.05_d0.02,8,20,3000,500,0.02,0.0,0.05,10.0,True,1000;1500,2,True,2,966;1508,True,True,21.0,8.0,False,0.9904786134893538,15.222797031502457,1.0000000000000002,1.8761973724909566,15.222797031502461,82.7852499999997,0.03225806451612903,"{""Recombination""}"
expD_torque_f0.05_d0.02_rep09,D,torque_f0.05_d0.02,9,20,3000,500,0.02,0.0,0.05,10.0,True,1000;1500,2,True,2,1036;1495,True,True,20.5,5.0,False,0.974970465233396,11.000000000000028,1.0,1.8373293240695256,11.000000000000028,72.98012499999996,0.03225806451612903,"{""Recombination""}"
expD_torque_f0.05_d0.02_rep10,D,torque_f0.05_d0.02,10,20,3000,500,0.02,0.0,0.05,10.0,True,1000;1500,2,False,0,,False,False,,,False,0.971784551928046,0.0,0.0,1.915125025233059,5.745375075699177,38.47187499999993,0.16129032258064516,"{""Recombination"", ""Clonal Null""}"
expD_torque_f0.05_d0.02_rep11,D,torque_f0.05_d0.02,11,20,3000,500,0.02,0.0,0.05,10.0,True,1000;1500,2,False,0,,False,False,,,False,0.9770100907077215,0.0,0.0,1.9109142774377128,5.732742832313138,47.27037500000009,0.16129032258064516,"{""Recombination"", ""Clonal Null""}"
expD_torque_f0.05_d0.02_rep12,D,torque_f0.05_d0.02,12,20,3000,500,0.02,0.0,0.05,10.0,True,1000;1500,2,True,2,942;1544,True,True,51.0,44.0,False,0.9779121374977956,21.732824942352753,1.0,1.843365409537784,21.732824942352753,75.28062499999955,0.03225806451612903,"{""Recombination""}"
expD_torque_f0.05_d0.02_rep13,D,torque_f0.05_d0.02,13,20,3000,500,0.02,0.0,0.05,10.0,True,1000;1500,2,True,2,990;1510,True,True,10.0,10.0,False,0.9944487564480479,10.674722623389945,1.0,1.8685310551985739,10.674722623389945,92.14091700000004,0.03225806451612903,"{""Recombination""}"
expD_torque_f0.05_d0.02_rep14,D,torque_f0.05_d0.02,14,20,3000,500,0.02,0.0,0.05,10.0,True,1000;1500,2,True,2,1004;1508,True,True,6.0,4.0,False,0.9876079949113182,9.469238685528934,1.0000000000000002,1.8779200468299648,9.469238685528936,62.22033299999996,0.03225806451612903,"{""Recombination""}"
expD_torque_f0.05_d0.05_rep00,D,torque_f0.05_d0.05,0,20,3000,500,0.05,0.0,0.05,25.0,True,1000;1500,2,True,2,996;1500,True,True,2.0,0.0,False,0.985401296946288,24.809245599765333,1.0,1.8831887506344467,24.809245599765333,64.05412500000018,0.03225806451612903,"{""Recombination""}"
expD_torque_f0.05_d0.05_rep01,D,torque_f0.05_d0.05,1,20,3000,500,0.05,0.0,0.05,25.0,True,1000;1500,2,True,2,1010;1506,True,True,8.0,6.0,False,0.9888583051960168,12.755801855864037,1.0,1.935519710350737,12.755801855864037,87.30237500000015,0.03225806451612903,"{""Recombination""}"
expD_torque_f0.05_d0.05_rep02,D,torque_f0.05_d0.05,2,20,3000,500,0.05,0.0,0.05,25.0,True,1000;1500,2,True,2,998;1488,True,True,7.0,2.0,False,0.995847496870273,22.055521069405295,0.9285714285714285,1.8903858760758938,20.480126707304915,69.71058299999999,0.03225806451612903,"{""Recombination""}"
expD_torque_f0.05_d0.05_rep03,D,torque_f0.05_d0.05,3,20,3000,500,0.05,0.0,0.05,25.0,True,1000;1500,2,True,2,996;1490,True,True,7.0,4.0,False,0.9960110038195,8.765399262355889,1.0,1.9033120134285544,8.765399262355889,75.16470799999996,0.03225806451612903,"{""Recombination""}"
expD_torque_f0.05_d0.05_rep04,D,torque_f0.05_d0.05,4,20,3000,500,0.05,0.0,0.05,25.0,True,1000;1500,2,True,2,1008;1454,True,True,27.0,8.0,False,0.9744319745138036,7.277083223251161,0.7894736842105264,1.9034904936013748,5.7450657025667065,71.70741699999982,0.16129032258064516,"{""Recombination"", ""Clonal Null""}"
expD_torque_f0.05_d0.05_rep05,D,torque_f0.05_d0.05,5,20,3000,500,0.05,0.0,0.05,25.0,True,1000;1500,2,True,2,1005;1496,True,True,4.5,4.0,False,0.9812061321237582,9.170338828597309,1.0,1.9339931069015726,9.170338828597309,61.64416700000075,0.03225806451612903,"{""Recombination""}"
expD_torque_f0.05_d0.05_rep06,D,torque_f0.05_d0.05,6,20,3000,500,0.05,0.0,0.05,25.0,True,1000;1500,2,True,2,990;1502,True,True,6.0,2.0,False,0.9969724724857415,46.04140721469196,0.7999999999999999,1.954501734513842,36.833125771753565,76.85333299999985,0.03225806451612903,"{""Recombination""}"
expD_torque_f0.05_d0.05_rep07,D,torque_f0.05_d0.05,7,20,3000,500,0.05,0.0,0.05,25.0,True,1000;1500,2,True,3,990;1490;2042,True,True,187.33333333333334,10.0,False,0.9765717242335289,8.513517525658614,1.0,1.8992133762198828,8.513517525658614,58.20237500000047,0.03225806451612903,"{""Recombination""}"
expD_torque_f0.05_d0.05_rep08,D,torque_f0.05_d0.05,8,20,3000,500,0.05,0.0,0.05,25.0,True,1000;1500,2,True,2,978;1476,True,True,23.0,22.0,False,0.9740133181783607,7.753834757656048,0.8666666666666667,1.887094814136464,6.719990123301908,66.629292,0.03225806451612903,"{""Recombination""}"
expD_torque_f0.05_d0.05_rep09,D,torque_f0.05_d0.05,9,20,3000,500,0.05,0.0,0.05,25.0,True,1000;1500,2,True,2,994;1496,True,True,5.0,4.0,False,0.9796357305086116,11.15396414324046,1.0,1.8881731052224537,11.15396414324046,78.73212500000015,0.03225806451612903,"{""Recombination""}"
expD_torque_f0.05_d0.05_rep10,D,torque_f0.05_d0.05,10,20,3000,500,0.05,0.0,0.05,25.0,True,1000;1500,2,True,2,983;1481,True,True,18.0,17.0,False,0.9838905629557945,12.002365771238525,1.0000000000000002,1.8925142309536431,12.002365771238528,65.9983749999995,0.03225806451612903,"{""Recombination""}"
expD_torque_f0.05_d0.05_rep11,D,torque_f0.05_d0.05,11,20,3000,500,0.05,0.0,0.05,25.0,True,1000;1500,2,True,2,990;1454,True,True,28.0,10.0,False,0.9821843966068893,9.466641474720682,1.0,1.8948463247795735,9.466641474720682,71.64120799999995,0.03225806451612903,"{""Recombination""}"
expD_torque_f0.05_d0.05_rep12,D,torque_f0.05_d0.05,12,20,3000,500,0.05,0.0,0.05,25.0,True,1000;1500,2,True,2,1002;1507,True,True,4.5,2.0,False,0.9882471467494307,15.126261438576323,0.9090909090909091,1.890953852195958,13.751146762342112,81.66729100000047,0.03225806451612903,"{""Recombination""}"
expD_torque_f0.05_d0.05_rep13,D,torque_f0.05_d0.05,13,20,3000,500,0.05,0.0,0.05,25.0,True,1000;1500,2,True,2,970;1504,True,True,17.0,4.0,False,0.9893013649822863,21.075039209601165,0.8823529411764705,1.9674364794263386,18.595622832001027,62.526124999999766,0.03225806451612903,"{""Recombination""}"
expD_torque_f0.05_d0.05_rep14,D,torque_f0.05_d0.05,14,20,3000,500,0.05,0.0,0.05,25.0,True,1000;1500,2,True,2,983;1492,True,True,12.5,8.0,False,0.9894201124617723,17.09298347104196,0.6666666666666667,1.9203670087871907,11.395322314027975,63.86804200000018,0.03225806451612903,"{""Recombination""}"
expD_torque_f0.05_d0.15_rep00,D,torque_f0.05_d0.15,0,20,3000,500,0.15,0.0,0.05,75.0,True,1000;1500,2,True,2,996;1499,True,True,2.5,1.0,False,0.9710961060489213,12.118889281042204,0.76,1.8903381335236376,9.210355853592075,64.23137500000031,0.03225806451612903,"{""Recombination""}"
expD_torque_f0.05_d0.15_rep01,D,torque_f0.05_d0.15,1,20,3000,500,0.15,0.0,0.05,75.0,True,1000;1500,2,True,3,540;999;1494,True,True,155.66666666666666,1.0,False,0.9757990032298339,15.701786573264238,0.5996691480562447,1.8819058723144395,9.415876977350347,63.23741599999977,0.03225806451612903,"{""Recombination""}"
expD_torque_f0.05_d0.15_rep02,D,torque_f0.05_d0.15,2,20,3000,500,0.15,0.0,0.05,75.0,True,1000;1500,2,True,2,1002;1500,True,True,1.0,0.0,False,0.9726473882623499,11.740976325046011,1.0,1.871043232814035,11.740976325046011,81.79800000000003,0.03225806451612903,"{""Recombination""}"
expD_torque_f0.05_d0.15_rep03,D,torque_f0.05_d0.15,3,20,3000,500,0.15,0.0,0.05,75.0,True,1000;1500,2,True,2,996;1498,True,True,3.0,2.0,False,0.9532458755282104,12.508695987685792,1.0,1.900591955546356,12.508695987685792,65.08262499999961,0.03225806451612903,"{""Recombination""}"
expD_torque_f0.05_d0.15_rep04,D,torque_f0.05_d0.15,4,20,3000,500,0.15,0.0,0.05,75.0,True,1000;1500,2,True,3,996;1500;2268,True,True,257.3333333333333,0.0,False,0.9606027577307074,20.646504182248176,1.0,1.9162435819580548,20.646504182248176,71.92974999999979,0.03225806451612903,"{""Recombination""}"
expD_torque_f0.05_d0.15_rep05,D,torque_f0.05_d0.15,5,20,3000,500,0.15,0.0,0.05,75.0,True,1000;1500,2,True,2,1005;1489,True,True,8.0,5.0,False,0.9903819525601057,15.877095798288336,0.6666666666666667,1.907354392780382,10.584730532192225,72.84929200000079,0.03225806451612903,"{""Recombination""}"
expD_torque_f0.05_d0.15_rep06,D,torque_f0.05_d0.15,6,20,3000,500,0.15,0.0,0.05,75.0,True,1000;1500,2,True,2,1002;1500,True,True,1.0,0.0,False,0.9890288102023459,22.003878626731915,0.9199999999999999,1.88690602923034,20.24356833659336,74.34799999999964,0.03225806451612903,"{""Recombination""}"
expD_torque_f0.05_d0.15_rep07,D,torque_f0.05_d0.15,7,20,3000,500,0.15,0.0,0.05,75.0,True,1000;1500,2,True,2,1000;1498,True,True,1.0,0.0,False,0.9755972420258545,12.882394306538863,1.0,1.8886241019705996,12.882394306538863,68.28429200000042,0.03225806451612903,"{""Recombination""}"
expD_torque_f0.05_d0.15_rep08,D,torque_f0.05_d0.15,8,20,3000,500,0.15,0.0,0.05,75.0,True,1000;1500,2,True,3,814;987;1486,True,True,71.0,13.0,False,0.9733926402113987,9.475065002101857,1.0,1.8964669058820445,9.475065002101857,73.33608300000006,0.03225806451612903,"{""Recombination""}"
expD_torque_f0.05_d0.15_rep09,D,torque_f0.05_d0.15,9,20,3000,500,0.15,0.0,0.05,75.0,True,1000;1500,2,True,2,1002;1506,True,True,4.0,2.0,False,0.976375641235672,15.41987264332074,1.0,1.8926603211698814,15.41987264332074,77.22174999999964,0.03225806451612903,"{""Recombination""}"
expD_torque_f0.05_d0.15_rep10,D,torque_f0.05_d0.15,10,20,3000,500,0.15,0.0,0.05,75.0,True,1000;1500,2,True,2,985;1499,True,True,8.0,1.0,False,0.9731667799392998,17.71883476139113,0.4285714285714286,1.8802143958932536,7.593786326310484,67.81891700000031,0.03225806451612903,"{""Recombination""}"
expD_torque_f0.05_d0.15_rep11,D,torque_f0.05_d0.15,11,20,3000,500,0.15,0.0,0.05,75.0,True,1000;1500,2,True,2,1000;1490,True,True,5.0,0.0,False,0.9797747118556285,14.449528430018924,0.9166666666666667,1.9731221330407127,13.245401060850682,71.51791700000044,0.03225806451612903,"{""Recombination""}"
expD_torque_f0.05_d0.15_rep12,D,torque_f0.05_d0.15,12,20,3000,500,0.15,0.0,0.05,75.0,True,1000;1500,2,True,2,996;1488,True,True,8.0,4.0,False,0.9710891354627809,11.471389918759678,0.7037037037037037,1.9040331022810113,8.072459572460515,67.77716599999994,0.03225806451612903,"{""Recombination""}"
expD_torque_f0.05_d0.15_rep13,D,torque_f0.05_d0.15,13,20,3000,500,0.15,0.0,0.05,75.0,True,1000;1500,2,True,2,998;1498,True,True,2.0,2.0,False,0.9728794386062944,12.133932989614319,0.8181818181818182,1.909946764520538,9.927763355138989,76.24591699999961,0.03225806451612903,"{""Recombination""}"
expD_torque_f0.05_d0.15_rep14,D,torque_f0.05_d0.15,14,20,3000,500,0.15,0.0,0.05,75.0,True,1000;1500,2,True,2,986;1498,True,True,8.0,2.0,False,0.9665792993215525,19.15889776082653,1.0,1.9118062145898465,19.15889776082653,62.639124999999574,0.03225806451612903,"{""Recombination""}"
expD_torque_f0.10_d0.02_rep00,D,torque_f0.10_d0.02,0,20,3000,500,0.02,0.0,0.1,10.0,True,1000;1500,2,True,2,994;1515,True,True,10.5,6.0,False,0.9859360021452189,6.605558429413247,1.0000000000000002,1.853334933506579,6.605558429413248,64.93262499999997,0.03225806451612903,"{""Recombination""}"
expD_torque_f0.10_d0.02_rep01,D,torque_f0.10_d0.02,1,20,3000,500,0.02,0.0,0.1,10.0,True,1000;1500,2,True,2,992;1492,True,True,8.0,8.0,False,0.9896496653105918,15.837009929133602,1.0,1.9209330862865488,15.837009929133602,64.1057079999996,0.03225806451612903,"{""Recombination""}"
expD_torque_f0.10_d0.02_rep02,D,torque_f0.10_d0.02,2,20,3000,500,0.02,0.0,0.1,10.0,True,1000;1500,2,True,2,1011;1502,True,True,6.5,2.0,False,0.9826329240157187,14.60788768068426,1.0,1.939515405298,14.60788768068426,71.58674999999981,0.03225806451612903,"{""Recombination""}"
expD_torque_f0.10_d0.02_rep03,D,torque_f0.10_d0.02,3,20,3000,500,0.02,0.0,0.1,10.0,True,1000;1500,2,True,2,986;1506,True,True,10.0,6.0,False,0.9989124575754191,41.7655802465195,1.0,1.8145302422604188,41.7655802465195,73.659417,0.03225806451612903,"{""Recombination""}"
expD_torque_f0.10_d0.02_rep04,D,torque_f0.10_d0.02,4,20,3000,500,0.02,0.0,0.1,10.0,True,1000;1500,2,True,2,1018;1539,True,True,28.5,18.0,False,0.9912369477567772,105.4244150278907,1.0,1.8089267786497725,105.4244150278907,77.01274999999974,0.03225806451612903,"{""Recombination""}"
expD_torque_f0.10_d0.02_rep05,D,torque_f0.10_d0.02,5,20,3000,500,0.02,0.0,0.1,10.0,True,1000;1500,2,True,2,1006;1504,True,True,5.0,4.0,False,0.9921926657261885,29.182407650491072,1.0,1.7970794240961665,29.182407650491072,66.67666600000021,0.03225806451612903,"{""Recombination""}"
expD_torque_f0.10_d0.02_rep06,D,torque_f0.10_d0.02,6,20,3000,500,0.02,0.0,0.1,10.0,True,1000;1500,2,True,2,1014;1512,True,True,13.0,12.0,False,0.9758426224959352,6.093940264008603,1.0,1.9546521630193572,6.093940264008603,64.51666600000027,0.03225806451612903,"{""Recombination""}"
expD_torque_f0.10_d0.02_rep07,D,torque_f0.10_d0.02,7,20,3000,500,0.02,0.0,0.1,10.0,True,1000;1500,2,True,1,1016,True,False,16.0,16.0,False,0.9866648571150862,4.681351590063075,1.0000000000000002,1.804486276097852,5.413458828293556,62.941290999999566,0.22580645161290322,"{""Recombination"", ""Clonal Null""}"
expD_torque_f0.10_d0.02_rep08,D,torque_f0.10_d0.02,8,20,3000,500,0.02,0.0,0.1,10.0,True,1000;1500,2,True,4,1466;1532;1673;2026,True,False,191.25,32.0,False,0.9797519342435381,21.491714232059625,1.0,1.8261575746717595,21.491714232059625,76.18662500000006,0.03225806451612903,"{""Recombination""}"
expD_torque_f0.10_d0.02_rep09,D,torque_f0.10_d0.02,9,20,3000,500,0.02,0.0,0.1,10.0,True,1000;1500,2,False,0,,False,False,,,False,0.9890795444017719,0.0,0.0,1.843974012800804,5.531922038402412,39.987667000000116,0.22580645161290322,"{""Recombination"", ""Clonal Null""}"
expD_torque_f0.10_d0.02_rep10,D,torque_f0.10_d0.02,10,20,3000,500,0.02,0.0,0.1,10.0,True,1000;1500,2,True,2,993;1480,True,True,13.5,7.0,False,0.9809335782204611,3.7993120411026258,1.0000000000000002,1.8571332189242653,5.571399656772796,71.80641700000035,0.22580645161290322,"{""Recombination"", ""Clonal Null""}"
expD_torque_f0.10_d0.02_rep11,D,torque_f0.10_d0.02,11,20,3000,500,0.02,0.0,0.1,10.0,True,1000;1500,2,True,2,1012;1513,True,True,12.5,12.0,False,0.9846788718843466,3.4229902786859814,0.7142857142857142,1.8348655060649164,5.504596518194749,73.0060839999993,0.22580645161290322,"{""Recombination"", ""Clonal Null""}"
expD_torque_f0.10_d0.02_rep12,D,torque_f0.10_d0.02,12,20,3000,500,0.02,0.0,0.1,10.0,True,1000;1500,2,True,2,990;1571,True,True,40.5,10.0,False,0.9835612598488463,16.102126128000368,1.0,1.816343620982135,16.102126128000368,67.19195800000044,0.03225806451612903,"{""Recombination""}"
expD_torque_f0.10_d0.02_rep13,D,torque_f0.10_d0.02,13,20,3000,500,0.02,0.0,0.1,10.0,True,1000;1500,2,True,2,928;1534,True,True,53.0,34.0,False,0.9759759523086862,135.61670286581193,1.0,1.8458941048123163,135.61670286581193,59.08491699999985,0.03225806451612903,"{""Recombination""}"
expD_torque_f0.10_d0.02_rep14,D,torque_f0.10_d0.02,14,20,3000,500,0.02,0.0,0.1,10.0,True,1000;1500,2,False,0,,False,False,,,False,0.98395063301786,0.0,0.0,1.7345204653230724,5.203561395969217,38.268750000000296,0.3225806451612903,"{""Recombination"", ""Clonal Null""}"
expD_torque_f0.10_d0.05_rep00,D,torque_f0.10_d0.05,0,20,3000,500,0.05,0.0,0.1,25.0,True,1000;1500,2,True,3,921;996;1509,True,True,30.666666666666668,4.0,False,0.983420416050412,11.739128620649034,0.7142857142857142,1.821157890965512,8.385091871892167,58.66429100000037,0.03225806451612903,"{""Recombination""}"
expD_torque_f0.10_d0.05_rep01,D,torque_f0.10_d0.05,1,20,3000,500,0.05,0.0,0.1,25.0,True,1000;1500,2,True,2,988;1506,True,True,9.0,6.0,False,0.9712746534891005,9.245406359696256,0.7142857142857142,1.8214500449791036,6.603861685497325,61.913208,0.03225806451612903,"{""Recombination""}"
expD_torque_f0.10_d0.05_rep02,D,torque_f0.10_d0.05,2,20,3000,500,0.05,0.0,0.1,25.0,True,1000;1500,2,True,3,975;1498;1566,True,True,31.0,2.0,False,0.960388830183246,4.798215763380744,1.0,1.9190686025774268,5.75720580773228,59.402708999999554,0.16129032258064516,"{""Recombination"", ""Clonal Null""}"
expD_torque_f0.10_d0.05_rep03,D,torque_f0.10_d0.05,3,20,3000,500,0.05,0.0,0.1,25.0,True,1000;1500,2,True,3,937;992;1482,True,True,29.666666666666668,8.0,False,0.9539904749222758,6.206307649190069,1.0,1.94596991513484,6.206307649190069,60.36899999999967,0.03225806451612903,"{""Recombination""}"
expD_torque_f0.10_d0.05_rep04,D,torque_f0.10_d0.05,4,20,3000,500,0.05,0.0,0.1,25.0,True,1000;1500,2,True,4,997;1129;1488;1562,True,True,51.5,3.0,False,0.9710665848092934,10.095528164345122,1.0,1.7467837813616987,10.095528164345122,66.45837500000073,0.03225806451612903,"{""Recombination""}"
expD_torque_f0.10_d0.05_rep05,D,torque_f0.10_d0.05,5,20,3000,500,0.05,0.0,0.1,25.0,True,1000;1500,2,True,2,997;1496,True,True,3.5,3.0,False,0.9916594432116336,10.974432403746388,0.38461538461538464,1.9449270717787712,5.834781215336314,74.89245799999989,0.12903225806451613,"{""Recombination"", ""Clonal Null""}"
expD_torque_f0.10_d0.05_rep06,D,torque_f0.10_d0.05,6,20,3000,500,0.05,0.0,0.1,25.0,True,1000;1500,2,True,3,904;1009;1508,True,True,37.666666666666664,8.0,False,0.9891842555744684,20.849052271507023,1.0,1.7933256992350581,20.849052271507023,65.73412500000053,0.03225806451612903,"{""Recombination""}"
expD_torque_f0.10_d0.05_rep07,D,torque_f0.10_d0.05,7,20,3000,500,0.05,0.0,0.1,25.0,True,1000;1500,2,True,2,988;1469,True,True,21.5,12.0,False,0.9835462368850146,6.901046021504843,1.0,1.9225035773856256,6.901046021504843,76.8069579999997,0.03225806451612903,"{""Recombination""}"
expD_torque_f0.10_d0.05_rep08,D,torque_f0.10_d0.05,8,20,3000,500,0.05,0.0,0.1,25.0,True,1000;1500,2,True,3,914;1036;1528,True,True,50.0,28.0,False,0.9656193895506812,5.708431618899516,1.0,1.7866394517377795,5.708431618899516,67.51366700000005,0.16129032258064516,"{""Recombination"", ""Clonal Null""}"
expD_torque_f0.10_d0.05_rep09,D,torque_f0.10_d0.05,9,20,3000,500,0.05,0.0,0.1,25.0,True,1000;1500,2,True,3,1000;1432;1500,True,True,22.666666666666668,0.0,False,0.9782337439934806,3.452332399730587,1.0000000000000002,1.802491623092858,5.407474869278574,74.74929099999983,0.22580645161290322,"{""Recombination"", ""Clonal Null""}"
expD_torque_f0.10_d0.05_rep10,D,torque_f0.10_d0.05,10,20,3000,500,0.05,0.0,0.1,25.0,True,1000;1500,2,True,3,314;1000;1445,True,True,247.0,0.0,False,0.9805285340975014,7.116607228788206,1.0,1.7957885813527343,7.116607228788206,66.01283300000027,0.03225806451612903,"{""Recombination""}"
expD_torque_f0.10_d0.05_rep11,D,torque_f0.10_d0.05,11,20,3000,500,0.05,0.0,0.1,25.0,True,1000;1500,2,True,3,994;1498;1596,True,True,34.666666666666664,2.0,False,0.9789526344358941,7.399359070924727,1.0,1.8014915451010174,7.399359070924727,59.86529200000046,0.03225806451612903,"{""Recombination""}"
expD_torque_f0.10_d0.05_rep12,D,torque_f0.10_d0.05,12,20,3000,500,0.05,0.0,0.1,25.0,True,1000;1500,2,True,2,983;1528,True,True,22.5,17.0,False,0.9723258183597617,8.327198540250105,1.0,1.8392363971437569,8.327198540250105,63.23020800000023,0.03225806451612903,"{""Recombination""}"
expD_torque_f0.10_d0.05_rep13,D,torque_f0.10_d0.05,13,20,3000,500,0.05,0.0,0.1,25.0,True,1000;1500,2,True,2,1004;1508,True,True,6.0,4.0,False,0.9670890003803648,21.8874387271542,0.6363636363636365,1.8184963677888057,13.92837009909813,80.20791599999998,0.03225806451612903,"{""Recombination""}"
expD_torque_f0.10_d0.05_rep14,D,torque_f0.10_d0.05,14,20,3000,500,0.05,0.0,0.1,25.0,True,1000;1500,2,True,2,1009;1498,True,True,5.5,2.0,False,0.9712118648243878,7.565559105462528,0.6999999999999998,1.9515076349059588,5.854522904717877,60.91200000000008,0.0967741935483871,"{""Recombination"", ""Clonal Null""}"
expD_torque_f0.10_d0.15_rep00,D,torque_f0.10_d0.15,0,20,3000,500,0.15,0.0,0.1,75.0,True,1000;1500,2,False,0,,False,False,,,False,0.9887305694266699,0.0,0.0,1.80763515487635,5.42290546462905,40.85933300000022,0.22580645161290322,"{""Recombination"", ""Clonal Null""}"
expD_torque_f0.10_d0.15_rep01,D,torque_f0.10_d0.15,1,20,3000,500,0.15,0.0,0.1,75.0,True,1000;1500,2,True,2,998;1472,True,True,15.0,2.0,False,0.9768724565206933,18.27326739641112,0.8064516129032256,1.8245732546931086,14.736505964847675,64.81729199999987,0.03225806451612903,"{""Recombination""}"
expD_torque_f0.10_d0.15_rep02,D,torque_f0.10_d0.15,2,20,3000,500,0.15,0.0,0.1,75.0,True,1000;1500,2,True,2,996;1497,True,True,3.5,3.0,False,0.9785315291244088,16.931305468359582,0.7777777777777777,1.8081895891045656,13.168793142057451,60.6456660000001,0.03225806451612903,"{""Recombination""}"
expD_torque_f0.10_d0.15_rep03,D,torque_f0.10_d0.15,3,20,3000,500,0.15,0.0,0.1,75.0,True,1000;1500,2,True,2,994;1507,True,True,6.5,6.0,False,0.9714431690704595,6.991443679432672,0.5714285714285714,1.935124416082875,5.8053732482486256,59.36933400000033,0.12903225806451613,"{""Recombination"", ""Clonal Null""}"
expD_torque_f0.10_d0.15_rep04,D,torque_f0.10_d0.15,4,20,3000,500,0.15,0.0,0.1,75.0,True,1000;1500,2,True,3,999;1502;2119,True,True,207.33333333333334,1.0,False,0.9658766914635131,27.665591784438732,0.6250000000000001,1.7996532045252533,17.29099486527421,77.30158399999976,0.03225806451612903,"{""Recombination""}"
expD_torque_f0.10_d0.15_rep05,D,torque_f0.10_d0.15,5,20,3000,500,0.15,0.0,0.1,75.0,True,1000;1500,2,True,2,998;1499,True,True,1.5,1.0,False,0.9729132996717236,16.808627452908812,1.0,1.8236006295132257,16.808627452908812,64.59595799999995,0.03225806451612903,"{""Recombination""}"
expD_torque_f0.10_d0.15_rep06,D,torque_f0.10_d0.15,6,20,3000,500,0.15,0.0,0.1,75.0,True,1000;1500,2,True,2,1002;1500,True,True,1.0,0.0,False,0.9660731791878504,21.19540005134962,0.9629629629629629,1.8040549929517078,20.410385234632965,85.16470899999985,0.03225806451612903,"{""Recombination""}"
expD_torque_f0.10_d0.15_rep07,D,torque_f0.10_d0.15,7,20,3000,500,0.15,0.0,0.1,75.0,True,1000;1500,2,True,2,999;1492,True,True,4.5,1.0,False,0.9653101491080576,6.838003523218014,1.0,1.8186560345309233,6.838003523218014,74.43662499999971,0.03225806451612903,"{""Recombination""}"
expD_torque_f0.10_d0.15_rep08,D,torque_f0.10_d0.15,8,20,3000,500,0.15,0.0,0.1,75.0,True,1000;1500,2,True,3,992;1500;2076,True,True,194.66666666666666,0.0,False,0.9510855232939711,8.8569867987182,0.7931034482758622,1.7942714162740543,7.024506771397195,65.1537090000005,0.03225806451612903,"{""Recombination""}"
expD_torque_f0.10_d0.15_rep09,D,torque_f0.10_d0.15,9,20,3000,500,0.15,0.0,0.1,75.0,True,1000;1500,2,True,2,996;1503,True,True,3.5,3.0,False,0.9499726606287742,9.45705496152694,0.7692307692307695,1.813414764457665,7.274657662713032,69.18404199999983,0.03225806451612903,"{""Recombination""}"
expD_torque_f0.10_d0.15_rep10,D,torque_f0.10_d0.15,10,20,3000,500,0.15,0.0,0.1,75.0,True,1000;1500,2,True,3,958;1010;1494,True,True,19.333333333333332,6.0,False,0.9461551435091715,8.887552386273876,1.0,1.8106110305181233,8.887552386273876,75.11012500000014,0.03225806451612903,"{""Recombination""}"
expD_torque_f0.10_d0.15_rep11,D,torque_f0.10_d0.15,11,20,3000,500,0.15,0.0,0.1,75.0,True,1000;1500,2,True,2,1000;1498,True,True,1.0,0.0,False,0.9575774736715348,17.748391826050348,1.0,1.8021230741976,17.748391826050348,83.63308399999968,0.03225806451612903,"{""Recombination""}"
expD_torque_f0.10_d0.15_rep12,D,torque_f0.10_d0.15,12,20,3000,500,0.15,0.0,0.1,75.0,True,1000;1500,2,True,2,1000;1498,True,True,1.0,0.0,False,0.9931075240905931,11.422205642248787,1.0,1.9596181026540003,11.422205642248787,104.55870899999996,0.03225806451612903,"{""Recombination""}"
expD_torque_f0.10_d0.15_rep13,D,torque_f0.10_d0.15,13,20,3000,500,0.15,0.0,0.1,75.0,True,1000;1500,2,True,3,1000;1500;2762,True,True,420.6666666666667,0.0,False,0.978218012219212,24.24705304249058,0.9677419354838709,1.8035254942946994,23.464890041119915,90.6206669999996,0.03225806451612903,"{""Recombination""}"
expD_torque_f0.10_d0.15_rep14,D,torque_f0.10_d0.15,14,20,3000,500,0.15,0.0,0.1,75.0,True,1000;1500,2,True,4,641;992;1500;2107,True,True,243.5,0.0,False,0.973988475162028,8.538794716347414,0.562962962962963,1.7960297963510818,5.3880893890532455,101.74470800000002,0.22580645161290322,"{""Recombination"", ""Clonal Null""}"
expD_torque_f0.25_d0.02_rep00,D,torque_f0.25_d0.02,0,20,3000,500,0.02,0.0,0.25,10.0,True,1000;1500,2,True,2,996;1480,True,True,12.0,4.0,False,0.9754410468964683,7.143223472182065,1.0,1.880021949567857,7.143223472182065,90.59020800000006,0.03225806451612903,"{""Recombination""}"
expD_torque_f0.25_d0.02_rep01,D,torque_f0.25_d0.02,1,20,3000,500,0.02,0.0,0.25,10.0,True,1000;1500,2,False,0,,False,False,,,False,0.9708272436408071,0.0,0.0,1.7418379541672668,5.225513862501801,42.74183300000001,0.3225806451612903,"{""Recombination"", ""Clonal Null""}"
expD_torque_f0.25_d0.02_rep02,D,torque_f0.25_d0.02,2,20,3000,500,0.02,0.0,0.25,10.0,True,1000;1500,2,True,1,1016,True,False,16.0,16.0,False,0.950338347999494,3.136100364888188,0.7777777777777779,1.7816748675395249,5.345024602618574,77.0865839999999,0.2903225806451613,"{""Recombination"", ""Clonal Null""}"
expD_torque_f0.25_d0.02_rep03,D,torque_f0.25_d0.02,3,20,3000,500,0.02,0.0,0.25,10.0,True,1000;1500,2,False,0,,False,False,,,False,0.9594429547990464,0.0,0.0,1.6502508029792389,4.950752408937717,47.5495420000005,0.3225806451612903,"{""Recombination"", ""Clonal Null""}"
expD_torque_f0.25_d0.02_rep04,D,torque_f0.25_d0.02,4,20,3000,500,0.02,0.0,0.25,10.0,True,1000;1500,2,True,2,979;1514,True,True,17.5,14.0,False,0.970195365978545,2.847383223151781,1.0,1.5643521014362909,4.693056304308873,99.87779200000003,0.3225806451612903,"{""Recombination"", ""Clonal Null""}"
expD_torque_f0.25_d0.02_rep05,D,torque_f0.25_d0.02,5,20,3000,500,0.02,0.0,0.25,10.0,True,1000;1500,2,True,4,979;1474;1528;1626,True,True,50.25,21.0,False,0.9812829559026004,13.16277211972821,1.0,1.5777740669117486,13.16277211972821,91.54008299999994,0.03225806451612903,"{""Recombination""}"
expD_torque_f0.25_d0.02_rep06,D,torque_f0.25_d0.02,6,20,3000,500,0.02,0.0,0.25,10.0,True,1000;1500,2,True,2,1002;1499,True,True,1.5,1.0,False,0.9413973679499485,9.630658734896368,1.0,1.6798021699668322,9.630658734896368,95.27299999999971,0.03225806451612903,"{""Recombination""}"
expD_torque_f0.25_d0.02_rep07,D,torque_f0.25_d0.02,7,20,3000,500,0.02,0.0,0.25,10.0,True,1000;1500,2,False,0,,False,False,,,False,0.9760806000099733,0.0,0.0,1.5650457775472217,4.695137332641665,70.20804100000078,0.3225806451612903,"{""Recombination"", ""Clonal Null""}"
expD_torque_f0.25_d0.02_rep08,D,torque_f0.25_d0.02,8,20,3000,500,0.02,0.0,0.25,10.0,True,1000;1500,2,True,2,1460;1925,True,False,232.5,40.0,False,0.9848006946265369,10.999999999999865,1.0000000000000002,1.6430781988988539,10.999999999999867,83.11258300000013,0.03225806451612903,"{""Recombination""}"
expD_torque_f0.25_d0.02_rep09,D,torque_f0.25_d0.02,9,20,3000,500,0.02,0.0,0.25,10.0,True,1000;1500,2,False,0,,False,False,,,False,0.9691061472469371,0.0,0.0,1.6642510751256392,4.992753225376918,45.73150000000048,0.3225806451612903,"{""Recombination"", ""Clonal Null""}"
expD_torque_f0.25_d0.02_rep10,D,torque_f0.25_d0.02,10,20,3000,500,0.02,0.0,0.25,10.0,True,1000;1500,2,True,2,980;1475,True,True,22.5,20.0,False,0.9903755286845168,10.999999999999995,1.0,1.893442844937844,10.999999999999995,70.35841599999948,0.03225806451612903,"{""Recombination""}"
expD_torque_f0.25_d0.02_rep11,D,torque_f0.25_d0.02,11,20,3000,500,0.02,0.0,0.25,10.0,True,1000;1500,2,True,3,954;1356;1521,True,True,70.33333333333333,21.0,False,0.9631110051618452,4.379005652391665,1.0,1.69010237703444,5.07030713110332,65.65945800000073,0.3225806451612903,"{""Recombination"", ""Clonal Null""}"
expD_torque_f0.25_d0.02_rep12,D,torque_f0.25_d0.02,12,20,3000,500,0.02,0.0,0.25,10.0,True,1000;1500,2,True,2,976;2244,True,False,384.0,24.0,False,0.9679119959895568,19.11683723666026,1.0,1.8983483314960967,19.11683723666026,76.29987500000013,0.03225806451612903,"{""Recombination""}"
expD_torque_f0.25_d0.02_rep13,D,torque_f0.25_d0.02,13,20,3000,500,0.02,0.0,0.25,10.0,True,1000;1500,2,True,2,1510;1610,True,False,60.0,10.0,False,0.9864413974242872,3.068339309973984,1.0,1.809302073134699,5.427906219404097,61.824333000000564,0.22580645161290322,"{""Recombination"", ""Clonal Null""}"
expD_torque_f0.25_d0.02_rep14,D,torque_f0.25_d0.02,14,20,3000,500,0.02,0.0,0.25,10.0,True,1000;1500,2,True,1,990,True,False,10.0,10.0,False,0.9887050461296101,7.710268716498335,0.6,1.8042162430544153,5.412648729163246,60.68891700000023,0.22580645161290322,"{""Recombination"", ""Clonal Null""}"
expD_torque_f0.25_d0.05_rep00,D,torque_f0.25_d0.05,0,20,3000,500,0.05,0.0,0.25,25.0,True,1000;1500,2,False,0,,False,False,,,False,0.9697545505173247,0.0,0.0,1.831350609846706,5.494051829540118,43.606542000000026,0.22580645161290322,"{""Recombination"", ""Clonal Null""}"
expD_torque_f0.25_d0.05_rep01,D,torque_f0.25_d0.05,1,20,3000,500,0.05,0.0,0.25,25.0,True,1000;1500,2,True,1,996,True,False,4.0,4.0,False,0.9728095031770715,2.1624510267806825,0.5000000000000001,1.7949667619167313,5.384900285750194,66.22175000000041,0.22580645161290322,"{""Recombination"", ""Clonal Null""}"
expD_torque_f0.25_d0.05_rep02,D,torque_f0.25_d0.05,2,20,3000,500,0.05,0.0,0.25,25.0,True,1000;1500,2,True,3,1000;1478;1600,True,True,40.666666666666664,0.0,False,0.9647808617349078,3.389276060758706,0.7912087912087912,1.9339455328148727,5.801836598444618,61.64183300000037,0.12903225806451613,"{""Recombination"", ""Clonal Null""}"
expD_torque_f0.25_d0.05_rep03,D,torque_f0.25_d0.05,3,20,3000,500,0.05,0.0,0.25,25.0,True,1000;1500,2,True,3,1004;1489;1995,True,True,170.0,4.0,False,0.9724775242539128,5.548571295090936,1.0,1.9196773352772856,5.759032005831857,72.59808299999992,0.16129032258064516,"{""Recombination"", ""Clonal Null""}"
expD_torque_f0.25_d0.05_rep04,D,torque_f0.25_d0.05,4,20,3000,500,0.05,0.0,0.25,25.0,True,1000;1500,2,True,3,525;964;1488,True,True,174.33333333333334,12.0,False,0.9536892365210516,7.858707906926432,1.0,1.589088342508489,7.858707906926432,72.83083300000027,0.03225806451612903,"{""Recombination""}"
expD_torque_f0.25_d0.05_rep05,D,torque_f0.25_d0.05,5,20,3000,500,0.05,0.0,0.25,25.0,True,1000;1500,2,True,2,968;2745,True,False,638.5,32.0,False,0.9614700202089979,3.4890979681436787,1.0,1.5863616017271078,4.759084805181324,62.66120899999983,0.3225806451612903,"{""Recombination"", ""Clonal Null""}"
expD_torque_f0.25_d0.05_rep06,D,torque_f0.25_d0.05,6,20,3000,500,0.05,0.0,0.25,25.0,True,1000;1500,2,True,5,840;1000;1258;1498;2092,True,True,199.2,0.0,False,0.9626108773085096,5.239902440648544,0.9999999999999998,1.5999327026997197,5.239902440648543,73.77300000000008,0.2903225806451613,"{""Recombination"", ""Clonal Null""}"
expD_torque_f0.25_d0.05_rep07,D,torque_f0.25_d0.05,7,20,3000,500,0.05,0.0,0.25,25.0,True,1000;1500,2,True,3,956;1556;2756,True,True,452.0,44.0,False,0.9640227016488468,4.508297201485412,1.0,1.5779248166341246,4.7337744499023735,54.22487500000006,0.3225806451612903,"{""Recombination"", ""Clonal Null""}"
expD_torque_f0.25_d0.05_rep08,D,torque_f0.25_d0.05,8,20,3000,500,0.05,0.0,0.25,25.0,True,1000;1500,2,True,2,995;1498,True,True,3.5,2.0,False,0.9620445130550672,2.3490895431959347,1.0,1.905537159316998,5.716611477950995,79.70508400000043,0.16129032258064516,"{""Recombination"", ""Clonal Null""}"
expD_torque_f0.25_d0.05_rep09,D,torque_f0.25_d0.05,9,20,3000,500,0.05,0.0,0.25,25.0,True,1000;1500,2,True,3,998;1492;1958,True,True,156.0,2.0,False,0.9536629149010375,2.943971517075913,1.0,1.583913701888565,4.751741105665695,72.5617500000002,0.3225806451612903,"{""Recombination"", ""Clonal Null""}"
expD_torque_f0.25_d0.05_rep10,D,torque_f0.25_d0.05,10,20,3000,500,0.05,0.0,0.25,25.0,True,1000;1500,2,True,2,1003;1496,True,True,3.5,3.0,False,0.9485703977830733,2.822495234806115,1.0,1.58254445668226,4.747633370046779,67.99054199999955,0.3225806451612903,"{""Recombination"", ""Clonal Null""}"
expD_torque_f0.25_d0.05_rep11,D,torque_f0.25_d0.05,11,20,3000,500,0.05,0.0,0.25,25.0,True,1000;1500,2,True,4,842;1000;1486;2069,True,True,185.25,0.0,False,0.9696637213648657,8.830983239261998,1.0,1.5023352761198119,8.830983239261998,67.53933400000011,0.03225806451612903,"{""Recombination""}"
expD_torque_f0.25_d0.05_rep12,D,torque_f0.25_d0.05,12,20,3000,500,0.05,0.0,0.25,25.0,True,1000;1500,2,True,2,995;1516,True,True,10.5,5.0,False,0.9907901818341058,2.5887433791388257,1.0,1.9271090190936027,5.781327057280808,57.46758300000021,0.12903225806451613,"{""Recombination"", ""Clonal Null""}"
expD_torque_f0.25_d0.05_rep13,D,torque_f0.25_d0.05,13,20,3000,500,0.05,0.0,0.25,25.0,True,1000;1500,2,True,4,938;1012;1406;1523,True,True,47.75,12.0,False,0.9756337501729649,5.4239249619915935,1.0000000000000002,1.6320368194535089,5.423924961991594,66.24008300000028,0.22580645161290322,"{""Recombination"", ""Clonal Null""}"
expD_torque_f0.25_d0.05_rep14,D,torque_f0.25_d0.05,14,20,3000,500,0.05,0.0,0.25,25.0,True,1000;1500,2,True,3,1034;1434;1593,True,True,64.33333333333333,34.0,False,0.9679641968852472,3.954803397267796,1.0,1.8631601639753166,5.58948049192595,64.04124999999982,0.22580645161290322,"{""Recombination"", ""Clonal Null""}"
expD_torque_f0.25_d0.15_rep00,D,torque_f0.25_d0.15,0,20,3000,500,0.15,0.0,0.25,75.0,True,1000;1500,2,True,2,994;1502,True,True,4.0,2.0,False,0.9626650941749207,2.8900384291562644,0.9999999999999998,1.5166841215171314,4.550052364551394,77.68566699999991,0.3225806451612903,"{""Recombination"", ""Clonal Null""}"
expD_torque_f0.25_d0.15_rep01,D,torque_f0.25_d0.15,1,20,3000,500,0.15,0.0,0.25,75.0,True,1000;1500,2,True,3,991;1162;1526,True,True,65.66666666666667,9.0,False,0.9460114463294713,4.551773946240702,0.9090909090909088,1.5340507101319305,4.602152130395791,76.69470800000067,0.3225806451612903,"{""Recombination"", ""Clonal Null""}"
expD_torque_f0.25_d0.15_rep02,D,torque_f0.25_d0.15,2,20,3000,500,0.15,0.0,0.25,75.0,True,1000;1500,2,True,2,980;1489,True,True,15.5,11.0,False,0.9628865006461412,3.4820325660934244,0.8333333333333336,1.8632814676641876,5.589844402992563,61.99904200000006,0.22580645161290322,"{""Recombination"", ""Clonal Null""}"
expD_torque_f0.25_d0.15_rep03,D,torque_f0.25_d0.15,3,20,3000,500,0.15,0.0,0.25,75.0,True,1000;1500,2,True,3,997;1500;1611,True,True,38.0,0.0,False,0.9656119206359245,2.066490092331276,0.8461538461538461,1.9265454179442019,5.779636253832606,64.06820800000013,0.12903225806451613,"{""Recombination"", ""Clonal Null""}"
expD_torque_f0.25_d0.15_rep04,D,torque_f0.25_d0.15,4,20,3000,500,0.15,0.0,0.25,75.0,True,1000;1500,2,True,3,978;1488;2606,True,True,380.0,12.0,False,0.9806703099671031,4.751747272954366,0.695906432748538,1.5751031917716942,4.725309575315083,75.3477499999997,0.3225806451612903,"{""Recombination"", ""Clonal Null""}"
expD_torque_f0.25_d0.15_rep05,D,torque_f0.25_d0.15,5,20,3000,500,0.15,0.0,0.25,75.0,True,1000;1500,2,True,2,946;1490,True,True,32.0,10.0,False,0.9683323747672319,4.220853318197567,0.857142857142857,1.5591032559655864,4.677309767896759,60.419333000000464,0.3225806451612903,"{""Recombination"", ""Clonal Null""}"
expD_torque_f0.25_d0.15_rep06,D,torque_f0.25_d0.15,6,20,3000,500,0.15,0.0,0.25,75.0,True,1000;1500,2,True,2,1010;1496,True,True,7.0,4.0,False,0.9591339777309955,2.7753793864013847,1.0,1.568965478831989,4.706896436495967,77.16783399999994,0.3225806451612903,"{""Recombination"", ""Clonal Null""}"
expD_torque_f0.25_d0.15_rep07,D,torque_f0.25_d0.15,7,20,3000,500,0.15,0.0,0.25,75.0,True,1000;1500,2,True,3,964;1514;2072,True,True,207.33333333333334,14.0,False,0.9735484519503911,4.951806025337013,0.8064516129032259,1.5598914763715508,4.679674429114653,67.83004099999968,0.3225806451612903,"{""Recombination"", ""Clonal Null""}"
expD_torque_f0.25_d0.15_rep08,D,torque_f0.25_d0.15,8,20,3000,500,0.15,0.0,0.25,75.0,True,1000;1500,2,True,2,1000;1500,True,True,0.0,0.0,False,0.9738282660333938,1.8939148801747452,1.0,1.5595580104072218,4.678674031221665,63.75141599999967,0.3225806451612903,"{""Recombination"", ""Clonal Null""}"
expD_torque_f0.25_d0.15_rep09,D,torque_f0.25_d0.15,9,20,3000,500,0.15,0.0,0.25,75.0,True,1000;1500,2,True,2,974;1498,True,True,14.0,2.0,False,0.977969513940962,3.9001194753076756,0.7777777777777777,1.947918459061371,5.843755377184113,62.435624999999995,0.0967741935483871,"{""Recombination"", ""Clonal Null""}"
expD_torque_f0.25_d0.15_rep10,D,torque_f0.25_d0.15,10,20,3000,500,0.15,0.0,0.25,75.0,True,1000;1500,2,True,4,246;984;1488;1548,True,True,207.5,12.0,False,0.951856581074208,3.2613356356260237,1.0,1.5574239128230967,4.67227173846929,96.6422920000003,0.3225806451612903,"{""Recombination"", ""Clonal Null""}"
expD_torque_f0.25_d0.15_rep11,D,torque_f0.25_d0.15,11,20,3000,500,0.15,0.0,0.25,75.0,True,1000;1500,2,True,4,956;1008;1497;1768,True,True,80.75,3.0,False,0.9428209923545916,3.049290418744489,0.888888888888889,1.910065959392473,5.730197878177419,61.42554199999939,0.16129032258064516,"{""Recombination"", ""Clonal Null""}"
expD_torque_f0.25_d0.15_rep12,D,torque_f0.25_d0.15,12,20,3000,500,0.15,0.0,0.25,75.0,True,1000;1500,2,True,2,999;1509,True,True,5.0,1.0,False,0.9327159821873493,2.872533432354326,0.4343629343629344,1.5612338068529792,4.683701420558938,81.28029199999975,0.3225806451612903,"{""Recombination"", ""Clonal Null""}"
expD_torque_f0.25_d0.15_rep13,D,torque_f0.25_d0.15,13,20,3000,500,0.15,0.0,0.25,75.0,True,1000;1500,2,True,3,712;999;1494,True,True,98.33333333333333,1.0,False,0.9549303773632781,3.4177942065430478,0.7812500000000001,1.95962735996207,5.87888207988621,69.62062500000066,0.0967741935483871,"{""Recombination"", ""Clonal Null""}"
expD_torque_f0.25_d0.15_rep14,D,torque_f0.25_d0.15,14,20,3000,500,0.15,0.0,0.25,75.0,True,1000;1500,2,True,2,997;1496,True,True,3.5,3.0,False,0.9817537576698969,3.0975232716287695,0.7857142857142857,1.5678515098364652,4.703554529509395,92.77579100000023,0.3225806451612903,"{""Recombination"", ""Clonal Null""}"
expD_torque_f0.50_d0.02_rep00,D,torque_f0.50_d0.02,0,20,3000,500,0.02,0.0,0.5,10.0,True,1000;1500,2,False,0,,False,False,,,False,0.9702215308369581,0.0,0.0,1.2218843142038778,3.6656529426116333,36.605250000000034,0.3225806451612903,"{""Recombination"", ""Clonal Null""}"
expD_torque_f0.50_d0.02_rep01,D,torque_f0.50_d0.02,1,20,3000,500,0.02,0.0,0.5,10.0,True,1000;1500,2,False,0,,False,False,,,False,0.9923557606598125,0.0,0.0,1.1820805610746332,3.5462416832239,47.64237500000057,0.3225806451612903,"{""Recombination"", ""Clonal Null""}"
expD_torque_f0.50_d0.02_rep02,D,torque_f0.50_d0.02,2,20,3000,500,0.02,0.0,0.5,10.0,True,1000;1500,2,False,0,,False,False,,,False,0.9653677979322367,0.0,0.0,1.7539697139443595,5.261909141833079,41.93804200000084,0.2903225806451613,"{""Recombination"", ""Clonal Null""}"
expD_torque_f0.50_d0.02_rep03,D,torque_f0.50_d0.02,3,20,3000,500,0.02,0.0,0.5,10.0,True,1000;1500,2,False,0,,False,False,,,False,0.9935488875332426,0.0,0.0,1.1683451245645744,3.5050353736937234,45.399666999999866,0.3225806451612903,"{""Recombination"", ""Clonal Null""}"
expD_torque_f0.50_d0.02_rep04,D,torque_f0.50_d0.02,4,20,3000,500,0.02,0.0,0.5,10.0,True,1000;1500,2,False,0,,False,False,,,False,0.9872578649849958,0.0,0.0,0.9398273482316143,2.8194820446948428,45.7732919999998,0.3548387096774194,"{""Recombination"", ""Clonal Null""}"
expD_torque_f0.50_d0.02_rep05,D,torque_f0.50_d0.02,5,20,3000,500,0.02,0.0,0.5,10.0,True,1000;1500,2,False,0,,False,False,,,False,0.99084014521591,0.0,0.0,1.0000000000016058,3.0000000000048175,50.20212500000021,0.3225806451612903,"{""Recombination"", ""Clonal Null""}"
expD_torque_f0.50_d0.02_rep06,D,torque_f0.50_d0.02,6,20,3000,500,0.02,0.0,0.5,10.0,True,1000;1500,2,False,0,,False,False,,,False,0.9858664942857663,0.0,0.0,1.16131213742231,3.4839364122669303,50.84237500000022,0.3225806451612903,"{""Recombination"", ""Clonal Null""}"
expD_torque_f0.50_d0.02_rep07,D,torque_f0.50_d0.02,7,20,3000,500,0.02,0.0,0.5,10.0,True,1000;1500,2,False,0,,False,False,,,False,0.9955223332122505,0.0,0.0,1.7491343224351943,5.247402967305582,42.577749999999526,0.2903225806451613,"{""Recombination"", ""Clonal Null""}"
expD_torque_f0.50_d0.02_rep08,D,torque_f0.50_d0.02,8,20,3000,500,0.02,0.0,0.5,10.0,True,1000;1500,2,False,0,,False,False,,,False,0.991762990211537,0.0,0.0,0.9999999999908921,2.999999999972676,49.21858300000004,0.3225806451612903,"{""Recombination"", ""Clonal Null""}"
expD_torque_f0.50_d0.02_rep09,D,torque_f0.50_d0.02,9,20,3000,500,0.02,0.0,0.5,10.0,True,1000;1500,2,False,0,,False,False,,,False,0.9900874004926257,0.0,0.0,1.9162477253728376,5.748743176118513,49.51020900000014,0.16129032258064516,"{""Recombination"", ""Clonal Null""}"
expD_torque_f0.50_d0.02_rep10,D,torque_f0.50_d0.02,10,20,3000,500,0.02,0.0,0.5,10.0,True,1000;1500,2,False,0,,False,False,,,False,0.9693204531413412,0.0,0.0,1.0762864230379827,3.228859269113948,43.48954200000055,0.3225806451612903,"{""Recombination"", ""Clonal Null""}"
expD_torque_f0.50_d0.02_rep11,D,torque_f0.50_d0.02,11,20,3000,500,0.02,0.0,0.5,10.0,True,1000;1500,2,False,0,,False,False,,,False,0.9565029742498014,0.0,0.0,1.7453559925010995,5.236067977503298,51.25874999999969,0.2903225806451613,"{""Recombination"", ""Clonal Null""}"
expD_torque_f0.50_d0.02_rep12,D,torque_f0.50_d0.02,12,20,3000,500,0.02,0.0,0.5,10.0,True,1000;1500,2,False,0,,False,False,,,False,0.9844243216731465,0.0,0.0,1.0257731862817,3.0773195588450997,39.183958999999824,0.3225806451612903,"{""Recombination"", ""Clonal Null""}"
expD_torque_f0.50_d0.02_rep13,D,torque_f0.50_d0.02,13,20,3000,500,0.02,0.0,0.5,10.0,True,1000;1500,2,False,0,,False,False,,,False,0.9753058044470688,0.0,0.0,1.1111111110679883,3.333333333203965,40.575749999999466,0.3225806451612903,"{""Recombination"", ""Clonal Null""}"
expD_torque_f0.50_d0.02_rep14,D,torque_f0.50_d0.02,14,20,3000,500,0.02,0.0,0.5,10.0,True,1000;1500,2,False,0,,False,False,,,False,0.9795745288487158,0.0,0.0,1.755743566325557,5.267230698976671,35.56662500000041,0.2903225806451613,"{""Recombination"", ""Clonal Null""}"
expD_torque_f0.50_d0.05_rep00,D,torque_f0.50_d0.05,0,20,3000,500,0.05,0.0,0.5,25.0,True,1000;1500,2,True,1,2244,False,False,744.0,744.0,False,0.9799160366795531,2.022468678288126,0.5000000000000001,1.4253273305016678,4.275981991505003,74.45445799999995,0.3225806451612903,"{""Recombination"", ""Clonal Null""}"
expD_torque_f0.50_d0.05_rep01,D,torque_f0.50_d0.05,1,20,3000,500,0.05,0.0,0.5,25.0,True,1000;1500,2,True,1,860,False,False,140.0,140.0,False,0.97456616917483,1.8230330109081028,1.0,1.3195017574821084,3.958505272446325,70.28775000000032,0.3225806451612903,"{""Recombination"", ""Clonal Null""}"
expD_torque_f0.50_d0.05_rep02,D,torque_f0.50_d0.05,2,20,3000,500,0.05,0.0,0.5,25.0,True,1000;1500,2,False,0,,False,False,,,False,0.9654750770031083,0.0,0.0,0.954074935001415,2.862224805004245,48.93583299999982,0.3225806451612903,"{""Recombination"", ""Clonal Null""}"
expD_torque_f0.50_d0.05_rep03,D,torque_f0.50_d0.05,3,20,3000,500,0.05,0.0,0.5,25.0,True,1000;1500,2,False,0,,False,False,,,False,0.9719677661584991,0.0,0.0,1.3803136801170182,4.140941040351055,42.832124999999444,0.3225806451612903,"{""Recombination"", ""Clonal Null""}"
expD_torque_f0.50_d0.05_rep04,D,torque_f0.50_d0.05,4,20,3000,500,0.05,0.0,0.5,25.0,True,1000;1500,2,True,3,998;1482;2696,True,True,405.3333333333333,2.0,False,0.9832584889589068,4.7328537920572895,1.0,1.0006208059201416,4.7328537920572895,82.10874999999973,0.3225806451612903,"{""Recombination"", ""Clonal Null""}"
expD_torque_f0.50_d0.05_rep05,D,torque_f0.50_d0.05,5,20,3000,500,0.05,0.0,0.5,25.0,True,1000;1500,2,False,0,,False,False,,,False,0.9653712439935014,0.0,0.0,1.1927320621908646,3.578196186572594,44.562916000000286,0.3225806451612903,"{""Recombination"", ""Clonal Null""}"
expD_torque_f0.50_d0.05_rep06,D,torque_f0.50_d0.05,6,20,3000,500,0.05,0.0,0.5,25.0,True,1000;1500,2,False,0,,False,False,,,False,0.9745848062162782,0.0,0.0,1.073183496584,3.2195504897519998,41.273541999999885,0.3225806451612903,"{""Recombination"", ""Clonal Null""}"
expD_torque_f0.50_d0.05_rep07,D,torque_f0.50_d0.05,7,20,3000,500,0.05,0.0,0.5,25.0,True,1000;1500,2,False,0,,False,False,,,False,0.9731749189264642,0.0,0.0,1.9445855438532114,5.833756631559634,44.7936250000005,0.12903225806451613,"{""Recombination"", ""Clonal Null""}"
expD_torque_f0.50_d0.05_rep08,D,torque_f0.50_d0.05,8,20,3000,500,0.05,0.0,0.5,25.0,True,1000;1500,2,True,1,1491,True,False,9.0,9.0,False,0.9747852926625175,4.53776563886374,0.5555555555555555,1.8137357964483682,5.441207389345105,66.85670899999963,0.22580645161290322,"{""Recombination"", ""Clonal Null""}"
expD_torque_f0.50_d0.05_rep09,D,torque_f0.50_d0.05,9,20,3000,500,0.05,0.0,0.5,25.0,True,1000;1500,2,True,3,452;1026;1498,True,True,192.0,2.0,False,0.9565723111139909,4.072359786601616,1.0000000000000002,1.3351606839336274,4.072359786601617,80.94079199999982,0.3225806451612903,"{""Recombination"", ""Clonal Null""}"
expD_torque_f0.50_d0.05_rep10,D,torque_f0.50_d0.05,10,20,3000,500,0.05,0.0,0.5,25.0,True,1000;1500,2,True,1,1468,True,False,32.0,32.0,False,0.9860056303841778,6.962212082037672,0.33333333333333337,1.5203358369227395,4.561007510768219,69.18345799999948,0.3225806451612903,"{""Recombination"", ""Clonal Null""}"
expD_torque_f0.50_d0.05_rep11,D,torque_f0.50_d0.05,11,20,3000,500,0.05,0.0,0.5,25.0,True,1000;1500,2,True,1,1506,True,False,6.0,6.0,False,0.9957204309819635,4.986131288350025,1.0,1.0126238411328112,4.986131288350025,61.60291700000009,0.3225806451612903,"{""Recombination"", ""Clonal Null""}"
expD_torque_f0.50_d0.05_rep12,D,torque_f0.50_d0.05,12,20,3000,500,0.05,0.0,0.5,25.0,True,1000;1500,2,True,2,949;1465,True,True,43.0,35.0,False,0.9848512944528854,8.7257764320136,1.0,1.0139048512129225,8.7257764320136,76.60766600000014,0.03225806451612903,"{""Recombination""}"
expD_torque_f0.50_d0.05_rep13,D,torque_f0.50_d0.05,13,20,3000,500,0.05,0.0,0.5,25.0,True,1000;1500,2,True,2,1096;1532,True,True,64.0,32.0,False,0.9798584521122565,4.671767227608803,1.0,0.985829886793604,4.671767227608803,80.18916700000034,0.3225806451612903,"{""Recombination"", ""Clonal Null""}"
expD_torque_f0.50_d0.05_rep14,D,torque_f0.50_d0.05,14,20,3000,500,0.05,0.0,0.5,25.0,True,1000;1500,2,False,0,,False,False,,,False,0.9730113875252477,0.0,0.0,1.029856292530063,3.089568877590189,39.139749999999474,0.3225806451612903,"{""Recombination"", ""Clonal Null""}"
expD_torque_f0.50_d0.15_rep00,D,torque_f0.50_d0.15,0,20,3000,500,0.15,0.0,0.5,75.0,True,1000;1500,2,True,2,998;1493,True,True,4.5,2.0,False,0.9385226823134057,6.2197622245903,0.9090909090909091,0.9562018693080294,5.654329295082091,78.60187500000038,0.1935483870967742,"{""Recombination"", ""Clonal Null""}"
expD_torque_f0.50_d0.15_rep01,D,torque_f0.50_d0.15,1,20,3000,500,0.15,0.0,0.5,75.0,True,1000;1500,2,True,1,1488,True,False,12.0,12.0,False,0.9357286161257987,2.6739036712408373,1.0,0.9982177125868847,2.994653137760654,74.13320900000019,0.3225806451612903,"{""Recombination"", ""Clonal Null""}"
expD_torque_f0.50_d0.15_rep02,D,torque_f0.50_d0.15,2,20,3000,500,0.15,0.0,0.5,75.0,True,1000;1500,2,True,3,1006;1453;1507,True,True,20.0,6.0,False,0.9221549690703312,2.9392600341521997,1.0,1.0002612907501596,3.0007838722504787,91.09012500000003,0.3225806451612903,"{""Recombination"", ""Clonal Null""}"
expD_torque_f0.50_d0.15_rep03,D,torque_f0.50_d0.15,3,20,3000,500,0.15,0.0,0.5,75.0,True,1000;1500,2,False,0,,False,False,,,False,0.9457905224679797,0.0,0.0,1.0618106000622851,3.1854318001868553,43.727249999999884,0.3225806451612903,"{""Recombination"", ""Clonal Null""}"
expD_torque_f0.50_d0.15_rep04,D,torque_f0.50_d0.15,4,20,3000,500,0.15,0.0,0.5,75.0,True,1000;1500,2,True,2,986;1516,True,True,15.0,14.0,False,0.9622612050369213,4.035713375920787,0.9999999999999998,0.9878757421923736,4.035713375920786,85.975833,0.3225806451612903,"{""Recombination"", ""Clonal Null""}"
expD_torque_f0.50_d0.15_rep05,D,torque_f0.50_d0.15,5,20,3000,500,0.15,0.0,0.5,75.0,True,1000;1500,2,True,3,1000;1476;1578,True,True,34.0,0.0,False,0.9923931774130822,3.103200803704408,1.0000000000000002,0.99741910703311,3.103200803704409,69.2822909999995,0.3225806451612903,"{""Recombination"", ""Clonal Null""}"
expD_torque_f0.50_d0.15_rep06,D,torque_f0.50_d0.15,6,20,3000,500,0.15,0.0,0.5,75.0,True,1000;1500,2,True,2,1066;1480,True,True,43.0,20.0,False,0.989250936348206,4.8518324482224955,1.0,1.0690871399499198,4.8518324482224955,75.03187499999964,0.3225806451612903,"{""Recombination"", ""Clonal Null""}"
expD_torque_f0.50_d0.15_rep07,D,torque_f0.50_d0.15,7,20,3000,500,0.15,0.0,0.5,75.0,True,1000;1500,2,True,2,1470;1522,True,False,26.0,22.0,False,0.9643810196776964,3.6367034377729093,1.0,1.0020559700307798,3.6367034377729093,66.87150000000042,0.3225806451612903,"{""Recombination"", ""Clonal Null""}"
expD_torque_f0.50_d0.15_rep08,D,torque_f0.50_d0.15,8,20,3000,500,0.15,0.0,0.5,75.0,True,1000;1500,2,True,3,1050;1413;1888,True,True,175.0,50.0,False,0.9762311741025642,4.683423907870093,1.0,1.055540307352352,4.683423907870093,90.39683299999979,0.3225806451612903,"{""Recombination"", ""Clonal Null""}"
expD_torque_f0.50_d0.15_rep09,D,torque_f0.50_d0.15,9,20,3000,500,0.15,0.0,0.5,75.0,True,1000;1500,2,True,2,982;1498,True,True,10.0,2.0,False,0.9930373457208861,4.3657612175653995,0.2626050420168066,1.010738589443976,3.0322157683319277,84.2828330000005,0.3225806451612903,"{""Recombination"", ""Clonal Null""}"
expD_torque_f0.50_d0.15_rep10,D,torque_f0.50_d0.15,10,20,3000,500,0.15,0.0,0.5,75.0,True,1000;1500,2,False,0,,False,False,,,False,0.9542026594233342,0.0,0.0,0.9639153195624993,2.891745958687498,49.72758300000013,0.3225806451612903,"{""Recombination"", ""Clonal Null""}"
expD_torque_f0.50_d0.15_rep11,D,torque_f0.50_d0.15,11,20,3000,500,0.15,0.0,0.5,75.0,True,1000;1500,2,True,4,984;1100;1501;1560,True,True,44.25,1.0,False,0.9490582495829609,5.106528627877308,1.0,1.0104111451824007,5.106528627877308,70.85429099999985,0.3225806451612903,"{""Recombination"", ""Clonal Null""}"
expD_torque_f0.50_d0.15_rep12,D,torque_f0.50_d0.15,12,20,3000,500,0.15,0.0,0.5,75.0,True,1000;1500,2,True,3,892;1017;1500,True,True,41.666666666666664,0.0,False,0.9499211755169134,2.8904629068802485,1.0,1.0172505968791352,3.0517517906374056,84.38516600000057,0.3225806451612903,"{""Recombination"", ""Clonal Null""}"
expD_torque_f0.50_d0.15_rep13,D,torque_f0.50_d0.15,13,20,3000,500,0.15,0.0,0.5,75.0,True,1000;1500,2,False,0,,False,False,,,False,0.9421412670941746,0.0,0.0,1.018297014414767,3.054891043244301,43.4194579999998,0.3225806451612903,"{""Recombination"", ""Clonal Null""}"
expD_torque_f0.50_d0.15_rep14,D,torque_f0.50_d0.15,14,20,3000,500,0.15,0.0,0.5,75.0,True,1000;1500,2,True,2,1008;1502,True,True,5.0,2.0,False,0.9436775780359127,2.3353970358342893,0.21153846153846156,1.2799905516377172,3.8399716549131515,75.44958400000024,0.3225806451612903,"{""Recombination"", ""Clonal Null""}"
